date,news_count,avg_sentiment,avg_finbert_confidence,avg_positive_probability,avg_negative_probability,avg_neutral_probability,positive_news,neutral_news,negative_news,avg_market_direction,positive_ratio,neutral_ratio,negative_ratio
2021-01-01,6,-0.16026288783177736,0.7183742225170135,0.17501375668992594,0.3352766445217033,0.48970959956447285,1,4,1,1.0,0.16666666666666666,0.6666666666666666,0.16666666666666666
2021-01-02,8,0.3308107375050895,0.8461445346474648,0.4606222468428314,0.12981150933774183,0.4095662352629006,3,4,1,0.875,0.375,0.5,0.125
2021-01-03,3,0.01420601612577832,0.934107224146525,0.3489450846488276,0.33473906852304935,0.3163158701111873,1,1,1,1.3333333333333333,0.3333333333333333,0.3333333333333333,0.3333333333333333
2021-01-04,9,0.5779956486076117,0.8088958528306749,0.6290169422411256,0.051021293633513945,0.31996179165111643,6,3,0,0.5555555555555556,0.6666666666666666,0.3333333333333333,0.0
2021-01-05,12,-0.12677984451875093,0.8498354852199554,0.3726738483334581,0.49945369285220903,0.1278724446892738,5,0,7,1.3333333333333333,0.4166666666666667,0.0,0.5833333333333334
2021-01-06,13,0.20844765756135947,0.8672184531505291,0.4307563986199406,0.22230874105858112,0.34693486214830327,6,4,3,1.0769230769230769,0.46153846153846156,0.3076923076923077,0.23076923076923078
2021-01-07,7,0.20577473871942073,0.8779618910380772,0.3566096244113785,0.15083488569195777,0.49255550067339626,2,4,1,1.4285714285714286,0.2857142857142857,0.5714285714285714,0.14285714285714285
2021-01-08,8,0.2849568209494464,0.8010995611548424,0.3128836411051452,0.027926820155698775,0.6591895315796137,3,5,0,1.75,0.375,0.625,0.0
2021-01-09,5,0.44388631638139486,0.7759880423545837,0.4720662921667099,0.028179975785314983,0.49975374937057493,2,3,0,0.6,0.4,0.6,0.0
2021-01-10,3,0.017324962342778805,0.6649476488431295,0.2988978556046883,0.2815728932619095,0.419529269138972,1,2,0,1.3333333333333333,0.3333333333333333,0.6666666666666666,0.0
2021-01-11,3,-0.020148650743067265,0.681806723276774,0.23451674419144786,0.2546653949345151,0.5108178655306498,0,2,1,1.0,0.0,0.6666666666666666,0.3333333333333333
2021-01-12,6,0.2762445458211005,0.74282372991244,0.41511411685496563,0.13886957103386519,0.44601628681023914,3,2,1,1.3333333333333333,0.5,0.3333333333333333,0.16666666666666666
2021-01-13,10,-0.02101891953498125,0.7924024820327759,0.2466825412586331,0.26770146079361434,0.4856160242110491,2,5,3,1.2,0.2,0.5,0.3
2021-01-14,8,0.3652328208554536,0.8253991343080997,0.44728563446551556,0.08205281361006193,0.4706615451723337,4,3,1,1.375,0.5,0.375,0.125
2021-01-15,16,0.2358582602464594,0.7968128882348537,0.4459564303979277,0.21009817015146834,0.34394540404900903,7,5,4,1.125,0.4375,0.3125,0.25
2021-01-16,9,-0.11983744800090793,0.8177673750453525,0.26671923624558574,0.38655668424649364,0.3467240842680136,2,3,4,1.5555555555555556,0.2222222222222222,0.3333333333333333,0.4444444444444444
2021-01-17,3,0.33130696229636675,0.92643803358078,0.3559415278335412,0.024634565537174496,0.6194239122172196,1,2,0,1.3333333333333333,0.3333333333333333,0.6666666666666666,0.0
2021-01-18,3,0.8246267875656486,0.8509107430775961,0.8509107430775961,0.02628395551194743,0.1228053011000156,3,0,0,1.6666666666666667,1.0,0.0,0.0
2021-01-19,3,0.3338028925160567,0.8199958602587382,0.3957474821557601,0.0619445896397034,0.5423079412430525,1,2,0,0.6666666666666666,0.3333333333333333,0.6666666666666666,0.0
2021-01-20,11,0.08270104462280871,0.8459260680458762,0.20896233398128636,0.12626128935847766,0.6647763802585277,2,8,1,1.1818181818181819,0.18181818181818182,0.7272727272727273,0.09090909090909091
2021-01-21,10,0.09796618232503539,0.8914664208889007,0.32243394544348114,0.22446776311844582,0.45309831015765667,3,5,2,1.1,0.3,0.5,0.2
2021-01-22,8,0.024276284384541227,0.8548679053783417,0.27872600383125246,0.25444971944671124,0.46682427113410085,2,4,2,1.5,0.25,0.5,0.25
2021-01-23,1,0.6317612938582898,0.655955970287323,0.655955970287323,0.0241946764290332,0.3198493123054504,1,0,0,2.0,1.0,0.0,0.0
2021-01-24,6,0.600319372334828,0.8839157223701477,0.615208470573028,0.014889098238199899,0.3699024505913257,4,2,0,1.5,0.6666666666666666,0.3333333333333333,0.0
2021-01-25,4,0.45741794584318995,0.7695668637752533,0.4865955207496881,0.029177574906498152,0.48422691226005554,2,2,0,2.0,0.5,0.5,0.0
2021-01-26,5,-0.3091069789603353,0.7336263656616211,0.08802006803452964,0.39712704699486495,0.51485291197896,0,3,2,1.4,0.0,0.6,0.4
2021-01-27,3,-0.20902602312465512,0.7917526364326477,0.06033918385704353,0.26936520698169863,0.6702956060568491,0,2,1,1.0,0.0,0.6666666666666666,0.3333333333333333
2021-01-28,15,0.43199819643050436,0.7911585847536723,0.5222944932679335,0.09029629683742917,0.38740921517213184,8,6,1,0.8666666666666667,0.5333333333333333,0.4,0.06666666666666667
2021-01-29,7,0.24412613016154092,0.7645325064659119,0.38382838506783756,0.13970225490629667,0.47646937519311905,3,3,1,1.2857142857142858,0.42857142857142855,0.42857142857142855,0.14285714285714285
2021-01-30,2,0.54535710811615,0.8541903495788574,0.572839692234993,0.027482584118843,0.3996777115389704,1,1,0,0.5,0.5,0.5,0.0
2021-01-31,3,-0.12898881795505687,0.6717511415481567,0.35184591946502525,0.4808347374200821,0.16731934001048399,2,0,1,1.3333333333333333,0.6666666666666666,0.0,0.3333333333333333
2021-02-01,9,-0.025225646379921172,0.7624809145927429,0.2705341071511308,0.29575975353105194,0.43370614780320055,2,4,3,1.1111111111111112,0.2222222222222222,0.4444444444444444,0.3333333333333333
2021-02-02,14,0.22449112936322177,0.8272616990974971,0.27117218303361107,0.046681053670389265,0.6821467567767415,4,10,0,1.2857142857142858,0.2857142857142857,0.7142857142857143,0.0
2021-02-03,5,-0.034755691140890096,0.832211434841156,0.1692272141575813,0.2039829052984714,0.6267898503690958,1,3,1,1.0,0.2,0.6,0.2
2021-02-04,18,0.11740355090134676,0.8361533913347456,0.32779564687775237,0.21039209597640562,0.4618122670799494,5,9,4,0.9444444444444444,0.2777777777777778,0.5,0.2222222222222222
2021-02-05,10,0.3614042589440942,0.7840103089809418,0.47187816016376016,0.11047390121966594,0.41764794029295443,5,4,1,1.2,0.5,0.4,0.1
2021-02-06,5,0.2069996427744627,0.7970170855522156,0.2974296480417251,0.09043000526726243,0.6121403254568577,1,4,0,1.0,0.2,0.8,0.0
2021-02-07,7,0.2121411987713405,0.8389512726238796,0.23884978145360944,0.026708582682268896,0.7344416294779096,1,6,0,1.0,0.14285714285714285,0.8571428571428571,0.0
2021-02-08,7,0.39368674478360594,0.8119611058916364,0.4153545583997454,0.021667813616139484,0.5629776024392673,2,5,0,1.1428571428571428,0.2857142857142857,0.7142857142857143,0.0
2021-02-09,10,0.38538191113620995,0.823599910736084,0.4732448562979698,0.08786294516175981,0.4388921923935413,5,4,1,1.8,0.5,0.4,0.1
2021-02-10,12,0.4200892650987953,0.7778741319974264,0.4391007811451951,0.019011516046399835,0.5418877064560851,4,8,0,1.75,0.3333333333333333,0.6666666666666666,0.0
2021-02-11,11,0.25842469943348656,0.7760630033232949,0.34916129640557547,0.09073659697208887,0.5601021112366156,3,7,1,1.5454545454545454,0.2727272727272727,0.6363636363636364,0.09090909090909091
2021-02-12,6,0.43548674943546456,0.8716439505418142,0.4526552713165681,0.017168521881103484,0.5301762279123068,3,3,0,1.3333333333333333,0.5,0.5,0.0
2021-02-13,5,0.6495554086752235,0.7701241850852967,0.6927578628063202,0.04320245413109658,0.2640396595001221,3,2,0,1.4,0.6,0.4,0.0
2021-02-14,14,0.4208517675953252,0.8074207114321845,0.5373337984617267,0.1164820308664015,0.34618417719112976,7,5,2,1.0,0.5,0.35714285714285715,0.14285714285714285
2021-02-15,14,0.042562820749091214,0.8644947154181344,0.34346186522660505,0.30089904447751387,0.35563910912190166,5,5,4,1.0,0.35714285714285715,0.35714285714285715,0.2857142857142857
2021-02-16,14,0.19003614224493504,0.7617495613438743,0.2827349037730268,0.09269876152809173,0.6245663485356739,3,11,0,1.3571428571428572,0.21428571428571427,0.7857142857142857,0.0
2021-02-17,10,0.22277976851910347,0.7638143628835679,0.3101716727018356,0.08739190418273206,0.6024363979697227,3,7,0,1.2,0.3,0.7,0.0
2021-02-18,12,0.49617097612159955,0.8159114668766657,0.5835584385786206,0.08738746245702105,0.32905409857630724,8,3,1,1.0833333333333333,0.6666666666666666,0.25,0.08333333333333333
2021-02-19,25,-0.01790149990469218,0.8444700431823731,0.29492553927004334,0.31282703917473553,0.3922474405914545,7,10,8,0.96,0.28,0.4,0.32
2021-02-20,10,0.44553545620292423,0.8487086832523346,0.6467210717499257,0.20118561554700132,0.1520933289080858,7,2,1,1.3,0.7,0.2,0.1
2021-02-21,14,0.12629900852750456,0.7391622896705355,0.32454492830272225,0.19824591977521774,0.477209153651659,5,7,2,0.9285714285714286,0.35714285714285715,0.5,0.14285714285714285
2021-02-22,15,0.024502997938543544,0.879033625125885,0.30994719114775454,0.28544419320921105,0.40460862492521604,4,7,4,0.9333333333333333,0.26666666666666666,0.4666666666666667,0.26666666666666666
2021-02-23,20,-0.4305506187491119,0.8588541507720947,0.05590436672791834,0.48645498547703026,0.4576406619511545,0,10,10,0.9,0.0,0.5,0.5
2021-02-24,9,0.39020941530664754,0.869850410355462,0.5241678617894648,0.1339584464828173,0.3418736985574166,5,3,1,1.0,0.5555555555555556,0.3333333333333333,0.1111111111111111
2021-02-25,16,0.10188687575282526,0.8389662615954876,0.38063038385007525,0.27874350809725,0.3406261254567653,5,6,5,1.0625,0.3125,0.375,0.3125
2021-02-26,14,0.1744010459099497,0.8225648318018232,0.2706736240402928,0.09627257813034308,0.6330538024859769,3,10,1,0.8571428571428571,0.21428571428571427,0.7142857142857143,0.07142857142857142
2021-02-27,8,0.13502525491639972,0.8636588677763939,0.24683632375672457,0.11181106884032484,0.6413525911048055,2,5,1,0.875,0.25,0.625,0.125
2021-02-28,9,-0.24602914042770863,0.8631850547260709,0.09312478411528796,0.3391539245429966,0.5677212942391634,0,6,3,1.0,0.0,0.6666666666666666,0.3333333333333333
2021-03-01,19,0.3662658340395673,0.7826858068767347,0.4551315809551038,0.08886574691553646,0.4560026620563708,8,10,1,1.2105263157894737,0.42105263157894735,0.5263157894736842,0.05263157894736842
2021-03-02,17,0.3449581751380773,0.7600703362156364,0.416738972396535,0.07178079725845767,0.5114802322624361,7,9,1,1.7058823529411764,0.4117647058823529,0.5294117647058824,0.058823529411764705
2021-03-03,17,0.2872662265401553,0.8187282436034259,0.3865946437067845,0.0993284171666292,0.5140769453171421,6,10,1,1.411764705882353,0.35294117647058826,0.5882352941176471,0.058823529411764705
2021-03-04,22,0.15661289987408303,0.7254142138091001,0.29083499219268555,0.13422209231860255,0.5749429125677455,7,12,3,1.1363636363636365,0.3181818181818182,0.5454545454545454,0.13636363636363635
2021-03-05,12,-0.10902851835514109,0.73662997285525,0.23213403757351136,0.34116255592865247,0.42670340929180384,2,5,5,0.8333333333333334,0.16666666666666666,0.4166666666666667,0.4166666666666667
2021-03-06,6,-0.004392505235349173,0.7592649757862091,0.23020223776499427,0.23459474300034341,0.5352030272285143,1,4,1,1.5,0.16666666666666666,0.6666666666666666,0.16666666666666666
2021-03-07,10,0.3014551155269146,0.8784965753555298,0.4976075442507863,0.19615242872387167,0.30624003354459994,5,3,2,1.9,0.5,0.3,0.2
2021-03-08,11,0.22867020177231592,0.8085540370507673,0.41846968208185653,0.18979948030954052,0.39173081144690514,6,3,2,1.2727272727272727,0.5454545454545454,0.2727272727272727,0.18181818181818182
2021-03-09,14,0.2931652080733329,0.7958490422793797,0.4470902486438198,0.15392504057048684,0.39898471414510694,7,5,2,1.2857142857142858,0.5,0.35714285714285715,0.14285714285714285
2021-03-10,6,0.2392977043054998,0.802019476890564,0.4334489411363999,0.19415123683090008,0.37239983429511386,3,2,1,1.1666666666666667,0.5,0.3333333333333333,0.16666666666666666
2021-03-11,13,0.149089523877662,0.759053858426901,0.3288726656196209,0.17978314174195892,0.491344206679899,5,6,2,1.1538461538461537,0.38461538461538464,0.46153846153846156,0.15384615384615385
2021-03-12,15,0.3106210726002852,0.7878289937973022,0.45796343373755616,0.1473423611372709,0.3946942036350568,8,5,2,1.2,0.5333333333333333,0.3333333333333333,0.13333333333333333
2021-03-13,9,0.20772220121903553,0.833087596628401,0.25213992533584434,0.04441772411680878,0.7034423409236802,2,7,0,1.2222222222222223,0.2222222222222222,0.7777777777777778,0.0
2021-03-14,7,0.36537475963788374,0.8597740871565682,0.4139731819076197,0.04859842226973597,0.5374283849128655,3,4,0,0.8571428571428571,0.42857142857142855,0.5714285714285714,0.0
2021-03-15,25,-0.10582634804770354,0.8378228640556336,0.2592983643338084,0.36512471238151195,0.3755769159272313,7,9,9,1.12,0.28,0.36,0.36
2021-03-16,20,0.21780919630546122,0.8186492085456848,0.38451188462786373,0.16670268832240248,0.44878543391823766,7,10,3,1.5,0.35,0.5,0.15
2021-03-17,30,0.40912111684059105,0.7706158310174942,0.4402199930200974,0.03109887617950633,0.5286811274165909,14,16,0,1.5,0.4666666666666667,0.5333333333333333,0.0
2021-03-18,12,0.1749834184690068,0.8345673531293869,0.2713423632085323,0.09635894473952548,0.6322986906549583,3,8,1,1.4166666666666667,0.25,0.6666666666666666,0.08333333333333333
2021-03-19,16,0.30682405148399994,0.7787086945027113,0.35807081707753236,0.05124676559353244,0.5906824271660298,5,11,0,1.4375,0.3125,0.6875,0.0
2021-03-20,16,0.14521562735899352,0.827339842915535,0.3591846052440814,0.2139689778850879,0.4268464246997609,6,7,3,1.375,0.375,0.4375,0.1875
2021-03-21,13,0.11317315317976931,0.7671945622334113,0.2808270005222696,0.16765384734250027,0.5515191649588255,3,9,1,0.6153846153846154,0.23076923076923078,0.6923076923076923,0.07692307692307693
2021-03-22,15,-0.03604834554716945,0.8422734459241231,0.3211193463454644,0.3571676918926338,0.32171296644955866,5,4,6,1.0,0.3333333333333333,0.26666666666666666,0.4
2021-03-23,18,0.48820517354437876,0.851315352651808,0.5613072572482957,0.07310208370391688,0.3655906741817792,10,7,1,1.1666666666666667,0.5555555555555556,0.3888888888888889,0.05555555555555555
2021-03-24,19,0.25055906620170726,0.7885345314678393,0.41619932058414344,0.16564025438243615,0.41816042912633794,8,8,3,1.263157894736842,0.42105263157894735,0.42105263157894735,0.15789473684210525
2021-03-25,17,-0.04996515487265939,0.8111788788262535,0.23539290916832048,0.28535806404097985,0.47924902038100886,3,8,6,0.7058823529411765,0.17647058823529413,0.47058823529411764,0.35294117647058826
2021-03-26,12,-0.2429078708325203,0.7566882322231928,0.1881889820409317,0.431096852873452,0.3807141676855584,1,5,6,0.75,0.08333333333333333,0.4166666666666667,0.5
2021-03-27,9,0.0019547234599789232,0.8761564426951938,0.22947049058145946,0.22751576712148053,0.543013747367594,2,5,2,0.8888888888888888,0.2222222222222222,0.5555555555555556,0.2222222222222222
2021-03-28,15,0.04062349783877532,0.8085901975631714,0.26937975722054636,0.22875625938177105,0.5018639869987964,3,8,4,1.5333333333333334,0.2,0.5333333333333333,0.26666666666666666
2021-03-29,30,0.26445244199906787,0.7966381927331289,0.3645824837808807,0.10013004178181287,0.5352874731334547,11,16,3,1.5666666666666667,0.36666666666666664,0.5333333333333333,0.1
2021-03-30,22,0.382765776371922,0.7553053105419333,0.40411970916796813,0.021353932796046082,0.5745263594118032,7,15,0,0.9545454545454546,0.3181818181818182,0.6818181818181818,0.0
2021-03-31,20,0.283639877429232,0.8232717931270599,0.42812282852828504,0.144482951099053,0.42739421827718616,8,9,3,1.0,0.4,0.45,0.15
2021-04-01,21,0.36593865962432964,0.7571694765772138,0.4373334501648233,0.07139479054049362,0.49127176341911155,9,11,1,1.380952380952381,0.42857142857142855,0.5238095238095238,0.047619047619047616
2021-04-02,20,0.2608800458256155,0.8013587087392807,0.41412356607615947,0.15324352025054394,0.4326329123228788,8,9,3,0.95,0.4,0.45,0.15
2021-04-03,12,0.23643286805599928,0.7829158455133438,0.31738623774920893,0.0809533696932097,0.6016604059065381,5,6,1,1.3333333333333333,0.4166666666666667,0.5,0.08333333333333333
2021-04-04,6,0.2582839656000336,0.8186106483141581,0.5513281146995723,0.29304414909953874,0.1556277240936954,4,0,2,1.0,0.6666666666666666,0.0,0.3333333333333333
2021-04-05,15,0.33451139635095994,0.8524140954017639,0.5558117149397731,0.2213003185888131,0.2228879584620396,9,3,3,0.3333333333333333,0.6,0.2,0.2
2021-04-06,33,0.2620620027636037,0.8473298441280018,0.4492155740489111,0.18715357128530735,0.3636308404419458,15,12,6,0.696969696969697,0.45454545454545453,0.36363636363636365,0.18181818181818182
2021-04-07,15,0.08910096262892088,0.7731701771418253,0.20311741630236305,0.11401645367344217,0.6828661372264226,2,11,2,0.8,0.13333333333333333,0.7333333333333333,0.13333333333333333
2021-04-08,20,0.09153471947647632,0.8017966255545617,0.21216298043727871,0.1206282609608024,0.6672087502665818,3,16,1,0.9,0.15,0.8,0.05
2021-04-09,20,0.3137112337164581,0.8323750227689743,0.3766824582591653,0.06297122454270716,0.56034632101655,6,13,1,1.1,0.3,0.65,0.05
2021-04-10,16,0.24385289114434272,0.7975251451134682,0.4790852137375623,0.23523232259321952,0.2856824640184641,9,3,4,0.625,0.5625,0.1875,0.25
2021-04-11,17,0.3204045527450302,0.7844801965881797,0.42180156521499157,0.10139701246996134,0.47680143354570165,8,8,1,1.1764705882352942,0.47058823529411764,0.47058823529411764,0.058823529411764705
2021-04-12,26,0.2654286835056085,0.8165050103114202,0.4601321785639112,0.19470349505830267,0.3451643210764114,13,8,5,0.7692307692307693,0.5,0.3076923076923077,0.19230769230769232
2021-04-13,22,0.36321845098229294,0.7718891555612738,0.5042847411029718,0.14106629012067884,0.3546489852226593,11,7,4,1.2272727272727273,0.5,0.3181818181818182,0.18181818181818182
2021-04-14,13,0.3980100533136955,0.8349270453819861,0.4943848073195953,0.09637475400589976,0.4092404423997952,7,5,1,0.9230769230769231,0.5384615384615384,0.38461538461538464,0.07692307692307693
2021-04-15,29,0.2586317150211283,0.7731738069961811,0.39548305319301014,0.13685133817188183,0.4676656173220996,11,14,4,0.896551724137931,0.3793103448275862,0.4827586206896552,0.13793103448275862
2021-04-16,27,0.2284790544115283,0.8131401980364764,0.3716204456502088,0.14314139123868055,0.4852381568333065,10,14,3,0.7777777777777778,0.37037037037037035,0.5185185185185185,0.1111111111111111
2021-04-17,17,0.2753344536485041,0.8118293863885543,0.42153858557781754,0.1462041319293134,0.43225729553138503,7,7,3,0.9411764705882353,0.4117647058823529,0.4117647058823529,0.17647058823529413
2021-04-18,18,-0.06001446691031252,0.8263955381181505,0.2503932575798697,0.3104077244901822,0.43919902517356807,4,9,5,1.0555555555555556,0.2222222222222222,0.5,0.2777777777777778
2021-04-19,34,0.26220402105108787,0.8147966633824741,0.4137555285192588,0.15155150746817092,0.4346929719014203,14,15,5,0.7352941176470589,0.4117647058823529,0.4411764705882353,0.14705882352941177
2021-04-20,44,0.12120011805514382,0.7980666445060209,0.2541252558585256,0.13292513780338178,0.6129496155137365,8,32,4,1.0681818181818181,0.18181818181818182,0.7272727272727273,0.09090909090909091
2021-04-21,29,0.22491868426381004,0.8465196387521152,0.3329763950715805,0.10805771080777045,0.5589658961599243,8,18,3,0.7241379310344828,0.27586206896551724,0.6206896551724138,0.10344827586206896
2021-04-22,19,0.1878450721698372,0.8045841957393446,0.40736753542564413,0.21952246325580693,0.3731100049458052,8,7,4,0.6842105263157895,0.42105263157894735,0.3684210526315789,0.21052631578947367
2021-04-23,23,-0.19136780156227556,0.8185457146686056,0.16127782910252392,0.35264563066479954,0.4860765354140945,3,12,8,1.0869565217391304,0.13043478260869565,0.5217391304347826,0.34782608695652173
2021-04-24,19,-0.07581375291767087,0.8276794239094383,0.17124574795659434,0.2470595008742652,0.5816947458017814,2,12,5,0.9473684210526315,0.10526315789473684,0.631578947368421,0.2631578947368421
2021-04-25,11,0.34810422149232845,0.8284980112856085,0.5017793009226973,0.15367507943036876,0.3445456244728782,5,4,2,0.9090909090909091,0.45454545454545453,0.36363636363636365,0.18181818181818182
2021-04-26,19,0.2839130676400505,0.7646709962895042,0.39156731708269366,0.1076542494426432,0.5007784341118837,8,9,2,1.0,0.42105263157894735,0.47368421052631576,0.10526315789473684
2021-04-27,22,0.2946669031146236,0.8165804648941214,0.37397328459403734,0.07930638147941363,0.5467203334820542,9,12,1,1.2727272727272727,0.4090909090909091,0.5454545454545454,0.045454545454545456
2021-04-28,27,0.20685366170342873,0.7949298046253346,0.3459893740644609,0.13913571236103217,0.5148749200075313,8,16,3,1.1481481481481481,0.2962962962962963,0.5925925925925926,0.1111111111111111
2021-04-29,19,0.2456974567061192,0.8047528768840589,0.46682200423981013,0.22112454753369087,0.31205344288364834,10,5,4,1.1578947368421053,0.5263157894736842,0.2631578947368421,0.21052631578947367
2021-04-30,22,0.3483904414725575,0.8215751647949219,0.4618209923871539,0.11343055091459639,0.4247484492476691,10,10,2,0.9090909090909091,0.45454545454545453,0.45454545454545453,0.09090909090909091
2021-05-01,18,0.20180838322266936,0.8418315417236752,0.33570250791187084,0.13389412468920148,0.5304033590687646,7,9,2,0.8888888888888888,0.3888888888888889,0.5,0.1111111111111111
2021-05-02,10,0.06804991038516164,0.7924635469913482,0.2729597497731447,0.20490983938798307,0.5221304085105658,3,5,2,1.0,0.3,0.5,0.2
2021-05-03,14,0.43637633516586255,0.8020068449633462,0.5163828549640519,0.08000651979818936,0.4036106237077287,8,5,1,0.7857142857142857,0.5714285714285714,0.35714285714285715,0.07142857142857142
2021-05-04,40,0.20525897974148394,0.7977885715663433,0.38803611923940473,0.18277713949792082,0.4291867368854582,15,18,7,0.725,0.375,0.45,0.175
2021-05-05,45,0.2672981140928136,0.7957301206058927,0.39155363531576265,0.12425552122294899,0.4841908422195249,19,21,5,0.9333333333333333,0.4222222222222222,0.4666666666666667,0.1111111111111111
2021-05-06,26,0.38937645595377457,0.8275552483705374,0.5016727316050003,0.11229627565122564,0.3860309965765247,15,9,2,1.0769230769230769,0.5769230769230769,0.34615384615384615,0.07692307692307693
2021-05-07,36,0.38539170154318625,0.8188610474268595,0.460920033019243,0.0755283314760567,0.46355163688874906,16,18,2,0.8888888888888888,0.4444444444444444,0.5,0.05555555555555555
2021-05-08,21,0.40620939158612773,0.8507174735977536,0.5065132437185162,0.10030385213238849,0.3931829080517803,11,8,2,0.3333333333333333,0.5238095238095238,0.38095238095238093,0.09523809523809523
2021-05-09,30,-0.16894908882677556,0.8382595539093017,0.22849364839494227,0.39744273722171786,0.3740636161838969,6,11,13,0.6666666666666666,0.2,0.36666666666666664,0.43333333333333335
2021-05-10,28,0.2054213822287108,0.8321880357606071,0.339264473611755,0.13384309138304415,0.5268924336082169,9,16,3,0.6071428571428571,0.32142857142857145,0.5714285714285714,0.10714285714285714
2021-05-11,42,0.13120043340937368,0.7861739872466951,0.2752337137104145,0.1440332803010408,0.5807330073966157,11,26,5,0.7857142857142857,0.2619047619047619,0.6190476190476191,0.11904761904761904
2021-05-12,26,0.2786370609313823,0.8075274080038071,0.391887102347727,0.1132500414163447,0.4948628567015895,12,12,2,0.8076923076923077,0.46153846153846156,0.46153846153846156,0.07692307692307693
2021-05-13,21,0.20047825399697536,0.7932849384489513,0.36148671961079043,0.16100846561381502,0.47750481785762877,8,10,3,1.2380952380952381,0.38095238095238093,0.47619047619047616,0.14285714285714285
2021-05-14,33,0.2681222443440647,0.7608287650527377,0.4660221150314266,0.1978998706873619,0.33607801315233565,18,9,6,0.7878787878787878,0.5454545454545454,0.2727272727272727,0.18181818181818182
2021-05-15,17,0.05934240751187587,0.8212495849413031,0.3569858477396123,0.29764344022773637,0.34537069444708957,6,6,5,0.6470588235294118,0.35294117647058826,0.35294117647058826,0.29411764705882354
2021-05-16,19,0.23464763311571196,0.7850489945788133,0.3987973921589161,0.1641497590432041,0.43705284673916667,7,8,4,0.8421052631578947,0.3684210526315789,0.42105263157894735,0.21052631578947367
2021-05-17,26,0.11651972813818319,0.7785630054198779,0.27348904437027294,0.1569693162320898,0.5695416336306013,5,18,3,1.0384615384615385,0.19230769230769232,0.6923076923076923,0.11538461538461539
2021-05-18,21,-0.013600891056869714,0.8047263764199757,0.24438409600406885,0.25798498706093853,0.4976309107705241,4,11,6,1.1904761904761905,0.19047619047619047,0.5238095238095238,0.2857142857142857
2021-05-19,15,-0.26553315874189143,0.873471728960673,0.1399843407794833,0.4055174995213747,0.454498141258955,1,8,6,1.3333333333333333,0.06666666666666667,0.5333333333333333,0.4
2021-05-20,22,0.002039908367971124,0.7886686216701161,0.2274023837155916,0.22536247534762047,0.5472351500595157,5,12,5,1.0454545454545454,0.22727272727272727,0.5454545454545454,0.22727272727272727
2021-05-21,17,0.02271418807589833,0.8198208843960482,0.16546885307659118,0.14275466500069284,0.6917764661724076,2,13,2,0.7058823529411765,0.11764705882352941,0.7647058823529411,0.11764705882352941
2021-05-22,8,-0.03901879244949668,0.8086222931742668,0.20344187412410972,0.2424606665736064,0.554097481071949,1,5,2,0.5,0.125,0.625,0.25
2021-05-23,12,-0.5840415365528316,0.9027308722337087,0.15658378973603246,0.740625326288864,0.10279088219006854,2,1,9,0.75,0.16666666666666666,0.08333333333333333,0.75
2021-05-24,14,-0.14545235277286597,0.8062190072877067,0.22804937511682508,0.3735017278896911,0.3984488808949079,2,6,6,0.6428571428571429,0.14285714285714285,0.42857142857142855,0.42857142857142855
2021-05-25,23,0.1702075622489919,0.7407430980516516,0.32919711789683154,0.15898955564783965,0.5118133265363134,6,13,4,0.782608695652174,0.2608695652173913,0.5652173913043478,0.17391304347826086
2021-05-26,37,0.28467551291593024,0.8049495220184326,0.4177612399279668,0.13308572701203658,0.449153044739285,17,16,4,1.054054054054054,0.4594594594594595,0.43243243243243246,0.10810810810810811
2021-05-27,29,0.25000599749257857,0.804781788382037,0.3906549866921429,0.14064898919956434,0.468696024461553,12,14,3,1.2413793103448276,0.41379310344827586,0.4827586206896552,0.10344827586206896
2021-05-28,24,-0.07158449282481646,0.7629140888651212,0.23634841075787938,0.3079329035826958,0.4557186601838718,5,11,8,0.9166666666666666,0.20833333333333334,0.4583333333333333,0.3333333333333333
2021-05-29,13,0.27288860018150163,0.8081409747783954,0.397072508572959,0.12418390839145729,0.4787435902712437,6,6,1,0.8461538461538461,0.46153846153846156,0.46153846153846156,0.07692307692307693
2021-05-30,12,-0.0186082773531477,0.827278325955073,0.22775033054252458,0.2463586078956723,0.5258910502307117,2,7,3,1.0833333333333333,0.16666666666666666,0.5833333333333334,0.25
2021-05-31,31,0.25521688648469504,0.7601888025960615,0.4256567325322858,0.1704398460475908,0.40390341626780646,13,13,5,0.7419354838709677,0.41935483870967744,0.41935483870967744,0.16129032258064516
2021-06-01,30,0.08973421940269569,0.7748544027407964,0.24535816994806128,0.15562395054536554,0.599017883092165,5,20,5,0.8,0.16666666666666666,0.6666666666666666,0.16666666666666666
2021-06-02,36,0.2874288726339324,0.8016194121705161,0.39902311967064935,0.11159424703671696,0.48938263124889797,12,20,4,1.0,0.3333333333333333,0.5555555555555556,0.1111111111111111
2021-06-03,23,0.3018720825000302,0.7137513679006825,0.4416051316682411,0.13973304916821092,0.41866181726041046,10,9,4,1.0869565217391304,0.43478260869565216,0.391304347826087,0.17391304347826086
2021-06-04,23,0.035442705306669944,0.7484247917714326,0.2813947163522243,0.24595201104555436,0.47265326960579207,5,12,6,0.9130434782608695,0.21739130434782608,0.5217391304347826,0.2608695652173913
2021-06-05,21,0.07011909871583893,0.8555989606039864,0.23850909354431285,0.16838999482847392,0.5931008984113023,5,13,3,0.8095238095238095,0.23809523809523808,0.6190476190476191,0.14285714285714285
2021-06-06,11,0.06836919283325023,0.8363356210968711,0.26689021915874694,0.19852102632549673,0.5345887573943897,3,6,2,0.9090909090909091,0.2727272727272727,0.5454545454545454,0.18181818181818182
2021-06-07,18,0.06432543237072726,0.82666301396158,0.21328082062407497,0.14895538825334773,0.6377637904758254,4,11,3,0.9444444444444444,0.2222222222222222,0.6111111111111112,0.16666666666666666
2021-06-08,33,-0.0321753685165084,0.8265744610266252,0.24993849757381456,0.2821138660903229,0.4679476381702857,7,16,10,1.2424242424242424,0.21212121212121213,0.48484848484848486,0.30303030303030304
2021-06-09,22,-0.028096013871783555,0.7952717000787909,0.3171835328367623,0.3452795467085459,0.33753692003136326,7,6,9,1.3636363636363635,0.3181818181818182,0.2727272727272727,0.4090909090909091
2021-06-10,17,0.2794779741533977,0.810200126732097,0.43482270212296176,0.155344727969564,0.40983257289318475,8,6,3,1.1764705882352942,0.47058823529411764,0.35294117647058826,0.17647058823529413
2021-06-11,24,-0.024457194299126666,0.8068830569585165,0.23072062277545527,0.2551778170745819,0.5141015630991509,5,14,5,0.75,0.20833333333333334,0.5833333333333334,0.20833333333333334
2021-06-12,14,-0.0868207205619131,0.8594565434115273,0.2329467360728553,0.3197674566347684,0.44728579132684637,3,6,5,0.9285714285714286,0.21428571428571427,0.42857142857142855,0.35714285714285715
2021-06-13,13,-0.02397359305849443,0.8578015290773832,0.2857125544060881,0.3096861474645825,0.40460130156805874,4,5,4,0.9230769230769231,0.3076923076923077,0.38461538461538464,0.3076923076923077
2021-06-14,12,0.17972974766356256,0.7974625378847122,0.3395059611648321,0.15977621350126955,0.5007178199787935,4,7,1,0.75,0.3333333333333333,0.5833333333333334,0.08333333333333333
2021-06-15,22,0.03850651557811281,0.7487795637412504,0.22958869940008625,0.19108218382197342,0.5793291062793948,5,14,3,1.0454545454545454,0.22727272727272727,0.6363636363636364,0.13636363636363635
2021-06-16,14,0.043144626343356696,0.7281865051814488,0.24512253794819114,0.20197791160483441,0.5528995404019952,2,9,3,1.2857142857142858,0.14285714285714285,0.6428571428571429,0.21428571428571427
2021-06-17,13,0.15131997191705387,0.7751850898449237,0.42056461824820585,0.269244646331152,0.3101907280775217,7,2,4,1.6923076923076923,0.5384615384615384,0.15384615384615385,0.3076923076923077
2021-06-18,17,0.13968270891072118,0.8285081456689274,0.30695606077856874,0.16727335186784753,0.5257705766707659,5,9,3,0.8823529411764706,0.29411764705882354,0.5294117647058824,0.17647058823529413
2021-06-19,10,0.10915280422195797,0.8098706901073456,0.2971093457192182,0.1879565414972603,0.5149341465905308,2,6,2,1.1,0.2,0.6,0.2
2021-06-20,14,-0.09766054885195832,0.8322117498942784,0.16697776823171545,0.26463831708367375,0.5683839065687997,2,8,4,0.7857142857142857,0.14285714285714285,0.5714285714285714,0.2857142857142857
2021-06-21,11,-0.40030567204071726,0.8558019291270863,0.1531498521905053,0.5534555242312226,0.29339461782100523,1,3,7,1.0909090909090908,0.09090909090909091,0.2727272727272727,0.6363636363636364
2021-06-22,16,-0.22750472338520922,0.7968168370425701,0.24947532528312874,0.476980048668338,0.2735446287551894,3,4,9,0.8125,0.1875,0.25,0.5625
2021-06-23,17,-0.009835964671390892,0.7597407014930949,0.24557640365160557,0.25541236832299646,0.4990112258888343,2,9,6,1.2941176470588236,0.11764705882352941,0.5294117647058824,0.35294117647058826
2021-06-24,13,0.14675946064436668,0.8197655242223006,0.3587703638925002,0.2120109032481335,0.42921875789761543,5,5,3,0.7692307692307693,0.38461538461538464,0.38461538461538464,0.23076923076923078
2021-06-25,19,0.02231578244582604,0.7934562814863104,0.3290113275870681,0.30669554514124203,0.3642931394279003,7,6,6,0.8421052631578947,0.3684210526315789,0.3157894736842105,0.3157894736842105
2021-06-26,11,-0.16531601768325677,0.787537997419184,0.25736675123599445,0.42268276891925116,0.31995047899809753,3,3,5,0.8181818181818182,0.2727272727272727,0.2727272727272727,0.45454545454545453
2021-06-27,9,0.083242912673288,0.8203677336374918,0.34474295439819497,0.261500041724907,0.3937570392671559,3,3,3,0.4444444444444444,0.3333333333333333,0.3333333333333333,0.3333333333333333
2021-06-28,21,0.1861608970821613,0.8282699499811444,0.39624745451978266,0.21008655743762136,0.39366599261051133,8,9,4,0.3333333333333333,0.38095238095238093,0.42857142857142855,0.19047619047619047
2021-06-29,23,0.229619224211606,0.8391109549480936,0.3797103591749202,0.15009113496331414,0.4701985158431141,8,12,3,0.6086956521739131,0.34782608695652173,0.5217391304347826,0.13043478260869565
2021-06-30,14,0.13556913060269182,0.8013407417706081,0.35645135931138483,0.22088222870869292,0.4226664347308023,5,6,3,0.9285714285714286,0.35714285714285715,0.42857142857142855,0.21428571428571427
2021-07-01,17,-0.023898271843791022,0.754650890827179,0.24425870629356183,0.26815697813735284,0.4875842962852296,4,9,4,0.7647058823529411,0.23529411764705882,0.5294117647058824,0.23529411764705882
2021-07-02,14,0.1463534881893013,0.763876736164093,0.4003919668362609,0.25403847864695955,0.34556956735572636,5,5,4,1.2142857142857142,0.35714285714285715,0.35714285714285715,0.2857142857142857
2021-07-03,11,-0.19439187349582265,0.8515518307685852,0.13181355324658475,0.3262054267424074,0.5419810110364448,1,6,4,0.7272727272727273,0.09090909090909091,0.5454545454545454,0.36363636363636365
2021-07-04,8,0.39843197050504386,0.8901441693305969,0.42101389402523637,0.022581923520192462,0.5564041833858937,3,5,0,1.375,0.375,0.625,0.0
2021-07-05,10,0.2761030913796276,0.8090972542762757,0.3841359253972768,0.10803283401764925,0.5078312356024981,4,5,1,1.3,0.4,0.5,0.1
2021-07-06,12,0.18523143511265516,0.8204844743013382,0.412455811475714,0.22722437636305884,0.3603198180596034,5,5,2,0.75,0.4166666666666667,0.4166666666666667,0.16666666666666666
2021-07-07,13,0.14602651443475714,0.7716776270132798,0.3226673548611311,0.1766408404263739,0.5006918143481016,4,7,2,0.7692307692307693,0.3076923076923077,0.5384615384615384,0.15384615384615385
2021-07-08,8,-0.5396460789488629,0.8286688029766083,0.08068357699085024,0.6203296559397131,0.29898678231984377,0,2,6,0.75,0.0,0.25,0.75
2021-07-09,20,0.10360368362162262,0.7249331057071686,0.3291333264205604,0.2255296427989378,0.44533703569322824,7,9,4,0.9,0.35,0.45,0.2
2021-07-10,11,0.0905076866461472,0.8287842653014443,0.23297071651640258,0.1424630298702554,0.6245662546293302,2,8,1,1.2727272727272727,0.18181818181818182,0.7272727272727273,0.09090909090909091
2021-07-11,8,-0.06143016100395471,0.7935444861650467,0.22919865034054962,0.29062881134450436,0.48017252748832107,2,4,2,0.75,0.25,0.5,0.25
2021-07-12,11,0.1273762880909172,0.7471755011515184,0.32023646216839546,0.19286017407747827,0.48690335520289163,3,6,2,1.1818181818181819,0.2727272727272727,0.5454545454545454,0.18181818181818182
2021-07-13,12,0.14641283867725483,0.8009408811728159,0.31778561424774426,0.17137277557048944,0.5108416201546788,3,7,2,1.25,0.25,0.5833333333333334,0.16666666666666666
2021-07-14,6,-0.24670848242628082,0.8473870158195496,0.2323071289186676,0.4790156113449484,0.2886772605900963,1,2,3,1.0,0.16666666666666666,0.3333333333333333,0.5
2021-07-15,8,0.08716858667321503,0.7362131401896477,0.40266908053308725,0.31550049385987217,0.2818304181564599,4,2,2,0.625,0.5,0.25,0.25
2021-07-16,12,-0.11054817175803089,0.8540237744649252,0.1786786537462224,0.28922682550425327,0.5320945060811937,2,7,3,1.0833333333333333,0.16666666666666666,0.5833333333333334,0.25
2021-07-17,6,0.2860684671128789,0.7190237194299698,0.30608328431844706,0.020014817205568133,0.6739019105831782,1,5,0,0.6666666666666666,0.16666666666666666,0.8333333333333334,0.0
2021-07-18,10,-0.0445147980004549,0.727010178565979,0.24206885807216164,0.2865836560726166,0.4713474912568927,2,6,2,1.2,0.2,0.6,0.2
2021-07-19,12,0.016084585377636032,0.7715987414121628,0.18441622533525026,0.16833163995761422,0.6472521306325992,2,8,2,0.9166666666666666,0.16666666666666666,0.6666666666666666,0.16666666666666666
2021-07-20,7,-0.37683134938457175,0.8452945607049125,0.15544531135154616,0.532276660736118,0.31227803522987024,1,2,4,1.0,0.14285714285714285,0.2857142857142857,0.5714285714285714
2021-07-21,13,0.3106910393286783,0.8226770300131577,0.3542945350591952,0.04360349573051695,0.6021019820697032,4,9,0,1.5384615384615385,0.3076923076923077,0.6923076923076923,0.0
2021-07-22,21,0.08202360778869619,0.7994621126424699,0.2178669420203992,0.135843334231703,0.6462897347907225,3,15,3,1.2380952380952381,0.14285714285714285,0.7142857142857143,0.14285714285714285
2021-07-23,17,-0.028537446194711852,0.8356854266980115,0.275685645530329,0.3042230917250408,0.42009127172915367,4,7,6,1.2352941176470589,0.23529411764705882,0.4117647058823529,0.35294117647058826
2021-07-24,6,0.44734424686369806,0.7832643985748291,0.463198134675622,0.015853887811923952,0.5209479903181394,3,3,0,0.6666666666666666,0.5,0.5,0.0
2021-07-25,9,0.4165003939221303,0.794543080859714,0.5318042412400246,0.11530384731789425,0.3528919203413857,5,3,1,0.8888888888888888,0.5555555555555556,0.3333333333333333,0.1111111111111111
2021-07-26,19,-0.1100264599938926,0.7753733161248659,0.24459915367984453,0.35462561367373713,0.40077522838194113,4,8,7,1.368421052631579,0.21052631578947367,0.42105263157894735,0.3684210526315789
2021-07-27,7,-0.2212961276194879,0.7428998606545585,0.2512568453592913,0.47255297297877924,0.2761901792670999,2,2,3,0.5714285714285714,0.2857142857142857,0.2857142857142857,0.42857142857142855
2021-07-28,15,0.3863003411019842,0.8531537334124247,0.5544173852850993,0.16811704418311513,0.27746560213466487,9,4,2,1.2,0.6,0.26666666666666666,0.13333333333333333
2021-07-29,13,0.4508404415817215,0.8722663659315842,0.5848587882490113,0.13401834666728968,0.2811228574181978,8,4,1,1.2307692307692308,0.6153846153846154,0.3076923076923077,0.07692307692307693
2021-07-30,8,-0.012504862854257266,0.8978620022535324,0.244688808103092,0.25719367095734924,0.4981175041757524,2,4,2,1.5,0.25,0.5,0.25
2021-07-31,6,0.3203492377263804,0.7872625887393951,0.4225144200026989,0.10216518227631843,0.47532040315369767,2,3,1,0.8333333333333334,0.3333333333333333,0.5,0.16666666666666666
2021-08-01,6,0.3834140602654467,0.7459570517142614,0.5986798899248242,0.2152658296593775,0.18605432690431675,5,0,1,1.3333333333333333,0.8333333333333334,0.0,0.16666666666666666
2021-08-02,8,-0.1687720877816901,0.8351041749119759,0.22808048781007526,0.39685257559176534,0.37506694812327623,2,3,3,1.25,0.25,0.375,0.375
2021-08-03,15,0.24241711193074786,0.7893052339553833,0.43094090297818183,0.18852379104743394,0.38053529982765516,7,6,2,1.0666666666666667,0.4666666666666667,0.4,0.13333333333333333
2021-08-04,17,-0.21308287780951055,0.7964245151070988,0.18476411240065793,0.39784699021016845,0.4173889140434125,2,8,7,0.8823529411764706,0.11764705882352941,0.47058823529411764,0.4117647058823529
2021-08-05,12,0.25712517625652254,0.805790955821673,0.3666076503383617,0.10948247408183909,0.5239098691381514,4,7,1,1.3333333333333333,0.3333333333333333,0.5833333333333334,0.08333333333333333
2021-08-06,14,0.11688513687944836,0.776033280151231,0.2966282101614134,0.17974307328196507,0.5236287151596376,4,7,3,1.0714285714285714,0.2857142857142857,0.5,0.21428571428571427
2021-08-07,7,0.33444785260196247,0.7809084142957415,0.4765539988875389,0.14210614628557644,0.3813398427196911,4,2,1,0.8571428571428571,0.5714285714285714,0.2857142857142857,0.14285714285714285
2021-08-08,9,0.6621019614653456,0.8379437724749247,0.7656475388341479,0.10354557736880243,0.13080686310099227,7,1,1,0.6666666666666666,0.7777777777777778,0.1111111111111111,0.1111111111111111
2021-08-09,13,0.1407569138189921,0.8127046319154593,0.27647373295174194,0.1357168191327498,0.5878094411813296,3,8,2,0.46153846153846156,0.23076923076923078,0.6153846153846154,0.15384615384615385
2021-08-10,10,0.04097548713907599,0.7232624799013138,0.30503607261925936,0.26406058548018335,0.43090333212167026,3,4,3,1.0,0.3,0.4,0.3
2021-08-11,17,0.32485188223312006,0.8501298778197345,0.479584553552901,0.15473267131978097,0.36568276726585974,9,6,2,1.2941176470588236,0.5294117647058824,0.35294117647058826,0.11764705882352941
2021-08-12,15,0.4928624730246763,0.8049736102422078,0.5614906432727973,0.06862817024812098,0.369881189862887,9,5,1,1.4,0.6,0.3333333333333333,0.06666666666666667
2021-08-13,18,0.39296193268253576,0.8507497906684875,0.47166901795814437,0.07870708527560859,0.44962388928979635,8,9,1,1.1666666666666667,0.4444444444444444,0.5,0.05555555555555555
2021-08-14,9,0.11372044599718516,0.8320249451531304,0.29817423803938753,0.18445379204220236,0.5173719711601734,2,5,2,1.1111111111111112,0.2222222222222222,0.5555555555555556,0.2222222222222222
2021-08-15,17,0.46760480861891723,0.809336806044859,0.5373750951360253,0.06977028651710815,0.39285460925277543,9,7,1,0.8823529411764706,0.5294117647058824,0.4117647058823529,0.058823529411764705
2021-08-16,25,0.27021195273846393,0.829694287776947,0.3814227730035782,0.11121082026511425,0.507366408854723,9,13,3,0.92,0.36,0.52,0.12
2021-08-17,12,0.2615779433399439,0.8035653059681257,0.3485528371917705,0.08697489385182654,0.5644722847888867,5,6,1,0.9166666666666666,0.4166666666666667,0.5,0.08333333333333333
2021-08-18,22,0.10149315750988369,0.8679701658812436,0.3360518186607144,0.23455866115083068,0.4293895188549703,7,10,5,0.6363636363636364,0.3181818181818182,0.45454545454545453,0.22727272727272727
2021-08-19,23,-0.0841286970180986,0.8004811250645182,0.235663674670555,0.31979237168865354,0.4445439465343952,3,12,8,0.6956521739130435,0.13043478260869565,0.5217391304347826,0.34782608695652173
2021-08-20,14,0.5591400022884565,0.8469042735440391,0.5901798464890037,0.031039844200547197,0.3787803115057094,9,5,0,0.9285714285714286,0.6428571428571429,0.35714285714285715,0.0
2021-08-21,10,0.2093879015184939,0.8029503762722016,0.4095886567607522,0.20020075524225828,0.3902105733752251,4,4,2,0.5,0.4,0.4,0.2
2021-08-22,12,-0.017079499162112693,0.7741966297229131,0.31791970219152665,0.33499920135363936,0.34708109746376675,4,4,4,0.6666666666666666,0.3333333333333333,0.3333333333333333,0.3333333333333333
2021-08-23,28,0.3724782493165029,0.7362428477832249,0.46293867958177415,0.09046043026527119,0.44660089291366084,12,14,2,0.8214285714285714,0.42857142857142855,0.5,0.07142857142857142
2021-08-24,21,0.17121506129790628,0.8283556699752808,0.31422076423075934,0.14300570293285303,0.542773534144674,7,11,3,1.0476190476190477,0.3333333333333333,0.5238095238095238,0.14285714285714285
2021-08-25,27,0.037224287270671785,0.8161820007695092,0.28237398838003475,0.24514970110936293,0.47247632178995347,6,14,7,0.8888888888888888,0.2222222222222222,0.5185185185185185,0.25925925925925924
2021-08-26,17,0.019292657784021953,0.7862089942483341,0.3387430083992727,0.3194503506152507,0.34180663142572426,6,6,5,0.7058823529411765,0.35294117647058826,0.35294117647058826,0.29411764705882354
2021-08-27,24,-0.08931734106348209,0.8389715179800987,0.18694897096914545,0.2762663120326275,0.5367847171146423,4,13,7,0.7916666666666666,0.16666666666666666,0.5416666666666666,0.2916666666666667
2021-08-28,12,0.42817291252625483,0.8533484290043513,0.4918970707803964,0.06372415825414156,0.4443787705774109,6,5,1,0.8333333333333334,0.5,0.4166666666666667,0.08333333333333333
2021-08-29,13,0.17743690720257851,0.8493395676979651,0.39615085463111216,0.21871394742853362,0.3851351991582375,5,5,3,0.3076923076923077,0.38461538461538464,0.38461538461538464,0.23076923076923078
2021-08-30,23,-0.02047834318617116,0.8088273120963055,0.2573327509200443,0.27781109410621546,0.46485616039970645,5,11,7,1.3043478260869565,0.21739130434782608,0.4782608695652174,0.30434782608695654
2021-08-31,21,0.31671170615369365,0.7566764681112199,0.42729912733747843,0.11058742118378476,0.4621134452699196,11,8,2,1.3333333333333333,0.5238095238095238,0.38095238095238093,0.09523809523809523
2021-09-01,14,0.14416516209686442,0.801473760179111,0.36284309612321003,0.21867793402634558,0.4184789622335562,5,5,4,0.9285714285714286,0.35714285714285715,0.35714285714285715,0.2857142857142857
2021-09-02,17,0.10722844332785288,0.863460172625149,0.21295632312403,0.10572787979617712,0.6813157891087672,3,12,2,1.1764705882352942,0.17647058823529413,0.7058823529411765,0.11764705882352941
2021-09-03,24,0.2912357428770823,0.8426968653996786,0.394831712571128,0.10359596969404562,0.5015723227212826,11,11,2,0.9583333333333334,0.4583333333333333,0.4583333333333333,0.08333333333333333
2021-09-04,12,0.22007282668103775,0.8550078521172205,0.3467435714167853,0.12667074473574755,0.5265856723611554,4,7,1,1.0,0.3333333333333333,0.5833333333333334,0.08333333333333333
2021-09-05,14,0.23428003982241669,0.7983462193182537,0.3984287409111857,0.16414870108876906,0.4374225590644138,4,8,2,0.7857142857142857,0.2857142857142857,0.5714285714285714,0.14285714285714285
2021-09-06,15,0.03767848514641325,0.8316478947798411,0.3414574991290768,0.3037790139826635,0.3547634851187468,5,5,5,0.8,0.3333333333333333,0.3333333333333333,0.3333333333333333
2021-09-07,30,-0.2328581096294026,0.8588564276695252,0.2750114906424035,0.5078696002718062,0.21711889893437422,8,6,16,1.0333333333333334,0.26666666666666666,0.2,0.5333333333333333
2021-09-08,23,0.004984871889262135,0.8284706862076469,0.3367739489868931,0.331789077097631,0.3314369858607002,8,8,7,1.1304347826086956,0.34782608695652173,0.34782608695652173,0.30434782608695654
2021-09-09,20,0.19917990574613215,0.7963660746812821,0.31299294633790853,0.11381304059177633,0.5731940088793636,5,13,2,1.15,0.25,0.65,0.1
2021-09-10,24,0.0630556378940431,0.8050012762347857,0.326315724174492,0.26326008628044895,0.4104241926688701,7,11,6,1.1666666666666667,0.2916666666666667,0.4583333333333333,0.25
2021-09-11,14,0.13509938054318943,0.8556411819798606,0.3364053109793791,0.20130593043618966,0.46228876151144505,4,7,3,0.5,0.2857142857142857,0.5,0.21428571428571427
2021-09-12,14,0.43355207012168,0.8260376879147121,0.5650222368006196,0.1314701666789395,0.3035075990483164,9,3,2,0.14285714285714285,0.6428571428571429,0.21428571428571427,0.14285714285714285
2021-09-13,18,-0.34507686163609225,0.8335133724742465,0.18102471690831912,0.5261015785444114,0.29287369590666557,2,6,10,0.9444444444444444,0.1111111111111111,0.3333333333333333,0.5555555555555556
2021-09-14,33,0.1209413240183935,0.7980844324285333,0.3783889135740923,0.25744758955569874,0.36416348532745335,11,13,9,0.8787878787878788,0.3333333333333333,0.3939393939393939,0.2727272727272727
2021-09-15,37,0.04181297526166246,0.8019310139320992,0.32468638984436116,0.28287341458269866,0.3924401874175748,12,14,11,0.7837837837837838,0.32432432432432434,0.3783783783783784,0.2972972972972973
2021-09-16,20,0.35407689916901297,0.7805551797151565,0.4824371992610395,0.12836030009202654,0.38920251224189994,10,8,2,0.45,0.5,0.4,0.1
2021-09-17,25,0.08668064508587121,0.8105798101425171,0.38106494981795547,0.2943843047320842,0.32455074034631254,10,7,8,1.12,0.4,0.28,0.32
2021-09-18,10,0.34440012164413936,0.7632192015647888,0.4481702644377947,0.10377014279365535,0.4480595879256725,4,5,1,1.5,0.4,0.5,0.1
2021-09-19,18,0.15649179788306355,0.8141652097304662,0.3745176836641298,0.21802588578106624,0.4074564386780063,7,7,4,0.7777777777777778,0.3888888888888889,0.3888888888888889,0.2222222222222222
2021-09-20,23,-0.49340070358922955,0.8459432254666868,0.08684717070149334,0.5802478742907229,0.33290495059412456,0,9,14,0.8695652173913043,0.0,0.391304347826087,0.6086956521739131
2021-09-21,24,-0.04039743472822013,0.7819693771501383,0.3208542390105625,0.3612516737387826,0.3178940864745527,9,6,9,1.0,0.375,0.25,0.375
2021-09-22,13,0.07506658072368456,0.8252643071688138,0.28180215808634573,0.2067355773626611,0.5114622812431592,4,6,3,0.8461538461538461,0.3076923076923077,0.46153846153846156,0.23076923076923078
2021-09-23,21,0.11316167862553682,0.7956944931121099,0.36173433641947444,0.24857265779393764,0.38969301175148713,8,8,5,0.8571428571428571,0.38095238095238093,0.38095238095238093,0.23809523809523808
2021-09-24,28,-0.16586669579347862,0.797368341258594,0.22758466431072777,0.39345136010420634,0.37896397184314473,5,12,11,0.9642857142857143,0.17857142857142858,0.42857142857142855,0.39285714285714285
2021-09-25,12,0.16448672445646179,0.761501302321752,0.3740130298926185,0.20952630543615666,0.4164606674263874,5,4,3,0.9166666666666666,0.4166666666666667,0.3333333333333333,0.25
2021-09-26,16,-0.03153254045173524,0.8227006644010544,0.21772620745468882,0.24925874790642405,0.533015051856637,3,9,4,0.9375,0.1875,0.5625,0.25
2021-09-27,25,0.04823664497584104,0.7980385351181031,0.29616148198023434,0.2479248370043933,0.45591368570923807,8,12,5,1.32,0.32,0.48,0.2
2021-09-28,15,-0.2804835057196518,0.8239140073458354,0.14816267418985563,0.42864617990950743,0.4231911355008682,1,7,7,0.8666666666666667,0.06666666666666667,0.4666666666666667,0.4666666666666667
2021-09-29,34,0.14182104093625267,0.7842935463961433,0.36243658622398095,0.22061554528772828,0.41694787544581813,13,14,7,1.3823529411764706,0.38235294117647056,0.4117647058823529,0.20588235294117646
2021-09-30,27,0.36831716573969636,0.7993907111662405,0.4236441935516066,0.05532702781191022,0.5210287853109615,11,15,1,1.2222222222222223,0.4074074074074074,0.5555555555555556,0.037037037037037035
2021-10-01,27,0.3335616928870203,0.7991025867285552,0.4955034314620274,0.16194173857500704,0.34255483925894453,14,9,4,0.8888888888888888,0.5185185185185185,0.3333333333333333,0.14814814814814814
2021-10-02,18,0.21827434093898368,0.8008106218443977,0.40729368744521505,0.18901934650623134,0.4036869700584147,7,8,3,0.8333333333333334,0.3888888888888889,0.4444444444444444,0.16666666666666666
2021-10-03,19,0.18650125859207228,0.7813328002628527,0.34734382696057614,0.16084256836850389,0.4918136050630557,6,10,3,1.2105263157894737,0.3157894736842105,0.5263157894736842,0.15789473684210525
2021-10-04,25,0.08365291114896539,0.7900264310836792,0.3836188030615449,0.2999658919125795,0.3164153010398149,11,7,7,1.16,0.44,0.28,0.28
2021-10-05,23,0.24371638434493673,0.8341684030449908,0.4071987102051144,0.16348232586017766,0.42931895937932574,10,9,4,0.6956521739130435,0.43478260869565216,0.391304347826087,0.17391304347826086
2021-10-06,29,0.34051947628051554,0.8077969242786539,0.45958121281502573,0.11906173653451015,0.42135704925348016,14,12,3,1.1724137931034482,0.4827586206896552,0.41379310344827586,0.10344827586206896
2021-10-07,40,0.40947507715318354,0.8124842435121536,0.5049239974468946,0.09544892029371108,0.3996270831208676,23,14,3,1.175,0.575,0.35,0.075
2021-10-08,17,0.32704246679649634,0.8406758062979754,0.49821409955620766,0.17117163275971128,0.330614257384749,8,6,3,1.0588235294117647,0.47058823529411764,0.35294117647058826,0.17647058823529413
2021-10-09,8,0.019028517301194377,0.8288357928395271,0.2503877780400216,0.23135926073882723,0.5182529641315341,2,4,2,0.5,0.25,0.5,0.25
2021-10-10,14,0.3077946636892323,0.8475637052740369,0.5008219231718353,0.19302725948260296,0.3061508308830006,7,4,3,1.0714285714285714,0.5,0.2857142857142857,0.21428571428571427
2021-10-11,15,0.20979303872833652,0.8101011315981547,0.3543780694405238,0.14458503071218726,0.5010369220127662,4,9,2,0.6,0.26666666666666666,0.6,0.13333333333333333
2021-10-12,22,0.053055326115678654,0.7827812487428839,0.29093054021624,0.2378752141005613,0.47119425228712236,6,10,6,1.0454545454545454,0.2727272727272727,0.45454545454545453,0.2727272727272727
2021-10-13,33,0.15467820093600135,0.8135481621279861,0.3794226874174042,0.22474448648140283,0.39583282198079606,14,12,7,0.7878787878787878,0.42424242424242425,0.36363636363636365,0.21212121212121213
2021-10-14,28,0.3253288874236335,0.8023500740528107,0.4577727426907846,0.13244385526715108,0.4097834007282342,13,12,3,0.9285714285714286,0.4642857142857143,0.42857142857142855,0.10714285714285714
2021-10-15,20,0.2045746947173029,0.7863549053668976,0.4110158470924944,0.2064411523751914,0.38254300523549317,7,9,4,1.05,0.35,0.45,0.2
2021-10-16,13,0.19123300193594053,0.8086837438436655,0.3555572143254372,0.16432421238949663,0.48011858875934893,5,6,2,0.8461538461538461,0.38461538461538464,0.46153846153846156,0.15384615384615385
2021-10-17,12,-0.023633997809762757,0.8060900469621023,0.24803554685786364,0.2716695446676264,0.4802949200384319,2,6,4,0.75,0.16666666666666666,0.5,0.3333333333333333
2021-10-18,34,0.3450930424801567,0.7680813486085218,0.47290156228358254,0.1278085198034258,0.3992899236652781,18,12,4,1.088235294117647,0.5294117647058824,0.35294117647058826,0.11764705882352941
2021-10-19,21,0.1258620451248827,0.8134738845484597,0.2456993571526947,0.11983731202781196,0.6344633361856852,6,14,1,1.0476190476190477,0.2857142857142857,0.6666666666666666,0.047619047619047616
2021-10-20,20,0.31233346681110563,0.8091221570968627,0.48896741489879786,0.17663394808769223,0.3343986411578953,10,6,4,1.65,0.5,0.3,0.2
2021-10-21,25,0.20641899283975365,0.8132914757728577,0.4407453716918826,0.23432637885212895,0.3249282532930373,12,7,6,1.16,0.48,0.28,0.24
2021-10-22,23,0.24856173285566593,0.7862327941085981,0.35850346679596795,0.10994173394030199,0.5315547931291487,7,13,3,1.0,0.30434782608695654,0.5652173913043478,0.13043478260869565
2021-10-23,12,0.06039527066362399,0.8252468953529993,0.21124550203482306,0.15085023137119905,0.6379042792444428,1,9,2,1.0,0.08333333333333333,0.75,0.16666666666666666
2021-10-24,22,0.4331144788937474,0.8351381475275214,0.5106990297578953,0.07758455086414782,0.41171642807735637,13,8,1,0.5909090909090909,0.5909090909090909,0.36363636363636365,0.045454545454545456
2021-10-25,29,0.22350021837086514,0.7958342350762466,0.4018604996260898,0.17836028125522463,0.4197792102550638,12,12,5,0.6551724137931034,0.41379310344827586,0.41379310344827586,0.1724137931034483
2021-10-26,39,0.2769262392599231,0.8091005025765835,0.39895197505561203,0.12202573579568889,0.4790222928739893,15,20,4,0.9487179487179487,0.38461538461538464,0.5128205128205128,0.10256410256410256
2021-10-27,47,0.20947951253780978,0.8542650963397737,0.43951328160201614,0.23003376906420636,0.3304529479764243,20,16,11,0.7872340425531915,0.425531914893617,0.3404255319148936,0.23404255319148937
2021-10-28,33,0.2651996341618625,0.8083998840866666,0.40854975140907546,0.143350117247213,0.44810013467389526,13,16,4,0.7575757575757576,0.3939393939393939,0.48484848484848486,0.12121212121212122
2021-10-29,26,0.19043859103336358,0.8018486476861514,0.31288001449921954,0.12244142346585594,0.5646785597961682,8,15,3,0.6538461538461539,0.3076923076923077,0.5769230769230769,0.11538461538461539
2021-10-30,12,0.07920679488840206,0.7529739240805308,0.2632782502720753,0.18407145538367328,0.5526502992336949,3,6,3,0.6666666666666666,0.25,0.5,0.25
2021-10-31,18,0.18405896575293607,0.7762857642438676,0.35569094049019945,0.17163197473726335,0.47267708078854614,6,10,2,0.6666666666666666,0.3333333333333333,0.5555555555555556,0.1111111111111111
2021-11-01,27,0.2612268633933531,0.8246941676846257,0.3860813259250588,0.12485446253170565,0.48906421785553295,10,14,3,0.6296296296296297,0.37037037037037035,0.5185185185185185,0.1111111111111111
2021-11-02,41,0.21133222575185867,0.8136103523940574,0.3475543791201056,0.13622215336824697,0.5162234673867139,13,23,5,1.170731707317073,0.3170731707317073,0.5609756097560976,0.12195121951219512
2021-11-03,31,0.20110320103084367,0.8327509068673656,0.33945624878810293,0.13835304775725923,0.522190700615606,10,17,4,0.7741935483870968,0.3225806451612903,0.5483870967741935,0.12903225806451613
2021-11-04,26,0.0701150747660834,0.8283881567991697,0.35008852259041023,0.2799734478243268,0.36993803549557924,8,11,7,1.0,0.3076923076923077,0.4230769230769231,0.2692307692307692
2021-11-05,33,0.19540335113803545,0.8251869010202812,0.2990295810512069,0.10362622991317146,0.5973441834476861,7,23,3,0.696969696969697,0.21212121212121213,0.696969696969697,0.09090909090909091
2021-11-06,24,0.2754358247232934,0.8159792299071947,0.4202239564231907,0.14478813169989732,0.4349879191722721,11,10,3,0.7083333333333334,0.4583333333333333,0.4166666666666667,0.125
2021-11-07,13,0.3556288295210554,0.7820373636025649,0.45377474392835904,0.09814591440730366,0.4480793269780966,5,7,1,0.6153846153846154,0.38461538461538464,0.5384615384615384,0.07692307692307693
2021-11-08,28,0.5293100605319653,0.7905784930501666,0.5770366403407284,0.04772657980876305,0.3752367763247873,17,10,1,0.8571428571428571,0.6071428571428571,0.35714285714285715,0.03571428571428571
2021-11-09,37,0.24044274621819323,0.8263441759186823,0.3912026112697817,0.15075986505158848,0.45803752206769344,14,18,5,0.8918918918918919,0.3783783783783784,0.4864864864864865,0.13513513513513514
2021-11-10,25,0.24387646157294512,0.8066723322868348,0.36938373647630207,0.12550727490335697,0.5051089816540479,8,14,3,0.72,0.32,0.56,0.12
2021-11-11,23,0.23783841611736495,0.8269525870032932,0.3940851511231259,0.15624673500576094,0.4496681070684091,10,10,3,0.782608695652174,0.43478260869565216,0.43478260869565216,0.13043478260869565
2021-11-12,31,0.002009653215927491,0.7854520515088113,0.3011477154289041,0.2991380622129767,0.399714229868785,9,13,9,0.8064516129032258,0.2903225806451613,0.41935483870967744,0.2903225806451613
2021-11-13,18,0.33042812523328596,0.7980556256241269,0.4041096263875564,0.0736815011542704,0.5222088621101446,7,10,1,0.9444444444444444,0.3888888888888889,0.5555555555555556,0.05555555555555555
2021-11-14,16,0.5915874415659346,0.8027622848749161,0.6204576666932553,0.028870225127320695,0.35067210858687753,10,6,0,0.875,0.625,0.375,0.0
2021-11-15,23,-0.02796830736991504,0.8057325456453406,0.2718686110178089,0.29983691838772397,0.42829447409704974,6,10,7,1.1304347826086956,0.2608695652173913,0.43478260869565216,0.30434782608695654
2021-11-16,28,-0.019716197857633264,0.8538152830941337,0.20466969850739195,0.22438589636502518,0.5709444145405931,5,17,6,0.8571428571428571,0.17857142857142858,0.6071428571428571,0.21428571428571427
2021-11-17,38,0.30416250844044906,0.8014538837106604,0.432538055030531,0.1283755465900819,0.4390864009037614,15,18,5,1.0789473684210527,0.39473684210526316,0.47368421052631576,0.13157894736842105
2021-11-18,32,0.16262390425254125,0.7691160766407847,0.34536153977387585,0.18273763552133457,0.47190082719316706,12,14,6,1.0625,0.375,0.4375,0.1875
2021-11-19,22,0.0553174928381023,0.7673554244366559,0.36168870041993534,0.30637120758183295,0.331940082240511,9,6,7,0.8181818181818182,0.4090909090909091,0.2727272727272727,0.3181818181818182
2021-11-20,15,0.12618731601784627,0.7703697721163432,0.3186645466834307,0.19247723066558436,0.48885822631418707,5,8,2,1.0,0.3333333333333333,0.5333333333333333,0.13333333333333333
2021-11-21,22,0.3020171652632681,0.7897308482365175,0.4311372447250919,0.12912007946182377,0.43974267776039516,9,10,3,1.0,0.4090909090909091,0.45454545454545453,0.13636363636363635
2021-11-22,29,0.2654815664964504,0.7443122123849804,0.43107692306411677,0.1655953565676664,0.40332771433067727,11,12,6,1.103448275862069,0.3793103448275862,0.41379310344827586,0.20689655172413793
2021-11-23,23,-0.014483405034179274,0.8012384046678958,0.24354177162699073,0.25802517666117003,0.4984330581906049,4,12,7,1.0869565217391304,0.17391304347826086,0.5217391304347826,0.30434782608695654
2021-11-24,28,0.10661909177101081,0.7968299825276647,0.3124675145705363,0.20584842279952548,0.48168406702045885,7,16,5,0.8571428571428571,0.25,0.5714285714285714,0.17857142857142858
2021-11-25,26,0.005790444664083984,0.7902083580310528,0.2677936861291527,0.26200324146506876,0.4702030751997462,8,11,7,0.8076923076923077,0.3076923076923077,0.4230769230769231,0.2692307692307692
2021-11-26,31,-0.10211171914312625,0.8426259140814504,0.25811747718422157,0.36022919632734784,0.38165333855055994,9,11,11,0.9354838709677419,0.2903225806451613,0.3548387096774194,0.3548387096774194
2021-11-27,16,-0.12030730349943042,0.8268462754786015,0.1882779244333505,0.3085852279327809,0.5031368592754006,2,9,5,0.5625,0.125,0.5625,0.3125
2021-11-28,20,-0.1088179860729724,0.8326844319701194,0.2566401175688952,0.3654581036418676,0.3779017945751547,5,8,7,0.6,0.25,0.4,0.35
2021-11-29,28,0.12318872983035231,0.8266920128038951,0.31660077158760813,0.19341204175725576,0.48998719161110266,7,16,5,0.8571428571428571,0.25,0.5714285714285714,0.17857142857142858
2021-11-30,45,0.32769633237686424,0.7690507239765592,0.45782111512704027,0.13012478275017603,0.41205409715572994,21,19,5,0.4,0.4666666666666667,0.4222222222222222,0.1111111111111111
2021-12-01,39,0.2122901821246323,0.7865504981615604,0.3629412110894918,0.15065102896485952,0.48640775222044724,14,20,5,0.7435897435897436,0.358974358974359,0.5128205128205128,0.1282051282051282
2021-12-02,43,0.16617114322130072,0.8097329805063647,0.37067262306376253,0.20450147984246178,0.42482589323853337,16,18,9,0.6511627906976745,0.37209302325581395,0.4186046511627907,0.20930232558139536
2021-12-03,37,-0.013744777357960893,0.8045468193453711,0.2933123737221231,0.307057151080084,0.399630465167197,10,16,11,0.8918918918918919,0.2702702702702703,0.43243243243243246,0.2972972972972973
2021-12-04,33,-0.15085959217200678,0.8134096869916627,0.2016668222618825,0.3525264144338893,0.445806770952362,5,15,13,0.7878787878787878,0.15151515151515152,0.45454545454545453,0.3939393939393939
2021-12-05,29,0.01632832817669059,0.7856158100325485,0.3926170664871561,0.3762887383104655,0.2310941847490853,14,4,11,0.6896551724137931,0.4827586206896552,0.13793103448275862,0.3793103448275862
2021-12-06,32,-0.002048287336947379,0.8304225541651249,0.3582112526346463,0.3602595399715937,0.2815292013110593,13,7,12,0.75,0.40625,0.21875,0.375
2021-12-07,33,0.20319128324362368,0.8057333772832697,0.3805183752750356,0.17732709203141203,0.4421545431920976,11,17,5,0.8787878787878788,0.3333333333333333,0.5151515151515151,0.15151515151515152
2021-12-08,34,0.14081004663260985,0.8081343717434827,0.3185201927142985,0.1777101460816886,0.5037696585880921,9,19,6,1.0294117647058822,0.2647058823529412,0.5588235294117647,0.17647058823529413
2021-12-09,48,0.12477820364680763,0.8047924426694711,0.3018310552676363,0.1770528516208287,0.5211161026963964,13,27,8,1.0208333333333333,0.2708333333333333,0.5625,0.16666666666666666
2021-12-10,35,-0.05075709589623978,0.818582342352186,0.22318843608455996,0.27394553198079974,0.5028660325599569,8,18,9,0.8571428571428571,0.22857142857142856,0.5142857142857142,0.2571428571428571
2021-12-11,19,-0.02867776449573666,0.799317080723612,0.2495836076865855,0.2782613721823221,0.4721550243465524,5,9,5,0.8421052631578947,0.2631578947368421,0.47368421052631576,0.2631578947368421
2021-12-12,27,-0.04888451534012953,0.7959885266092088,0.2848974850063246,0.3337820003464542,0.38132051826903113,7,10,10,0.8518518518518519,0.25925925925925924,0.37037037037037035,0.37037037037037035
2021-12-13,39,0.02606169756454153,0.8073410697472401,0.305606327807674,0.2795446302431325,0.41484904145965207,11,18,10,0.7692307692307693,0.28205128205128205,0.46153846153846156,0.2564102564102564
2021-12-14,56,0.06425380967058507,0.8159846051463059,0.29623871782262406,0.231984908152039,0.4717763677638556,15,28,13,0.5892857142857143,0.26785714285714285,0.5,0.23214285714285715
2021-12-15,42,0.19817655049042693,0.8322639153117225,0.38555236464543713,0.1873758141550102,0.4270718332291359,18,17,7,0.8333333333333334,0.42857142857142855,0.40476190476190477,0.16666666666666666
2021-12-16,40,0.2835306320921518,0.819029575586319,0.4221854958217591,0.13865486372960728,0.4391596278175712,16,19,5,0.975,0.4,0.475,0.125
2021-12-17,42,0.06410867194201621,0.8136394584462756,0.3085354776454291,0.24442680570341288,0.44703771236042184,12,19,11,0.5714285714285714,0.2857142857142857,0.4523809523809524,0.2619047619047619
2021-12-18,23,0.12316867203006276,0.8164747642434161,0.24504643111773156,0.12187775908766878,0.6330758187433948,5,16,2,0.8695652173913043,0.21739130434782608,0.6956521739130435,0.08695652173913043
2021-12-19,23,0.3553925109622271,0.8561945246613544,0.43169832278205,0.07630581181982284,0.49199587357756885,10,12,1,0.782608695652174,0.43478260869565216,0.5217391304347826,0.043478260869565216
2021-12-20,35,-0.05570076303556562,0.827194014617375,0.25241721131439715,0.30811797434996274,0.43946481756865974,9,15,11,0.4857142857142857,0.2571428571428571,0.42857142857142855,0.3142857142857143
2021-12-21,43,0.13159995059331142,0.8169050299844076,0.332311122245047,0.20071117165173552,0.4669777045762816,15,19,9,0.7906976744186046,0.3488372093023256,0.4418604651162791,0.20930232558139536
2021-12-22,46,0.1678972908842337,0.7954306783883468,0.31664401280653215,0.14874672192229846,0.5346092676095988,12,27,7,0.5217391304347826,0.2608695652173913,0.5869565217391305,0.15217391304347827
2021-12-23,38,0.2208618394858939,0.8112260416934365,0.3702347150660659,0.14937287558017195,0.48039240586130244,14,19,5,0.42105263157894735,0.3684210526315789,0.5,0.13157894736842105
2021-12-24,36,0.39828731366691905,0.8258602304591073,0.4634750667804231,0.06518775311350404,0.4713371850343214,17,18,1,0.5555555555555556,0.4722222222222222,0.5,0.027777777777777776
2021-12-25,27,0.25056887997521293,0.8219753305117289,0.3815975823543138,0.13102870237910083,0.48737370740208363,11,12,4,0.8518518518518519,0.4074074074074074,0.4444444444444444,0.14814814814814814
2021-12-26,29,0.25286527315218904,0.8222465247943483,0.3542977789866513,0.10143250583446227,0.5442697119995438,10,17,2,0.6206896551724138,0.3448275862068966,0.5862068965517241,0.06896551724137931
2021-12-27,36,0.2643338882157372,0.8298210054636002,0.42245083488523955,0.15811694666950235,0.4194322169447938,14,16,6,0.6388888888888888,0.3888888888888889,0.4444444444444444,0.16666666666666666
2021-12-28,31,-0.18814292001808364,0.8604937291914417,0.21588712570167354,0.4040300457197572,0.380082826851116,6,13,12,0.5161290322580645,0.1935483870967742,0.41935483870967744,0.3870967741935484
2021-12-29,45,-0.0051157558750775005,0.8147074196073744,0.23646871184723242,0.24158446772230993,0.5219468243420124,6,28,11,0.6444444444444445,0.13333333333333333,0.6222222222222222,0.24444444444444444
2021-12-30,36,0.19072567414130187,0.8024653568863869,0.3588546178200179,0.16812894367871598,0.47301644019575584,14,16,6,0.5,0.3888888888888889,0.4444444444444444,0.16666666666666666
2021-12-31,30,0.2100015872468551,0.8146623651186625,0.347621003848811,0.13761941660195587,0.5147595746442676,10,16,4,0.8,0.3333333333333333,0.5333333333333333,0.13333333333333333
2022-01-01,25,0.08536353755742314,0.7849707317352295,0.267658400721848,0.18229486316442486,0.5500467362254858,7,14,4,0.72,0.28,0.56,0.16
2022-01-02,22,0.1340032511348413,0.8259750956838782,0.2875898301770741,0.1535865790422328,0.558823593384163,6,13,3,0.36363636363636365,0.2727272727272727,0.5909090909090909,0.13636363636363635
2022-01-03,32,0.20321396125655156,0.7961134277284145,0.36210286745335907,0.15888890619680748,0.47900823823874816,11,16,5,0.46875,0.34375,0.5,0.15625
2022-01-04,48,0.12195406440878287,0.795965097223719,0.32263173739193,0.20067767298314718,0.4766905875876546,15,25,8,0.5625,0.3125,0.5208333333333334,0.16666666666666666
2022-01-05,46,0.08530483326024335,0.7854023329589678,0.33535367230196356,0.2500488390417202,0.4145974873200707,14,21,11,0.8478260869565217,0.30434782608695654,0.45652173913043476,0.2391304347826087
2022-01-06,27,0.014699408318847414,0.8178259068065219,0.23330921010562664,0.21860980178677922,0.5480809701537644,6,15,6,0.5185185185185185,0.2222222222222222,0.5555555555555556,0.2222222222222222
2022-01-07,38,0.007315880177836661,0.8208650162345484,0.32309761947314986,0.31578173929531317,0.3611206293204113,13,13,12,0.8421052631578947,0.34210526315789475,0.34210526315789475,0.3157894736842105
2022-01-08,24,-0.18393097078660503,0.8006370986501375,0.22975472665469468,0.41368569744129974,0.35655958539185423,4,10,10,0.5416666666666666,0.16666666666666666,0.4166666666666667,0.4166666666666667
2022-01-09,15,-0.22203165761505564,0.7933845440546672,0.20046707292397814,0.4224987305390338,0.3770342073092858,3,5,7,1.1333333333333333,0.2,0.3333333333333333,0.4666666666666667
2022-01-10,34,0.07228455259738598,0.8434271409231073,0.2979319631122052,0.22564741051481924,0.476420627824743,10,16,8,1.0588235294117647,0.29411764705882354,0.47058823529411764,0.23529411764705882
2022-01-11,33,-0.050749387620299166,0.7987009214632439,0.19373934552299252,0.24448873314329164,0.56177192288592,4,20,9,1.2424242424242424,0.12121212121212122,0.6060606060606061,0.2727272727272727
2022-01-12,40,0.22492765480419621,0.8129160828888417,0.3707629641052335,0.1458353093010373,0.4834017312154174,13,23,4,0.55,0.325,0.575,0.1
2022-01-13,49,0.3097384656513376,0.8012926511618556,0.4154669101711135,0.10572844451977582,0.47880465020330587,18,27,4,0.6122448979591837,0.3673469387755102,0.5510204081632653,0.08163265306122448
2022-01-14,51,0.2331551694512075,0.8105891522239236,0.32366560580318465,0.09051043635197711,0.5858239573883075,16,32,3,0.5490196078431373,0.3137254901960784,0.6274509803921569,0.058823529411764705
2022-01-15,15,0.0068730555474758315,0.8382302721341451,0.27392092713465294,0.2670478715871771,0.45903119035065176,5,6,4,0.7333333333333333,0.3333333333333333,0.4,0.26666666666666666
2022-01-16,26,0.26336510669296753,0.7900631806025138,0.3742944420530246,0.11092933536005703,0.514776221404855,10,13,3,0.38461538461538464,0.38461538461538464,0.5,0.11538461538461539
2022-01-17,46,0.3173321815227847,0.8211076441018478,0.45926660072544345,0.14193441920265876,0.3987989613948309,21,20,5,0.6739130434782609,0.45652173913043476,0.43478260869565216,0.10869565217391304
2022-01-18,39,0.12727950595749113,0.8225557819390908,0.40135092285867685,0.2740714169011857,0.3245776597744761,17,11,11,0.6153846153846154,0.4358974358974359,0.28205128205128205,0.28205128205128205
2022-01-19,39,0.17754848721699837,0.7904420777773246,0.35439915871486444,0.1768506714978661,0.46875015985316193,13,19,7,0.8461538461538461,0.3333333333333333,0.48717948717948717,0.1794871794871795
2022-01-20,37,0.19213445770327708,0.7921436050453702,0.3726816856478517,0.1805472279445746,0.4467710843561469,14,17,6,0.6486486486486487,0.3783783783783784,0.4594594594594595,0.16216216216216217
2022-01-21,50,-0.16191709345206617,0.8547773706912994,0.24310380008071658,0.4050208935327828,0.35187530107796194,11,19,20,0.84,0.22,0.38,0.4
2022-01-22,23,-0.18249735752444557,0.854004802911178,0.11766796261477076,0.3001653201392163,0.5821667088438636,1,16,6,0.6956521739130435,0.043478260869565216,0.6956521739130435,0.2608695652173913
2022-01-23,22,-0.07654306140135637,0.8606027283451774,0.2784491707147522,0.35499223211610853,0.36655861283229146,7,8,7,0.5909090909090909,0.3181818181818182,0.36363636363636365,0.3181818181818182
2022-01-24,50,-0.3024288692697883,0.862478164434433,0.17080580502748485,0.4732346742972732,0.3559595247358084,7,19,24,0.68,0.14,0.38,0.48
2022-01-25,50,-0.005391521081328386,0.7895587182044983,0.26894706469029184,0.27433858577162024,0.4567143511772156,12,23,15,0.68,0.24,0.46,0.3
2022-01-26,41,0.10548546367393034,0.8180223427167753,0.29695246520838353,0.1914670015344532,0.5115805308266383,11,23,7,0.8780487804878049,0.2682926829268293,0.5609756097560976,0.17073170731707318
2022-01-27,42,0.03386352835444823,0.8155869600318727,0.27124988798805993,0.23738635963361174,0.4913637616804668,11,21,10,0.9285714285714286,0.2619047619047619,0.5,0.23809523809523808
2022-01-28,51,-0.024933811961947123,0.8299236730033276,0.2969362894803577,0.3218701014423049,0.38119360705947175,15,19,17,0.6470588235294118,0.29411764705882354,0.37254901960784315,0.3333333333333333
2022-01-29,20,0.1343422765377909,0.7830552130937576,0.3065853520296514,0.17224307549186046,0.5211715693585575,5,11,4,1.15,0.25,0.55,0.2
2022-01-30,19,0.196753474123972,0.8020639576409992,0.37117957299281107,0.174426098868839,0.4543943197809552,7,9,3,0.5263157894736842,0.3684210526315789,0.47368421052631576,0.15789473684210525
2022-01-31,36,-0.016935362118399813,0.8320580845077833,0.2829699657546977,0.29990532787309754,0.417124699594246,11,14,11,0.6944444444444444,0.3055555555555556,0.3888888888888889,0.3055555555555556
2022-02-01,44,0.29653820233546535,0.8075297251343727,0.4129899673756551,0.11645176504018967,0.4705582738176666,17,23,4,0.7045454545454546,0.38636363636363635,0.5227272727272727,0.09090909090909091
2022-02-02,35,0.04629740504814044,0.8212932952812739,0.29225563563938645,0.245958230591246,0.46178613198654994,9,19,7,0.7142857142857143,0.2571428571428571,0.5428571428571428,0.2
2022-02-03,40,-0.07286814330145719,0.8045082807540893,0.24264732557348903,0.3155154688749462,0.44183720676228405,8,19,13,0.7,0.2,0.475,0.325
2022-02-04,33,0.24543122128781045,0.8217428624629974,0.38934529053442407,0.1439140692466136,0.4667406259386828,13,16,4,0.7272727272727273,0.3939393939393939,0.48484848484848486,0.12121212121212122
2022-02-05,26,0.174304367437099,0.7749711137551528,0.29822876261403924,0.12392439517694019,0.5778468456835701,6,17,3,1.0384615384615385,0.23076923076923078,0.6538461538461539,0.11538461538461539
2022-02-06,19,0.14237317433090585,0.798095420787209,0.30337682974181673,0.16100365541091086,0.535619513376763,5,11,3,1.4210526315789473,0.2631578947368421,0.5789473684210527,0.15789473684210525
2022-02-07,52,0.42094240565963376,0.8210799098014832,0.4979999588551716,0.07705755319553781,0.42494248910448873,25,24,3,0.7115384615384616,0.4807692307692308,0.46153846153846156,0.057692307692307696
2022-02-08,36,0.43373430903173155,0.8277409589952893,0.4773338897567656,0.043599580725034025,0.479066519998014,16,20,0,1.0,0.4444444444444444,0.5555555555555556,0.0
2022-02-09,33,0.34749409852718766,0.8165450511556683,0.42847799216255994,0.08098389363537227,0.49053811208542547,16,15,2,0.9090909090909091,0.48484848484848486,0.45454545454545453,0.06060606060606061
2022-02-10,36,0.22642009780328307,0.7737632253103786,0.4151254222573091,0.18870532445402605,0.39616925163298017,16,13,7,0.9444444444444444,0.4444444444444444,0.3611111111111111,0.19444444444444445
2022-02-11,23,0.06939064759923064,0.831169403117636,0.33863522011138825,0.26924457251215755,0.39212022389730683,9,8,6,0.782608695652174,0.391304347826087,0.34782608695652173,0.2608695652173913
2022-02-12,17,0.071767795666614,0.8061635318924399,0.2560227177489329,0.18425492208231894,0.5597223618670422,2,12,3,1.0,0.11764705882352941,0.7058823529411765,0.17647058823529413
2022-02-13,16,0.14153588493354619,0.7933407872915268,0.3444881431059912,0.20295225817244497,0.452559586497955,5,8,3,0.75,0.3125,0.5,0.1875
2022-02-14,30,0.15621692119166253,0.7851996322472891,0.3526477225124836,0.19643080132082102,0.45092147613565126,9,14,7,0.9666666666666667,0.3,0.4666666666666667,0.23333333333333334
2022-02-15,32,0.13122603214287662,0.8103066682815552,0.345212476036977,0.21398644389410032,0.44080109620699653,10,15,7,0.78125,0.3125,0.46875,0.21875
2022-02-16,36,0.25461094782480764,0.8000675059027142,0.4041579244917052,0.14954697666689748,0.44629509571111864,15,16,5,1.2777777777777777,0.4166666666666667,0.4444444444444444,0.1388888888888889
2022-02-17,25,-0.0014044938609003976,0.7852900981903076,0.33495979201048615,0.33636428587138645,0.32867593117058275,8,8,9,0.64,0.32,0.32,0.36
2022-02-18,26,0.015417871029617686,0.786563081236986,0.3230914852331177,0.3076736142035,0.36923489834253603,9,8,9,0.6538461538461539,0.34615384615384615,0.3076923076923077,0.34615384615384615
2022-02-19,21,0.10635928922731962,0.8137314660208566,0.26515714631282855,0.15879785708550895,0.5760449905480657,5,13,3,0.6666666666666666,0.23809523809523808,0.6190476190476191,0.14285714285714285
2022-02-20,14,-0.09507262879716498,0.8736930361815861,0.3103679077965872,0.40544053659375223,0.2841915375153933,4,4,6,0.42857142857142855,0.2857142857142857,0.2857142857142857,0.42857142857142855
2022-02-21,25,0.016869267970323554,0.7925573289394379,0.31860285963863133,0.30173359166830777,0.37966354973614214,8,10,7,0.6,0.32,0.4,0.28
2022-02-22,32,-0.1269677973468788,0.8102151937782764,0.198765582870692,0.32573338021757076,0.47550103545654565,5,17,10,0.9375,0.15625,0.53125,0.3125
2022-02-23,39,0.2946685975871216,0.8034460215996473,0.43855235735193276,0.14388375976481113,0.4175638986321596,16,18,5,0.8974358974358975,0.41025641025641024,0.46153846153846156,0.1282051282051282
2022-02-24,31,-0.08752742429233847,0.8361728124080166,0.3076506493042313,0.39517807359656976,0.2971712641357894,9,10,12,1.096774193548387,0.2903225806451613,0.3225806451612903,0.3870967741935484
2022-02-25,25,0.06553553607314824,0.8001342630386352,0.3740052732825279,0.30846973720937965,0.3175250024348497,10,8,7,1.08,0.4,0.32,0.28
2022-02-26,20,0.3945222527254373,0.8559506654739379,0.5399360887706279,0.14541383604519065,0.31465007513761517,12,6,2,0.75,0.6,0.3,0.1
2022-02-27,15,0.42521634610990683,0.800600266456604,0.47794793645540873,0.052731590345501865,0.4693204633891582,7,8,0,0.6666666666666666,0.4666666666666667,0.5333333333333333,0.0
2022-02-28,21,0.36171635519713163,0.781366901738303,0.4350991396322137,0.073382784435082,0.4915180892816612,10,10,1,1.0952380952380953,0.47619047619047616,0.47619047619047616,0.047619047619047616
2022-03-01,30,0.1633320087256531,0.7833879888057709,0.40599698163568976,0.2426649729100366,0.35133805020401876,13,10,7,0.8666666666666667,0.43333333333333335,0.3333333333333333,0.23333333333333334
2022-03-02,25,0.4235041735880077,0.8070624542236328,0.49803017437458036,0.07452600078657266,0.4274438290297985,14,10,1,0.92,0.56,0.4,0.04
2022-03-03,40,-0.042504738655407,0.8167958289384842,0.259614413511008,0.30211915216641494,0.4382664271397516,9,18,13,0.95,0.225,0.45,0.325
2022-03-04,34,-0.10328056656426808,0.8265838517862207,0.2539808035773389,0.35726137014160697,0.38875781468060966,9,13,12,0.6470588235294118,0.2647058823529412,0.38235294117647056,0.35294117647058826
2022-03-05,25,-0.09395710688084366,0.8086630654335022,0.19321030445396897,0.2871674113348126,0.519622285887599,4,14,7,0.96,0.16,0.56,0.28
2022-03-06,25,0.032904292494058594,0.8315502715110779,0.29777509115636347,0.26487079866230484,0.43735409826040267,7,12,6,0.8,0.28,0.48,0.24
2022-03-07,38,-0.27892825855432374,0.8511322666155664,0.16319808055107526,0.44212633910539906,0.3946755853187489,5,16,17,0.7631578947368421,0.13157894736842105,0.42105263157894735,0.4473684210526316
2022-03-08,35,0.11106052298897078,0.8422315163271767,0.391209514811635,0.2801489918226642,0.3286415056990725,14,10,11,0.9428571428571428,0.4,0.2857142857142857,0.3142857142857143
2022-03-09,34,0.2982739132062039,0.8444347925045911,0.50178583045764,0.20351191725143614,0.2947022550574997,19,8,7,1.0294117647058822,0.5588235294117647,0.23529411764705882,0.20588235294117646
2022-03-10,30,0.17030434856812157,0.8091873784859975,0.3373954186371217,0.1670910700690001,0.495513523183763,10,15,5,0.9666666666666667,0.3333333333333333,0.5,0.16666666666666666
2022-03-11,44,-0.10757004601923241,0.817530327222564,0.2568760583791035,0.3644461043983359,0.3786778466098688,10,17,17,0.8181818181818182,0.22727272727272727,0.38636363636363635,0.38636363636363635
2022-03-12,23,0.19976009831399374,0.8057315038598102,0.3486951523177001,0.1489350540037064,0.5023698067373555,7,12,4,0.6956521739130435,0.30434782608695654,0.5217391304347826,0.17391304347826086
2022-03-13,31,0.15104304772290972,0.7648794314553661,0.311375382506559,0.1603323347836492,0.5282922970551637,8,19,4,0.967741935483871,0.25806451612903225,0.6129032258064516,0.12903225806451613
2022-03-14,47,-0.018292557586856346,0.7719088887914698,0.2544234502228333,0.2727160078096897,0.47286054119467735,10,23,14,0.7446808510638298,0.2127659574468085,0.48936170212765956,0.2978723404255319
2022-03-15,39,0.1375972472417813,0.7788801147387578,0.32311502906183404,0.18551778182005266,0.4913671864435459,12,21,6,1.0256410256410255,0.3076923076923077,0.5384615384615384,0.15384615384615385
2022-03-16,49,0.3033683336320884,0.7971579900809697,0.42670912493248375,0.12334079130039526,0.44995008758744415,20,23,6,0.7755102040816326,0.40816326530612246,0.46938775510204084,0.12244897959183673
2022-03-17,32,0.4254390277492348,0.7834090758115053,0.45547928649466485,0.03004025874542999,0.5144804610172287,17,15,0,0.84375,0.53125,0.46875,0.0
2022-03-18,30,0.10331982085481285,0.7949228644371032,0.30334280232588445,0.20002298147107161,0.49663421461979546,8,15,7,0.9666666666666667,0.26666666666666666,0.5,0.23333333333333334
2022-03-19,23,0.21227628680998864,0.7566393782263217,0.3670421848883447,0.15476589807835606,0.4781919230261575,10,10,3,0.6086956521739131,0.43478260869565216,0.43478260869565216,0.13043478260869565
2022-03-20,27,0.19425284698674525,0.8238715110001741,0.3923270512993137,0.19807420431256842,0.4095987340918294,10,12,5,0.8888888888888888,0.37037037037037035,0.4444444444444444,0.18518518518518517
2022-03-21,36,0.29326072793143493,0.7482347504960166,0.42132068135672146,0.1280599534252865,0.45061937378098565,16,17,3,1.0,0.4444444444444444,0.4722222222222222,0.08333333333333333
2022-03-22,45,0.3430011693905625,0.8058641288015578,0.43639911839531526,0.09339794900475273,0.4702029313478205,19,24,2,1.0444444444444445,0.4222222222222222,0.5333333333333333,0.044444444444444446
2022-03-23,49,0.2014764972240189,0.7687694965576639,0.348559151536652,0.1470826543126331,0.5043581921075072,16,26,7,0.9591836734693877,0.32653061224489793,0.5306122448979592,0.14285714285714285
2022-03-24,69,0.4669706038185868,0.8224380452563798,0.5445809562731049,0.07761035245451801,0.3778086834573659,37,28,4,1.2173913043478262,0.5362318840579711,0.4057971014492754,0.057971014492753624
2022-03-25,40,0.29372239927761257,0.8217406325042248,0.4164082394912839,0.12268584021367128,0.4609059302136302,17,18,5,0.875,0.425,0.45,0.125
2022-03-26,28,0.3493599173380062,0.7652073534471648,0.43794745642558797,0.0885875390875818,0.4734650113220726,11,15,2,0.8214285714285714,0.39285714285714285,0.5357142857142857,0.07142857142857142
2022-03-27,27,0.25026709420813453,0.8690090709262424,0.3789453537858747,0.12867825957774007,0.4923763765298106,9,15,3,1.1851851851851851,0.3333333333333333,0.5555555555555556,0.1111111111111111
2022-03-28,54,0.43614297376566186,0.835473072749597,0.533723325399613,0.09758035163395101,0.3686963312189888,31,20,3,1.0185185185185186,0.5740740740740741,0.37037037037037035,0.05555555555555555
2022-03-29,54,0.37858236765626957,0.829610574024695,0.5050279229568938,0.12644555530062426,0.36852652462268315,29,18,7,1.3703703703703705,0.5370370370370371,0.3333333333333333,0.12962962962962962
2022-03-30,51,0.34096166749904844,0.8259187656290391,0.44433843832024755,0.10337677082119906,0.45228479178074527,22,25,4,0.8627450980392157,0.43137254901960786,0.49019607843137253,0.0784313725490196
2022-03-31,32,0.17745259974617508,0.811413424089551,0.3792948695772793,0.20184226983110418,0.4188628660631366,14,12,6,0.96875,0.4375,0.375,0.1875
2022-04-01,37,0.028234867618192674,0.8210713823099394,0.22929348012533135,0.20105861250713866,0.5696479055426411,7,23,7,0.918918918918919,0.1891891891891892,0.6216216216216216,0.1891891891891892
2022-04-02,25,0.3945937907509506,0.8160485064983368,0.4810192987322807,0.08642550798133013,0.4325552024692297,12,12,1,0.64,0.48,0.48,0.04
2022-04-03,21,0.2964724868624693,0.7394774953524271,0.44596959996436325,0.1494971131018939,0.40453330764458295,10,9,2,1.2857142857142858,0.47619047619047616,0.42857142857142855,0.09523809523809523
2022-04-04,34,0.2542629187296637,0.8114936448195401,0.3893116959096754,0.1350487771800116,0.4756395414690761,12,18,4,1.1176470588235294,0.35294117647058826,0.5294117647058824,0.11764705882352941
2022-04-05,38,0.2321528894581685,0.7969491089645185,0.33989794939560325,0.10774505993743473,0.5523570055436147,12,23,3,0.7894736842105263,0.3157894736842105,0.6052631578947368,0.07894736842105263
2022-04-06,44,0.360580033919012,0.8178707659244537,0.4700232941064645,0.10944326018745244,0.4205334460447458,21,19,4,0.8181818181818182,0.4772727272727273,0.4318181818181818,0.09090909090909091
2022-04-07,54,0.039638518493760495,0.7975849233291767,0.24817311874142398,0.20853460024766346,0.543292289375569,13,29,12,1.1296296296296295,0.24074074074074073,0.5370370370370371,0.2222222222222222
2022-04-08,55,0.15755764417858287,0.783481872623617,0.33860275618393315,0.18104511200535023,0.48035213486714795,17,28,10,0.9636363636363636,0.3090909090909091,0.509090909090909,0.18181818181818182
2022-04-09,24,0.08222272943627708,0.8468269680937132,0.2988905245050167,0.21666779506873957,0.4844416870425145,6,13,5,0.9583333333333334,0.25,0.5416666666666666,0.20833333333333334
2022-04-10,21,0.42002064198078143,0.7936037324723744,0.5135513217676253,0.09353067978684387,0.3929180030134462,11,9,1,1.0,0.5238095238095238,0.42857142857142855,0.047619047619047616
2022-04-11,37,-0.09751184669801512,0.81686828265319,0.30459836097685866,0.4021102076748738,0.29329141871248543,13,8,16,0.8108108108108109,0.35135135135135137,0.21621621621621623,0.43243243243243246
2022-04-12,42,0.2049609878366547,0.7900429403498059,0.3641373476102238,0.15917635977356911,0.47668629782717853,15,22,5,1.1666666666666667,0.35714285714285715,0.5238095238095238,0.11904761904761904
2022-04-13,39,0.04883530011209539,0.8313569136154957,0.2795981450054125,0.23076284489331714,0.4896390093729282,11,18,10,0.8974358974358975,0.28205128205128205,0.46153846153846156,0.2564102564102564
2022-04-14,43,0.18282864042449481,0.7869723827339882,0.3677439656281887,0.18491532520369383,0.44734071316414104,17,18,8,1.1395348837209303,0.3953488372093023,0.4186046511627907,0.18604651162790697
2022-04-15,33,0.052524528325055574,0.7863878074920538,0.312204673378305,0.2596801450532494,0.42811518269732135,11,15,7,0.8181818181818182,0.3333333333333333,0.45454545454545453,0.21212121212121213
2022-04-16,28,0.006502896879932689,0.7898768197212901,0.2019560943091554,0.19545319742922268,0.6025907087272832,5,18,5,0.8571428571428571,0.17857142857142858,0.6428571428571429,0.17857142857142858
2022-04-17,23,0.08797546014513656,0.7881502962630728,0.26419511008197843,0.1762196499368419,0.5595852288862934,6,14,3,1.2173913043478262,0.2608695652173913,0.6086956521739131,0.13043478260869565
2022-04-18,29,0.10211617215375962,0.7963514050533032,0.3263624428353946,0.22424627068163502,0.4493912998586893,10,13,6,0.7931034482758621,0.3448275862068966,0.4482758620689655,0.20689655172413793
2022-04-19,37,0.3337962681024864,0.8296734722884925,0.4445479671294625,0.11075169902697604,0.44470032845699303,16,17,4,1.027027027027027,0.43243243243243246,0.4594594594594595,0.10810810810810811
2022-04-20,34,0.2845080001279712,0.796199636424289,0.4427014831453562,0.15819348301738498,0.3991050301667522,16,13,5,0.9705882352941176,0.47058823529411764,0.38235294117647056,0.14705882352941177
2022-04-21,32,0.19398112990893424,0.8163987193256617,0.3454261650913395,0.15144503518240524,0.5031288167228922,10,18,4,1.25,0.3125,0.5625,0.125
2022-04-22,33,0.08430602106576163,0.7918336915247368,0.3010436512078299,0.2167376301420683,0.48221871883354406,9,18,6,1.0909090909090908,0.2727272727272727,0.5454545454545454,0.18181818181818182
2022-04-23,21,0.12333454340252847,0.8025055868285043,0.26031479337030927,0.1369802499677808,0.6027049613850457,4,14,3,0.9523809523809523,0.19047619047619047,0.6666666666666666,0.14285714285714285
2022-04-24,18,0.11506638867366645,0.7417764630582597,0.3176906117134624,0.2026242230397959,0.47968515205300516,5,9,4,0.5,0.2777777777777778,0.5,0.2222222222222222
2022-04-25,43,0.20965533380851495,0.8038893314295037,0.40399817589583786,0.19434284208732286,0.4016589708193097,18,17,8,0.8372093023255814,0.4186046511627907,0.3953488372093023,0.18604651162790697
2022-04-26,36,0.188964352529082,0.8166757888264127,0.34235385297021514,0.15338950044113311,0.5042566454762386,11,20,5,0.7222222222222222,0.3055555555555556,0.5555555555555556,0.1388888888888889
2022-04-27,38,0.25763732501256625,0.7542320897704676,0.4041997968513322,0.146562471838766,0.4492377374615324,15,19,4,0.7894736842105263,0.39473684210526316,0.5,0.10526315789473684
2022-04-28,41,0.10140190941349762,0.8301533453348207,0.3455875515483501,0.24418564213485247,0.4102268157663142,14,17,10,0.6585365853658537,0.34146341463414637,0.4146341463414634,0.24390243902439024
2022-04-29,29,0.1049537258383272,0.8159232509547266,0.3302037072014706,0.22524998136314336,0.4445463151767336,9,13,7,0.5172413793103449,0.3103448275862069,0.4482758620689655,0.2413793103448276
2022-04-30,20,0.11857385323382912,0.781022521853447,0.266658870736137,0.14808501750230782,0.5852561083622276,3,14,3,0.45,0.15,0.7,0.15
2022-05-01,24,-0.12750520110906413,0.8266019920508066,0.26355548971332604,0.3910606908223902,0.3453838296700269,7,8,9,0.4166666666666667,0.2916666666666667,0.3333333333333333,0.375
2022-05-02,39,-0.0898280927242759,0.7927530843477982,0.24160760237524903,0.3314356950995249,0.42695670355206883,8,18,13,0.5897435897435898,0.20512820512820512,0.46153846153846156,0.3333333333333333
2022-05-03,47,0.13611510324668377,0.8054849733697608,0.32473890235687186,0.1886237991101881,0.4866373024761994,16,23,8,0.3191489361702128,0.3404255319148936,0.48936170212765956,0.1702127659574468
2022-05-04,41,0.2289132081971663,0.7685464286222691,0.36784039492287285,0.13892718672570656,0.49323241635248427,15,21,5,0.5609756097560976,0.36585365853658536,0.5121951219512195,0.12195121951219512
2022-05-05,57,0.019770552183648454,0.8287873090359202,0.31551815490156665,0.2957476027179182,0.3887342382059024,16,23,18,0.5263157894736842,0.2807017543859649,0.40350877192982454,0.3157894736842105
2022-05-06,35,-0.011565916998577981,0.7967666941029685,0.28744351030992604,0.299009427308504,0.41354707341109,9,15,11,0.37142857142857144,0.2571428571428571,0.42857142857142855,0.3142857142857143
2022-05-07,23,-0.1678928724773552,0.8621401864549388,0.16380074118142537,0.3316936136587806,0.5045056584412637,3,13,7,0.43478260869565216,0.13043478260869565,0.5652173913043478,0.30434782608695654
2022-05-08,22,-0.057416950945149765,0.8175081773237749,0.26894981312480837,0.3263667640699581,0.40468341476199304,5,10,7,0.5,0.22727272727272727,0.45454545454545453,0.3181818181818182
2022-05-09,64,-0.1574505389216938,0.852508875541389,0.2462849477306008,0.4037354866522946,0.34997956248116674,15,23,26,0.59375,0.234375,0.359375,0.40625
2022-05-10,60,0.02851813083980231,0.7788677707314491,0.30609169125867386,0.2775735604188715,0.41633474584668867,18,24,18,0.75,0.3,0.4,0.3
2022-05-11,58,-0.25331217102738546,0.8177615609662287,0.17066823396478487,0.4239804049921704,0.4053513602642664,8,26,24,0.7068965517241379,0.13793103448275862,0.4482758620689655,0.41379310344827586
2022-05-12,61,-0.24462791641441284,0.811950077776049,0.19606261201141797,0.4406905284258308,0.3632468579367536,10,23,28,0.9672131147540983,0.16393442622950818,0.3770491803278688,0.45901639344262296
2022-05-13,55,-0.038948150800371714,0.7938769703561609,0.3160707441243258,0.35501889492469746,0.32891035472804847,17,17,21,1.0909090909090908,0.3090909090909091,0.3090909090909091,0.38181818181818183
2022-05-14,38,0.08850111915288787,0.8316390608486376,0.3144558860773319,0.22595476692444394,0.45958934322391687,12,18,8,1.0263157894736843,0.3157894736842105,0.47368421052631576,0.21052631578947367
2022-05-15,30,-0.07017724788747728,0.7979990243911743,0.1835496194195002,0.25372686730697747,0.5627235216399034,3,19,8,0.8333333333333334,0.1,0.6333333333333333,0.26666666666666666
2022-05-16,65,0.034640531700391025,0.8201768985161415,0.2711135824425862,0.23647305074219518,0.49241337790512124,16,33,16,0.9538461538461539,0.24615384615384617,0.5076923076923077,0.24615384615384617
2022-05-17,48,-0.21841461445243718,0.8256901366015276,0.18528084058198144,0.40369545503441867,0.4110237099812366,6,20,22,0.8958333333333334,0.125,0.4166666666666667,0.4583333333333333
2022-05-18,60,-0.11807567117890966,0.7952505623300871,0.22439859252578265,0.3424742637046923,0.4331271486201633,13,25,22,1.05,0.21666666666666667,0.4166666666666667,0.36666666666666664
2022-05-19,57,0.06852418620531495,0.7684132728660316,0.2673828134541971,0.19885862724888217,0.5337585622542783,16,30,11,1.1228070175438596,0.2807017543859649,0.5263157894736842,0.19298245614035087
2022-05-20,46,0.14055226278572303,0.7764265258675036,0.3561662602764757,0.2156139974907526,0.42821973181613115,14,22,10,1.1956521739130435,0.30434782608695654,0.4782608695652174,0.21739130434782608
2022-05-21,35,-0.09058419090828725,0.8346978766577584,0.14728074345205508,0.2378649343603423,0.6148543064083372,2,25,8,1.0857142857142856,0.05714285714285714,0.7142857142857143,0.22857142857142856
2022-05-22,27,0.2684821145850475,0.7425927155547671,0.34829092805308326,0.07980881346803569,0.5719002545983704,9,17,1,1.2962962962962963,0.3333333333333333,0.6296296296296297,0.037037037037037035
2022-05-23,60,0.05941711350654561,0.8140989606579144,0.30902923075482247,0.24961211724827684,0.44135864209383724,18,28,14,1.1666666666666667,0.3,0.4666666666666667,0.23333333333333334
2022-05-24,52,-0.00045627314382448074,0.8214120629888314,0.24759194267412216,0.24804821581794662,0.504359838158752,13,26,13,0.9807692307692307,0.25,0.5,0.25
2022-05-25,52,0.14973929449199483,0.783559246132007,0.27813786393604595,0.12839856944405112,0.5934635686616485,13,32,7,0.9615384615384616,0.25,0.6153846153846154,0.1346153846153846
2022-05-26,60,0.008556320937350386,0.7708038051923116,0.2596564333265026,0.2511001123891522,0.48924345824246607,12,33,15,1.0833333333333333,0.2,0.55,0.25
2022-05-27,54,-0.051124328928482204,0.8215666203587143,0.23339239632089928,0.2845167252493815,0.4820908837158371,10,28,16,0.8888888888888888,0.18518518518518517,0.5185185185185185,0.2962962962962963
2022-05-28,36,-0.04626493621617557,0.8436533775594499,0.19067385156328476,0.2369387877794603,0.5723873467391564,6,23,7,0.8055555555555556,0.16666666666666666,0.6388888888888888,0.19444444444444445
2022-05-29,33,0.03031543297975351,0.8088231736963446,0.25681732857430517,0.22650189559455167,0.5166807803466464,8,18,7,0.8181818181818182,0.24242424242424243,0.5454545454545454,0.21212121212121213
2022-05-30,70,-0.01362001785476293,0.8219242236443929,0.3050819836024727,0.3187020014572356,0.3762160173218165,21,25,24,0.7142857142857143,0.3,0.35714285714285715,0.34285714285714286
2022-05-31,70,0.21206482321556122,0.8111075788736344,0.4253826700150966,0.21331784679953536,0.36129949162048947,31,24,15,0.7714285714285715,0.44285714285714284,0.34285714285714286,0.21428571428571427
2022-06-01,63,0.15116901468810817,0.8125757305395036,0.36826672311872244,0.21709770843061424,0.414635563062297,25,25,13,0.8888888888888888,0.3968253968253968,0.3968253968253968,0.20634920634920634
2022-06-02,54,0.08971566743113926,0.8042963169239186,0.3299292283546593,0.24021356092352003,0.42985721141168914,18,24,12,0.5555555555555556,0.3333333333333333,0.4444444444444444,0.2222222222222222
2022-06-03,54,-0.009389727186687567,0.7973820666472117,0.26695543432746216,0.27634516151414973,0.4566994127989919,13,27,14,0.7777777777777778,0.24074074074074073,0.5,0.25925925925925924
2022-06-04,28,-0.12744660871768637,0.8236255049705505,0.2039100658481142,0.3313566745658006,0.46473326357746764,5,15,8,0.8928571428571429,0.17857142857142858,0.5357142857142857,0.2857142857142857
2022-06-05,31,0.017121525811812557,0.8027214965512676,0.3011017278017055,0.283980201989893,0.41491806888652427,9,13,9,1.0,0.2903225806451613,0.41935483870967744,0.2903225806451613
2022-06-06,64,0.19149649706378113,0.7660615714266896,0.36227293308184016,0.170776436018059,0.46695063085644506,24,31,9,0.921875,0.375,0.484375,0.140625
2022-06-07,85,0.14475489028126876,0.7983576501117033,0.32391174728160393,0.17915685700033512,0.49693138976307477,26,44,15,1.0941176470588236,0.3058823529411765,0.5176470588235295,0.17647058823529413
2022-06-08,94,0.001867554779659861,0.8281703099925467,0.2564544085948232,0.2545868538151633,0.48895873375078464,20,49,25,1.0851063829787233,0.2127659574468085,0.5212765957446809,0.26595744680851063
2022-06-09,26,0.12321707384230998,0.7895099887481103,0.42532320370754373,0.30210612986523366,0.27257065840352035,12,6,8,0.9615384615384616,0.46153846153846156,0.23076923076923078,0.3076923076923077
2022-06-10,13,0.0936401312669309,0.7593561640152564,0.3091168182973678,0.21547668703043688,0.47540649520949674,4,6,3,0.8461538461538461,0.3076923076923077,0.46153846153846156,0.23076923076923078
2022-06-11,12,0.1983226378991579,0.7824614743391672,0.3441097900116195,0.1457871521124616,0.5101030534133315,3,7,2,0.75,0.25,0.5833333333333334,0.16666666666666666
2022-06-12,3,-0.3343613287433982,0.7382125457127889,0.21207009876767793,0.5464314275110761,0.24149846782286954,1,0,2,1.0,0.3333333333333333,0.0,0.6666666666666666
2022-06-13,16,-0.2907046558102593,0.8115046732127666,0.21098672156222162,0.5016913773724809,0.2873218890745192,3,4,9,1.0625,0.1875,0.25,0.5625
2022-06-14,14,-0.24503449809604458,0.7809288161141532,0.19870338036811774,0.44373787846416235,0.35755873950464384,2,6,6,0.7857142857142857,0.14285714285714285,0.42857142857142855,0.42857142857142855
2022-06-15,14,-0.12457430129870771,0.8195422760077885,0.3146078720954912,0.43918217339419885,0.24620995683861627,4,4,6,0.9285714285714286,0.2857142857142857,0.2857142857142857,0.42857142857142855
2022-06-16,13,-0.17147895550498596,0.873749343248514,0.25353513013284934,0.4250140856378354,0.32145077591905225,3,4,6,0.6923076923076923,0.23076923076923078,0.3076923076923077,0.46153846153846156
2022-06-17,7,-0.11821806963000982,0.8015421203204564,0.19091814636651952,0.3091362159965293,0.4999456259288958,1,4,2,0.2857142857142857,0.14285714285714285,0.5714285714285714,0.2857142857142857
2022-06-18,8,-0.4303162593860179,0.9025859385728836,0.061405748827382874,0.4917220082134008,0.44687224132940173,0,4,4,0.75,0.0,0.5,0.5
2022-06-19,12,-0.21364659474541745,0.7582737257083257,0.24494217662140724,0.4585887713668247,0.2964690417672197,3,3,6,0.6666666666666666,0.25,0.25,0.5
2022-06-20,23,-0.08682476959960617,0.7951175803723542,0.24619437086031484,0.33301914045992104,0.4207864760056786,5,11,7,0.6086956521739131,0.21739130434782608,0.4782608695652174,0.30434782608695654
2022-06-21,19,0.17730264475961266,0.7808226299913306,0.38652560631989646,0.20922296156028378,0.4042514470454893,7,8,4,0.5263157894736842,0.3684210526315789,0.42105263157894735,0.21052631578947367
2022-06-22,18,0.08886558862609997,0.7729659809006585,0.349846381176677,0.260980792550577,0.3891728287562728,6,6,6,0.7222222222222222,0.3333333333333333,0.3333333333333333,0.3333333333333333
2022-06-23,17,0.17493727107477539,0.7759819626808167,0.37648490290431413,0.20154763182953875,0.42196747310021343,7,7,3,0.47058823529411764,0.4117647058823529,0.4117647058823529,0.17647058823529413
2022-06-24,17,0.12513630114057483,0.8243159160894507,0.3251971572856692,0.2000608561450944,0.4747419770368758,4,10,3,0.6470588235294118,0.23529411764705882,0.5882352941176471,0.17647058823529413
2022-06-25,10,0.10253095431253312,0.8217911899089814,0.3168431394733488,0.2143121851608157,0.4688446747139096,3,5,2,1.0,0.3,0.5,0.2
2022-06-26,6,0.26425406569615,0.764296273390452,0.3049186610927184,0.04066459539656835,0.6544167374571165,1,5,0,0.3333333333333333,0.16666666666666666,0.8333333333333334,0.0
2022-06-27,17,0.13320352986235828,0.8407901157351101,0.33111243596410045,0.1979089061017422,0.4709786534966791,5,9,3,0.6470588235294118,0.29411764705882354,0.5294117647058824,0.17647058823529413
2022-06-28,20,-0.08917339956387878,0.7926371067762374,0.19344170521944756,0.28261510478332635,0.5239431941881776,3,12,5,0.65,0.15,0.6,0.25
2022-06-29,17,0.02117211240179398,0.7988998574369094,0.30050768922356996,0.279335576821776,0.4201567350503276,5,8,4,0.5294117647058824,0.29411764705882354,0.47058823529411764,0.23529411764705882
2022-06-30,10,-0.4552135370206088,0.8543392896652222,0.16491447463631626,0.6201280116569251,0.21495752409100527,1,2,7,0.7,0.1,0.2,0.7
2022-07-01,8,-0.20794606232084334,0.8636685237288475,0.1774467633804306,0.385392825701274,0.4371604253537953,1,4,3,0.625,0.125,0.5,0.375
2022-07-02,4,-0.20095937885344028,0.8471646308898926,0.23493832023814318,0.4358976990915835,0.32916398253291845,1,1,2,0.5,0.25,0.25,0.5
2022-07-03,10,-0.0571420061867684,0.7702616274356842,0.20098159499466414,0.25812360118143257,0.5408948104828596,1,7,2,0.2,0.1,0.7,0.2
2022-07-04,10,-0.01723290369845929,0.8289625406265259,0.42660168441943824,0.4438345881178975,0.12956373542547223,5,1,4,0.5,0.5,0.1,0.4
2022-07-05,12,-0.03457189165055752,0.8454004128774008,0.25117561686784023,0.28574750851839775,0.46307688765227795,3,6,3,0.5,0.25,0.5,0.25
2022-07-06,12,0.07008298765867947,0.8226645042498907,0.36176788178272545,0.2916848941240459,0.34654721679786843,4,4,4,0.8333333333333334,0.3333333333333333,0.3333333333333333,0.3333333333333333
2022-07-07,13,0.06910117206951745,0.8328384711192205,0.23465736718991625,0.1655561951203988,0.5997864300241837,3,8,2,0.46153846153846156,0.23076923076923078,0.6153846153846154,0.15384615384615385
2022-07-08,12,0.06133333100782084,0.8128767261902491,0.23950614873319861,0.17817281772537774,0.5823210397114357,2,8,2,0.4166666666666667,0.16666666666666666,0.6666666666666666,0.16666666666666666
2022-07-09,6,0.1218966998470326,0.8192871709664663,0.4139349921606481,0.2920382923136154,0.2940266970545053,3,1,2,0.3333333333333333,0.5,0.16666666666666666,0.3333333333333333
2022-07-10,3,0.31154248615105945,0.8944517970085144,0.33402364949385327,0.022481163342793733,0.6434951995809872,1,2,0,0.0,0.3333333333333333,0.6666666666666666,0.0
2022-07-11,12,0.354593466501683,0.8536248256762823,0.5374647386682531,0.18287127216656998,0.2796639869920909,7,3,2,0.5833333333333334,0.5833333333333334,0.25,0.16666666666666666
2022-07-12,7,-0.5302640356655631,0.8299878750528608,0.0653334109644804,0.5955974466300437,0.33906915517789976,0,2,5,1.0,0.0,0.2857142857142857,0.7142857142857143
2022-07-13,14,0.0907822520072971,0.7839476551328387,0.3102554152054446,0.21947316319814747,0.47027141015444485,5,6,3,0.5714285714285714,0.35714285714285715,0.42857142857142855,0.21428571428571427
2022-07-14,13,0.12466405948194173,0.8936853454663203,0.43394987686322284,0.309285817381281,0.25676430647189796,6,3,4,1.1538461538461537,0.46153846153846156,0.23076923076923078,0.3076923076923077
2022-07-15,17,0.09949265256085815,0.8502640478751239,0.27449572650606135,0.17500307394520323,0.5505012118202799,4,10,3,0.5294117647058824,0.23529411764705882,0.5882352941176471,0.17647058823529413
2022-07-16,8,0.12072609073948114,0.8739556223154068,0.2826249988283962,0.161898908088915,0.5554760941304266,2,5,1,0.625,0.25,0.625,0.125
2022-07-17,4,0.3089319369755685,0.8485097140073776,0.345146581530571,0.0362146445550024,0.618638779502362,1,3,0,0.5,0.25,0.75,0.0
2022-07-18,8,0.6261970726773143,0.8542389571666718,0.6878080547321588,0.06161098205484446,0.2505809522699564,6,2,0,0.5,0.75,0.25,0.0
2022-07-19,12,0.31025649902100366,0.8987416674693426,0.4248861608405908,0.11462966181958711,0.4604841951901714,5,6,1,0.3333333333333333,0.4166666666666667,0.5,0.08333333333333333
2022-07-20,13,0.06101100204082635,0.7754679597341098,0.3720730130489056,0.31106201100807923,0.3168649902710547,5,3,5,0.7692307692307693,0.38461538461538464,0.23076923076923078,0.38461538461538464
2022-07-21,12,0.028511847485788156,0.8224324931701025,0.3214656697430958,0.29295382225730765,0.3855804760629932,3,5,4,1.0,0.25,0.4166666666666667,0.3333333333333333
2022-07-22,11,0.24512980268760162,0.7626247080889615,0.4889148243448951,0.24378502165729346,0.2673001534898172,5,3,3,0.5454545454545454,0.45454545454545453,0.2727272727272727,0.2727272727272727
2022-07-23,7,0.4059987756024514,0.7704115211963654,0.48489233159593176,0.07889355599348029,0.43621409338499817,4,3,0,0.14285714285714285,0.5714285714285714,0.42857142857142855,0.0
2022-07-24,5,-0.08593091741204259,0.7339768886566163,0.32915703747421504,0.41508795488625766,0.25575501024723046,1,2,2,0.8,0.2,0.4,0.4
2022-07-25,12,-0.2613188890973106,0.8771772185961405,0.11974638428849473,0.3810652733858053,0.49918832536786795,1,6,5,0.8333333333333334,0.08333333333333333,0.5,0.4166666666666667
2022-07-26,14,-0.1381957224636738,0.8108223932129996,0.20636822745603106,0.3445639499197049,0.4490678339664425,2,7,5,0.7857142857142857,0.14285714285714285,0.5,0.35714285714285715
2022-07-27,12,0.1929903964822491,0.8364790777365366,0.3469521889152625,0.15396179243301347,0.4990860257918636,3,7,2,0.25,0.25,0.5833333333333334,0.16666666666666666
2022-07-28,10,0.03657180238515139,0.8988527774810791,0.23893816713243718,0.2023663647472858,0.5586954543367029,2,6,2,0.3,0.2,0.6,0.2
2022-07-29,14,0.19176698193353206,0.8363819015877587,0.5022567086187857,0.31048972668525365,0.1872535632657153,8,1,5,0.9285714285714286,0.5714285714285714,0.07142857142857142,0.35714285714285715
2022-07-30,10,0.1864314715377986,0.8541115105152131,0.49794457443058493,0.3115131028927862,0.1905423449352383,6,1,3,0.6,0.6,0.1,0.3
2022-07-31,7,0.0838339114561677,0.751884468964168,0.3101377425981419,0.22630383114197422,0.4635584263929299,2,3,2,0.42857142857142855,0.2857142857142857,0.42857142857142855,0.2857142857142857
2022-08-01,10,0.3276731243357062,0.8277740240097046,0.4900997471064329,0.16242662277072664,0.3474736128002405,5,3,2,0.9,0.5,0.3,0.2
2022-08-02,17,0.04918106185162767,0.8190431261763853,0.35573827453395895,0.3065572126823313,0.33770449788254847,7,5,5,0.8823529411764706,0.4117647058823529,0.29411764705882354,0.29411764705882354
2022-08-03,7,-0.061955826024391834,0.8664616601807731,0.35126603847103455,0.41322186449542636,0.23551208286413122,3,1,3,0.42857142857142855,0.42857142857142855,0.14285714285714285,0.42857142857142855
2022-08-04,13,0.03244441998406099,0.7825160989394555,0.25628833658993244,0.2238439166058714,0.5198677445833499,3,7,3,0.7692307692307693,0.23076923076923078,0.5384615384615384,0.23076923076923078
2022-08-05,13,0.26719012376494133,0.7582156107975886,0.37245288863778114,0.10526276487283978,0.5222843530086371,4,8,1,0.8461538461538461,0.3076923076923077,0.6153846153846154,0.07692307692307693
2022-08-06,8,0.30209538247436285,0.858803316950798,0.45273390645161266,0.1506385239772498,0.39662756980396807,3,4,1,1.0,0.375,0.5,0.125
2022-08-07,12,0.2653023275391509,0.7890692353248596,0.34718931559473276,0.0818869880555818,0.5709237071375052,4,7,1,0.4166666666666667,0.3333333333333333,0.5833333333333334,0.08333333333333333
2022-08-08,17,-0.07737072086071269,0.8029181220952202,0.15875929736477484,0.2361300182254875,0.6051106803557452,2,11,4,0.7058823529411765,0.11764705882352941,0.6470588235294118,0.23529411764705882
2022-08-09,15,-0.004688020609319219,0.8253751357396444,0.19871385972946878,0.203401880338788,0.5978842565168937,2,10,3,0.7333333333333333,0.13333333333333333,0.6666666666666666,0.2
2022-08-10,14,0.20872956604164622,0.804369500705174,0.3726927506338273,0.16396318459218095,0.4633440650733454,4,8,2,0.7857142857142857,0.2857142857142857,0.5714285714285714,0.14285714285714285
2022-08-11,9,0.3392582437954843,0.853905631436242,0.5815110005852249,0.24225275678974054,0.17623624536726204,6,1,2,0.8888888888888888,0.6666666666666666,0.1111111111111111,0.2222222222222222
2022-08-12,4,0.247239138931036,0.8816951215267181,0.2893082769587636,0.04206913802772755,0.6686225752346218,1,3,0,1.0,0.25,0.75,0.0
2022-08-13,12,0.1746070011674116,0.8182381192843119,0.4532681880518794,0.2786611868844678,0.2680706141206125,5,3,4,0.3333333333333333,0.4166666666666667,0.25,0.3333333333333333
2022-08-14,12,0.15411845121222237,0.8757289201021194,0.49305135826580226,0.33893290705357987,0.16801572203015283,6,2,4,0.6666666666666666,0.5,0.16666666666666666,0.3333333333333333
2022-08-15,13,0.25013605824026924,0.8520444769125718,0.38072118972643065,0.13058513148616138,0.4886936959452354,5,7,1,1.0769230769230769,0.38461538461538464,0.5384615384615384,0.07692307692307693
2022-08-16,19,0.16595374045305347,0.7796876587365803,0.4184865957420123,0.2525328552889588,0.32898055428737083,8,6,5,0.5789473684210527,0.42105263157894735,0.3157894736842105,0.2631578947368421
2022-08-17,10,-0.04099113792181014,0.8121737837791443,0.2874815378338098,0.32847267575561995,0.38404580112546677,2,5,3,1.1,0.2,0.5,0.3
2022-08-18,12,0.06842237346184749,0.6950671474138895,0.292835917789489,0.2244135443276415,0.4827505477393667,3,7,2,1.1666666666666667,0.25,0.5833333333333334,0.16666666666666666
2022-08-19,9,-0.17666267924424675,0.7902445726924472,0.3570682517149382,0.533730930959185,0.10920079424977298,3,0,6,0.8888888888888888,0.3333333333333333,0.0,0.6666666666666666
2022-08-20,7,-0.5180938617725458,0.7982831256730216,0.07087652026010406,0.5889703820326498,0.34015307788337973,0,2,5,1.1428571428571428,0.0,0.2857142857142857,0.7142857142857143
2022-08-21,4,-0.03371227905154228,0.9451978951692581,0.46792575484141696,0.5016380338929594,0.03043622476980085,2,0,2,1.0,0.5,0.0,0.5
2022-08-22,3,-0.6249259224471947,0.9113510648409525,0.033903632468233434,0.6588295549154282,0.3072667587548494,0,1,2,0.6666666666666666,0.0,0.3333333333333333,0.6666666666666666
2022-08-23,8,-0.37868622969835997,0.8430618494749069,0.19746739207766945,0.5761536217760295,0.2263789649587124,2,1,5,1.0,0.25,0.125,0.625
2022-08-24,12,0.3263462596417715,0.7883326858282089,0.4756317325712492,0.14928547292947766,0.3750827768817544,6,5,1,0.5833333333333334,0.5,0.4166666666666667,0.08333333333333333
2022-08-25,3,0.5303348631908497,0.7859514951705933,0.5432634751001993,0.0129286119093497,0.44380790553987026,2,1,0,0.6666666666666666,0.6666666666666666,0.3333333333333333,0.0
2022-08-26,4,0.39327352005057037,0.8933147937059402,0.6613101814873517,0.26803666143678123,0.07065313076600427,3,0,1,1.0,0.75,0.0,0.25
2022-08-27,6,-0.13570098439231515,0.8719482421875,0.07108320652817682,0.20678419092049197,0.7221325983603796,0,5,1,0.6666666666666666,0.0,0.8333333333333334,0.16666666666666666
2022-08-28,3,-0.791464740720888,0.8512246012687683,0.0597598605478803,0.8512246012687683,0.08901553166409326,0,0,3,0.6666666666666666,0.0,0.0,1.0
2022-08-29,11,-0.2317651138132946,0.80625366080891,0.17296746381643138,0.40473257762972603,0.4222999682480639,2,4,5,0.9090909090909091,0.18181818181818182,0.36363636363636365,0.45454545454545453
2022-08-30,5,-0.115382279176265,0.8517409443855286,0.21816333867609497,0.33354561785236003,0.44829104766249656,1,2,2,1.0,0.2,0.4,0.4
2022-08-31,9,-0.09321430211679803,0.8417361246214973,0.15491122110850275,0.2481255232253008,0.5969632723265224,1,5,3,0.5555555555555556,0.1111111111111111,0.5555555555555556,0.3333333333333333
2022-09-01,10,0.24798916848376393,0.7788190543651581,0.32406148798763745,0.07607231950387354,0.5998661994934082,2,7,1,0.6,0.2,0.7,0.1
2022-09-02,6,0.1861117514781654,0.7485185662905375,0.29585533402860165,0.10974358255043622,0.594401073952516,2,4,0,1.3333333333333333,0.3333333333333333,0.6666666666666666,0.0
2022-09-03,4,0.30361082032322884,0.8898635804653168,0.32031952962279314,0.016708709299564327,0.6629717824980617,1,3,0,1.0,0.25,0.75,0.0
2022-09-04,6,-0.08567407913506031,0.8409723937511444,0.22375827546541885,0.3094323546004792,0.46680936341484386,1,3,2,0.6666666666666666,0.16666666666666666,0.5,0.3333333333333333
2022-09-05,11,0.5012750065123494,0.8056481372226368,0.6106103524904359,0.1093353459780866,0.2800543186339465,7,3,1,0.5454545454545454,0.6363636363636364,0.2727272727272727,0.09090909090909091
2022-09-06,16,0.19611444024485536,0.8691741861402988,0.32299552299082274,0.1268810827459674,0.550123400753364,5,9,2,0.75,0.3125,0.5625,0.125
2022-09-07,8,0.11862387799192219,0.8935059532523155,0.46802889218088234,0.3494050141889602,0.1825660921167582,4,1,3,1.25,0.5,0.125,0.375
2022-09-08,10,0.5003595332615077,0.7353469610214234,0.5857844727113843,0.08542493944987652,0.3287905937060714,7,2,1,0.9,0.7,0.2,0.1
2022-09-09,17,0.266539606046589,0.8033078277812284,0.44799608813927455,0.18145648209268553,0.3705474147025276,8,7,2,0.8235294117647058,0.47058823529411764,0.4117647058823529,0.11764705882352941
2022-09-10,7,0.23019013513943976,0.7408137151173183,0.48577440450234066,0.2555842693629009,0.258641349950007,4,2,1,0.7142857142857143,0.5714285714285714,0.2857142857142857,0.14285714285714285
2022-09-11,11,-0.021205386824228525,0.7939915765415538,0.2983466404574838,0.31955202728171234,0.3821013302288272,3,4,4,0.5454545454545454,0.2727272727272727,0.36363636363636365,0.36363636363636365
2022-09-12,10,0.2576811627484858,0.7689564049243927,0.4642934903502464,0.20661232760176057,0.32909417524933815,4,4,2,0.7,0.4,0.4,0.2
2022-09-13,1,0.8543926747515798,0.8645113110542297,0.8645113110542297,0.0101186363026499,0.1253701001405716,1,0,0,2.0,1.0,0.0,0.0
2022-09-14,14,0.014748994826472224,0.8158208344663892,0.2609996767714619,0.2462506819449897,0.49274965402271065,3,7,4,0.7142857142857143,0.21428571428571427,0.5,0.2857142857142857
2022-09-15,14,0.11634386337495276,0.755882625068937,0.29493061346667154,0.17858675009171873,0.5264826374394553,4,9,1,0.7857142857142857,0.2857142857142857,0.6428571428571429,0.07142857142857142
2022-09-16,5,-0.15813485281541945,0.9025267601013184,0.23134714039042586,0.3894819932058453,0.3791708495467901,1,2,2,1.2,0.2,0.4,0.4
2022-09-17,4,-0.11015149764716622,0.8554043173789978,0.3125386359170079,0.4226901335641741,0.2647712239995598,1,1,2,0.25,0.25,0.25,0.5
2022-09-18,9,0.06563090351927611,0.8024726046456231,0.30792511999607086,0.24229421647679475,0.4497806661658817,3,3,3,0.7777777777777778,0.3333333333333333,0.3333333333333333,0.3333333333333333
2022-09-19,7,-0.04962818989796295,0.6390645333698818,0.2459279101874147,0.29555610008537764,0.4585159921220371,1,4,2,1.1428571428571428,0.14285714285714285,0.5714285714285714,0.2857142857142857
2022-09-20,9,0.22224808598144186,0.6922485828399658,0.4444979028776288,0.2222498168961869,0.3332522693607542,5,2,2,1.2222222222222223,0.5555555555555556,0.2222222222222222,0.2222222222222222
2022-09-21,17,0.12553694962030826,0.782592096749474,0.37121968894429935,0.24568273932399112,0.38309758320889054,7,6,4,0.6470588235294118,0.4117647058823529,0.35294117647058826,0.23529411764705882
2022-09-22,14,0.26278270288769684,0.7532706324543271,0.35537883333329645,0.09259613044559951,0.5520250323627677,4,9,1,0.7142857142857143,0.2857142857142857,0.6428571428571429,0.07142857142857142
2022-09-23,14,0.505263706902042,0.8000544479915074,0.5364482384175062,0.031184531515464152,0.432367250988526,8,6,0,0.5,0.5714285714285714,0.42857142857142855,0.0
2022-09-24,11,0.26345312383703207,0.7709933140061118,0.35266867720267986,0.08921555336564774,0.558115752921863,4,6,1,0.6363636363636364,0.36363636363636365,0.5454545454545454,0.09090909090909091
2022-09-25,11,0.0044266591695221935,0.8099626140160994,0.24293209087442263,0.2385054317049004,0.5185624728487297,2,7,2,0.45454545454545453,0.18181818181818182,0.6363636363636364,0.18181818181818182
2022-09-26,18,0.041012057361917376,0.7623264143864313,0.2638354652250806,0.22282340786316324,0.5133411293435428,4,12,2,0.3888888888888889,0.2222222222222222,0.6666666666666666,0.1111111111111111
2022-09-27,19,0.14029693598613927,0.8124748123319525,0.3711406858147759,0.2308437498286366,0.39801554058335326,8,6,5,0.7894736842105263,0.42105263157894735,0.3157894736842105,0.2631578947368421
2022-09-28,9,-0.12861632234934303,0.7681517402331034,0.24188609917958573,0.3705024215289288,0.38761149781445664,2,4,3,1.1111111111111112,0.2222222222222222,0.4444444444444444,0.3333333333333333
2022-09-29,6,0.0690789713213841,0.8323614994684855,0.22118725782881177,0.15210828650742764,0.6267044544219971,1,4,1,1.0,0.16666666666666666,0.6666666666666666,0.16666666666666666
2022-09-30,9,0.19467516108933422,0.7942035330666436,0.2929910990513033,0.09831593796196908,0.6086929452915987,3,6,0,1.1111111111111112,0.3333333333333333,0.6666666666666666,0.0
2022-10-01,20,-0.19386180641595274,0.8272415548563004,0.27298732248600566,0.46684912890195845,0.2601635505445301,6,4,10,0.85,0.3,0.2,0.5
2022-10-02,4,0.20083445846103132,0.7460612803697586,0.40055863792076707,0.1997241794597357,0.39971717074513435,2,1,1,0.25,0.5,0.25,0.25
2022-10-03,13,-0.16049800691409757,0.7989470408512995,0.1683020934892388,0.3288001004033363,0.5028978004478492,1,8,4,0.6153846153846154,0.07692307692307693,0.6153846153846154,0.3076923076923077
2022-10-04,14,-0.15337489651782174,0.8765014367444175,0.27221451919259765,0.4255894157104194,0.3021960515262824,4,4,6,0.6428571428571429,0.2857142857142857,0.2857142857142857,0.42857142857142855
2022-10-05,14,0.1173880404593157,0.8486041596957615,0.4435655594404254,0.3261775189811097,0.23025692853012253,7,2,5,0.7142857142857143,0.5,0.14285714285714285,0.35714285714285715
2022-10-06,15,-0.1327038327852885,0.824686880906423,0.22346435872217016,0.3561681915074587,0.4203674474110206,3,6,6,1.0,0.2,0.4,0.4
2022-10-07,29,-0.21379941899393654,0.8275441383493358,0.2286759224110122,0.44247534140494876,0.3288487313507959,5,12,12,0.6551724137931034,0.1724137931034483,0.41379310344827586,0.41379310344827586
2022-10-08,11,-0.06668586935847999,0.8452886234630238,0.20721766826781354,0.27390353762629355,0.5188787782734091,2,6,3,0.45454545454545453,0.18181818181818182,0.5454545454545454,0.2727272727272727
2022-10-09,12,0.2635317104868591,0.7915148437023163,0.42244600349416334,0.15891429300730422,0.41863969309876364,4,6,2,0.25,0.3333333333333333,0.5,0.16666666666666666
2022-10-10,16,0.09436617488972845,0.8182749804109335,0.30668482795590535,0.21231865306617687,0.480996519792825,4,9,3,0.75,0.25,0.5625,0.1875
2022-10-11,11,-0.1953121889382601,0.8421088348735463,0.20363994933326132,0.3989521382715214,0.3974079146811908,2,4,5,0.7272727272727273,0.18181818181818182,0.36363636363636365,0.45454545454545453
2022-10-12,8,0.038731401436962194,0.7397783063352108,0.2598258950747549,0.22109449363779274,0.5190796260721982,3,4,1,1.125,0.375,0.5,0.125
2022-10-13,12,-0.10928714120139678,0.7986196627219518,0.22931851881245768,0.3386056600138545,0.4320758127917846,2,6,4,0.75,0.16666666666666666,0.5,0.3333333333333333
2022-10-14,9,-0.20757358065909812,0.7952809201346503,0.2282708689777387,0.43584444963683683,0.3358846971144278,1,3,5,0.6666666666666666,0.1111111111111111,0.3333333333333333,0.5555555555555556
2022-10-15,7,-0.15070203319191933,0.7940636788095746,0.1825723598844238,0.33327439307634316,0.48415323054151876,1,4,2,0.8571428571428571,0.14285714285714285,0.5714285714285714,0.2857142857142857
2022-10-16,7,-0.10978114458599257,0.8278825027602059,0.24013470259628122,0.34991584718227386,0.4099494599338089,1,3,3,0.5714285714285714,0.14285714285714285,0.42857142857142855,0.42857142857142855
2022-10-17,9,-0.275601530344122,0.832864158683353,0.21661876390377677,0.4922202942478988,0.291160960164335,2,2,5,0.8888888888888888,0.2222222222222222,0.2222222222222222,0.5555555555555556
2022-10-18,6,-0.1955623352744927,0.8151588042577108,0.23910024017095563,0.43466257544544834,0.3262372259050607,2,2,2,0.6666666666666666,0.3333333333333333,0.3333333333333333,0.3333333333333333
2022-10-19,18,-0.3544456403599017,0.8329684701230791,0.09989638471355036,0.4543420250734521,0.4457615923343433,1,8,9,0.8333333333333334,0.05555555555555555,0.4444444444444444,0.5
2022-10-20,9,0.09966111897180477,0.8088116115993924,0.2760093766782019,0.17634825770639706,0.5476423435741,2,6,1,0.8888888888888888,0.2222222222222222,0.6666666666666666,0.1111111111111111
2022-10-21,6,0.4230311813298613,0.8943107624848684,0.46841733964780957,0.04538615831794834,0.48619652166962624,3,3,0,0.8333333333333334,0.5,0.5,0.0
2022-10-22,5,-0.12221582457423205,0.8325466871261596,0.18573289737105364,0.3079487219452858,0.5063183898106217,1,3,1,0.4,0.2,0.6,0.2
2022-10-23,4,0.10753288445994258,0.7643793672323227,0.4457167689688504,0.3381838845089078,0.21609934559091923,2,0,2,1.5,0.5,0.0,0.5
2022-10-24,15,-0.0034900082896153254,0.7170092125733694,0.2555753968035181,0.2590654050931334,0.48535919437805813,3,7,5,0.7333333333333333,0.2,0.4666666666666667,0.3333333333333333
2022-10-25,8,0.4593830305384472,0.8933985307812691,0.5987162375822663,0.1393332070438191,0.26195054571144283,5,2,1,1.125,0.625,0.25,0.125
2022-10-26,20,0.1604955996386707,0.8156786769628525,0.38795646820217367,0.22746086856350298,0.38458265252411367,7,8,5,0.55,0.35,0.4,0.25
2022-10-27,23,0.3480995716729566,0.7767994326093922,0.5002274921406871,0.1521279204677304,0.3476445994785298,10,9,4,0.5217391304347826,0.43478260869565216,0.391304347826087,0.17391304347826086
2022-10-28,17,-0.00665932236348884,0.8155806380159715,0.21638823848436858,0.22304756084785737,0.5605641904780093,4,10,3,0.5294117647058824,0.23529411764705882,0.5882352941176471,0.17647058823529413
2022-10-29,12,0.060967997725432106,0.7681154211362203,0.24112296624419585,0.1801549685187637,0.5787220591058334,2,8,2,0.8333333333333334,0.16666666666666666,0.6666666666666666,0.16666666666666666
2022-10-30,10,0.3243580799549818,0.8158465683460235,0.43318732306361196,0.10882924310863014,0.4579834330826998,5,4,1,0.9,0.5,0.4,0.1
2022-10-31,13,0.1764182401104615,0.8269894260626572,0.4566777953161643,0.2802595552057027,0.26306264202755225,6,3,4,0.8461538461538461,0.46153846153846156,0.23076923076923078,0.3076923076923077
2022-11-01,13,0.24131971397078955,0.7745380860108596,0.35950964904175353,0.11818993507096395,0.5223004114455901,4,8,1,0.6923076923076923,0.3076923076923077,0.6153846153846154,0.07692307692307693
2022-11-02,19,0.12454090561521679,0.768014205129523,0.34138865621858516,0.21684775060336836,0.44176360376571355,6,9,4,1.0,0.3157894736842105,0.47368421052631576,0.21052631578947367
2022-11-03,17,0.12846331123043508,0.7366304239806007,0.3361477251438533,0.20768441391341824,0.4561678474659429,7,8,2,0.8823529411764706,0.4117647058823529,0.47058823529411764,0.11764705882352941
2022-11-04,12,-0.019830922596156587,0.7840960870186487,0.2779003090690821,0.29773123166523874,0.42436845460906625,2,6,4,1.0,0.16666666666666666,0.5,0.3333333333333333
2022-11-05,13,0.25759962401711023,0.7939543173863337,0.36461335606873035,0.10701373205162007,0.5283729176108654,5,7,1,1.2307692307692308,0.38461538461538464,0.5384615384615384,0.07692307692307693
2022-11-06,10,-0.015069207921624195,0.87911097407341,0.205142724327743,0.2202119322493672,0.5746453618630767,2,6,2,0.7,0.2,0.6,0.2
2022-11-07,28,0.017415921270315132,0.7843950710126332,0.3423885038854288,0.3249725826151137,0.3326389216152684,10,8,10,1.0357142857142858,0.35714285714285715,0.2857142857142857,0.35714285714285715
2022-11-08,33,-0.4552465059342935,0.7987555464108785,0.17768545063551175,0.6329319565698053,0.1893825902406013,6,3,24,0.9696969696969697,0.18181818181818182,0.09090909090909091,0.7272727272727273
2022-11-09,34,-0.33400348076761205,0.8367231838843402,0.12880227799691693,0.46280575876452906,0.40839197168893676,2,14,18,1.0588235294117647,0.058823529411764705,0.4117647058823529,0.5294117647058824
2022-11-10,26,-0.3582654872801728,0.8238734304904938,0.09401877795775919,0.452284265237932,0.45369694858359605,1,12,13,1.1538461538461537,0.038461538461538464,0.46153846153846156,0.5
2022-11-11,34,-0.31725496139979975,0.757933736724012,0.10639345628099839,0.42364841768079814,0.4699581205735312,2,16,16,1.1764705882352942,0.058823529411764705,0.47058823529411764,0.47058823529411764
2022-11-12,18,-0.5282743311383657,0.8455410334799025,0.036871027822295774,0.5651453589606616,0.39798360768084723,0,8,10,1.1666666666666667,0.0,0.4444444444444444,0.5555555555555556
2022-11-13,18,-0.3650341537367139,0.802115003267924,0.1124214762821793,0.47745563001889324,0.41012289628593457,2,7,9,1.0,0.1111111111111111,0.3888888888888889,0.5
2022-11-14,22,-0.1402452188035981,0.774932476607236,0.23990990081802008,0.38015511962161824,0.37993498451330443,7,8,7,0.7272727272727273,0.3181818181818182,0.36363636363636365,0.3181818181818182
2022-11-15,10,-0.1449762653559446,0.7062324047088623,0.1586139721795916,0.30359023753553627,0.5377958007156849,1,6,3,1.6,0.1,0.6,0.3
2022-11-16,11,-0.26868553061715583,0.7821839343417775,0.13499071161178022,0.40367624222893606,0.4613330445506356,1,5,5,0.7272727272727273,0.09090909090909091,0.45454545454545453,0.45454545454545453
2022-11-17,21,-0.36978934252900736,0.7995757943107968,0.10361361645516891,0.47340295898417634,0.4229834203918775,1,9,11,0.8571428571428571,0.047619047619047616,0.42857142857142855,0.5238095238095238
2022-11-18,21,-0.08869839113737854,0.8045591328825269,0.2757966629495578,0.36449505408693633,0.3597082732511418,5,9,7,0.9523809523809523,0.23809523809523808,0.42857142857142855,0.3333333333333333
2022-11-19,14,-0.17460472984904693,0.8005019021885735,0.24225378868037034,0.4168585185294172,0.34088769076125963,3,5,6,0.9285714285714286,0.21428571428571427,0.35714285714285715,0.42857142857142855
2022-11-20,16,-0.35629506775876507,0.8136061728000641,0.11936920922016721,0.4756642769789323,0.4049665064085275,1,7,8,0.6875,0.0625,0.4375,0.5
2022-11-21,20,-0.10430052489973607,0.8073561221361161,0.18994459542445835,0.29424512032419436,0.5158103006891906,3,12,5,0.95,0.15,0.6,0.25
2022-11-22,24,0.07437415102807182,0.8290792082746824,0.27791217268289375,0.2035380216548219,0.5185498227365315,6,13,5,1.0416666666666667,0.25,0.5416666666666666,0.20833333333333334
2022-11-23,21,0.1038063950614915,0.7699867685635885,0.32558388409337824,0.22177748903188674,0.45263862556644846,6,10,5,1.0,0.2857142857142857,0.47619047619047616,0.23809523809523808
2022-11-24,17,-0.1126165349748643,0.7858436142697054,0.16726070354856987,0.27987723852343416,0.5528620564214447,2,10,5,1.0588235294117647,0.11764705882352941,0.5882352941176471,0.29411764705882354
2022-11-25,19,0.09776697891127122,0.7682775823693526,0.2815439965281831,0.1837770176169119,0.5346789798258167,6,10,3,0.8421052631578947,0.3157894736842105,0.5263157894736842,0.15789473684210525
2022-11-26,8,-0.12098844221327451,0.8509302362799644,0.16417804022785273,0.28516648244112724,0.5506554683670402,1,5,2,0.5,0.125,0.625,0.25
2022-11-27,11,-0.09560794925147839,0.8331114649772644,0.2694047855382615,0.3650127347897399,0.36558250117708335,2,5,4,1.1818181818181819,0.18181818181818182,0.45454545454545453,0.36363636363636365
2022-11-28,10,-0.2207862119190395,0.8433434963226318,0.2034552925266325,0.42424150444567205,0.37230318970978254,2,4,4,1.1,0.2,0.4,0.4
2022-11-29,18,0.1735914117242727,0.7993555731243558,0.36726070402397043,0.19366929229969776,0.43907000020974213,7,8,3,0.9444444444444444,0.3888888888888889,0.4444444444444444,0.16666666666666666
2022-11-30,16,0.15484211599687114,0.8377226293087006,0.3717104163952172,0.216868300398346,0.4114212717395276,6,7,3,0.875,0.375,0.4375,0.1875
2022-12-01,10,0.008042019698768877,0.8151548027992248,0.36517489356920124,0.35713287387043235,0.2776922047138214,3,3,4,0.8,0.3,0.3,0.4
2022-12-02,11,-0.2586963666094975,0.7681644233790311,0.14024418490854174,0.39894055151803925,0.460815267637372,1,5,5,1.0,0.09090909090909091,0.45454545454545453,0.45454545454545453
2022-12-03,11,0.2783230058002201,0.7959690960970792,0.45032484677027573,0.17200184097005558,0.3776733140376481,6,3,2,0.45454545454545453,0.5454545454545454,0.2727272727272727,0.18181818181818182
2022-12-04,7,0.2887543648747461,0.7679809757641384,0.5193787328898907,0.23062436801514452,0.24999690508203848,4,1,2,0.7142857142857143,0.5714285714285714,0.14285714285714285,0.2857142857142857
2022-12-05,11,-0.12959892658347433,0.815350662578236,0.30764498756351794,0.4372439141469922,0.25511107720773324,4,2,5,0.9090909090909091,0.36363636363636365,0.18181818181818182,0.45454545454545453
2022-12-06,16,-0.15629810449900106,0.7649993598461151,0.11931565462145952,0.27561375912046054,0.6050705839879811,1,11,4,1.125,0.0625,0.6875,0.25
2022-12-07,11,-0.10865123265168886,0.7847111875360663,0.1984073092991655,0.30705854195085436,0.49453415179794485,2,5,4,0.7272727272727273,0.18181818181818182,0.45454545454545453,0.36363636363636365
2022-12-08,10,-0.19276760099455717,0.8326916426420212,0.15716192191466685,0.34992952290922397,0.4929085882380605,1,6,3,0.9,0.1,0.6,0.3
2022-12-09,10,-0.00555817149579525,0.8102581828832627,0.20211645839735862,0.20767462989315386,0.5902088850736618,2,6,2,1.2,0.2,0.6,0.2
2022-12-10,7,-0.06380522131387678,0.8063188791275024,0.11846880495016061,0.18227402626403738,0.6992571758372443,0,6,1,1.2857142857142858,0.0,0.8571428571428571,0.14285714285714285
2022-12-11,9,-0.32284104937894476,0.8368101451132033,0.16886334359231917,0.491704392971264,0.33943224667261046,2,2,5,0.5555555555555556,0.2222222222222222,0.2222222222222222,0.5555555555555556
2022-12-12,15,-0.15487053313603003,0.8524823466936747,0.21808557988454896,0.372956113020579,0.4089582916970054,3,6,6,0.8,0.2,0.4,0.4
2022-12-13,34,-0.25995186829994266,0.7684345385607552,0.17570746076457638,0.4356593290645191,0.38863321196507,5,12,17,1.0,0.14705882352941177,0.35294117647058826,0.5
2022-12-14,10,-0.0924728129990399,0.8081819415092468,0.24851675564423198,0.3409895686432719,0.4104936701245606,2,4,4,0.8,0.2,0.4,0.4
2022-12-15,16,0.26975145409232937,0.7704721987247467,0.40737931395415217,0.13762785986182277,0.45499285019468516,7,8,1,1.375,0.4375,0.5,0.0625
2022-12-16,19,-0.37126413806292574,0.7553920024319699,0.1615393376958213,0.5328034757587471,0.30565717306576273,3,4,12,1.105263157894737,0.15789473684210525,0.21052631578947367,0.631578947368421
2022-12-17,11,-0.392429263076999,0.7814403718168085,0.10842392864552407,0.5008531917225231,0.3907229112969203,1,4,6,0.7272727272727273,0.09090909090909091,0.36363636363636365,0.5454545454545454
2022-12-18,7,0.26057183236948084,0.7624714204243251,0.4249611012637615,0.16438926889428068,0.410649643146566,3,3,1,0.8571428571428571,0.42857142857142855,0.42857142857142855,0.14285714285714285
2022-12-19,14,-0.17479149235545524,0.8252812666552407,0.2201791162203465,0.39497060857580174,0.38485028627993806,3,5,6,1.0714285714285714,0.21428571428571427,0.35714285714285715,0.42857142857142855
2022-12-20,9,-0.2345145195205179,0.7955334650145637,0.15122237180670098,0.38573689132721883,0.46304071901573074,1,5,3,1.3333333333333333,0.1111111111111111,0.5555555555555556,0.3333333333333333
2022-12-21,3,-0.3267041413734357,0.9351174831390381,0.3111899318173528,0.6378940731907884,0.05091603224476174,1,0,2,0.6666666666666666,0.3333333333333333,0.0,0.6666666666666666
2022-12-22,12,0.34072719894660014,0.7521734138329824,0.4381867107003927,0.09745951175379253,0.4643537752951185,6,5,1,1.25,0.5,0.4166666666666667,0.08333333333333333
2022-12-23,12,0.018231129273772236,0.7456426098942757,0.31729639818271,0.29906526890893775,0.3836383555705349,4,5,3,0.9166666666666666,0.3333333333333333,0.4166666666666667,0.25
2022-12-24,5,0.3768838059157133,0.9069033145904541,0.5592123065143824,0.182328500598669,0.25845922008156774,3,1,1,1.0,0.6,0.2,0.2
2022-12-25,4,-0.7196114496327937,0.9436291605234146,0.02381241647526615,0.7434238661080599,0.23276370204985136,0,1,3,0.75,0.0,0.25,0.75
2022-12-26,7,0.2533788430903639,0.7169747395174844,0.46353492247206823,0.21015607938170433,0.326308992558292,4,1,2,0.2857142857142857,0.5714285714285714,0.14285714285714285,0.2857142857142857
2022-12-27,3,-0.23613583917419115,0.6925059159596761,0.21174169828494385,0.44787753745913506,0.34038074562946957,0,1,2,0.6666666666666666,0.0,0.3333333333333333,0.6666666666666666
2022-12-28,7,0.23397404301379407,0.8257961358342852,0.48387760456119266,0.24990356154739854,0.2662188354879617,4,1,2,0.7142857142857143,0.5714285714285714,0.14285714285714285,0.2857142857142857
2022-12-29,7,-0.40192459696637733,0.7642118419919696,0.09780159299927095,0.4997261899656483,0.4024722214256014,0,4,3,0.7142857142857143,0.0,0.5714285714285714,0.42857142857142855
2022-12-30,11,-0.15303085727447815,0.7680297006260265,0.24385839505967766,0.39688925233415584,0.35925234007564455,3,3,5,0.7272727272727273,0.2727272727272727,0.2727272727272727,0.45454545454545453
2022-12-31,7,-0.03730538953095678,0.8203171917370388,0.24293259238558157,0.28023798191653826,0.47682944339300903,1,4,2,1.0,0.14285714285714285,0.5714285714285714,0.2857142857142857
2023-01-01,4,0.08406315022148188,0.8496028780937195,0.3406828299630433,0.25661967974156136,0.4026974821463227,1,2,1,2.0,0.25,0.5,0.25
2023-01-02,5,-0.2710017481818795,0.8888425230979919,0.26820686403661964,0.5392086122184991,0.19258453324437136,1,1,3,1.0,0.2,0.2,0.6
2023-01-03,4,0.2725055511109531,0.8512212485074997,0.2889974219724536,0.01649187086150045,0.6945106983184814,1,3,0,1.75,0.25,0.75,0.0
2023-01-04,4,-0.08914357330650097,0.7872752100229263,0.32485504355281586,0.41399861685931677,0.261146324686706,1,1,2,0.25,0.25,0.25,0.5
2023-01-05,5,0.2070580914616585,0.7078924000263214,0.4010737318545579,0.19401564039289948,0.4049106325954199,2,3,0,0.0,0.4,0.6,0.0
2023-01-06,14,-0.03378491655790382,0.7609468272754124,0.2958078993750469,0.3295928159329508,0.374599294204797,3,7,4,1.1428571428571428,0.21428571428571427,0.5,0.2857142857142857
2023-01-07,6,0.5387849621474743,0.6738300422827402,0.5610866645971934,0.022301702449719085,0.41661160439252853,4,2,0,1.1666666666666667,0.6666666666666666,0.3333333333333333,0.0
2023-01-08,7,-0.34942425867276533,0.7864815677915301,0.13211727022592507,0.48154152889869045,0.3863411923604351,1,2,4,1.1428571428571428,0.14285714285714285,0.2857142857142857,0.5714285714285714
2023-01-09,9,0.3672536520494355,0.821804960568746,0.5637869597930047,0.19653330774356917,0.2396797440532181,5,2,2,0.5555555555555556,0.5555555555555556,0.2222222222222222,0.2222222222222222
2023-01-10,5,0.3517618473619223,0.6711385309696197,0.554070683196187,0.2023088358342647,0.243620503693819,2,2,1,0.6,0.4,0.4,0.2
2023-01-11,11,0.1375340887938033,0.8056050701574846,0.3080834942785176,0.17054940548471423,0.5213671044700525,2,7,2,1.3636363636363635,0.18181818181818182,0.6363636363636364,0.18181818181818182
2023-01-12,6,0.40757076628506184,0.7424903611342112,0.46667122282087803,0.059100456535816144,0.4742283057421446,3,3,0,0.6666666666666666,0.5,0.5,0.0
2023-01-13,5,0.574421600624919,0.7471967697143554,0.5905783534049988,0.016156752780079782,0.393264901638031,3,2,0,0.8,0.6,0.4,0.0
2023-01-14,9,0.33753182935631937,0.8449154429965549,0.47071280723644626,0.13318097788012684,0.396106229060226,4,4,1,0.4444444444444444,0.4444444444444444,0.4444444444444444,0.1111111111111111
2023-01-15,6,0.3774052835069597,0.7837274372577667,0.591954740540435,0.21454945703347525,0.19349578705926732,4,1,1,0.6666666666666666,0.6666666666666666,0.16666666666666666,0.16666666666666666
2023-01-16,15,0.32566305889437597,0.7820179621378581,0.4916727226227522,0.16600966372837617,0.3423176015416781,6,7,2,1.5333333333333334,0.4,0.4666666666666667,0.13333333333333333
2023-01-17,5,0.2485265616327524,0.8386989593505859,0.4086566179990768,0.1601300563663244,0.4312133155763149,2,2,1,2.0,0.4,0.4,0.2
2023-01-18,10,0.1291127823293209,0.8274185299873352,0.33891771873459214,0.2098049364052712,0.4512773432768881,3,5,2,0.8,0.3,0.5,0.2
2023-01-19,6,0.31731598637998104,0.7679068446159363,0.41454813970873755,0.09723215332875644,0.48821970882515114,2,4,0,0.8333333333333334,0.3333333333333333,0.6666666666666666,0.0
2023-01-20,10,0.3033450671005994,0.77882040143013,0.4966322608292103,0.19328719372861086,0.31008051708340645,5,3,2,1.3,0.5,0.3,0.2
2023-01-21,5,-0.15350500345230106,0.9101942896842956,0.21174629703164097,0.36525130048394205,0.4230023957788944,1,2,2,1.2,0.2,0.4,0.4
2023-01-22,10,0.2847415413707495,0.8502523183822632,0.3009413089603185,0.01619976758956905,0.6828589364886284,2,8,0,1.0,0.2,0.8,0.0
2023-01-23,13,0.24324091824774557,0.8127241180493281,0.4379301175761681,0.19468919932842252,0.36738068925646633,6,4,3,0.9230769230769231,0.46153846153846156,0.3076923076923077,0.23076923076923078
2023-01-24,8,0.16734942432958633,0.7926941737532616,0.45615489070769394,0.2888054663781076,0.2550396518781781,4,2,2,0.5,0.5,0.25,0.25
2023-01-25,8,0.3116313387872651,0.7782385498285294,0.5049958128947765,0.19336447410751129,0.3016397310420871,4,3,1,1.125,0.5,0.375,0.125
2023-01-26,7,0.14956517105123826,0.8392056907926287,0.3808864916541746,0.23132132060293636,0.3877921604684421,3,3,1,1.0,0.42857142857142855,0.42857142857142855,0.14285714285714285
2023-01-27,8,0.23797832598211244,0.8047895357012749,0.40879690321162343,0.17081857722951097,0.4203845425508916,4,3,1,0.875,0.5,0.375,0.125
2023-01-28,8,0.28370114852441475,0.81179628521204,0.43365868134424085,0.1499575328198261,0.416383795440197,3,4,1,0.625,0.375,0.5,0.125
2023-01-29,7,0.3920436720363796,0.8417902503694806,0.41433642485312056,0.022292752816740927,0.5633708321090255,3,4,0,1.1428571428571428,0.42857142857142855,0.5714285714285714,0.0
2023-01-30,6,0.155837116142114,0.8669411738713583,0.3745938232168555,0.2187567070747415,0.406649436801672,2,3,1,1.0,0.3333333333333333,0.5,0.16666666666666666
2023-01-31,4,0.3149832276394591,0.8834069222211838,0.32710030861198897,0.012117080972529875,0.6607826268300414,1,3,0,0.75,0.25,0.75,0.0
2023-02-01,8,-0.0848483145236969,0.7877590656280518,0.2467134674079716,0.33156178193166846,0.42172477161511773,2,3,3,1.375,0.25,0.375,0.375
2023-02-02,3,0.5797440729414424,0.7868948976198832,0.6126350710789362,0.0328909981374939,0.35447391122579575,2,1,0,1.0,0.6666666666666666,0.3333333333333333,0.0
2023-02-03,7,0.46557985126440016,0.8751180853162494,0.4932448997029236,0.027665048438523458,0.4790900817939213,3,4,0,0.8571428571428571,0.42857142857142855,0.5714285714285714,0.0
2023-02-04,6,0.5420533896734318,0.8118310670057932,0.5691048800945282,0.02705149042109645,0.4038436474899451,3,3,0,1.3333333333333333,0.5,0.5,0.0
2023-02-05,9,0.637353715279864,0.8879500693745084,0.6561575250493156,0.018803809769451566,0.32503865059051246,6,3,0,1.1111111111111112,0.6666666666666666,0.3333333333333333,0.0
2023-02-06,3,-0.4214013994981845,0.8134600321451823,0.2079436338196198,0.6293450333178043,0.16271132975816724,1,0,2,0.6666666666666666,0.3333333333333333,0.0,0.6666666666666666
2023-02-07,5,0.3530450530350208,0.8952114462852478,0.37913364470005034,0.02608859166502946,0.5947777897119522,2,3,0,1.0,0.4,0.6,0.0
2023-02-08,11,0.6099080287597396,0.8501405445012179,0.6280833408236504,0.01817531206391068,0.3537413616749373,8,3,0,1.0,0.7272727272727273,0.2727272727272727,0.0
2023-02-09,4,-0.4733208899851889,0.9550237208604813,0.24835818051360545,0.7216790704987943,0.029962744098156625,1,0,3,0.75,0.25,0.0,0.75
2023-02-10,4,-0.42417226475663483,0.925483837723732,0.059531370410695644,0.4837036351673305,0.45676499838009477,0,2,2,0.5,0.0,0.5,0.5
2023-02-11,10,0.007017577392980456,0.856862360239029,0.31804627724923196,0.3110286998562514,0.37092502415180206,3,4,3,1.3,0.3,0.4,0.3
2023-02-12,4,0.0815734064672142,0.809978574514389,0.359084602445364,0.2775111959781497,0.36340423161163926,1,2,1,0.75,0.25,0.5,0.25
2023-02-13,11,-0.48939825052564795,0.7525211274623871,0.09549583867192267,0.5848940891975706,0.3196101014248349,0,4,7,0.9090909090909091,0.0,0.36363636363636365,0.6363636363636364
2023-02-14,10,0.12469604825600981,0.8333141148090363,0.39523806236684317,0.27054201411083334,0.3342199249193072,4,3,3,1.0,0.4,0.3,0.3
2023-02-15,12,0.17561218243402735,0.7512194315592448,0.3506756133089463,0.17506343087491885,0.4742609678457181,4,6,2,1.0833333333333333,0.3333333333333333,0.5,0.16666666666666666
2023-02-16,8,0.19578916777390984,0.823030561208725,0.3282689948100596,0.13247982703614974,0.5392512013204396,2,5,1,1.25,0.25,0.625,0.125
2023-02-17,7,0.08591556003583327,0.8653848171234131,0.48846408046249834,0.40254852042666506,0.10898741281458305,4,0,3,0.7142857142857143,0.5714285714285714,0.0,0.42857142857142855
2023-02-18,3,0.36820298153907055,0.8451013366381327,0.3807982206344604,0.012595239095389834,0.6066065331300099,1,2,0,1.3333333333333333,0.3333333333333333,0.6666666666666666,0.0
2023-02-19,6,-0.0825465979675452,0.793973833322525,0.157607389613986,0.24015398758153117,0.602238617837429,0,4,2,0.6666666666666666,0.0,0.6666666666666666,0.3333333333333333
2023-02-20,5,0.19081243928521868,0.9229991436004639,0.40863215290009974,0.217819713614881,0.37354816608130925,2,2,1,0.4,0.4,0.4,0.2
2023-02-21,7,-0.3299961323583765,0.9029622844287327,0.20286351794909147,0.532859650307468,0.2642768358013459,1,2,4,0.5714285714285714,0.14285714285714285,0.2857142857142857,0.5714285714285714
2023-02-22,9,-0.10048990758756798,0.7912821107440524,0.13118145356161723,0.23167136114918518,0.637147173182004,0,7,2,1.1111111111111112,0.0,0.7777777777777778,0.2222222222222222
2023-02-23,6,0.06577190446356929,0.8093277215957642,0.26996717105309165,0.20419526658952233,0.5258375809838375,1,4,1,1.3333333333333333,0.16666666666666666,0.6666666666666666,0.16666666666666666
2023-02-24,10,0.17858693040907384,0.8456585645675659,0.3902109230868518,0.21162399267777796,0.3981650777161121,4,4,2,0.3,0.4,0.4,0.2
2023-02-25,5,-0.2600331779569388,0.8444963693618774,0.11456065736711021,0.37459383532404894,0.5108455091714859,0,3,2,0.4,0.0,0.6,0.4
2023-02-26,6,-0.16680442433183393,0.7810880889495214,0.10574974445626135,0.2725541687880953,0.6216961055373152,1,4,1,0.5,0.16666666666666666,0.6666666666666666,0.16666666666666666
2023-02-27,10,-0.3324631782248616,0.7925391018390655,0.11182180838659402,0.44428498661145566,0.44389317780733106,0,5,5,0.9,0.0,0.5,0.5
2023-02-28,9,-0.15211187779075572,0.836303174495697,0.31217696155524916,0.46428883934600484,0.2235341922690471,3,1,5,0.7777777777777778,0.3333333333333333,0.1111111111111111,0.5555555555555556
2023-03-01,13,0.37031502556055784,0.7840839807803814,0.4511798119459014,0.08086478638534357,0.4679554235190153,5,7,1,0.8461538461538461,0.38461538461538464,0.5384615384615384,0.07692307692307693
2023-03-02,6,0.10790570095802347,0.6736701826254526,0.38829440033684176,0.2803886993788182,0.3313169119258721,3,1,2,1.0,0.5,0.16666666666666666,0.3333333333333333
2023-03-03,8,0.13415121485013512,0.8171464279294014,0.2290294903796166,0.09487827552948143,0.6760922279208899,1,6,1,0.625,0.125,0.75,0.125
2023-03-04,5,0.1971565954387188,0.7156347870826721,0.3762413568794727,0.17908476144075391,0.4446738541126251,2,2,1,1.2,0.4,0.4,0.2
2023-03-05,2,0.015809588134288732,0.9395018815994263,0.487305392511189,0.4714958043769001,0.0411988198757171,1,0,1,0.5,0.5,0.0,0.5
2023-03-06,3,0.41193572245538235,0.7798941731452942,0.5101479465762774,0.09821222412089503,0.3916398311654727,2,1,0,1.6666666666666667,0.6666666666666666,0.3333333333333333,0.0
2023-03-07,4,-0.28792468970641494,0.8671936094760895,0.22543442901223895,0.5133591187186538,0.2612064648419618,1,1,2,1.0,0.25,0.25,0.5
2023-03-08,6,0.057468250626698136,0.8021730383237203,0.22830659399429953,0.17083834336760137,0.600855078548193,1,4,1,0.6666666666666666,0.16666666666666666,0.6666666666666666,0.16666666666666666
2023-03-09,8,-0.3251217547804117,0.8802208378911018,0.1675433735363185,0.49266512831673026,0.3397914943052455,1,3,4,0.625,0.125,0.375,0.5
2023-03-10,10,-0.8255712800193578,0.9371710658073426,0.01873813723213966,0.8443094172514976,0.13695242898538704,0,1,9,0.9,0.0,0.1,0.9
2023-03-11,10,-0.19166925316676497,0.8485871970653533,0.1494040329009294,0.3410732860676944,0.5095226790755987,1,5,4,0.8,0.1,0.5,0.4
2023-03-12,3,0.318461263552308,0.6491290926933289,0.3567384233077367,0.038277159755428565,0.6049844125906626,1,2,0,1.3333333333333333,0.3333333333333333,0.6666666666666666,0.0
2023-03-13,7,-0.3768367434718779,0.9188820379120963,0.28656595652656897,0.6634026999984469,0.05003132564680913,2,0,5,1.0,0.2857142857142857,0.0,0.7142857142857143
2023-03-14,3,0.6451341261466345,0.8381813565889994,0.6938981711864471,0.048764045039812666,0.257337744658192,2,1,0,0.6666666666666666,0.6666666666666666,0.3333333333333333,0.0
2023-03-15,3,0.6021533018598954,0.8860020836194357,0.6153505941232046,0.013197292263309133,0.37145210057497025,2,1,0,1.0,0.6666666666666666,0.3333333333333333,0.0
2023-03-16,3,-0.09300529273847741,0.8171300292015076,0.04493233747780317,0.13793763021628055,0.8171300292015076,0,3,0,0.6666666666666666,0.0,1.0,0.0
2023-03-17,4,0.16371277184225622,0.840071901679039,0.413771448424086,0.25005867658182973,0.33616990968585014,2,1,1,0.25,0.5,0.25,0.25
2023-03-18,2,0.45042724953964347,0.9070572853088379,0.48829491809010506,0.0378676685504615,0.4738374315202236,1,1,0,0.0,0.5,0.5,0.0
2023-03-20,6,0.34100437241916853,0.8365891377131144,0.3871542153259118,0.04614984290674325,0.5666959409912428,2,4,0,0.8333333333333334,0.3333333333333333,0.6666666666666666,0.0
2023-03-21,4,0.25899655465036625,0.800265908241272,0.269593833014369,0.010597278364002649,0.7198088616132736,1,3,0,1.0,0.25,0.75,0.0
2023-03-22,13,0.10820645369732605,0.8131383657455444,0.29894832256608284,0.19074186886875671,0.5103098111083875,3,7,3,1.3846153846153846,0.23076923076923078,0.5384615384615384,0.23076923076923078
2023-03-23,4,-0.3946348025929183,0.886698916554451,0.0504304890055209,0.4450652915984392,0.5045042252168058,0,2,2,1.25,0.0,0.5,0.5
2023-03-24,5,0.5059786630794406,0.8302777886390686,0.5284235745668411,0.02244491148740048,0.44913149923086165,3,2,0,0.6,0.6,0.4,0.0
2023-03-25,3,0.3879711904252569,0.7961598634719849,0.40318503975868225,0.015213849333425332,0.5816011230150858,1,2,0,0.6666666666666666,0.3333333333333333,0.6666666666666666,0.0
2023-03-26,3,-0.3810607483610511,0.7750605940818787,0.11393394197026886,0.49499469033132,0.39107132454713184,0,1,2,0.6666666666666666,0.0,0.3333333333333333,0.6666666666666666
2023-03-27,6,-0.20593806697676578,0.7606680492560068,0.21248778778438768,0.41842585476115346,0.36908635481571156,1,2,3,0.8333333333333334,0.16666666666666666,0.3333333333333333,0.5
2023-03-28,3,-0.1356847261389097,0.7922134002049764,0.09394727895657218,0.22963200509548184,0.6764207184314728,0,2,1,0.3333333333333333,0.0,0.6666666666666666,0.3333333333333333
2023-03-29,1,0.0113158095628023,0.9370746612548828,0.0371205806732177,0.0258047711104154,0.9370746612548828,0,1,0,2.0,0.0,1.0,0.0
2023-03-30,3,0.847719012449185,0.8589706818262736,0.8589706818262736,0.0112516693770885,0.1297776376207669,3,0,0,1.3333333333333333,1.0,0.0,0.0
2023-03-31,7,0.36603244866377543,0.7482626182692391,0.4350863743041243,0.06905392564034883,0.49585969453411444,3,4,0,0.7142857142857143,0.42857142857142855,0.5714285714285714,0.0
2023-04-01,2,0.2748346352018416,0.6141664683818817,0.3303340896964073,0.0554994544945657,0.6141664683818817,0,2,0,1.5,0.0,1.0,0.0
2023-04-02,2,-0.8708609933964908,0.884465366601944,0.0136043732054531,0.884465366601944,0.1019302392378449,0,0,2,1.0,0.0,0.0,1.0
2023-04-03,12,-0.06162598216906192,0.812633735438188,0.31741868254418176,0.37904466471324366,0.3035366596498837,3,3,6,0.6666666666666666,0.25,0.25,0.5
2023-04-04,4,-0.005925650126300752,0.8995959013700485,0.45753213157877326,0.463457781705074,0.07901006285101167,2,0,2,1.0,0.5,0.0,0.5
2023-04-05,6,0.38901234216367203,0.769436905781428,0.4254614586631457,0.0364491164994736,0.5380894442399343,3,3,0,1.3333333333333333,0.5,0.5,0.0
2023-04-06,1,0.2328449338674545,0.6597455739974976,0.2865496873855591,0.0537047535181045,0.6597455739974976,0,1,0,2.0,0.0,1.0,0.0
2023-04-07,7,0.3982258392497897,0.8165459718023028,0.54061842496906,0.14239258571927035,0.3169889870498861,4,2,1,0.5714285714285714,0.5714285714285714,0.2857142857142857,0.14285714285714285
2023-04-08,3,0.2865149447073539,0.9328307509422302,0.615848119991521,0.3293331752841671,0.054818725213408435,2,0,1,1.6666666666666667,0.6666666666666666,0.0,0.3333333333333333
2023-04-09,1,0.728834718465805,0.7934908866882324,0.7934908866882324,0.0646561682224273,0.1418528407812118,1,0,0,0.0,1.0,0.0,0.0
2023-04-10,2,-0.2318206317722797,0.6917125433683395,0.0413035415112972,0.27312417328357697,0.6855722665786743,0,1,1,2.0,0.0,0.5,0.5
2023-04-11,2,0.43218899518251425,0.8877162039279938,0.501183059066534,0.0689940638840198,0.4298228742554784,1,1,0,1.0,0.5,0.5,0.0
2023-04-12,6,-0.09124118431160849,0.8294496834278107,0.2541488312805692,0.3453900155921777,0.40046114722887677,2,2,2,0.8333333333333334,0.3333333333333333,0.3333333333333333,0.3333333333333333
2023-04-13,12,-0.09513716407430671,0.8335940192143122,0.15975614466393984,0.2548933087382465,0.5853505507111549,1,8,3,0.9166666666666666,0.08333333333333333,0.6666666666666666,0.25
2023-04-14,4,0.730046923737973,0.7894264608621597,0.7428281083703041,0.0127811846323311,0.24439069814980027,3,1,0,1.25,0.75,0.25,0.0
2023-04-16,4,0.023126793559640636,0.7228339239954948,0.3498556618578732,0.3267288682982325,0.32341544330120087,1,1,2,1.25,0.25,0.25,0.5
2023-04-17,4,-0.29389816895127296,0.7422202229499817,0.0964428577572107,0.39034102670848364,0.5132161378860474,0,2,2,1.0,0.0,0.5,0.5
2023-04-18,7,0.10437381154458436,0.8181203263146537,0.3748293343399252,0.2704555227953408,0.3547151493174689,2,3,2,1.0,0.2857142857142857,0.42857142857142855,0.2857142857142857
2023-04-19,2,-0.2867167005315423,0.8298496007919312,0.15312092751264567,0.439837628044188,0.4070414649322629,0,1,1,1.5,0.0,0.5,0.5
2023-04-20,8,0.26974919019266963,0.7517047449946404,0.4056436682585627,0.135894478065893,0.4584618555381894,4,3,1,0.5,0.5,0.375,0.125
2023-04-21,5,0.4162990911863744,0.75395947098732,0.5263686243444681,0.11006953315809367,0.363561836630106,3,2,0,0.6,0.6,0.4,0.0
2023-04-22,9,-0.010137086837655981,0.8044293191697862,0.2895096681184238,0.2996467549560798,0.4108435455709696,2,4,3,0.8888888888888888,0.2222222222222222,0.4444444444444444,0.3333333333333333
2023-04-23,1,0.933602349832654,0.9491065740585328,0.9491065740585328,0.0155042242258787,0.0353892743587493,1,0,0,0.0,1.0,0.0,0.0
2023-04-24,3,0.4567632113272945,0.7891945242881775,0.4940110631287098,0.03724785180141523,0.4687410605450471,2,1,0,1.0,0.6666666666666666,0.3333333333333333,0.0
2023-04-25,3,-0.04049707700808844,0.7977303465207418,0.08088629941145577,0.1213833764195442,0.7977303465207418,0,3,0,0.3333333333333333,0.0,1.0,0.0
2023-04-26,5,0.5912637365981936,0.8924757599830627,0.602247853577137,0.0109841169789433,0.38676806166768074,3,2,0,1.6,0.6,0.4,0.0
2023-04-27,9,0.3009796994220879,0.6964626577165391,0.31468710468875033,0.013707405266662387,0.6716054909759097,1,8,0,0.5555555555555556,0.1111111111111111,0.8888888888888888,0.0
2023-04-28,6,0.5205303189965585,0.7937100827693939,0.5507300073901812,0.0301996883936226,0.419070307786266,4,2,0,0.8333333333333334,0.6666666666666666,0.3333333333333333,0.0
2023-04-29,3,0.27889887740214664,0.8808741569519043,0.3358057936032613,0.0569069162011146,0.6072872579097748,1,2,0,2.0,0.3333333333333333,0.6666666666666666,0.0
2023-04-30,5,0.4501000798307359,0.8116570711135864,0.5451948314905166,0.0950947516597807,0.3597104102373123,3,2,0,0.8,0.6,0.4,0.0
2023-05-01,3,0.6509361661349734,0.7307366331418356,0.7017636795838674,0.05082751344889397,0.24740880355238914,2,1,0,1.0,0.6666666666666666,0.3333333333333333,0.0
2023-05-02,3,-0.11310597136616703,0.7864121198654175,0.21177754985789451,0.3248835212240616,0.4633389177421729,1,1,1,0.6666666666666666,0.3333333333333333,0.3333333333333333,0.3333333333333333
2023-05-03,6,0.570615918841213,0.7781111200650533,0.6288195687035719,0.058203649862358924,0.3129767489929994,5,1,0,0.3333333333333333,0.8333333333333334,0.16666666666666666,0.0
2023-05-04,4,0.14586478751152754,0.8351639658212662,0.4150179345160723,0.2691531470045447,0.3158289091661572,2,1,1,1.25,0.5,0.25,0.25
2023-05-05,4,0.15794358006678522,0.760585330426693,0.4688595230691135,0.3109159430023282,0.22022452019155023,2,1,1,0.75,0.5,0.25,0.25
2023-05-06,6,0.4989969690019886,0.7993557155132294,0.6097087313731512,0.11071176237116254,0.2795795096705357,4,1,1,0.6666666666666666,0.6666666666666666,0.16666666666666666,0.16666666666666666
2023-05-07,5,-0.01989057082682848,0.7503057360649109,0.35071717835962773,0.3706077491864562,0.27867510318756106,2,1,2,0.6,0.4,0.2,0.4
2023-05-08,4,-0.38823542615864426,0.8667091578245163,0.25451623136177653,0.6427516575204208,0.10273212194442745,1,0,3,0.75,0.25,0.0,0.75
2023-05-09,3,0.524830869709452,0.7007867097854614,0.6751936078071594,0.1503627380977074,0.17444363857309017,2,1,0,1.0,0.6666666666666666,0.3333333333333333,0.0
2023-05-10,9,-0.4421660352187852,0.7983859909905328,0.18947347191472844,0.6316395071335137,0.17888703507681683,2,1,6,0.3333333333333333,0.2222222222222222,0.1111111111111111,0.6666666666666666
2023-05-11,9,0.2562668626714084,0.7861348191897074,0.4181446571730905,0.16187779450168208,0.4199775687108437,4,4,1,0.8888888888888888,0.4444444444444444,0.4444444444444444,0.1111111111111111
2023-05-12,5,0.16119186412543057,0.7381646752357482,0.3627234328538179,0.20153156872838732,0.43574497997760775,2,2,1,0.4,0.4,0.4,0.2
2023-05-13,4,0.026156251318752752,0.8927251547574997,0.06671554967761037,0.040559298358857576,0.8927251547574997,0,4,0,0.75,0.0,1.0,0.0
2023-05-14,2,0.9008237654343247,0.9210646152496338,0.9210646152496338,0.020240849815309,0.05869452655315395,2,0,0,0.5,1.0,0.0,0.0
2023-05-15,6,0.5399547043877343,0.8219952980677286,0.595467374039193,0.05551266965145863,0.34902000737686945,4,2,0,0.3333333333333333,0.6666666666666666,0.3333333333333333,0.0
2023-05-16,4,0.22076250333338976,0.6890040934085846,0.43179770838469267,0.21103520505130288,0.35716706141829485,2,1,1,0.5,0.5,0.25,0.25
2023-05-17,6,0.10579452166954674,0.8495976428190867,0.419478596188128,0.3136840745185812,0.26683731423690915,3,1,2,1.0,0.5,0.16666666666666666,0.3333333333333333
2023-05-18,1,-0.4528523981571197,0.4876517057418823,0.0347993075847625,0.4876517057418823,0.4775490462779999,0,0,1,1.0,0.0,0.0,1.0
2023-05-19,9,-0.09243577584210368,0.7753847241401672,0.2443832866847515,0.3368190625268552,0.4187976693113645,2,3,4,0.8888888888888888,0.2222222222222222,0.3333333333333333,0.4444444444444444
2023-05-20,2,0.7180660180747509,0.7316273152828217,0.7316273152828217,0.0135612972080707,0.25481134653091425,2,0,0,1.0,1.0,0.0,0.0
2023-05-21,1,0.2575206384062767,0.7242852449417114,0.2666177153587341,0.0090970769524574,0.7242852449417114,0,1,0,2.0,0.0,1.0,0.0
2023-05-22,5,0.1344704832881689,0.7253102421760558,0.3568111535161733,0.2223406702280044,0.420848173648119,2,1,2,1.0,0.4,0.2,0.4
2023-05-23,4,0.1447058838093653,0.8463463932275772,0.39758872997481376,0.25288284616544837,0.34952844679355616,2,1,1,0.25,0.5,0.25,0.25
2023-05-24,7,0.028701984988791583,0.7919921278953552,0.20436690055898257,0.17566491557019095,0.6199681905231306,1,5,1,1.4285714285714286,0.14285714285714285,0.7142857142857143,0.14285714285714285
2023-05-25,5,-0.0960262443870306,0.6960984230041504,0.32208021525293584,0.4181064596399665,0.25981333740055557,1,1,3,0.6,0.2,0.2,0.6
2023-05-27,3,0.38348285978039104,0.8255373239517212,0.3943505535523096,0.010867693771918567,0.5947817414999008,1,2,0,0.6666666666666666,0.3333333333333333,0.6666666666666666,0.0
2023-05-28,8,0.19377021270338446,0.8190410658717155,0.36493501556105906,0.17116480285767466,0.46390017960220575,3,4,1,0.875,0.375,0.5,0.125
2023-05-29,3,0.5193473442147175,0.6953683098157247,0.5394585132598877,0.0201111690451701,0.44043029844760895,1,2,0,1.0,0.3333333333333333,0.6666666666666666,0.0
2023-05-30,3,-0.06124337452153363,0.729441245396932,0.10465768165886397,0.16590105618039763,0.729441245396932,0,3,0,1.6666666666666667,0.0,1.0,0.0
2023-05-31,3,0.4364739805459976,0.8170395493507385,0.6393908845881621,0.20291690404216445,0.15769218218823267,2,0,1,1.0,0.6666666666666666,0.0,0.3333333333333333
2023-06-01,8,0.3969889029394835,0.8970722407102585,0.5208451133221388,0.12385621038265521,0.3552986895665526,4,3,1,0.5,0.5,0.375,0.125
2023-06-02,7,0.4350817750341126,0.6825278145926339,0.512198731303215,0.07711695626910241,0.410684272646904,4,3,0,1.0,0.5714285714285714,0.42857142857142855,0.0
2023-06-03,2,0.854102446231991,0.8744470775127411,0.8744470775127411,0.02034463128075,0.10520829074084755,2,0,0,0.5,1.0,0.0,0.0
2023-06-04,9,0.2088801080567969,0.8251046737035116,0.4100083791547351,0.20112827109793818,0.3888633754104376,3,4,2,1.0,0.3333333333333333,0.4444444444444444,0.2222222222222222
2023-06-05,5,-0.7814093178138137,0.902920663356781,0.01937149409204716,0.8007808119058609,0.1798477035015821,0,1,4,0.6,0.0,0.2,0.8
2023-06-06,4,-0.01787112723104655,0.769108772277832,0.16551047796383495,0.1833816051948815,0.6511079035699368,0,3,1,0.5,0.0,0.75,0.25
2023-06-07,6,0.08369202197839816,0.7118363877137502,0.4179261364042759,0.33423411442587775,0.24783974948028717,3,0,3,0.5,0.5,0.0,0.5
2023-06-08,4,0.38494181085843593,0.7621025741100311,0.5301682818681002,0.14522647100966418,0.32460525492206216,2,1,1,0.0,0.5,0.25,0.25
2023-06-09,6,-0.04466423112899062,0.8428039848804474,0.2097909410173694,0.25445517214636004,0.5357538616905609,1,4,1,1.1666666666666667,0.16666666666666666,0.6666666666666666,0.16666666666666666
2023-06-10,8,-0.4294454623013735,0.8429233804345131,0.11779713712166992,0.5472425994230434,0.33496028976514935,0,3,5,1.25,0.0,0.375,0.625
2023-06-11,10,-0.41247557289898396,0.8099752724170685,0.08584335325285788,0.49831892615184187,0.4158377267420292,0,4,6,1.0,0.0,0.4,0.6
2023-06-12,12,-0.06184535411496959,0.8832647899786631,0.20217553293332455,0.26402088704829413,0.5338035644963384,2,7,3,1.25,0.16666666666666666,0.5833333333333334,0.25
2023-06-13,12,-0.013771509208406007,0.7783803592125574,0.10392406334479647,0.11769557255320247,0.7783803592125574,0,12,0,1.3333333333333333,0.0,1.0,0.0
2023-06-14,7,-0.3761193524780018,0.8188182371003287,0.07541456485965418,0.451533917337656,0.47305152751505375,0,4,3,0.8571428571428571,0.0,0.5714285714285714,0.42857142857142855
2023-06-15,4,-0.2887762719765305,0.7069597467780113,0.18896481767296788,0.4777410896494984,0.3332940996624529,0,2,2,0.25,0.0,0.5,0.5
2023-06-16,2,-0.9271082659251988,0.9384281039237976,0.01131983799859875,0.9384281039237976,0.0502520333975553,0,0,2,1.5,0.0,0.0,1.0
2023-06-17,6,0.477167797818159,0.8031813502311707,0.5501254585882027,0.07295766077004368,0.3769168574362993,3,3,0,1.3333333333333333,0.5,0.5,0.0
2023-06-18,6,-0.36516607731270295,0.8383804460366567,0.20949957434398433,0.5746656516566873,0.21583476538459456,2,1,3,1.5,0.3333333333333333,0.16666666666666666,0.5
2023-06-20,6,-0.116646899531285,0.776245524485906,0.27868882411470014,0.3953357236459851,0.3259754416843255,1,2,3,1.3333333333333333,0.16666666666666666,0.3333333333333333,0.5
2023-06-21,7,0.15430009285254137,0.815153249672481,0.3062269677008901,0.15192687484834871,0.54184618805136,2,4,1,0.8571428571428571,0.2857142857142857,0.5714285714285714,0.14285714285714285
2023-06-22,12,0.4613552830802898,0.8148083587487539,0.5418501831591129,0.08049490007882314,0.3776549375616014,7,4,1,1.3333333333333333,0.5833333333333334,0.3333333333333333,0.08333333333333333
2023-06-23,3,0.11360873281955719,0.8511426647504171,0.3668485383192697,0.25323980549971264,0.37991169343392045,1,1,1,1.0,0.3333333333333333,0.3333333333333333,0.3333333333333333
2023-06-24,6,-0.026902982965111715,0.7753113806247711,0.3217778410762548,0.3486808240413665,0.3295413308466474,2,2,2,1.1666666666666667,0.3333333333333333,0.3333333333333333,0.3333333333333333
2023-06-25,3,0.5451715057715774,0.8650458653767904,0.5923918019980192,0.047220296226441805,0.3603878567616145,2,1,0,0.0,0.6666666666666666,0.3333333333333333,0.0
2023-06-26,9,0.26018597475356525,0.7576343615849813,0.49520694464445114,0.23502096989088583,0.2697720668382115,5,2,2,0.8888888888888888,0.5555555555555556,0.2222222222222222,0.2222222222222222
2023-06-27,3,0.10308415504793328,0.7877228061358134,0.5200097002089024,0.4169255451609691,0.0630647658059994,2,0,1,0.3333333333333333,0.6666666666666666,0.0,0.3333333333333333
2023-06-28,3,0.05927747860550877,0.751381496588389,0.4330912120640278,0.3738137334585189,0.19309506254891554,2,0,1,0.3333333333333333,0.6666666666666666,0.0,0.3333333333333333
2023-06-29,7,0.33052810647391845,0.7866057753562927,0.4820545202653323,0.15152641379141377,0.36641908277358326,4,2,1,0.7142857142857143,0.5714285714285714,0.2857142857142857,0.14285714285714285
2023-06-30,13,-0.26146390539808917,0.8275293065951421,0.2609640126331494,0.5224279180312386,0.21660808402185253,3,3,7,1.2307692307692308,0.23076923076923078,0.23076923076923078,0.5384615384615384
2023-07-01,3,-0.635377524420619,0.7499650716781616,0.050919107471903126,0.6862966318925222,0.2627842705696821,0,1,2,1.6666666666666667,0.0,0.3333333333333333,0.6666666666666666
2023-07-02,9,0.055716900465389116,0.7903512782520719,0.3343121864729457,0.2785952860075566,0.387092523690727,3,3,3,1.2222222222222223,0.3333333333333333,0.3333333333333333,0.3333333333333333
2023-07-03,9,-0.09472455187804171,0.7882662018140157,0.182913270054592,0.27763782193263364,0.5394488846262295,1,6,2,0.7777777777777778,0.1111111111111111,0.6666666666666666,0.2222222222222222
2023-07-04,2,-0.23003726452589035,0.573837623000145,0.18378297984600062,0.413820244371891,0.40239681303501124,0,1,1,0.5,0.0,0.5,0.5
2023-07-05,5,-0.2820287302136421,0.848799192905426,0.10597832947969435,0.38800705969333643,0.5060145922005177,0,3,2,0.6,0.0,0.6,0.4
2023-07-06,3,0.2944626674676935,0.7753932476043701,0.3163859111567338,0.021923243689040302,0.6616908212502798,1,2,0,0.6666666666666666,0.3333333333333333,0.6666666666666666,0.0
2023-07-07,6,0.4925439873089393,0.6814280847708384,0.5563693971683582,0.06382540985941881,0.37980518117547035,5,1,0,0.8333333333333334,0.8333333333333334,0.16666666666666666,0.0
2023-07-08,5,-0.15596880931407212,0.820725965499878,0.23256237674504515,0.3885311860591173,0.378906406648457,1,2,2,1.4,0.2,0.4,0.4
2023-07-09,3,0.4425168139860034,0.7575397888819376,0.5533139978845915,0.110797183898588,0.33588877816994983,2,1,0,0.6666666666666666,0.6666666666666666,0.3333333333333333,0.0
2023-07-10,7,0.31328568115298233,0.8610224042619977,0.539418363943696,0.2261326827907136,0.23444895951875613,4,2,1,0.7142857142857143,0.5714285714285714,0.2857142857142857,0.14285714285714285
2023-07-11,5,0.25336642619222405,0.7192131340503692,0.3940325856208801,0.14066615942865607,0.46530126333236693,2,3,0,0.8,0.4,0.6,0.0
2023-07-12,3,0.31953587507208187,0.9155980547269186,0.34335293620824814,0.02381706113616623,0.6328299815456072,1,2,0,1.0,0.3333333333333333,0.6666666666666666,0.0
2023-07-13,20,0.2536209478741512,0.8064662173390389,0.36737000430002803,0.11374905642587688,0.5188809469342232,6,13,1,1.4,0.3,0.65,0.05
2023-07-14,12,0.12107428489252924,0.8038985282182693,0.4015173267107457,0.28044304181821644,0.3180396317814787,4,4,4,1.0833333333333333,0.3333333333333333,0.3333333333333333,0.3333333333333333
2023-07-15,4,0.007818710990250107,0.8775797337293625,0.23702009441331026,0.22920138342306015,0.5337785370647907,1,2,1,2.0,0.25,0.5,0.25
2023-07-16,4,-0.6418368178419769,0.8766493946313858,0.038955688942223725,0.6807925067842007,0.2802517917007208,0,1,3,0.75,0.0,0.25,0.75
2023-07-17,13,0.3326728663478906,0.8225645262461442,0.4351002871273802,0.10242742077948952,0.46247228836783993,5,7,1,1.0,0.38461538461538464,0.5384615384615384,0.07692307692307693
2023-07-18,7,0.39312981268657105,0.7866028887884957,0.5189870867346015,0.12585727404803032,0.35515563535903183,4,2,1,1.1428571428571428,0.5714285714285714,0.2857142857142857,0.14285714285714285
2023-07-19,17,0.37051435905125213,0.8148909070912529,0.415476096136605,0.04496173708535287,0.5395621723111939,7,10,0,1.1176470588235294,0.4117647058823529,0.5882352941176471,0.0
2023-07-20,15,0.07027891868104537,0.7606224219004313,0.3737141435345014,0.303435224853456,0.32285062993566194,6,3,6,0.9333333333333333,0.4,0.2,0.4
2023-07-21,7,0.11252278847885987,0.7586631604603359,0.3360017679099525,0.2234789794310927,0.440519243478775,2,4,1,1.0,0.2857142857142857,0.5714285714285714,0.14285714285714285
2023-07-22,9,-0.08651046454906464,0.7933866580327352,0.12030413995186483,0.20681460450092948,0.6728812667230765,1,7,1,1.2222222222222223,0.1111111111111111,0.7777777777777778,0.1111111111111111
2023-07-23,9,0.2750530419871211,0.7887465291553073,0.33680509734484887,0.0617520553577277,0.601442831257979,2,7,0,1.4444444444444444,0.2222222222222222,0.7777777777777778,0.0
2023-07-24,10,0.2027903219684958,0.8636524975299835,0.4443689448758959,0.24157862290740012,0.31405242513865234,4,3,3,0.5,0.4,0.3,0.3
2023-07-25,16,0.4184452675981447,0.8904390819370747,0.4470664983382448,0.028621230740100093,0.5243122744141147,7,9,0,1.375,0.4375,0.5625,0.0
2023-07-26,11,0.6094796729528091,0.8333908752961592,0.7457519856874238,0.13627231273461468,0.11797569996931333,10,0,1,1.4545454545454546,0.9090909090909091,0.0,0.09090909090909091
2023-07-27,8,0.24414389883168044,0.8325872123241425,0.3181432096753269,0.07399931084364647,0.6078575123101473,2,6,0,0.625,0.25,0.75,0.0
2023-07-28,7,-0.028370619751512997,0.7816273825509208,0.30834005560193745,0.3367106753534504,0.35494924283453394,2,2,3,1.2857142857142858,0.2857142857142857,0.2857142857142857,0.42857142857142855
2023-07-29,6,0.7695253980346024,0.795209268728892,0.795209268728892,0.02568387069428955,0.1791068480039636,6,0,0,1.3333333333333333,1.0,0.0,0.0
2023-07-30,6,-0.06382919910053414,0.7633266448974609,0.24984984829400972,0.31367904739454383,0.43647110772629577,2,2,2,0.8333333333333334,0.3333333333333333,0.3333333333333333,0.3333333333333333
2023-07-31,10,0.06519772922620176,0.8245928198099136,0.3497559399344027,0.28455821070820086,0.365685830079019,4,3,3,0.8,0.4,0.3,0.3
2023-08-01,9,0.1928390340051717,0.8324143489201864,0.33324176259338856,0.14040272858821679,0.5263555167863766,3,5,1,1.3333333333333333,0.3333333333333333,0.5555555555555556,0.1111111111111111
2023-08-02,7,0.25382575512464556,0.7731874585151672,0.43587446053113255,0.18204870540648696,0.38207682435001644,3,3,1,1.1428571428571428,0.42857142857142855,0.42857142857142855,0.14285714285714285
2023-08-03,9,0.294170249460472,0.753220839632882,0.3646773451732265,0.0705070957127544,0.5648155597349008,3,5,1,1.1111111111111112,0.3333333333333333,0.5555555555555556,0.1111111111111111
2023-08-04,11,0.044356297278268744,0.8257858482274142,0.1899655520577322,0.14560925477946343,0.6644251895221797,1,8,2,1.1818181818181819,0.09090909090909091,0.7272727272727273,0.18181818181818182
2023-08-05,10,0.4004422347992659,0.8411247432231903,0.5341781241819262,0.13373588938266034,0.33208598066121336,6,3,1,1.3,0.6,0.3,0.1
2023-08-06,7,0.2766861193148153,0.8344179732458932,0.32882496235626085,0.05213884304144547,0.6190362099025931,2,5,0,1.8571428571428572,0.2857142857142857,0.7142857142857143,0.0
2023-08-07,15,0.17719480718175568,0.7806148370107014,0.32683492476741466,0.149640117585659,0.5235249755283197,4,9,2,1.4,0.26666666666666666,0.6,0.13333333333333333
2023-08-08,12,0.1634496086432288,0.817187728981177,0.3266501793793092,0.16320057073608038,0.510149233819296,3,7,2,0.9166666666666666,0.25,0.5833333333333334,0.16666666666666666
2023-08-09,8,0.3574830722063779,0.7653594091534615,0.3902018088847398,0.03271873667836185,0.5770794441923499,3,5,0,1.375,0.375,0.625,0.0
2023-08-10,17,0.21537251348662023,0.8103242165902081,0.3125657361439046,0.09719322265728426,0.5902410377474392,5,11,1,1.411764705882353,0.29411764705882354,0.6470588235294118,0.058823529411764705
2023-08-11,17,0.32318928607684727,0.8579617142677307,0.5132097622708363,0.19002047619398899,0.29676976865705323,8,6,3,0.8235294117647058,0.47058823529411764,0.35294117647058826,0.17647058823529413
2023-08-12,16,0.22088187746703625,0.8277316279709339,0.456290720438119,0.23540884297108275,0.30830043042078614,7,5,4,1.3125,0.4375,0.3125,0.25
2023-08-13,10,0.14614544166252016,0.8642355084419251,0.31809275764971967,0.17194731598719953,0.5099599367007613,3,6,1,1.3,0.3,0.6,0.1
2023-08-14,15,0.23650892737011117,0.8352042396863302,0.39970100882152715,0.16319208145141598,0.4371069102237622,5,8,2,1.4666666666666666,0.3333333333333333,0.5333333333333333,0.13333333333333333
2023-08-15,14,0.24744597343461855,0.8145748163972583,0.41056875019733396,0.1631227767627154,0.4263084887393883,6,6,2,1.0,0.42857142857142855,0.42857142857142855,0.14285714285714285
2023-08-16,20,-0.050458603608421984,0.8483071774244308,0.28904636991210275,0.3395049735205248,0.3714486399665474,6,7,7,0.9,0.3,0.35,0.35
2023-08-17,10,-0.15625386056490242,0.8112011432647706,0.23441527737304563,0.3906691379379481,0.37491558492183685,2,3,5,0.7,0.2,0.3,0.5
2023-08-18,9,-0.3272809549752209,0.8305325110753378,0.09508332392821706,0.4223642789034379,0.4825523790592949,0,5,4,1.0,0.0,0.5555555555555556,0.4444444444444444
2023-08-19,6,-0.12636602918306983,0.7520305116971334,0.2624228183800975,0.3887888475631674,0.3487883446117242,1,3,2,1.0,0.16666666666666666,0.5,0.3333333333333333
2023-08-20,6,0.14777730498462915,0.812025581796964,0.3910637389247616,0.2432864339401324,0.36564982154717046,2,3,1,1.0,0.3333333333333333,0.5,0.16666666666666666
2023-08-21,10,-0.07424955749884252,0.8435331225395203,0.28520485814660784,0.35945441564545033,0.3553407378494739,2,4,4,1.1,0.2,0.4,0.4
2023-08-22,8,0.02811717509757726,0.8298257514834404,0.3208443762268871,0.2927272011293098,0.3864284567534923,2,4,2,0.75,0.25,0.5,0.25
2023-08-23,9,-0.0037581404257151876,0.7850524584452311,0.290959080784685,0.2947172212104003,0.41432372190886074,3,4,2,0.8888888888888888,0.3333333333333333,0.4444444444444444,0.2222222222222222
2023-08-24,7,0.006080651190131871,0.83963372026171,0.33153240249625276,0.32545175130612086,0.34301582431154587,2,3,2,1.2857142857142858,0.2857142857142857,0.42857142857142855,0.2857142857142857
2023-08-25,6,0.10276587400585414,0.819270114103953,0.4133584884305795,0.31059261442472536,0.27604889186720055,3,1,2,0.3333333333333333,0.5,0.16666666666666666,0.3333333333333333
2023-08-26,6,0.06672814659153424,0.8891363243261973,0.24043631382907424,0.17370816723754004,0.5858555311957995,1,4,1,0.6666666666666666,0.16666666666666666,0.6666666666666666,0.16666666666666666
2023-08-27,6,0.3129456842628618,0.8963760038216909,0.47323217242956156,0.16028648816669977,0.36648134390513104,3,2,1,1.0,0.5,0.3333333333333333,0.16666666666666666
2023-08-28,4,0.35520415811333805,0.8157222270965576,0.5937358532100916,0.23853169509675348,0.16773247066885227,3,0,1,1.0,0.75,0.0,0.25
2023-08-29,5,0.19926251228898764,0.8832329034805297,0.2328271605074405,0.03356464821845288,0.7336082085967064,1,4,0,0.8,0.2,0.8,0.0
2023-08-30,5,0.044243101589381696,0.7376698613166809,0.3550854481756687,0.31084234658628696,0.3340722095221281,2,2,1,0.8,0.4,0.4,0.2
2023-08-31,8,0.01711179246194662,0.7149644121527672,0.21532375668175516,0.19821196421980855,0.5864642672240734,2,4,2,1.125,0.25,0.5,0.25
2023-09-01,7,0.11165898679090396,0.8286310008593968,0.2653281116592033,0.15366912486829926,0.5810027617428984,2,4,1,1.4285714285714286,0.2857142857142857,0.5714285714285714,0.14285714285714285
2023-09-02,7,-0.011842476736222003,0.7484318103109088,0.2298839233283485,0.24172640006457052,0.5283896571823529,2,3,2,0.8571428571428571,0.2857142857142857,0.42857142857142855,0.2857142857142857
2023-09-03,7,0.3008932690801365,0.7926153455461774,0.5295604318380356,0.22866716275789906,0.24177237812961846,4,1,2,1.1428571428571428,0.5714285714285714,0.14285714285714285,0.2857142857142857
2023-09-04,10,0.023778119729831803,0.7841438770294189,0.22319209463894368,0.1994139749091118,0.577393913269043,2,6,2,1.1,0.2,0.6,0.2
2023-09-05,14,0.4959223578750555,0.874638272183282,0.596025676233694,0.10010331835863842,0.30387101681636913,9,4,1,0.35714285714285715,0.6428571428571429,0.2857142857142857,0.07142857142857142
2023-09-06,7,0.2339502956186022,0.7894125751086644,0.4218336434236595,0.18788334780505722,0.39028302846210344,3,2,2,0.42857142857142855,0.42857142857142855,0.2857142857142857,0.2857142857142857
2023-09-07,11,-0.03936174410310662,0.8833733201026917,0.2983218497512015,0.3376835938543081,0.3639945474199273,3,4,4,1.4545454545454546,0.2727272727272727,0.36363636363636365,0.36363636363636365
2023-09-08,11,-0.0076474221846596965,0.8146687258373607,0.35031801191243256,0.3579654340970922,0.29171656817197794,4,3,4,1.3636363636363635,0.36363636363636365,0.2727272727272727,0.36363636363636365
2023-09-09,4,0.1433130442164838,0.8643738925457001,0.4790181263815611,0.33570508216507733,0.18527675978839395,2,1,1,1.0,0.5,0.25,0.25
2023-09-10,3,0.2768267644569277,0.764961322148641,0.4412903847793738,0.164463620322446,0.3942459598183632,1,1,1,0.3333333333333333,0.3333333333333333,0.3333333333333333,0.3333333333333333
2023-09-11,12,-0.16304028763746223,0.8650022397438685,0.143088817053164,0.3061291046906262,0.5507820734443764,1,7,4,0.8333333333333334,0.08333333333333333,0.5833333333333334,0.3333333333333333
2023-09-12,8,0.22753567737527192,0.7863808237016201,0.41443993069697166,0.18690425332169977,0.39865583647042513,3,3,2,0.75,0.375,0.375,0.25
2023-09-13,9,0.13333569844770762,0.81006744172838,0.3480690380351411,0.21473333958743346,0.4371976154959864,3,4,2,1.3333333333333333,0.3333333333333333,0.4444444444444444,0.2222222222222222
2023-09-14,8,0.13006549671990797,0.7632134333252907,0.2825404460309073,0.1524749493109993,0.5649846158921719,2,5,1,1.125,0.25,0.625,0.125
2023-09-15,8,0.11122506181709466,0.7604465335607529,0.2831608306150883,0.17193576879799363,0.5449034068733454,2,5,1,1.25,0.25,0.625,0.125
2023-09-16,3,-0.2628315382947524,0.744042694568634,0.2245685067027807,0.48740004499753314,0.28803146630525583,1,1,1,1.3333333333333333,0.3333333333333333,0.3333333333333333,0.3333333333333333
2023-09-17,4,0.3274007369764149,0.8151020407676697,0.3614998864941299,0.03409914951771492,0.6044009737670422,1,3,0,1.5,0.25,0.75,0.0
2023-09-18,6,0.19657826734085873,0.8904672761758169,0.3824066699792941,0.18582840263843534,0.43176491154978675,2,3,1,1.5,0.3333333333333333,0.5,0.16666666666666666
2023-09-19,6,-0.22595883595446745,0.8452980220317841,0.06647316304345921,0.2924319989979267,0.6410948584477106,0,4,2,1.5,0.0,0.6666666666666666,0.3333333333333333
2023-09-20,7,0.14972363585340123,0.803394751889365,0.18690003188593043,0.03717639603252917,0.7759235543864114,1,6,0,0.8571428571428571,0.14285714285714285,0.8571428571428571,0.0
2023-09-21,7,0.3328940945544413,0.7579581907817295,0.44104567915201187,0.10815158459757049,0.45080274769238066,2,4,1,1.2857142857142858,0.2857142857142857,0.5714285714285714,0.14285714285714285
2023-09-22,7,0.11354291086484276,0.8049495390483311,0.23764441295393873,0.12410150208909591,0.6382540570838111,1,5,1,1.4285714285714286,0.14285714285714285,0.7142857142857143,0.14285714285714285
2023-09-23,3,-0.23640855681151152,0.8261797626813253,0.12268553953617807,0.3590940963476896,0.5182203849156698,0,2,1,1.0,0.0,0.6666666666666666,0.3333333333333333
2023-09-24,6,-0.14175748964771626,0.9044550855954488,0.20455532846972344,0.3463128181174397,0.4491318513949712,1,3,2,0.3333333333333333,0.16666666666666666,0.5,0.3333333333333333
2023-09-25,7,-0.5549211170790451,0.848999696118491,0.16183344580765277,0.7167545628866979,0.12141202390193935,1,0,6,0.5714285714285714,0.14285714285714285,0.0,0.8571428571428571
2023-09-26,9,0.12407037936564946,0.7995873689651489,0.26353412193970543,0.13946374257405597,0.5970021378662851,2,6,1,1.5555555555555556,0.2222222222222222,0.6666666666666666,0.1111111111111111
2023-09-27,6,0.03743378662814697,0.7313089966773987,0.25878976378589863,0.22135597715775168,0.5198542376359304,1,4,1,1.3333333333333333,0.16666666666666666,0.6666666666666666,0.16666666666666666
2023-09-28,8,0.0461665743496269,0.7690749764442444,0.26476740185171366,0.21860082750208673,0.5166317643597722,2,4,2,1.625,0.25,0.5,0.25
2023-09-29,13,0.14126938817879325,0.7291490252201374,0.302322912388123,0.16105352420932967,0.5366235742202172,4,6,3,1.5384615384615385,0.3076923076923077,0.46153846153846156,0.23076923076923078
2023-09-30,8,-0.024207175243645927,0.8316388800740242,0.260035186773166,0.28424236201681197,0.45572245633229613,2,3,3,0.75,0.25,0.375,0.375
2023-10-01,9,0.2931292211740381,0.7858784165647295,0.3706217567539877,0.07749253557994959,0.5518857337948349,4,4,1,1.3333333333333333,0.4444444444444444,0.4444444444444444,0.1111111111111111
2023-10-02,15,0.45349731942017873,0.815093316634496,0.5563022011270126,0.10280488170683381,0.34089293243984375,9,4,2,1.0666666666666667,0.6,0.26666666666666666,0.13333333333333333
2023-10-03,16,-0.015543689427431659,0.7972554545849562,0.2974493028596043,0.31299299228703603,0.38955772446934134,4,7,5,1.25,0.25,0.4375,0.3125
2023-10-04,20,0.12057103426195678,0.8107798218727111,0.35413550478406247,0.23356447052210566,0.41230002441443503,8,8,4,1.0,0.4,0.4,0.2
2023-10-05,8,-0.09862800105474889,0.795359943062067,0.3029219033196568,0.4015499043744057,0.29552820371463895,2,3,3,1.25,0.25,0.375,0.375
2023-10-06,7,0.11503615350063356,0.6487671903201512,0.300024096720985,0.1849879432203514,0.5149879647152764,2,3,2,1.5714285714285714,0.2857142857142857,0.42857142857142855,0.2857142857142857
2023-10-07,13,0.19128025151216066,0.7344513489649847,0.34362989836014235,0.15234964684798163,0.5040204567978015,5,6,2,0.8461538461538461,0.38461538461538464,0.46153846153846156,0.15384615384615385
2023-10-08,4,0.0037174678873270472,0.79963119328022,0.10204312205314632,0.09832565416581925,0.79963119328022,0,4,0,1.25,0.0,1.0,0.0
2023-10-09,13,-0.018958576381779613,0.7877200383406419,0.3268022618901271,0.34576083827190673,0.32743689661415726,4,4,5,1.0769230769230769,0.3076923076923077,0.3076923076923077,0.38461538461538464
2023-10-10,10,0.14007799895480275,0.81899995803833,0.44559960179030894,0.3055216028355062,0.2488787798210978,5,2,3,0.6,0.5,0.2,0.3
2023-10-11,9,0.1554212218357457,0.8055041763517592,0.3879875962932904,0.23256637445754474,0.3794460023442904,4,3,2,1.0,0.4444444444444444,0.3333333333333333,0.2222222222222222
2023-10-12,12,-0.1054397301049903,0.8659657140572866,0.25623926023642213,0.36167899034141254,0.38208172920470435,3,5,4,0.8333333333333334,0.25,0.4166666666666667,0.3333333333333333
2023-10-13,11,0.03962100983004676,0.811556420542977,0.3261671335521069,0.2865461237220601,0.3872867351905866,4,4,3,1.1818181818181819,0.36363636363636365,0.36363636363636365,0.2727272727272727
2023-10-14,11,-0.285057167861272,0.7791017673232339,0.12399611757560208,0.4090532854368741,0.4669505953788757,0,6,5,1.0,0.0,0.5454545454545454,0.45454545454545453
2023-10-15,7,-0.49736376253089737,0.7653642211641584,0.14608198790145768,0.6434457504323551,0.21047227457165715,1,1,5,1.0,0.14285714285714285,0.14285714285714285,0.7142857142857143
2023-10-16,21,0.2542964510530943,0.8415577156203133,0.3640774768289356,0.10978102577584126,0.5261415032935994,8,11,2,1.0476190476190477,0.38095238095238093,0.5238095238095238,0.09523809523809523
2023-10-17,9,0.3660293359102474,0.8555244737201266,0.402851913538244,0.03682257762799656,0.5603254909316698,3,6,0,0.8888888888888888,0.3333333333333333,0.6666666666666666,0.0
2023-10-18,9,0.18716005784355932,0.7751766906844245,0.47590017567078274,0.2887401178272234,0.2353597178848253,5,1,3,0.4444444444444444,0.5555555555555556,0.1111111111111111,0.3333333333333333
2023-10-19,15,-0.0780271035929521,0.8384192665417989,0.32894358957807224,0.4069706931710243,0.26408570421238736,5,3,7,1.2,0.3333333333333333,0.2,0.4666666666666667
2023-10-20,10,0.10124137923121454,0.7893773734569549,0.40280063413083544,0.301559254899621,0.2956401210278273,4,3,3,1.0,0.4,0.3,0.3
2023-10-21,17,0.2731796689331531,0.8101973673876595,0.3742935562177616,0.10111388728460839,0.5245925613185939,5,11,1,0.35294117647058826,0.29411764705882354,0.6470588235294118,0.058823529411764705
2023-10-22,11,0.2468868156217716,0.8624932549216531,0.45398218235508964,0.20709536673331794,0.338922457261519,5,4,2,1.0909090909090908,0.45454545454545453,0.36363636363636365,0.18181818181818182
2023-10-23,23,0.2834439740475753,0.8042273482550746,0.4343381035344108,0.15089412948683548,0.4147677628080482,10,10,3,1.0,0.43478260869565216,0.43478260869565216,0.13043478260869565
2023-10-24,15,0.42171410666778686,0.782650093237559,0.5997197739779949,0.17800566731020803,0.2222745299339294,11,2,2,1.1333333333333333,0.7333333333333333,0.13333333333333333,0.13333333333333333
2023-10-25,12,0.24013223281751075,0.8565586109956106,0.4655224477561812,0.2253902149386703,0.3090873419617613,5,4,3,0.8333333333333334,0.4166666666666667,0.3333333333333333,0.25
2023-10-26,9,0.48154622554365134,0.7360408968395658,0.5922331164280573,0.110686890884406,0.2970799956884649,6,2,1,0.7777777777777778,0.6666666666666666,0.2222222222222222,0.1111111111111111
2023-10-27,13,0.4609179052237708,0.8258835352384127,0.5138412874478561,0.0529233822240852,0.4332353173253628,7,5,1,1.3846153846153846,0.5384615384615384,0.38461538461538464,0.07692307692307693
2023-10-28,11,0.4482468749311837,0.8613963668996637,0.4811292046850378,0.032882329753854,0.4859884557398882,5,6,0,1.0,0.45454545454545453,0.5454545454545454,0.0
2023-10-29,12,0.3619540456372003,0.8236950586239496,0.4884789784749348,0.12652493283773456,0.3849960947409272,6,4,2,0.75,0.5,0.3333333333333333,0.16666666666666666
2023-10-30,18,0.28408606647927725,0.7933500359455744,0.4362154950698216,0.15212942859054435,0.4116550601190991,7,7,4,1.2222222222222223,0.3888888888888889,0.3888888888888889,0.2222222222222222
2023-10-31,19,0.26352606963758407,0.8020624392911008,0.3855396373883674,0.1220135677507833,0.4924467968705453,6,12,1,0.631578947368421,0.3157894736842105,0.631578947368421,0.05263157894736842
2023-11-01,27,0.510263622014059,0.7927059696780311,0.6236289004208865,0.11336527840682749,0.2630058275880637,18,7,2,0.9259259259259259,0.6666666666666666,0.25925925925925924,0.07407407407407407
2023-11-02,26,0.3553929295605765,0.7903354993233314,0.5135268676452912,0.15813393808471465,0.32833918506422866,14,8,4,1.0769230769230769,0.5384615384615384,0.3076923076923077,0.15384615384615385
2023-11-03,27,0.4872268911589075,0.8334054858596237,0.5398114493323697,0.05258455817346216,0.4076039942188395,14,13,0,0.8518518518518519,0.5185185185185185,0.48148148148148145,0.0
2023-11-04,14,0.26935473942597,0.8495546536786216,0.40838539360889364,0.13903065418292362,0.45258395054510664,5,7,2,0.6428571428571429,0.35714285714285715,0.5,0.14285714285714285
2023-11-05,10,0.19678827649913727,0.8111543595790863,0.4339157622307539,0.23712748573161657,0.3289567500352859,5,3,2,1.6,0.5,0.3,0.2
2023-11-06,16,0.23754457689938135,0.7683748155832291,0.4199283244088292,0.1823837475094478,0.39768791722599417,6,7,3,1.125,0.375,0.4375,0.1875
2023-11-07,28,0.6929993534826541,0.849817618727684,0.7632005103597683,0.07020115687711424,0.16659832852227344,25,2,1,1.0357142857142858,0.8928571428571429,0.07142857142857142,0.03571428571428571
2023-11-08,34,0.2550603649715948,0.8020741737940732,0.442372841267463,0.18731247629586822,0.37031468505258947,15,13,6,1.1176470588235294,0.4411764705882353,0.38235294117647056,0.17647058823529413
2023-11-09,24,0.35544024989940226,0.837019570171833,0.5096980706633379,0.1542578207639356,0.3360441184292237,13,8,3,1.4583333333333333,0.5416666666666666,0.3333333333333333,0.125
2023-11-10,19,0.5165090570226312,0.8680878030626398,0.6426135767251253,0.1261045197024941,0.23128187622090698,13,4,2,1.4210526315789473,0.6842105263157895,0.21052631578947367,0.10526315789473684
2023-11-11,16,0.389730891387444,0.8136318363249302,0.5317252385430038,0.14199434715555978,0.32628040527924895,9,5,2,0.8125,0.5625,0.3125,0.125
2023-11-12,19,0.5120291244238615,0.8648177353959334,0.589035672380736,0.07700654795687446,0.3339577761331671,11,7,1,1.4210526315789473,0.5789473684210527,0.3684210526315789,0.05263157894736842
2023-11-13,31,0.07577024646584064,0.77770142882101,0.3736402672985869,0.2978700208327462,0.32848970808329114,12,10,9,0.9354838709677419,0.3870967741935484,0.3225806451612903,0.2903225806451613
2023-11-14,26,0.3248020687964387,0.8220863365210019,0.47546824236185503,0.15066617356541634,0.3738655810459302,13,9,4,1.0384615384615385,0.5,0.34615384615384615,0.15384615384615385
2023-11-15,23,0.40987264863012923,0.7854909391506858,0.5453704024624565,0.13549775383232723,0.31913183451346727,13,6,4,1.0869565217391304,0.5652173913043478,0.2608695652173913,0.17391304347826086
2023-11-16,24,0.3781691858312115,0.7889538755019506,0.5277345487847924,0.1495653629535809,0.3227000917152812,15,6,3,1.0,0.625,0.25,0.125
2023-11-17,22,0.42949095903895795,0.8403787856752222,0.5760899704288353,0.14659901138987727,0.27731102180074557,14,5,3,0.8636363636363636,0.6363636363636364,0.22727272727272727,0.13636363636363635
2023-11-18,16,0.12701880882377733,0.8315051347017288,0.2944111318793147,0.16739232305553736,0.538196548470296,4,10,2,0.9375,0.25,0.625,0.125
2023-11-19,11,0.3394709013995122,0.7893927991390228,0.4577826391905546,0.1183117377910424,0.42390563135797327,5,4,2,1.0,0.45454545454545453,0.36363636363636365,0.18181818181818182
2023-11-20,21,0.36681285021560533,0.8016582429409027,0.5231398461120469,0.15632699589644156,0.32053314929916743,12,6,3,1.3333333333333333,0.5714285714285714,0.2857142857142857,0.14285714285714285
2023-11-21,21,0.23762418950597444,0.8535939341499692,0.402192537628469,0.16456834812249452,0.4332391182404189,8,10,3,1.1904761904761905,0.38095238095238093,0.47619047619047616,0.14285714285714285
2023-11-22,19,0.18699895198407926,0.7487978652903908,0.35980498530950983,0.17280603332543057,0.46738899754066215,5,12,2,0.9473684210526315,0.2631578947368421,0.631578947368421,0.10526315789473684
2023-11-23,19,0.42448339851475075,0.7984567912001359,0.5757562008833415,0.15127280236859067,0.2729709925816247,11,6,2,1.0526315789473684,0.5789473684210527,0.3157894736842105,0.10526315789473684
2023-11-24,23,0.1962712095726443,0.7781018200127975,0.42000720880763687,0.2237359992349925,0.35625679248377035,11,8,4,1.0869565217391304,0.4782608695652174,0.34782608695652173,0.17391304347826086
2023-11-25,17,0.1749836717020063,0.7747349809197819,0.3273523457567481,0.1523686740547418,0.5202789782162975,6,9,2,1.0,0.35294117647058826,0.5294117647058824,0.11764705882352941
2023-11-26,16,0.2927059915091377,0.8429691568017006,0.523970537353307,0.2312645458441693,0.24476490326924247,10,2,4,1.0,0.625,0.125,0.25
2023-11-27,25,0.19632079884409903,0.8410363531112671,0.4168971716612577,0.22057637281715867,0.3625264443457127,10,10,5,1.2,0.4,0.4,0.2
2023-11-28,26,0.140868234483955,0.7894127437701592,0.33968245861335444,0.1988142241293994,0.46150330744253903,7,14,5,1.3076923076923077,0.2692307692307692,0.5384615384615384,0.19230769230769232
2023-11-29,18,0.1678461211009158,0.8473412957456377,0.41562787500313586,0.24778175390222001,0.33659035412387717,8,6,4,1.4444444444444444,0.4444444444444444,0.3333333333333333,0.2222222222222222
2023-11-30,21,0.1921889891936665,0.7743813140051705,0.3973165239163098,0.2051275347226432,0.3975559375470593,10,7,4,1.1428571428571428,0.47619047619047616,0.3333333333333333,0.19047619047619047
2023-12-01,21,0.21445002783799455,0.8616852845464434,0.44167445032369523,0.22722442248570063,0.33110112280008336,9,7,5,1.4761904761904763,0.42857142857142855,0.3333333333333333,0.23809523809523808
2023-12-02,10,0.6737038539722562,0.8716473340988159,0.7153074994683266,0.04160364549607034,0.24308884162455793,8,2,0,1.3,0.8,0.2,0.0
2023-12-03,14,0.24406164172770722,0.7916362243039268,0.35817623883485794,0.11411459710715068,0.5277091671845743,4,9,1,0.8571428571428571,0.2857142857142857,0.6428571428571429,0.07142857142857142
2023-12-04,17,0.5206343651037005,0.8453277454656714,0.6047455171013579,0.08411115199765733,0.3111433418577208,12,4,1,1.1176470588235294,0.7058823529411765,0.23529411764705882,0.058823529411764705
2023-12-05,17,0.3938881265109076,0.8202276685658623,0.459139224689673,0.06525109817876532,0.4756096822812277,7,9,1,1.2352941176470589,0.4117647058823529,0.5294117647058824,0.058823529411764705
2023-12-06,20,0.5025158206000924,0.84086973965168,0.6040483535267412,0.10153253292664881,0.29441910567693413,13,5,2,1.0,0.65,0.25,0.1
2023-12-07,16,0.44301741450908594,0.7903119251132011,0.5401781125692651,0.09716069806017909,0.3626611870713532,8,7,1,1.4375,0.5,0.4375,0.0625
2023-12-08,5,0.3789412540383637,0.8974047183990479,0.5852206805720925,0.2062794265337288,0.20849991589784622,3,1,1,1.0,0.6,0.2,0.2
2023-12-09,6,0.6537139552334944,0.7425831804672877,0.7270335704088211,0.07331961517532662,0.1996468091383576,5,0,1,0.8333333333333334,0.8333333333333334,0.0,0.16666666666666666
2023-12-10,6,0.7218612528716525,0.7999164859453837,0.7999164859453837,0.07805523307373123,0.12202827818691726,6,0,0,0.8333333333333334,1.0,0.0,0.0
2023-12-11,5,0.11044372525066135,0.8070732235908509,0.26833687052130695,0.15789314527064557,0.5737699650228023,1,3,1,0.6,0.2,0.6,0.2
2023-12-12,6,-0.08797554951161145,0.8302470544974009,0.35026709735393524,0.43824264686554665,0.21149025795360402,2,1,3,0.6666666666666666,0.3333333333333333,0.16666666666666666,0.5
2023-12-13,7,0.11751723329403567,0.8186186637197223,0.28193653547870257,0.16441930218466688,0.5536441563495568,1,5,1,1.5714285714285714,0.14285714285714285,0.7142857142857143,0.14285714285714285
2023-12-14,1,0.6103748483583331,0.6237152218818665,0.6237152218818665,0.0133403735235333,0.3629444539546966,1,0,0,2.0,1.0,0.0,0.0
2023-12-15,4,0.28815238061361015,0.6665708273649216,0.4597363816574216,0.1715840010438114,0.36867966782301664,2,1,1,0.75,0.5,0.25,0.25
2023-12-16,5,0.2149323455989361,0.760125744342804,0.34352607280015945,0.12859372720122333,0.5278802186250686,2,2,1,0.4,0.4,0.4,0.2
2023-12-17,3,-0.03674906243880589,0.6051315565903982,0.18743775039911267,0.22418681283791855,0.5883753995100657,0,2,1,1.3333333333333333,0.0,0.6666666666666666,0.3333333333333333
2023-12-18,13,-0.23390516681739917,0.8578594281123235,0.2647778802336408,0.49868304705104005,0.23653906555129928,3,3,7,0.8461538461538461,0.23076923076923078,0.23076923076923078,0.5384615384615384
2023-12-19,9,0.4555219778170188,0.7861991392241584,0.5024968890680207,0.04697491125100183,0.45052820278538597,4,5,0,0.7777777777777778,0.4444444444444444,0.5555555555555556,0.0
2023-12-20,8,0.3118240186595358,0.8456411883234978,0.4442375445505604,0.13241352589102456,0.42334892274811864,3,4,1,1.25,0.375,0.5,0.125
2023-12-21,6,0.3364413764017324,0.7813914914925894,0.4240777113785346,0.08763633497680222,0.48828594014048576,2,4,0,1.3333333333333333,0.3333333333333333,0.6666666666666666,0.0
2023-12-22,9,0.4018081681181987,0.8049600852860345,0.5770510708292326,0.17524290271103374,0.2477060316337479,5,2,2,1.2222222222222223,0.5555555555555556,0.2222222222222222,0.2222222222222222
2023-12-23,9,0.6785177476704121,0.815393070379893,0.7046994575195842,0.026181709849172112,0.2691188413235876,6,3,0,1.0,0.6666666666666666,0.3333333333333333,0.0
2023-12-24,9,0.417614980497294,0.8925277723206414,0.6357963282821907,0.21818134778489667,0.14602231751713485,6,1,2,1.4444444444444444,0.6666666666666666,0.1111111111111111,0.2222222222222222
2023-12-25,3,0.8932268004864454,0.9063953359921774,0.9063953359921774,0.013168535505731866,0.08043612539768216,3,0,0,0.0,1.0,0.0,0.0
2023-12-26,7,0.2674731968769005,0.8231508987290519,0.42414671874472065,0.15667352186782016,0.4191797809409244,3,3,1,0.7142857142857143,0.42857142857142855,0.42857142857142855,0.14285714285714285
2023-12-27,3,-0.10186645667999987,0.8180332183837891,0.342150492593646,0.4440169492736458,0.21383256341020263,1,1,1,0.6666666666666666,0.3333333333333333,0.3333333333333333,0.3333333333333333
2023-12-28,7,0.23852878423141582,0.9007916109902518,0.5393741839964475,0.30084539976503166,0.15978040519569597,4,1,2,0.8571428571428571,0.5714285714285714,0.14285714285714285,0.2857142857142857
2023-12-29,4,0.6851212764158845,0.7372868061065674,0.7107455283403397,0.025624251924455128,0.26363022066652775,3,1,0,1.0,0.75,0.25,0.0
2023-12-30,11,0.519439298405566,0.8254419348456643,0.6460592706095089,0.12661997220394283,0.22732076726176517,7,3,1,1.1818181818181819,0.6363636363636364,0.2727272727272727,0.09090909090909091
2023-12-31,2,0.5704822083935142,0.6946956217288971,0.5798283070325851,0.00934609863907095,0.4108256548643112,1,1,0,2.0,0.5,0.5,0.0
2024-01-01,4,0.4799512710887939,0.8008392751216888,0.5290303602814674,0.04907908919267352,0.42189054656773806,2,2,0,1.25,0.5,0.5,0.0
2024-01-02,3,0.592075981820623,0.7591335773468018,0.7398384610811869,0.1477624792605638,0.11239904786149657,2,0,1,1.3333333333333333,0.6666666666666666,0.0,0.3333333333333333
2024-01-03,8,-0.17600712599232793,0.8772713169455528,0.2721542700892314,0.44816139608155936,0.27968429657630617,2,2,4,0.875,0.25,0.25,0.5
2024-01-04,5,0.5127667954191566,0.7665976762771607,0.5301801890134812,0.01741339359432452,0.4524064287543297,3,2,0,2.0,0.6,0.4,0.0
2024-01-05,7,-0.1940928943056081,0.8379618184907096,0.10786161897704002,0.30195451328264816,0.5901839155703783,0,5,2,1.2857142857142858,0.0,0.7142857142857143,0.2857142857142857
2024-01-06,7,0.7201831825077534,0.8796989492007664,0.75422970152327,0.034046519015516495,0.2117237845169646,6,1,0,0.8571428571428571,0.8571428571428571,0.14285714285714285,0.0
2024-01-07,4,-0.07211026828736064,0.6825701743364334,0.39027762040495867,0.4623878886923194,0.14733448298647994,1,0,3,0.5,0.25,0.0,0.75
2024-01-08,5,0.39782229363918303,0.8316327333450317,0.5452988997101783,0.1474766060709953,0.3072245370596647,3,1,1,0.4,0.6,0.2,0.2
2024-01-09,6,0.15220899414271116,0.8268956542015076,0.23855354140202203,0.08634454725931084,0.6751019091655811,1,5,0,1.1666666666666667,0.16666666666666666,0.8333333333333334,0.0
2024-01-10,21,-0.14750732122255222,0.8267139622143337,0.18369089745517286,0.3311982186777251,0.4851108742434354,3,11,7,0.47619047619047616,0.14285714285714285,0.5238095238095238,0.3333333333333333
2024-01-11,11,0.5047152143141086,0.8066925569014116,0.5330622978508472,0.028347083536738635,0.4385906288569624,7,4,0,0.7272727272727273,0.6363636363636364,0.36363636363636365,0.0
2024-01-12,11,0.4087584890763868,0.8343714421445673,0.6063569691878828,0.19759848011149597,0.19604456001384687,8,1,2,1.0,0.7272727272727273,0.09090909090909091,0.18181818181818182
2024-01-13,9,0.07096690612120758,0.7992789480421278,0.4028088493893544,0.33184194326814676,0.2653491861290401,4,2,3,1.1111111111111112,0.4444444444444444,0.2222222222222222,0.3333333333333333
2024-01-14,8,-0.14756959513761103,0.716979119926691,0.2599980642553419,0.4075676593929529,0.3324342886917293,3,2,3,1.0,0.375,0.25,0.375
2024-01-15,3,-0.5026749167591333,0.7092080513636271,0.0683165298153956,0.570991446574529,0.36069202919801074,0,1,2,0.3333333333333333,0.0,0.3333333333333333,0.6666666666666666
2024-01-16,12,0.09679259666396926,0.7554911325375239,0.3871446606547882,0.2903520639908189,0.3225032704261442,4,4,4,1.4166666666666667,0.3333333333333333,0.3333333333333333,0.3333333333333333
2024-01-17,9,-0.13256790416522163,0.7895858287811279,0.13768028943902913,0.27024819360425073,0.5920715154045157,1,6,2,0.5555555555555556,0.1111111111111111,0.6666666666666666,0.2222222222222222
2024-01-18,14,0.05959375452117196,0.8092598702226367,0.32713959558999967,0.2675458410688276,0.4053145458123514,4,6,4,0.9285714285714286,0.2857142857142857,0.42857142857142855,0.2857142857142857
2024-01-19,9,0.08794839431842166,0.78194969230228,0.3550826356642776,0.26713424134585595,0.3777831536200311,4,3,2,1.2222222222222223,0.4444444444444444,0.3333333333333333,0.2222222222222222
2024-01-20,11,-0.17669534505429593,0.8221527283841913,0.24939096786759113,0.42608631292188703,0.32452271827919915,3,3,5,0.7272727272727273,0.2727272727272727,0.2727272727272727,0.45454545454545453
2024-01-21,13,0.5445984860595602,0.8287619994236872,0.6264887081029323,0.08189022204337207,0.29162105745994127,9,3,1,0.9230769230769231,0.6923076923076923,0.23076923076923078,0.07692307692307693
2024-01-22,8,-0.008733746013604111,0.7966945245862007,0.3374949977733194,0.3462287437869236,0.31627625320106745,3,2,3,0.625,0.375,0.25,0.375
2024-01-23,5,0.2917402293533087,0.7018483281135559,0.4271441824734211,0.13540395312011239,0.4374518506228924,2,2,1,0.4,0.4,0.4,0.2
2024-01-24,2,0.2616293234750628,0.7114661931991577,0.27508155629038805,0.013452232815325201,0.7114661931991577,0,2,0,0.5,0.0,1.0,0.0
2024-01-25,6,0.07383756199851631,0.7072065869967142,0.3248596116900444,0.2510220496915281,0.42411836485068005,2,3,1,0.6666666666666666,0.3333333333333333,0.5,0.16666666666666666
2024-01-26,4,-0.17664209846407178,0.895696371793747,0.2894827886484563,0.4661248871125281,0.24439230840653176,1,1,2,0.75,0.25,0.25,0.5
2024-01-27,6,0.0856756620729963,0.8331716557343801,0.39991782885044813,0.31424216677745176,0.285840043798089,2,2,2,1.1666666666666667,0.3333333333333333,0.3333333333333333,0.3333333333333333
2024-01-28,7,0.39252632457230774,0.8880666579519,0.553526290825435,0.16099996625312735,0.28547375383121626,4,2,1,1.2857142857142858,0.5714285714285714,0.2857142857142857,0.14285714285714285
2024-01-29,5,0.18310053665190934,0.774014163017273,0.4659287087619305,0.2828281721100211,0.25124309509992593,2,2,1,1.0,0.4,0.4,0.2
2024-01-30,10,0.3476096708327532,0.7828808188438415,0.4861526805907488,0.13854300975799555,0.3753042861819267,5,4,1,1.3,0.5,0.4,0.1
2024-01-31,5,0.36321425512433053,0.813350522518158,0.5689857425168157,0.2057714873924851,0.225242755562067,3,1,1,1.0,0.6,0.2,0.2
2024-02-01,3,0.25360837827126187,0.8195785880088806,0.3378624692559242,0.08425409098466234,0.5778834546605746,1,2,0,1.3333333333333333,0.3333333333333333,0.6666666666666666,0.0
2024-02-02,5,0.08555936738848688,0.7903453707695007,0.3889887418597936,0.3034293744713068,0.30758186727762216,2,1,2,0.4,0.4,0.2,0.4
2024-02-03,5,0.3291355162858963,0.7750882029533386,0.4598481200635433,0.13071260377764699,0.4094392918050289,2,2,1,1.0,0.4,0.4,0.2
2024-02-04,6,0.4221609034575522,0.7954046229521433,0.4666478695968787,0.044486966139326435,0.488865169386069,3,3,0,0.8333333333333334,0.5,0.5,0.0
2024-02-05,7,-0.08032814160521543,0.819455053125109,0.2292370750967945,0.3095652167020099,0.46119772642850876,2,3,2,0.8571428571428571,0.2857142857142857,0.42857142857142855,0.2857142857142857
2024-02-06,13,-0.6383650206172695,0.8981728324523339,0.08099318718394402,0.7193582078012136,0.19964860150447256,1,2,10,0.9230769230769231,0.07692307692307693,0.15384615384615385,0.7692307692307693
2024-02-07,4,-0.10947010375093669,0.848279744386673,0.37851950735785067,0.4879896111087873,0.13349088327959174,2,0,2,1.0,0.5,0.0,0.5
2024-02-08,6,0.4441165480141838,0.732255424062411,0.5336089233557383,0.08949237534155445,0.37689870844284695,2,3,1,1.5,0.3333333333333333,0.5,0.16666666666666666
2024-02-09,12,0.3413936727059384,0.7916481792926788,0.4819782270739476,0.14058455436800912,0.37743723423530656,6,5,1,1.4166666666666667,0.5,0.4166666666666667,0.08333333333333333
2024-02-10,7,0.14027103422475712,0.8909339904785156,0.3976800050586462,0.2574089708338891,0.3449109925755432,3,2,2,0.8571428571428571,0.42857142857142855,0.2857142857142857,0.2857142857142857
2024-02-11,6,0.5273961348769566,0.79746742049853,0.6116486918181181,0.0842525569411615,0.3040987489124139,4,2,0,1.3333333333333333,0.6666666666666666,0.3333333333333333,0.0
2024-02-12,5,0.47879152223467825,0.7692505478858948,0.5327816933393478,0.05399017110466954,0.41322812587022784,3,2,0,1.4,0.6,0.4,0.0
2024-02-13,5,0.4285187967121601,0.7155541598796844,0.5969967007637024,0.16847790405154223,0.23452540338039393,3,2,0,1.0,0.6,0.4,0.0
2024-02-14,10,0.4474294701125473,0.8256332457065583,0.6011207293719053,0.153691259259358,0.24518801867961879,7,1,2,1.2,0.7,0.1,0.2
2024-02-15,7,0.5571511610011969,0.7806331515312195,0.5885211830692632,0.0313700220680662,0.3801087886095047,5,2,0,1.1428571428571428,0.7142857142857143,0.2857142857142857,0.0
2024-02-16,10,0.5931515284813941,0.7321406006813049,0.6262004688382149,0.03304894035682078,0.3407506052404642,7,3,0,0.8,0.7,0.3,0.0
2024-02-17,7,0.7568025865725109,0.8094007883753095,0.7705912462302617,0.013788659657750743,0.21562012763960017,6,1,0,1.1428571428571428,0.8571428571428571,0.14285714285714285,0.0
2024-02-18,10,0.600844512367621,0.8770044207572937,0.6481085050851106,0.04726399271748956,0.3046275088563561,7,3,0,1.3,0.7,0.3,0.0
2024-02-19,12,0.5449104121265312,0.8889065633217493,0.6427818665591379,0.09787145443260668,0.2593466839753091,8,3,1,0.9166666666666666,0.6666666666666666,0.25,0.08333333333333333
2024-02-20,9,0.16240814069492948,0.7592736879984537,0.35258240708046484,0.19017426638553536,0.45724333119061256,2,5,2,1.1111111111111112,0.2222222222222222,0.5555555555555556,0.2222222222222222
2024-02-21,4,-0.49638052959926426,0.8094857782125473,0.03144699684344227,0.5278275264427066,0.4407254997640848,0,2,2,0.5,0.0,0.5,0.5
2024-02-22,10,0.24217268843203782,0.7187170207500457,0.3588515797629952,0.11667889133095737,0.5244695141911506,4,5,1,1.2,0.4,0.5,0.1
2024-02-23,12,0.04474440217018127,0.7842178146044413,0.3126233044701318,0.2678789022999505,0.4194977606336276,4,5,3,1.3333333333333333,0.3333333333333333,0.4166666666666667,0.25
2024-02-24,10,0.4100415678229183,0.732701775431633,0.4880889136344194,0.0780473458115011,0.43386375717818737,6,3,1,0.7,0.6,0.3,0.1
2024-02-25,5,0.5807212047278881,0.8521212220191956,0.6162058800458908,0.03548467531800264,0.3483094550669193,3,2,0,0.2,0.6,0.4,0.0
2024-02-26,10,0.07542809201404452,0.843262666463852,0.3455637272447347,0.2701356352306902,0.38430066369473936,3,4,3,1.1,0.3,0.4,0.3
2024-02-27,11,0.7051447284492579,0.8745270317251032,0.724541995335709,0.01939726688645097,0.2560607450590892,9,2,0,1.0,0.8181818181818182,0.18181818181818182,0.0
2024-02-28,10,0.6383019907400012,0.8170208036899567,0.7279872015118599,0.08968521077185866,0.1823275823146104,8,1,1,0.8,0.8,0.1,0.1
2024-02-29,11,0.4163984724066474,0.8033185492862355,0.4572422511198304,0.040843778713182906,0.5019139725376259,5,6,0,1.2727272727272727,0.45454545454545453,0.5454545454545454,0.0
2024-03-01,7,-0.004638322895126715,0.7971102510179792,0.3668488872104457,0.37148721010557234,0.26166388685149805,3,1,3,0.42857142857142855,0.42857142857142855,0.14285714285714285,0.42857142857142855
2024-03-02,10,0.5490525260567665,0.8614064991474152,0.6029112106189132,0.0538586845621466,0.34323011375963686,6,4,0,1.2,0.6,0.4,0.0
2024-03-03,5,0.32945902831852436,0.8049776673316955,0.5376835126429796,0.20822448432445523,0.2540920168161392,3,1,1,1.0,0.6,0.2,0.2
2024-03-04,12,0.45039203980316717,0.745267778635025,0.5318373621751865,0.08144532237201925,0.3867172839430471,7,4,1,1.0,0.5833333333333334,0.3333333333333333,0.08333333333333333
2024-03-05,11,0.37862886691635306,0.7371774559671228,0.43784993243488396,0.05922106551853088,0.5029289974746379,3,8,0,1.0,0.2727272727272727,0.7272727272727273,0.0
2024-03-06,9,0.3505559506722622,0.803246451748742,0.37271208854185206,0.022156137869589813,0.6051317966646619,2,7,0,1.6666666666666667,0.2222222222222222,0.7777777777777778,0.0
2024-03-07,13,0.41943514805573684,0.8067235809106094,0.5062697383646781,0.08683459030894128,0.4068956704666981,6,6,1,1.1538461538461537,0.46153846153846156,0.46153846153846156,0.07692307692307693
2024-03-08,18,0.4995510552285446,0.8069834080007341,0.5373641154211428,0.0378130601925982,0.42482283173335916,10,8,0,1.2222222222222223,0.5555555555555556,0.4444444444444444,0.0
2024-03-09,5,0.5664011649787426,0.9185547351837158,0.5970954209566116,0.030694255977869,0.372210331261158,3,2,0,1.2,0.6,0.4,0.0
2024-03-10,10,0.3590448427945375,0.7611501395702363,0.4405037652701139,0.08145892247557635,0.4780373275279999,5,5,0,1.4,0.5,0.5,0.0
2024-03-11,18,0.3001616684099038,0.8533986078368293,0.3744893355502022,0.07432766714029837,0.5511829944120513,6,11,1,0.8333333333333334,0.3333333333333333,0.6111111111111112,0.05555555555555555
2024-03-12,15,0.587716971958677,0.8113450944423676,0.6575725550452868,0.0698555830866098,0.27257187416156126,11,3,1,1.3333333333333333,0.7333333333333333,0.2,0.06666666666666667
2024-03-13,19,0.6392771993812761,0.7963267000097978,0.6902731835449997,0.05099598416372346,0.2587308238603566,15,3,1,1.263157894736842,0.7894736842105263,0.15789473684210525,0.05263157894736842
2024-03-14,13,0.06628087965341713,0.7846295879437373,0.4330555863965016,0.3667747067430845,0.20016971130210617,7,2,4,0.7692307692307693,0.5384615384615384,0.15384615384615385,0.3076923076923077
2024-03-15,18,0.02971331133610671,0.8006600009070503,0.28803556334848207,0.25832225201237535,0.4536421963324149,4,9,5,1.1111111111111112,0.2222222222222222,0.5,0.2777777777777778
2024-03-16,6,0.3997994268623491,0.8667441109816233,0.6014047597224513,0.20160533286010218,0.19698990943531192,4,1,1,0.6666666666666666,0.6666666666666666,0.16666666666666666,0.16666666666666666
2024-03-17,13,0.3837797121288112,0.8508861706807063,0.5656652778673631,0.18188556573855186,0.25244916903858,8,3,2,0.38461538461538464,0.6153846153846154,0.23076923076923078,0.15384615384615385
2024-03-18,13,0.392179736115325,0.8258417432124798,0.48636095548191893,0.09418121936659395,0.4194578201724933,7,5,1,0.3076923076923077,0.5384615384615384,0.38461538461538464,0.07692307692307693
2024-03-19,11,0.277489342726767,0.8154662955891002,0.389670110815628,0.11218076808886089,0.4981491304934025,3,7,1,1.1818181818181819,0.2727272727272727,0.6363636363636364,0.09090909090909091
2024-03-20,15,-0.04347773430248101,0.8248840649922689,0.18260551840066908,0.22608325270315008,0.5913112377127011,2,10,3,1.0666666666666667,0.13333333333333333,0.6666666666666666,0.2
2024-03-21,12,0.20924675251202038,0.7873933240771294,0.4001295818015933,0.1908828292895729,0.40898756807049114,5,5,2,0.75,0.4166666666666667,0.4166666666666667,0.16666666666666666
2024-03-22,9,-0.10796464524335331,0.7873589131567214,0.3047241488885548,0.4126887941319081,0.28258704456190264,2,2,5,0.8888888888888888,0.2222222222222222,0.2222222222222222,0.5555555555555556
2024-03-23,7,0.4304690388297396,0.7781720757484436,0.5492424281047923,0.11877338927505268,0.3319841516869409,4,2,1,1.1428571428571428,0.5714285714285714,0.2857142857142857,0.14285714285714285
2024-03-24,4,0.7285955077968538,0.9059432446956635,0.7430284805595875,0.01443297276273365,0.24253851873800156,3,1,0,0.5,0.75,0.25,0.0
2024-03-25,9,0.604017967875633,0.8496156533559164,0.690277551404304,0.08625958352867097,0.22346287924382416,7,1,1,0.8888888888888888,0.7777777777777778,0.1111111111111111,0.1111111111111111
2024-03-26,14,0.11869446061817661,0.7582548175539289,0.3443324909146343,0.22563803029645763,0.43002947034048183,6,5,3,1.2142857142857142,0.42857142857142855,0.35714285714285715,0.21428571428571427
2024-03-27,13,0.1823464284579341,0.78646032168315,0.34575942559884143,0.1634129971409073,0.4908275813437425,5,6,2,0.9230769230769231,0.38461538461538464,0.46153846153846156,0.15384615384615385
2024-03-28,13,0.4055454396427824,0.8022425770759583,0.48834117860175097,0.08279573895896851,0.4288630817945187,6,6,1,1.0,0.46153846153846156,0.46153846153846156,0.07692307692307693
2024-03-29,7,0.3581350634672812,0.8215300525937762,0.5078195583607469,0.14968449489346572,0.34249594647969517,3,3,1,0.7142857142857143,0.42857142857142855,0.42857142857142855,0.14285714285714285
2024-03-30,5,0.3233900820836425,0.7871350526809693,0.5109494846314192,0.18755940254777664,0.3014911197125911,3,1,1,1.2,0.6,0.2,0.2
2024-03-31,4,-0.11757343262434003,0.7901091575622559,0.24223259836435312,0.35980603098869324,0.39796133339405054,1,1,2,1.0,0.25,0.25,0.5
2024-04-01,6,0.5236377826270958,0.6970850179592768,0.6150961990157763,0.0914584163886805,0.29344538288811844,4,1,1,1.3333333333333333,0.6666666666666666,0.16666666666666666,0.16666666666666666
2024-04-02,5,-0.12192711308598521,0.8805606126785278,0.23959646448493,0.36152357757091524,0.3988799408078193,1,2,2,0.8,0.2,0.4,0.4
2024-04-03,12,0.15088780713267622,0.7592336758971214,0.36171594355255365,0.21082813641987738,0.42745593283325434,4,5,3,0.5,0.3333333333333333,0.4166666666666667,0.25
2024-04-04,9,0.5705169039881892,0.7525294224421183,0.583958763215277,0.01344185922708771,0.40259937900635934,7,2,0,0.6666666666666666,0.7777777777777778,0.2222222222222222,0.0
2024-04-05,21,-0.034455229483899626,0.8074537104084378,0.2956960312578649,0.33015126074176454,0.37415269850974986,8,6,7,0.7142857142857143,0.38095238095238093,0.2857142857142857,0.3333333333333333
2024-04-06,12,-0.09219424465360739,0.8023638874292374,0.2929488448426127,0.38514308949622017,0.3219080568912129,3,3,6,0.6666666666666666,0.25,0.25,0.5
2024-04-07,10,0.27053248481824993,0.8191558420658112,0.5030854281038046,0.2325529432855546,0.26436162684112785,6,2,2,0.7,0.6,0.2,0.2
2024-04-08,16,0.27269411404267885,0.8079142868518829,0.44028830621391535,0.16759419217123647,0.39211749727837736,7,6,3,0.5,0.4375,0.375,0.1875
2024-04-09,6,0.2658051170098285,0.7870519409577051,0.4996723228444655,0.23386720583463705,0.2664604615420103,3,1,2,1.0,0.5,0.16666666666666666,0.3333333333333333
2024-04-10,14,0.09661966163132872,0.8482412568160466,0.4549415359007461,0.35832187426941736,0.18673658237925594,6,2,6,1.2857142857142858,0.42857142857142855,0.14285714285714285,0.42857142857142855
2024-04-11,9,0.2905190922837291,0.7915387683444552,0.5169357010163367,0.22641660873260758,0.256647710998853,5,2,2,0.5555555555555556,0.5555555555555556,0.2222222222222222,0.2222222222222222
2024-04-12,14,0.26710511311622603,0.7085532205445426,0.4307578720285424,0.16365275891231632,0.40558938116633464,4,8,2,1.5,0.2857142857142857,0.5714285714285714,0.14285714285714285
2024-04-13,7,-0.4636883295274207,0.8534928900854928,0.17349448826696187,0.6371828177943826,0.18932269433779372,1,1,5,1.1428571428571428,0.14285714285714285,0.14285714285714285,0.7142857142857143
2024-04-14,8,0.26724720670608804,0.8065335378050804,0.46396436262875795,0.1967171559226699,0.3393184863962233,4,3,1,1.125,0.5,0.375,0.125
2024-04-15,19,0.3173252743619837,0.7719466184314928,0.44090851641407136,0.12358324205208761,0.43550825903290197,7,10,2,1.0526315789473684,0.3684210526315789,0.5263157894736842,0.10526315789473684
2024-04-16,12,0.20425307913683355,0.8561263084411621,0.4677099632875373,0.26345688415070373,0.2688331759224335,6,3,3,0.8333333333333334,0.5,0.25,0.25
2024-04-17,9,-0.016099261740843442,0.7809677322705587,0.25437182074205744,0.27047108248290086,0.47515709946552914,2,5,2,0.4444444444444444,0.2222222222222222,0.5555555555555556,0.2222222222222222
2024-04-18,16,0.37766710354480887,0.7957938201725483,0.4297787758987397,0.05211167235393073,0.5181095479056239,6,9,1,0.8125,0.375,0.5625,0.0625
2024-04-19,13,0.2082198842500265,0.8464498932545002,0.4761092442159469,0.26788935996592045,0.2560014031254328,6,3,4,0.6923076923076923,0.46153846153846156,0.23076923076923078,0.3076923076923077
2024-04-20,13,0.26044341334356713,0.7406965677554791,0.42836807825817513,0.16792466491460797,0.4037072611256287,7,4,2,1.0,0.5384615384615384,0.3076923076923077,0.15384615384615385
2024-04-21,16,0.38145590061321855,0.8015803769230843,0.4910887038568035,0.10963280324358488,0.399278481840156,8,7,1,1.0625,0.5,0.4375,0.0625
2024-04-22,9,0.3113743496230907,0.8853175375196668,0.5755920010722345,0.26421765144914383,0.16019033371574343,6,1,2,1.0,0.6666666666666666,0.1111111111111111,0.2222222222222222
2024-04-23,8,0.3153246882138774,0.7736235037446022,0.4756144325947389,0.16028974438086147,0.3640958259347826,3,4,1,1.125,0.375,0.5,0.125
2024-04-24,16,0.17843432776862753,0.7771334666758776,0.3416546859079972,0.16322035813936958,0.49512496683746576,6,8,2,0.875,0.375,0.5,0.125
2024-04-25,6,0.04329313958684603,0.8533105353514353,0.34595921418319137,0.30266607459634537,0.3513747062534094,2,2,2,1.6666666666666667,0.3333333333333333,0.3333333333333333,0.3333333333333333
2024-04-26,9,0.4684861077823573,0.8440678715705872,0.5993692688643932,0.1308831610820359,0.26974756953616935,5,3,1,1.1111111111111112,0.5555555555555556,0.3333333333333333,0.1111111111111111
2024-04-27,7,-0.3247772163844535,0.8675620044980731,0.08918083405920432,0.41395805044365774,0.4968611087117876,0,4,3,1.2857142857142858,0.0,0.5714285714285714,0.42857142857142855
2024-04-28,4,0.6256835588719696,0.8691540062427521,0.6571263168007135,0.03144275792874393,0.3114308919757604,3,1,0,1.25,0.75,0.25,0.0
2024-04-29,5,0.1679600310511887,0.883937394618988,0.3706711636856198,0.20271113263443108,0.42661770395934584,2,2,1,1.2,0.4,0.4,0.2
2024-04-30,8,-0.09150939539540558,0.7973238676786423,0.32516290817875415,0.41667230357415974,0.25816480233334005,3,2,3,0.875,0.375,0.25,0.375
2024-05-01,5,-0.24026196952909232,0.9173198461532592,0.35474567096680404,0.5950076404958963,0.05024665407836432,2,0,3,1.0,0.4,0.0,0.6
2024-05-02,6,0.38876208756119013,0.864840547243754,0.5632812399417162,0.17451915238052604,0.26219960240026313,4,1,1,0.5,0.6666666666666666,0.16666666666666666,0.16666666666666666
2024-05-03,3,-0.24116843783607086,0.8464928269386292,0.313973647231857,0.5551420850679278,0.1308842375874519,1,0,2,0.0,0.3333333333333333,0.0,0.6666666666666666
2024-05-04,5,0.12344295587390659,0.8632287979125977,0.2531221717596054,0.12967921588569875,0.6171986158937216,1,3,1,1.0,0.2,0.6,0.2
2024-05-05,5,-0.015392580814659607,0.7652407288551331,0.33345934990793463,0.34885193072259424,0.3176887288689613,2,1,2,1.2,0.4,0.2,0.4
2024-05-06,3,-0.4405964783703287,0.839538037776947,0.20856106126060084,0.6491575396309296,0.14228141928712523,1,0,2,0.3333333333333333,0.3333333333333333,0.0,0.6666666666666666
2024-05-07,4,0.5927036122884601,0.8228063881397247,0.6346439197659492,0.04194030747748908,0.32341581024229527,3,1,0,0.5,0.75,0.25,0.0
2024-05-08,9,0.08005677644784254,0.7714198231697083,0.3665528300528724,0.28649605360502994,0.34695113470984823,2,4,3,1.2222222222222223,0.2222222222222222,0.4444444444444444,0.3333333333333333
2024-05-09,6,0.35421157581731677,0.8401696880658468,0.3769003053506215,0.022688729533304714,0.600410974274079,2,4,0,1.0,0.3333333333333333,0.6666666666666666,0.0
2024-05-10,16,0.09385320683941244,0.8294216096401215,0.3403026406886056,0.2464494338491931,0.41324791603256017,5,7,4,1.0625,0.3125,0.4375,0.25
2024-05-12,2,-0.30947877652943134,0.6571157574653625,0.15427356772124765,0.463752344250679,0.3819740340113639,0,1,1,2.0,0.0,0.5,0.5
2024-05-13,6,0.24253904058908426,0.8361525336901346,0.4208025032033522,0.17826346261426798,0.4009340079501271,2,3,1,1.3333333333333333,0.3333333333333333,0.5,0.16666666666666666
2024-05-14,7,0.08986168973413959,0.8194563984870911,0.37792959942349363,0.288067909689354,0.33400249534419607,2,3,2,0.5714285714285714,0.2857142857142857,0.42857142857142855,0.2857142857142857
2024-05-15,3,0.2942304629832507,0.8997544447580973,0.6043630652129649,0.31013260222971434,0.08550436670581495,2,0,1,1.3333333333333333,0.6666666666666666,0.0,0.3333333333333333
2024-05-16,10,0.5706444930285215,0.7394925117492676,0.624579182267189,0.053934689238667455,0.3214861378073692,8,2,0,0.8,0.8,0.2,0.0
2024-05-17,5,0.06922186426818369,0.8124035716056823,0.37244867831468575,0.3032268140465021,0.3243245162069797,2,1,2,0.6,0.4,0.2,0.4
2024-05-18,8,0.6002504967618734,0.8550466522574425,0.6186724260915071,0.01842192932963369,0.36290564713999623,5,3,0,1.125,0.625,0.375,0.0
2024-05-19,12,0.3982768792581434,0.7852977166573206,0.5285048919419447,0.13022801268380133,0.341267088893801,7,4,1,0.9166666666666666,0.5833333333333334,0.3333333333333333,0.08333333333333333
2024-05-20,16,0.17326030891854316,0.7771790735423565,0.3253726355032995,0.15211232658475635,0.5225150474580005,4,11,1,0.875,0.25,0.6875,0.0625
2024-05-21,16,0.0852223531110212,0.7933719884604216,0.25051374791655684,0.16529139480553565,0.5841948564630002,4,10,2,1.6875,0.25,0.625,0.125
2024-05-22,14,-0.03920919341700417,0.7757625813995089,0.31347967591136694,0.3526888693283711,0.3338314490392804,4,4,6,1.5714285714285714,0.2857142857142857,0.2857142857142857,0.42857142857142855
2024-05-23,25,0.4139925768971443,0.8040018033981323,0.4370339611172676,0.023041384220123237,0.5399246557056904,11,14,0,1.64,0.44,0.56,0.0
2024-05-24,9,0.3287797593511641,0.7921631071302626,0.41472807154059405,0.08594831218942994,0.49932361725303864,4,5,0,1.4444444444444444,0.4444444444444444,0.5555555555555556,0.0
2024-05-25,6,-0.09477314772084355,0.7974062263965607,0.24736527570833763,0.34213842342918116,0.41049629356712103,2,2,2,0.8333333333333334,0.3333333333333333,0.3333333333333333,0.3333333333333333
2024-05-26,9,0.2882758184439606,0.773685140742196,0.4910766261940201,0.20280080775005946,0.3061225683324867,4,4,1,1.3333333333333333,0.4444444444444444,0.4444444444444444,0.1111111111111111
2024-05-27,15,0.60753400058796,0.7759168346722921,0.6281674946347873,0.020633494046827093,0.3511990120013555,11,4,0,1.4666666666666666,0.7333333333333333,0.26666666666666666,0.0
2024-05-28,8,0.13261986337602139,0.8305998891592026,0.3914966695010662,0.25887680612504477,0.3496265120338648,3,3,2,1.625,0.375,0.375,0.25
2024-05-29,11,0.34930739052255044,0.7898018847812306,0.4895210877399553,0.14021369721740481,0.3702652312137863,6,3,2,1.4545454545454546,0.5454545454545454,0.2727272727272727,0.18181818181818182
2024-05-30,4,0.5526508518960327,0.7540581971406937,0.5628418996930122,0.0101910477969795,0.4269670452922582,2,2,0,1.75,0.5,0.5,0.0
2024-05-31,12,0.2777043698200335,0.8328871428966522,0.4324480425566435,0.1547436727366099,0.4128082770233353,5,5,2,1.0,0.4166666666666667,0.4166666666666667,0.16666666666666666
2024-06-01,6,0.3711370547922949,0.8387037416299185,0.5390292542676131,0.16789219947531817,0.29307854827493424,3,2,1,0.8333333333333334,0.5,0.3333333333333333,0.16666666666666666
2024-06-02,11,0.4566707799041813,0.8034941256046295,0.5127898000858047,0.05611902018162333,0.4310911829498681,6,5,0,1.0,0.5454545454545454,0.45454545454545453,0.0
2024-06-03,6,0.34991985621551674,0.8390325903892517,0.5600412497296929,0.21012139351417622,0.22983737414081887,4,1,1,0.5,0.6666666666666666,0.16666666666666666,0.16666666666666666
2024-06-04,9,0.6018741972123584,0.8241673608620962,0.630890328851011,0.02901613163865271,0.3400935665186908,7,2,0,1.2222222222222223,0.7777777777777778,0.2222222222222222,0.0
2024-06-05,5,0.3741249479353428,0.8802835702896118,0.5744569435715675,0.2003319956362247,0.22521105892956253,3,1,1,1.6,0.6,0.2,0.2
2024-06-06,6,-0.4425724991597235,0.8735194603602091,0.1831423914991319,0.6257148906588554,0.19114273476103938,1,1,4,0.5,0.16666666666666666,0.16666666666666666,0.6666666666666666
2024-06-07,8,0.45215572795132175,0.8441523760557175,0.6046070952434093,0.15245136729208747,0.2429415236692875,5,2,1,0.5,0.625,0.25,0.125
2024-06-08,9,-0.04353968374845055,0.737089541223314,0.236793282131354,0.28033296587980455,0.4828737309823434,1,5,3,1.0,0.1111111111111111,0.5555555555555556,0.3333333333333333
2024-06-09,8,-0.29039435659069573,0.864195816218853,0.15259763330686832,0.44299198989756405,0.404410385992378,1,3,4,0.875,0.125,0.375,0.5
2024-06-10,25,0.2192846946045756,0.8192705702781677,0.306513548977673,0.08722885437309737,0.6062575995922088,7,16,2,0.8,0.28,0.64,0.08
2024-06-11,9,0.3540529976081517,0.7257090542051527,0.418951291590929,0.06489829398277729,0.5161504116323259,4,5,0,0.7777777777777778,0.4444444444444444,0.5555555555555556,0.0
2024-06-12,6,0.3124804513839384,0.833535889784495,0.5342667324778935,0.221786281093955,0.24394697758058703,4,1,1,1.0,0.6666666666666666,0.16666666666666666,0.16666666666666666
2024-06-13,8,0.5618570931837894,0.7044004946947098,0.6738973371684551,0.11204024398466567,0.21406243089586494,7,0,1,0.375,0.875,0.0,0.125
2024-06-14,16,0.15802865073783323,0.7582260947674513,0.3440617251908406,0.18603307445300737,0.4699052069336176,5,8,3,0.9375,0.3125,0.5,0.1875
2024-06-15,7,0.24576745009315865,0.8431247217314584,0.39426777777927263,0.14850032768611393,0.457231893869383,3,3,1,1.1428571428571428,0.42857142857142855,0.42857142857142855,0.14285714285714285
2024-06-16,14,0.22745057927178486,0.8141668311187199,0.4054475527788911,0.17799697350710628,0.41655548475682735,5,7,2,0.6428571428571429,0.35714285714285715,0.5,0.14285714285714285
2024-06-17,10,0.20253352746367453,0.728559872508049,0.37290573716163633,0.17037220969796177,0.4567220563068986,4,5,1,1.1,0.4,0.5,0.1
2024-06-18,13,-0.0007093164783257747,0.8624009719261756,0.29373841510655785,0.29444773158488363,0.41181385409660065,4,6,3,0.8461538461538461,0.3076923076923077,0.46153846153846156,0.23076923076923078
2024-06-19,15,0.4183373243547976,0.7815856059392293,0.5390296681473653,0.12069234379256762,0.3402779856075843,9,5,1,1.1333333333333333,0.6,0.3333333333333333,0.06666666666666667
2024-06-20,22,0.36358236855911935,0.7648051055994901,0.43312559581615706,0.06954322725703765,0.4973311737518419,10,11,1,1.0909090909090908,0.45454545454545453,0.5,0.045454545454545456
2024-06-21,10,0.0936373755801469,0.8631568431854248,0.3528820472303778,0.25924467165023085,0.3878732657060027,3,4,3,0.6,0.3,0.4,0.3
2024-06-22,9,0.12599567717148197,0.8052655789587233,0.409503233515554,0.283507556344072,0.3069892372522089,4,2,3,1.0,0.4444444444444444,0.2222222222222222,0.3333333333333333
2024-06-23,10,0.3470290686935186,0.8800499618053437,0.4771588775329292,0.13012980883941047,0.39271128270775074,5,4,1,1.1,0.5,0.4,0.1
2024-06-24,4,-0.2992408922873438,0.8887053579092026,0.18888911185786125,0.48813000414520497,0.32298087608069176,1,1,2,1.25,0.25,0.25,0.5
2024-06-25,15,0.21885392429927986,0.7730087141195933,0.40736682427426174,0.1885128999749819,0.404120268051823,6,7,2,1.2,0.4,0.4666666666666667,0.13333333333333333
2024-06-26,13,-0.1968957230878564,0.7823668397389926,0.17132764266660577,0.3682233657544622,0.4604489817642249,1,7,5,0.8461538461538461,0.07692307692307693,0.5384615384615384,0.38461538461538464
2024-06-27,24,0.34202648596450064,0.8154344546298186,0.4047736138260613,0.06274712786156059,0.5324792598063747,8,14,2,0.6666666666666666,0.3333333333333333,0.5833333333333334,0.08333333333333333
2024-06-28,17,0.3219377800603123,0.815488247310414,0.42630180552163544,0.10436402546132306,0.46933417044141706,8,8,1,0.47058823529411764,0.47058823529411764,0.47058823529411764,0.058823529411764705
2024-06-29,12,-0.051675972800391434,0.8272108336289724,0.3911410562383632,0.4428170290387546,0.16604192679127053,5,2,5,1.1666666666666667,0.4166666666666667,0.16666666666666666,0.4166666666666667
2024-06-30,7,-0.01693173657570568,0.8628344365528652,0.2813725423599992,0.29830427893570494,0.4203231975968395,2,3,2,1.2857142857142858,0.2857142857142857,0.42857142857142855,0.2857142857142857
2024-07-01,20,0.29573899670504034,0.774384680390358,0.492415272211656,0.1966762755066156,0.31090844422578806,10,6,4,0.9,0.5,0.3,0.2
2024-07-02,22,0.39308357482183387,0.8182890821586956,0.5157592776231468,0.12267570280131285,0.3615650054575367,11,9,2,0.4090909090909091,0.5,0.4090909090909091,0.09090909090909091
2024-07-03,16,0.4997830978827551,0.8072903752326965,0.6042121971258894,0.1044290992431342,0.2913586994400248,12,3,1,0.625,0.75,0.1875,0.0625
2024-07-04,6,0.5436847945675254,0.8360788623491923,0.5847956128418446,0.041110818274319116,0.3740935853372018,4,2,0,1.1666666666666667,0.6666666666666666,0.3333333333333333,0.0
2024-07-05,9,0.005266878236499085,0.7723722325430976,0.25718512468867827,0.2519182464521792,0.4908966442777051,1,5,3,1.0,0.1111111111111111,0.5555555555555556,0.3333333333333333
2024-07-06,5,-0.3030801020562649,0.8264395594596863,0.25159641951322553,0.5546765215694904,0.19372705705463883,1,1,3,0.8,0.2,0.2,0.6
2024-07-07,10,0.19834551587700844,0.7712658792734146,0.4986477233469486,0.30030220746994013,0.20105006080120796,5,2,3,1.0,0.5,0.2,0.3
2024-07-08,20,0.2109018734656274,0.7964866131544113,0.39138536360114806,0.18048349013552067,0.42813114877790215,7,9,4,1.15,0.35,0.45,0.2
2024-07-09,25,0.3381303212419152,0.8005484914779664,0.4879221358895302,0.14979181464761493,0.36228604152798655,13,9,3,1.08,0.52,0.36,0.12
2024-07-10,13,0.2664417163110696,0.8002564815374521,0.42200066786832535,0.1555589515572557,0.4224403981979077,5,6,2,0.9230769230769231,0.38461538461538464,0.46153846153846156,0.15384615384615385
2024-07-11,19,0.1189565509067554,0.8518071676555433,0.3585790881494942,0.23962253724273877,0.40179836406911673,7,7,5,1.2105263157894737,0.3684210526315789,0.3684210526315789,0.2631578947368421
2024-07-12,13,0.4304667766420887,0.8322033010996305,0.5828762731443231,0.15240949650223434,0.26471423816222406,8,3,2,0.6153846153846154,0.6153846153846154,0.23076923076923078,0.15384615384615385
2024-07-13,13,0.2850887995356551,0.7842348447212806,0.4389604249109442,0.15387162537528914,0.4071679407587418,6,6,1,0.9230769230769231,0.46153846153846156,0.46153846153846156,0.07692307692307693
2024-07-14,8,0.33325537387281656,0.80068514123559,0.46196460514329374,0.12870923127047712,0.4093261621892452,3,4,1,1.0,0.375,0.5,0.125
2024-07-15,8,0.7808961553964764,0.8165007829666138,0.8165007829666138,0.03560462757013731,0.147894584108144,8,0,0,1.25,1.0,0.0,0.0
2024-07-16,14,0.5956338171714118,0.8363278252737862,0.6237190175535423,0.028085200382130443,0.34819578166518894,9,5,0,1.0714285714285714,0.6428571428571429,0.35714285714285715,0.0
2024-07-17,18,-0.029436763143166924,0.8041418294111887,0.2264499538060691,0.25588671694923604,0.5176633362554841,4,10,4,1.1666666666666667,0.2222222222222222,0.5555555555555556,0.2222222222222222
2024-07-18,16,0.09299868377274834,0.8332055155187845,0.34957729431334883,0.25657861054060044,0.3938440927304327,5,7,4,1.1875,0.3125,0.4375,0.25
2024-07-19,11,0.011926144192164595,0.7601172436367382,0.2928701043128967,0.2809439601207321,0.426185930994424,3,5,3,1.1818181818181819,0.2727272727272727,0.45454545454545453,0.2727272727272727
2024-07-20,7,0.3883553469287498,0.8737803612436567,0.5287357884060059,0.14038044147725612,0.3308837443057979,4,2,1,0.7142857142857143,0.5714285714285714,0.2857142857142857,0.14285714285714285
2024-07-21,9,0.5881435780061616,0.883227162890964,0.6181292117883762,0.029985633782214534,0.3518851475997103,6,3,0,0.6666666666666666,0.6666666666666666,0.3333333333333333,0.0
2024-07-22,12,0.41588281591733295,0.8585312614838282,0.5526905655860901,0.13680774966875706,0.31050169328227634,8,3,1,0.5,0.6666666666666666,0.25,0.08333333333333333
2024-07-23,16,0.38153541329666035,0.7995282746851444,0.4650393852498382,0.08350397195317778,0.4514566564466804,7,8,1,1.375,0.4375,0.5,0.0625
2024-07-24,16,0.4501460025203414,0.7790156714618206,0.5036512699443847,0.05350526742404322,0.4428434622241184,8,7,1,0.8125,0.5,0.4375,0.0625
2024-07-25,14,0.07790559576824306,0.8000171588999885,0.3551747562762882,0.2772691605080451,0.36755609419196844,6,5,3,0.8571428571428571,0.42857142857142855,0.35714285714285715,0.21428571428571427
2024-07-26,17,0.46448055180885334,0.7884285239612355,0.5806940853157464,0.11621353350689302,0.30309238471090794,10,5,2,0.7647058823529411,0.5882352941176471,0.29411764705882354,0.11764705882352941
2024-07-27,16,0.29104164242744446,0.7372038289904594,0.3758263698546216,0.08478472742717709,0.5393889046972618,5,10,1,0.6875,0.3125,0.625,0.0625
2024-07-28,10,0.23782805260270834,0.7596396803855896,0.3897852793335914,0.1519572267308831,0.4582574933767319,4,4,2,0.8,0.4,0.4,0.2
2024-07-29,16,0.5675689567578956,0.8710038270801306,0.711136611585971,0.1435676548280753,0.1452957354485988,13,1,2,1.125,0.8125,0.0625,0.125
2024-07-30,15,0.39345469096054636,0.8226499120394389,0.5039752359191576,0.11052054495861129,0.3855042265107234,8,6,1,0.7333333333333333,0.5333333333333333,0.4,0.06666666666666667
2024-07-31,13,0.07301318036535612,0.7968816482103788,0.3300387619349819,0.25702558156962574,0.4129356602923228,4,6,3,0.6923076923076923,0.3076923076923077,0.46153846153846156,0.23076923076923078
2024-08-01,19,0.1258716445269161,0.8147616511897037,0.3901933600733939,0.26432171554647776,0.34548492621826493,8,6,5,1.1578947368421053,0.42105263157894735,0.3157894736842105,0.2631578947368421
2024-08-02,26,0.27264514952324903,0.8112597958399699,0.48851326279915297,0.21586811327590388,0.2956186159012409,13,8,5,0.6538461538461539,0.5,0.3076923076923077,0.19230769230769232
2024-08-03,5,-0.23611315805464977,0.7948743820190429,0.23279581498354673,0.46890897303819656,0.29829521961510175,1,2,2,0.4,0.2,0.4,0.4
2024-08-04,8,-0.030466559343040017,0.8171237707138062,0.28089318308047945,0.3113597424235195,0.40774707950185984,2,4,2,1.5,0.25,0.5,0.25
2024-08-05,3,-0.19286984701951346,0.8006563981374105,0.15273232820133367,0.3456021752208471,0.5016654878854752,0,2,1,0.3333333333333333,0.0,0.6666666666666666,0.3333333333333333
2024-08-06,8,0.016294307308271527,0.8938504830002785,0.39194042247254396,0.3756461151642725,0.2324134653899818,3,2,3,0.625,0.375,0.25,0.375
2024-08-07,13,0.3884862926072226,0.8531251137073224,0.6271322150356494,0.2386459224284268,0.13422186765819785,8,2,3,0.5384615384615384,0.6153846153846154,0.15384615384615385,0.23076923076923078
2024-08-08,16,0.3080354912672192,0.8042455390095711,0.5234785902430303,0.21544309897581113,0.2610783036798238,10,2,4,0.8125,0.625,0.125,0.25
2024-08-09,16,0.2814555585500784,0.7926387451589108,0.49579009058652446,0.21433453203644598,0.28987537510693073,9,4,3,0.8125,0.5625,0.25,0.1875
2024-08-10,15,-0.10935837362582487,0.7638349930445353,0.24050397786001362,0.3498623514858385,0.40963365727414686,2,7,6,0.8666666666666667,0.13333333333333333,0.4666666666666667,0.4
2024-08-11,4,-0.3615458467975259,0.8662706166505814,0.053432566579431254,0.4149784133769572,0.5315890144556761,0,2,2,1.0,0.0,0.5,0.5
2024-08-12,9,-0.01704616327252652,0.890576183795929,0.420039552056955,0.43708571532948143,0.14287472330033776,4,1,4,0.7777777777777778,0.4444444444444444,0.1111111111111111,0.4444444444444444
2024-08-13,11,0.11458996691825712,0.7822839373892004,0.3510704161599278,0.23648044924167066,0.41244911995123734,4,5,2,0.7272727272727273,0.36363636363636365,0.45454545454545453,0.18181818181818182
2024-08-14,12,-0.17364976772417626,0.8475647916396459,0.3163353016134351,0.4899850693376113,0.19367963401600716,4,2,6,0.9166666666666666,0.3333333333333333,0.16666666666666666,0.5
2024-08-15,16,0.4075778627884574,0.800206370651722,0.5547970731277019,0.1472192103392444,0.2979837259044871,10,4,2,1.375,0.625,0.25,0.125
2024-08-16,14,0.5788127084129623,0.8200425973960331,0.6313401593693665,0.05252745095640417,0.31613238741244587,10,4,0,0.7142857142857143,0.7142857142857143,0.2857142857142857,0.0
2024-08-17,12,0.23193058922576407,0.8194640030463537,0.48510627859892946,0.2531756893731653,0.2617180468514561,5,4,3,0.75,0.4166666666666667,0.3333333333333333,0.25
2024-08-18,5,0.21264975834637875,0.747326922416687,0.2326614126563072,0.020011654309928382,0.747326922416687,0,5,0,0.4,0.0,1.0,0.0
2024-08-19,16,-0.03593938559060919,0.863472543656826,0.31591754633700475,0.3518569319276139,0.3322254959493875,4,6,6,1.0,0.25,0.375,0.375
2024-08-20,15,0.26653517683347067,0.883058488368988,0.5313731551170349,0.2648379782835642,0.20378885753452775,9,2,4,0.8666666666666667,0.6,0.13333333333333333,0.26666666666666666
2024-08-21,25,0.12479396548122165,0.801477563381195,0.3598010698705912,0.23500710438936945,0.4051918214559555,10,9,6,0.92,0.4,0.36,0.24
2024-08-22,24,0.4687527333541463,0.814608725408713,0.5890988655931627,0.12034613223901636,0.29055501633168507,16,5,3,0.875,0.6666666666666666,0.20833333333333334,0.125
2024-08-23,7,0.245343982641186,0.8088984148842948,0.33060414077980177,0.08526015813861572,0.5841356907039881,2,5,0,1.2857142857142858,0.2857142857142857,0.7142857142857143,0.0
2024-08-24,8,0.49921171145979315,0.7649863101541996,0.6519855242222548,0.15277381276246155,0.19524065055884418,5,1,2,0.75,0.625,0.125,0.25
2024-08-25,12,0.19739883482300988,0.77303413550059,0.41824520782878,0.22084637300577012,0.3609084083388249,5,4,3,0.8333333333333334,0.4166666666666667,0.3333333333333333,0.25
2024-08-26,16,0.18121032137423754,0.7582011446356773,0.412275108974427,0.2310647876001894,0.3566600839840248,8,5,3,1.375,0.5,0.3125,0.1875
2024-08-27,8,0.3580155298113823,0.8669606894254684,0.5318172774277627,0.17380174761638045,0.29438094049692154,4,3,1,1.0,0.5,0.375,0.125
2024-08-28,12,-0.34711496815240633,0.8188577195008596,0.211172433453612,0.5582874016060183,0.23054017483567193,3,2,7,0.9166666666666666,0.25,0.16666666666666666,0.5833333333333334
2024-08-29,8,-0.10881383367814126,0.8844584822654724,0.15375206479802725,0.26256589847616846,0.5836820774711668,1,5,2,1.125,0.125,0.625,0.25
2024-08-30,7,-0.2251485072608505,0.8949301157678876,0.18640501797199246,0.411553525232843,0.4020414477480309,1,3,3,1.1428571428571428,0.14285714285714285,0.42857142857142855,0.42857142857142855
2024-08-31,4,0.5615520176943392,0.794197216629982,0.6432839510962367,0.08173193340189751,0.27498408034443855,3,1,0,0.75,0.75,0.25,0.0
2024-09-01,2,-0.47688905615359556,0.9518976211547852,0.0228015752509236,0.499690631404519,0.4775077728554606,0,1,1,0.5,0.0,0.5,0.5
2024-09-02,12,0.19721537983665863,0.7938309361537298,0.3375474247150123,0.14033204487835363,0.5221205134876072,4,7,1,0.8333333333333334,0.3333333333333333,0.5833333333333334,0.08333333333333333
2024-09-03,10,-0.3121180170215666,0.7397700518369674,0.17726580854505297,0.48938382556661963,0.3333503713831305,1,4,5,0.8,0.1,0.4,0.5
2024-09-04,6,0.10617416111441946,0.8340175648530325,0.3876039853009085,0.28142982418648893,0.33096620316306746,2,2,2,1.0,0.3333333333333333,0.3333333333333333,0.3333333333333333
2024-09-05,3,-0.11884139571338888,0.808100422223409,0.22446997867276264,0.34331137438615156,0.43221863359212875,1,1,1,1.6666666666666667,0.3333333333333333,0.3333333333333333,0.3333333333333333
2024-09-06,5,-0.9416702335700393,0.95343177318573,0.01176153961569066,0.95343177318573,0.03480670265853398,0,0,5,1.0,0.0,0.0,1.0
2024-09-07,8,-0.3653488813433796,0.8232224509119987,0.24726880970411,0.6126176910474896,0.1401134880725294,2,1,5,1.0,0.25,0.125,0.625
2024-09-08,11,0.1787397020750425,0.7888993675058539,0.3779941003092311,0.19925439823418856,0.42275149188935757,3,6,2,1.0,0.2727272727272727,0.5454545454545454,0.18181818181818182
2024-09-09,7,0.32119263968031314,0.8020109023366656,0.530315926032407,0.20912328635209368,0.2605607783687966,4,2,1,1.1428571428571428,0.5714285714285714,0.2857142857142857,0.14285714285714285
2024-09-10,4,0.09198695607483387,0.8403135240077972,0.42443088674917817,0.3324439306743443,0.24312521470710632,2,1,1,2.0,0.5,0.25,0.25
2024-09-11,6,-0.33429992012679577,0.9217322071393331,0.2999373494337002,0.634237269560496,0.06582537588352956,2,0,4,1.0,0.3333333333333333,0.0,0.6666666666666666
2024-09-12,10,0.5671181857585907,0.838670939207077,0.646033732034266,0.07891554627567524,0.2750507492572069,6,3,1,1.7,0.6,0.3,0.1
2024-09-13,5,-0.055161396600306056,0.7624648094177247,0.3070874772965908,0.3622488738968968,0.3306636430323123,2,2,1,1.0,0.4,0.4,0.2
2024-09-14,6,0.07486505076910059,0.813937117656072,0.43722052763526636,0.3623554768661658,0.20042401334891713,3,1,2,1.0,0.5,0.16666666666666666,0.3333333333333333
2024-09-15,1,-0.675211388617754,0.709057092666626,0.0338457040488719,0.709057092666626,0.2570971250534057,0,0,1,1.0,0.0,0.0,1.0
2024-09-16,7,0.015878384267645256,0.8413383790424892,0.40187724320484053,0.3859988589371954,0.21212387830018994,3,1,3,0.7142857142857143,0.42857142857142855,0.14285714285714285,0.42857142857142855
2024-09-17,4,0.35016531799919903,0.7987553924322128,0.5828729430213571,0.232707625022158,0.18441941030323503,3,0,1,1.5,0.75,0.0,0.25
2024-09-18,3,-0.29029615068187314,0.7483266592025757,0.16431187838315964,0.4546080290650328,0.3810800835490227,0,1,2,1.3333333333333333,0.0,0.3333333333333333,0.6666666666666666
2024-09-19,15,0.20526319571460283,0.8693012475967408,0.3336820226162672,0.12841882690166428,0.5378991576532522,4,9,2,1.0666666666666667,0.26666666666666666,0.6,0.13333333333333333
2024-09-20,13,0.030407998173569276,0.7962372394708487,0.3599097689327139,0.32950177075914466,0.3105884575499938,5,4,4,1.0769230769230769,0.38461538461538464,0.3076923076923077,0.3076923076923077
2024-09-21,8,0.2401135998079553,0.8174378201365471,0.3893071385100484,0.14919353870209304,0.46149932395201176,3,4,1,1.25,0.375,0.5,0.125
2024-09-22,6,0.48792171392900247,0.8006217181682587,0.5175671279430389,0.029645414014036402,0.45278745517134666,3,3,0,0.6666666666666666,0.5,0.5,0.0
2024-09-23,5,0.2973565895110369,0.8301371335983276,0.4690285105258226,0.17167192101478573,0.3592995755374432,2,2,1,0.8,0.4,0.4,0.2
2024-09-24,7,0.6336657825325217,0.882524882044111,0.6638925495956626,0.030226767063140845,0.3058806913239615,5,2,0,1.4285714285714286,0.7142857142857143,0.2857142857142857,0.0
2024-09-25,10,0.14123751800507306,0.757644972205162,0.34867186993360516,0.20743435192853207,0.44389378689229486,3,5,2,1.0,0.3,0.5,0.2
2024-09-26,5,0.3670903054997325,0.8429450988769531,0.6188756071031094,0.25178530160337687,0.12933911904692644,3,1,1,1.6,0.6,0.2,0.2
2024-09-27,8,0.1210414449451491,0.8386775702238083,0.4195316147524863,0.29849016980733717,0.2819782081060111,3,2,3,1.5,0.375,0.25,0.375
2024-09-28,6,0.6345007310931882,0.8115371267000834,0.7269072225317359,0.09240649143854773,0.18068630124131835,5,1,0,0.5,0.8333333333333334,0.16666666666666666,0.0
2024-09-29,3,0.7594312215223908,0.7976723114649454,0.7976723114649454,0.0382410899425546,0.1640865995238224,3,0,0,1.3333333333333333,1.0,0.0,0.0
2024-09-30,8,-0.20127195259556177,0.7780617699027061,0.2325090452795848,0.43378099787514657,0.33370994543656707,2,2,4,1.0,0.25,0.25,0.5
2024-10-01,3,0.6567825768142939,0.8828287521998087,0.682035764058431,0.0252531872441371,0.2927110356589158,2,1,0,0.6666666666666666,0.6666666666666666,0.3333333333333333,0.0
2024-10-02,8,-0.24694969109259546,0.8094990998506546,0.2649058323586359,0.5118555234512314,0.2232386319665238,2,1,5,0.625,0.25,0.125,0.625
2024-10-03,13,-0.5183452170055646,0.894295687858875,0.10047316859261345,0.6188183855981781,0.2807084476718536,1,3,9,0.8461538461538461,0.07692307692307693,0.23076923076923078,0.6923076923076923
2024-10-04,8,-0.06928624655120072,0.8775222077965736,0.2923046126961708,0.3615908592473715,0.346104534342885,2,3,3,0.875,0.25,0.375,0.375
2024-10-05,1,-0.1075144186615943,0.7529352307319641,0.0697752013802528,0.1772896200418472,0.7529352307319641,0,1,0,1.0,0.0,1.0,0.0
2024-10-06,1,-0.9630080480128528,0.970939874649048,0.0079318266361951,0.970939874649048,0.0211283192038536,0,0,1,1.0,0.0,0.0,1.0
2024-10-07,6,0.4260805767650406,0.7734098633130392,0.6149659594520926,0.18888538268705204,0.19614865413556495,5,0,1,0.3333333333333333,0.8333333333333334,0.0,0.16666666666666666
2024-10-08,6,0.07404118465880555,0.8791677951812744,0.4067782927304506,0.3327371080716451,0.26048464483271033,2,2,2,1.0,0.3333333333333333,0.3333333333333333,0.3333333333333333
2024-10-09,6,0.4750843493578334,0.7607055604457855,0.5081598411003748,0.03307549174254137,0.45876465861996013,3,3,0,0.8333333333333334,0.5,0.5,0.0
2024-10-10,10,0.08430104693397877,0.7512156546115876,0.28794537037611,0.20364432344213124,0.5084103066474199,3,5,2,0.9,0.3,0.5,0.2
2024-10-11,4,-0.21297196857631207,0.806847095489502,0.058445747010409804,0.27141771558672184,0.6701365374028683,0,3,1,1.25,0.0,0.75,0.25
2024-10-12,1,0.7784559037536383,0.7884920239448547,0.7884920239448547,0.0100361201912164,0.2014718651771545,1,0,0,0.0,1.0,0.0,0.0
2024-10-13,2,0.03006424056366086,0.9151931703090668,0.48098693508654833,0.45092269452288747,0.06809036247432225,1,0,1,1.0,0.5,0.0,0.5
2024-10-14,8,0.20339935139054433,0.810584306716919,0.42398324923124164,0.2205838978406973,0.35543285636231303,4,2,2,0.75,0.5,0.25,0.25
2024-10-15,5,0.63793286960572,0.7983126044273376,0.662219899892807,0.02428703028708694,0.31349309794604774,4,1,0,0.2,0.8,0.2,0.0
2024-10-16,1,-0.9291790463030338,0.9469993114471436,0.0178202651441097,0.9469993114471436,0.0351803787052631,0,0,1,0.0,0.0,0.0,1.0
2024-10-17,5,0.435631911829114,0.8635654807090759,0.4532592058181762,0.017627293989062258,0.5291134960949421,2,3,0,0.8,0.4,0.6,0.0
2024-10-18,6,0.14142735876763857,0.7257042427857717,0.36811983492225403,0.2266924761546155,0.4051876589655876,2,2,2,0.16666666666666666,0.3333333333333333,0.3333333333333333,0.3333333333333333
2024-10-19,6,0.42197727877646685,0.7732233305772146,0.5186123078068098,0.09663502903034286,0.38475263118743896,3,2,1,0.6666666666666666,0.5,0.3333333333333333,0.16666666666666666
2024-10-20,8,0.3197051251772791,0.8409296721220016,0.38313410663977265,0.0634289814624935,0.5534368851222098,3,5,0,0.625,0.375,0.625,0.0
2024-10-21,5,0.6125042350031435,0.8724390983581543,0.6265338480472564,0.014029613044112859,0.3594365511089563,3,2,0,0.4,0.6,0.4,0.0
2024-10-22,7,0.26445750958685366,0.8642425622258868,0.41762643773108715,0.15316892814423352,0.42920464436922756,3,3,1,0.7142857142857143,0.42857142857142855,0.42857142857142855,0.14285714285714285
2024-10-23,2,0.4301367155276239,0.8684923648834229,0.44296569749712944,0.0128289819695055,0.5442053452134132,1,1,0,0.5,0.5,0.5,0.0
2024-10-24,7,0.3637520535183804,0.8548884562083653,0.5431147120626909,0.17936265854431047,0.27752263152173584,4,2,1,0.42857142857142855,0.5714285714285714,0.2857142857142857,0.14285714285714285
2024-10-25,3,-0.5927262883633375,0.9328835407892863,0.030322498331467232,0.6230487866948048,0.34662872304519016,0,1,2,1.0,0.0,0.3333333333333333,0.6666666666666666
2024-10-26,2,0.7361615211702883,0.7476658523082733,0.7476658523082733,0.01150433113798495,0.2408298291265964,2,0,0,1.0,1.0,0.0,0.0
2024-10-27,6,0.11068959720432758,0.7689806918303171,0.4270635492478807,0.3163739520435532,0.256562472321093,2,2,2,0.6666666666666666,0.3333333333333333,0.3333333333333333,0.3333333333333333
2024-10-28,4,0.0771206961944699,0.7887366712093353,0.28223853185772896,0.205117835663259,0.5126436427235603,1,2,1,0.75,0.25,0.5,0.25
2024-10-29,9,0.14065917126006544,0.8147369689411588,0.36777798945291174,0.22711881819284618,0.40510319442384773,3,4,2,0.8888888888888888,0.3333333333333333,0.4444444444444444,0.2222222222222222
2024-10-30,3,0.06047892943024635,0.6394592523574829,0.2949133732666572,0.2344344438364108,0.47065216302871704,1,1,1,0.6666666666666666,0.3333333333333333,0.3333333333333333,0.3333333333333333
2024-10-31,2,0.43288052966818213,0.7399182021617889,0.4438852518796921,0.011004722211509901,0.5451100170612335,1,1,0,1.0,0.5,0.5,0.0
2024-11-01,3,0.32487434986978764,0.8737278978029887,0.3459836294253667,0.021109279555578966,0.6329070578018824,1,2,0,0.6666666666666666,0.3333333333333333,0.6666666666666666,0.0
2024-11-02,3,0.6053249686956406,0.9069896737734476,0.6284913818041483,0.023166413108507738,0.3483421994994084,2,1,0,0.6666666666666666,0.6666666666666666,0.3333333333333333,0.0
2024-11-03,1,0.0670923963189125,0.90181702375412,0.0826376900076866,0.0155452936887741,0.90181702375412,0,1,0,2.0,0.0,1.0,0.0
2024-11-04,2,0.4012798191979528,0.8654407858848572,0.47856951877474785,0.07728969957679506,0.4441407360136509,1,1,0,0.0,0.5,0.5,0.0
2024-11-05,7,0.14137567599703157,0.8083399874823434,0.42666373534926344,0.28528805935223184,0.2880481917943273,3,2,2,0.2857142857142857,0.42857142857142855,0.2857142857142857,0.2857142857142857
2024-11-06,7,0.20035939743476253,0.8200470294271197,0.3606245986052921,0.16026520117052961,0.4791102103356804,2,4,1,1.0,0.2857142857142857,0.5714285714285714,0.14285714285714285
2024-11-07,8,0.22771329223178322,0.7994479760527611,0.35290306713432074,0.12518977490253744,0.5219071684405208,2,5,1,1.25,0.25,0.625,0.125
2024-11-08,11,0.31882541897622024,0.8143388087099249,0.48943721977147187,0.17061180079525165,0.3399509707973762,6,3,2,0.7272727272727273,0.5454545454545454,0.2727272727272727,0.18181818181818182
2024-11-09,3,0.3901649946346879,0.7641651630401611,0.4591633143524328,0.06899831971774496,0.4718383550643921,1,2,0,0.6666666666666666,0.3333333333333333,0.6666666666666666,0.0
2024-11-10,10,0.6838521636091173,0.8436757504940033,0.7044313453137875,0.02057918170467016,0.27498946804553265,7,3,0,0.5,0.7,0.3,0.0
2024-11-11,7,0.8979764470298376,0.9274778366088867,0.9274778366088867,0.02950138957904914,0.0430207755416631,7,0,0,1.2857142857142858,1.0,0.0,0.0
2024-11-12,17,0.5472720086245852,0.8154561887769138,0.5743437260389328,0.02707171741434752,0.3985845706261256,10,7,0,0.9411764705882353,0.5882352941176471,0.4117647058823529,0.0
2024-11-13,23,0.4518192847583281,0.8370323362557784,0.5101435677674802,0.058324283009152,0.43153216770809627,12,10,1,0.9565217391304348,0.5217391304347826,0.43478260869565216,0.043478260869565216
2024-11-14,7,0.4941487493259566,0.7715839658464704,0.5723137488322598,0.07816499950630319,0.349521240485566,4,3,0,1.0,0.5714285714285714,0.42857142857142855,0.0
2024-11-15,7,0.03537145935531173,0.7630765523229327,0.3544275787259851,0.3190561193706733,0.326516309220876,2,3,2,1.0,0.2857142857142857,0.42857142857142855,0.2857142857142857
2024-11-16,9,0.36291903992080027,0.8303466108110216,0.49389987625181675,0.13098083633101643,0.37511926599674755,4,4,1,1.2222222222222223,0.4444444444444444,0.4444444444444444,0.1111111111111111
2024-11-17,3,0.13641410445173577,0.5879454215367635,0.4122340182463328,0.27581991379459697,0.3119460542996724,2,0,1,1.0,0.6666666666666666,0.0,0.3333333333333333
2024-11-18,10,0.41436473093926907,0.8195773005485535,0.5278477936983108,0.11348306275904177,0.3586691433563828,5,4,1,1.2,0.5,0.4,0.1
2024-11-19,6,0.5692188589212795,0.749038964509964,0.6446555983275175,0.07543673940623795,0.27990766366322833,4,2,0,0.8333333333333334,0.6666666666666666,0.3333333333333333,0.0
2024-11-20,4,0.5665517221204937,0.7963087260723114,0.585438184440136,0.01888646231964225,0.3956753476522863,2,2,0,1.0,0.5,0.5,0.0
2024-11-21,13,0.11676024710043119,0.8412619003882775,0.3760922257430278,0.2593319786425966,0.3645757965456981,5,5,3,0.9230769230769231,0.38461538461538464,0.38461538461538464,0.23076923076923078
2024-11-22,20,0.5693789517506957,0.8575663715600967,0.6417077939026058,0.07232884215191002,0.2859633459709584,14,5,1,0.55,0.7,0.25,0.05
2024-11-23,13,0.5020380687111845,0.8555185978229229,0.5943790785968304,0.09234100988564578,0.31327992190535253,8,4,1,0.9230769230769231,0.6153846153846154,0.3076923076923077,0.07692307692307693
2024-11-24,6,0.5757505476164321,0.8985898991425832,0.7468598131090403,0.17110926549260808,0.08203090323756135,5,0,1,0.8333333333333334,0.8333333333333334,0.0,0.16666666666666666
2024-11-25,20,0.21679788308683784,0.8863536149263382,0.41877577686682343,0.20197789377998557,0.37924633193761104,8,8,4,0.75,0.4,0.4,0.2
2024-11-26,18,0.23598759960279697,0.8247588260306252,0.39125001878063714,0.15526241917784012,0.4534875622226132,7,8,3,0.6111111111111112,0.3888888888888889,0.4444444444444444,0.16666666666666666
2024-11-27,11,0.23289975164119492,0.7915343208746477,0.4539829848164862,0.22108323317529122,0.32493376884270797,6,3,2,1.3636363636363635,0.5454545454545454,0.2727272727272727,0.18181818181818182
2024-11-28,8,0.4777801545569673,0.8483659699559212,0.6565952030941844,0.178815048537217,0.1645897442940622,6,1,1,1.125,0.75,0.125,0.125
2024-11-29,18,0.4843694923652543,0.8347264031569163,0.572290795803484,0.08792130343822965,0.33978791172719663,10,7,1,1.0,0.5555555555555556,0.3888888888888889,0.05555555555555555
2024-11-30,7,0.7826467253533858,0.934153573853629,0.8102367562907082,0.027590030937322502,0.162173219025135,6,1,0,0.2857142857142857,0.8571428571428571,0.14285714285714285,0.0
2024-12-01,10,0.4497630405705422,0.8534062385559082,0.5162220757454634,0.06645903517492113,0.41731890179216863,5,5,0,0.3,0.5,0.5,0.0
2024-12-02,20,0.5016390023287386,0.8672741323709487,0.6204633449204267,0.11882434259168799,0.260712297540158,13,5,2,0.4,0.65,0.25,0.1
2024-12-03,13,0.570313139890249,0.8322910895714393,0.6437224848912313,0.07340934500098224,0.2828681589319155,8,4,1,0.7692307692307693,0.6153846153846154,0.3076923076923077,0.07692307692307693
2024-12-04,18,0.08427868048763937,0.7779975649383333,0.2840333977817661,0.19975471729412672,0.5162118744725982,5,10,3,0.6666666666666666,0.2777777777777778,0.5555555555555556,0.16666666666666666
2024-12-05,17,0.3401663811767803,0.8318419631789712,0.5171104300328914,0.1769440488561111,0.30594550796291403,8,6,3,1.2352941176470589,0.47058823529411764,0.35294117647058826,0.17647058823529413
2024-12-06,23,0.220010152997692,0.8173597351364468,0.4574530008856369,0.23744284788794487,0.3051041454562674,9,9,5,0.9130434782608695,0.391304347826087,0.391304347826087,0.21739130434782608
2024-12-07,4,0.1224365234375,0.8600495010614395,0.3493665643036365,0.22693004086613655,0.42370339343324304,1,2,1,0.5,0.25,0.5,0.25
2024-12-08,11,-0.023110871203243722,0.7747433239763434,0.2637216054241765,0.2868324766274203,0.4494458897547288,3,4,4,1.0909090909090908,0.2727272727272727,0.36363636363636365,0.36363636363636365
2024-12-09,8,0.24887218081858006,0.8059945479035378,0.3906223092926666,0.1417501284740865,0.4676275569945574,4,3,1,0.75,0.5,0.375,0.125
2024-12-10,11,0.09316838033158671,0.7052276324142109,0.2373662392862818,0.14419785895469509,0.6184359070929614,2,8,1,0.8181818181818182,0.18181818181818182,0.7272727272727273,0.09090909090909091
2024-12-11,11,0.4848425797271458,0.853200847452337,0.5113557600839571,0.026513180356811362,0.4621310549026186,6,5,0,1.2727272727272727,0.5454545454545454,0.45454545454545453,0.0
2024-12-12,17,0.5472105523187887,0.7736705120872048,0.5833193800028633,0.03610882768407458,0.3805717970518505,11,6,0,1.2352941176470589,0.6470588235294118,0.35294117647058826,0.0
2024-12-13,13,0.42285041288974196,0.7457594046225915,0.43715719133615494,0.014306778446412954,0.548536032724839,6,7,0,0.9230769230769231,0.46153846153846156,0.5384615384615384,0.0
2024-12-14,6,0.11265274820228417,0.8437222242355347,0.3930042608020206,0.2803515125997364,0.32664420610914624,2,2,2,1.1666666666666667,0.3333333333333333,0.3333333333333333,0.3333333333333333
2024-12-15,4,0.5973634240217507,0.8119642585515976,0.6351149640977383,0.03775154007598752,0.3271334883756935,3,1,0,1.0,0.75,0.25,0.0
2024-12-16,8,0.2743025445379317,0.8230249062180519,0.44416045723482966,0.16985791269689793,0.38598162471316755,3,4,1,1.625,0.375,0.5,0.125
2024-12-17,11,0.4429381772537123,0.8366281173445962,0.5930385637012395,0.15010038644752716,0.25686107000166714,7,2,2,1.4545454545454546,0.6363636363636364,0.18181818181818182,0.18181818181818182
2024-12-18,10,0.47139766784384846,0.7378345549106597,0.5002751417458058,0.02887747390195723,0.4708473701030016,6,4,0,1.0,0.6,0.4,0.0
2024-12-19,7,0.04009651379393676,0.7788745079721723,0.2640851515212229,0.2239886377272861,0.5119262327040944,1,4,2,0.8571428571428571,0.14285714285714285,0.5714285714285714,0.2857142857142857
2024-12-20,8,0.015971268643625067,0.7943815365433693,0.30786753632128233,0.29189626767765725,0.40023622172884643,2,4,2,0.875,0.25,0.5,0.25
2024-12-21,4,0.6827444422524422,0.872782364487648,0.7017850950360298,0.01904065278358755,0.2791742347180843,3,1,0,1.25,0.75,0.25,0.0
2024-12-22,3,0.15053555959214762,0.7990208466847738,0.4517037918170293,0.30116823222488165,0.24712799116969109,1,1,1,0.6666666666666666,0.3333333333333333,0.3333333333333333,0.3333333333333333
2024-12-23,7,-0.1386816923373512,0.7948745659419468,0.20112322137824123,0.3398049137155924,0.4590718597173691,1,3,3,1.4285714285714286,0.14285714285714285,0.42857142857142855,0.42857142857142855
2024-12-24,9,0.21486345999356768,0.7992069125175476,0.34869454759690494,0.13383108760333717,0.5174743878758616,3,5,1,0.5555555555555556,0.3333333333333333,0.5555555555555556,0.1111111111111111
2024-12-25,5,-0.3750926898792386,0.7328431367874145,0.2216279638931155,0.5967206537723542,0.1816513791680336,1,1,3,1.0,0.2,0.2,0.6
2024-12-26,5,0.2585971005260944,0.8358022928237915,0.4812474338337779,0.2226503333076834,0.2961022283881903,2,2,1,1.4,0.4,0.4,0.2
2024-12-27,2,0.9029273558408022,0.9270707666873932,0.9270707666873932,0.02414341084659095,0.0487858727574348,2,0,0,0.0,1.0,0.0,0.0
2024-12-28,2,0.3868753998540342,0.7300096154212952,0.6642907410860062,0.277415341231972,0.05829394236207005,1,0,1,0.5,0.5,0.0,0.5
2024-12-29,3,-0.23353869747370484,0.8846731980641683,0.09962507896125312,0.333163776434958,0.5672110890348753,0,2,1,0.3333333333333333,0.0,0.6666666666666666,0.3333333333333333
2024-12-30,5,-0.0838186419568956,0.8495053648948669,0.31470915898680685,0.39852780094370244,0.2867630582302808,2,1,2,1.0,0.4,0.2,0.4
2024-12-31,10,0.5230379560962319,0.8233523607254029,0.6326384585350752,0.1096005024388432,0.25776102188974614,7,2,1,1.1,0.7,0.2,0.1
2025-01-01,4,0.5066092084161937,0.8868305683135986,0.5346663016825914,0.028057093266397676,0.43727660086005926,2,2,0,0.0,0.5,0.5,0.0
2025-01-02,6,0.3036196807709833,0.784820427497228,0.5024513251458606,0.1988316443748772,0.2987170393268267,3,2,1,0.8333333333333334,0.5,0.3333333333333333,0.16666666666666666
2025-01-03,18,0.44440444434682524,0.8147230512566037,0.5322301183930702,0.08782567404624483,0.3799442069398032,10,6,2,1.2222222222222223,0.5555555555555556,0.3333333333333333,0.1111111111111111
2025-01-04,10,0.3610251500271261,0.8011856079101562,0.5821594364009798,0.22113428637385363,0.19670626856386658,6,2,2,1.2,0.6,0.2,0.2
2025-01-05,9,0.5709537495341566,0.8221511642138163,0.6582113752762476,0.08725762574209103,0.25453101036449266,6,2,1,1.2222222222222223,0.6666666666666666,0.2222222222222222,0.1111111111111111
2025-01-06,9,0.5510341413319111,0.8601106007893881,0.5929041124052472,0.04186997107333604,0.3652259339061048,6,3,0,1.1111111111111112,0.6666666666666666,0.3333333333333333,0.0
2025-01-07,6,0.49796348173792165,0.7907776137193044,0.5119767263531685,0.014013244615246818,0.47401001180211705,4,2,0,1.1666666666666667,0.6666666666666666,0.3333333333333333,0.0
2025-01-08,6,0.40595660855372745,0.7283686399459839,0.4795128895590703,0.07355628100534274,0.446930842474103,3,3,0,1.0,0.5,0.5,0.0
2025-01-09,5,-0.007331073563545965,0.9164407849311829,0.3803438402712345,0.3876749138347805,0.23198123723268504,2,1,2,1.2,0.4,0.2,0.4
2025-01-10,4,-0.13277069968171418,0.8602709472179413,0.12254863861016924,0.2553193382918834,0.6221320289187133,0,3,1,1.0,0.0,0.75,0.25
2025-01-11,3,0.5917082596570253,0.6855764587720236,0.6855764587720236,0.09386819911499815,0.22055536756912864,3,0,0,1.0,1.0,0.0,0.0
2025-01-12,3,0.3277856521308422,0.7770553827285767,0.4996674321591854,0.17188178002834317,0.328450775394837,2,1,0,0.3333333333333333,0.6666666666666666,0.3333333333333333,0.0
2025-01-13,5,0.6683255842886865,0.8359042286872864,0.6960418924689293,0.027716308180242722,0.27624178193509574,4,1,0,0.6,0.8,0.2,0.0
2025-01-14,9,0.5120255459203489,0.7673081722524431,0.5665467754006386,0.05452122948028969,0.3789319867889086,5,3,1,1.0,0.5555555555555556,0.3333333333333333,0.1111111111111111
2025-01-15,7,0.5308228228241205,0.8777205007416862,0.5652649636779513,0.034442140853830704,0.4002928967986788,4,3,0,0.8571428571428571,0.5714285714285714,0.42857142857142855,0.0
2025-01-16,12,0.4363998402841389,0.7980726510286331,0.4561791184047858,0.019779278120646834,0.5240415930747986,4,8,0,0.75,0.3333333333333333,0.6666666666666666,0.0
2025-01-17,10,0.30013855090364816,0.7945083558559418,0.37861686050891874,0.07847830960527058,0.542904844507575,3,6,1,0.6,0.3,0.6,0.1
2025-01-18,13,0.4709379292236498,0.817290200636937,0.5060873170598195,0.03514938783616969,0.4587632870444885,6,7,0,0.9230769230769231,0.46153846153846156,0.5384615384615384,0.0
2025-01-19,11,0.43668344015763566,0.7839835069396279,0.46165999228304083,0.024976552125405126,0.5133634419603781,6,5,0,0.6363636363636364,0.5454545454545454,0.45454545454545453,0.0
2025-01-20,21,0.16321436262556482,0.7923182121344975,0.33310932204836885,0.16989495942280403,0.4969957093929961,6,11,4,1.0,0.2857142857142857,0.5238095238095238,0.19047619047619047
2025-01-21,17,0.28203548617003593,0.8216667981708751,0.46210750170490317,0.18007201553486724,0.3578204773366451,8,7,2,1.1764705882352942,0.47058823529411764,0.4117647058823529,0.11764705882352941
2025-01-22,18,-0.07600998236901231,0.7617234521441989,0.21851958738019064,0.29452956974920297,0.4869508320051763,4,8,6,1.1111111111111112,0.2222222222222222,0.4444444444444444,0.3333333333333333
2025-01-23,12,0.32757991835630185,0.8184799353281657,0.3645725917691986,0.036992673412896644,0.5984347369521856,4,8,0,0.8333333333333334,0.3333333333333333,0.6666666666666666,0.0
2025-01-24,19,0.312736344180609,0.7934799586471758,0.4221761795741163,0.10943983539350718,0.4683839866989537,8,9,2,0.9473684210526315,0.42105263157894735,0.47368421052631576,0.10526315789473684
2025-01-25,10,0.1927750232629478,0.753569495677948,0.32581699788570406,0.1330419746227562,0.5411410056054592,3,6,1,0.4,0.3,0.6,0.1
2025-01-26,14,0.06535311362573078,0.79655450795378,0.34967268863692874,0.284319575011198,0.3660077503217118,6,5,3,0.7857142857142857,0.42857142857142855,0.35714285714285715,0.21428571428571427
2025-01-27,11,0.060497058047489685,0.7511807788502086,0.23002649911425327,0.16952944106676357,0.6004440859806809,3,7,1,0.7272727272727273,0.2727272727272727,0.6363636363636364,0.09090909090909091
2025-01-28,9,0.11101186420354575,0.822595841354794,0.37432405932082063,0.26331219511727494,0.3623637672927644,3,3,3,1.0,0.3333333333333333,0.3333333333333333,0.3333333333333333
2025-01-29,10,0.23576478343456983,0.717402559518814,0.3440710969269275,0.10830631349235768,0.5476226128637791,3,6,1,0.5,0.3,0.6,0.1
2025-01-30,12,0.1600997276448955,0.8026619752248129,0.24438565364107487,0.08428592599617933,0.6713284260282913,1,10,1,1.25,0.08333333333333333,0.8333333333333334,0.08333333333333333
2025-01-31,19,0.34325112733303714,0.7620581262990048,0.4319708915917497,0.08871976425871249,0.4793093400566201,9,8,2,0.6842105263157895,0.47368421052631576,0.42105263157894735,0.10526315789473684
2025-02-01,4,0.06221078522503373,0.8719687908887863,0.26878834236413235,0.20657755713909862,0.524634100496769,1,2,1,0.5,0.25,0.5,0.25
2025-02-02,8,0.22722232621163127,0.7528011128306389,0.3940618452616036,0.16683951904997224,0.43909861356951296,4,3,1,0.625,0.5,0.375,0.125
2025-02-03,7,0.21846745243029936,0.6988152691296169,0.4439666912491832,0.22549923881888384,0.3305340308163847,3,2,2,0.5714285714285714,0.42857142857142855,0.2857142857142857,0.2857142857142857
2025-02-04,15,0.2224318434794744,0.7667297919591268,0.37633650985856854,0.15390466637909406,0.46975881680846215,6,7,2,0.6,0.4,0.4666666666666667,0.13333333333333333
2025-02-05,13,-0.07789349391196783,0.8197238949628977,0.2773359079057207,0.3552294018176886,0.36743467559035004,2,6,5,0.6153846153846154,0.15384615384615385,0.46153846153846156,0.38461538461538464
2025-02-06,9,0.41108092862284845,0.677419963810179,0.5061787433094449,0.09509781468659634,0.39872342430882984,5,3,1,1.1111111111111112,0.5555555555555556,0.3333333333333333,0.1111111111111111
2025-02-07,5,0.5595814496278763,0.8387308835983276,0.5966532081365585,0.037071758508682204,0.36627503484487534,3,2,0,0.6,0.6,0.4,0.0
2025-02-08,3,-0.04200797217587634,0.7641319235165914,0.23350247678657368,0.27551044896244997,0.4909871270259221,1,1,1,0.3333333333333333,0.3333333333333333,0.3333333333333333,0.3333333333333333
2025-02-09,4,0.32243343070149416,0.8273691534996033,0.36164591088891024,0.03921248018741602,0.5991415800526738,1,3,0,0.5,0.25,0.75,0.0
2025-02-10,10,0.3520035553723574,0.7762211352586746,0.41908136922866107,0.06707781385630365,0.5138408122584224,4,5,1,1.0,0.4,0.5,0.1
2025-02-11,10,0.5313316620886326,0.8077630817890167,0.549145995080471,0.01781433299183839,0.433039665594697,5,5,0,1.0,0.5,0.5,0.0
2025-02-12,14,0.3012978828379086,0.8414933340890067,0.38908210237111357,0.087784219533205,0.5231336802244186,5,8,1,0.6428571428571429,0.35714285714285715,0.5714285714285714,0.07142857142857142
2025-02-13,11,0.38968240715224634,0.7822135415944186,0.4655119531195272,0.07582954596728082,0.458658499812538,5,5,1,1.2727272727272727,0.45454545454545453,0.45454545454545453,0.09090909090909091
2025-02-14,28,0.45584276551380754,0.8356578073331288,0.525647895543703,0.06980513002989544,0.40454697482553975,14,12,2,0.7857142857142857,0.5,0.42857142857142855,0.07142857142857142
2025-02-15,10,0.29321549232117833,0.8751777827739715,0.5008567547425627,0.20764126242138445,0.2915019958280026,5,3,2,0.9,0.5,0.3,0.2
2025-02-16,1,-0.8435645438730717,0.8948134779930115,0.0512489341199398,0.8948134779930115,0.0539376735687255,0,0,1,1.0,0.0,0.0,1.0
2025-02-17,7,0.4296953328885138,0.7958882834230151,0.4679833725094795,0.03828803962096567,0.4937285679791654,3,4,0,0.8571428571428571,0.42857142857142855,0.5714285714285714,0.0
2025-02-18,17,-0.10760127243531102,0.8103131932370803,0.13024484514094445,0.23784611757625546,0.6319090390906614,1,13,3,1.0,0.058823529411764705,0.7647058823529411,0.17647058823529413
2025-02-19,17,0.0768844701404519,0.8050013570224538,0.2678962043650886,0.19101173422463671,0.5410920751883703,4,10,3,0.6470588235294118,0.23529411764705882,0.5882352941176471,0.17647058823529413
2025-02-20,11,0.33812888677824626,0.7897331118583679,0.44301226040856406,0.10488337363031772,0.45210434598001564,6,4,1,0.2727272727272727,0.5454545454545454,0.36363636363636365,0.09090909090909091
2025-02-21,8,0.25114297890104353,0.7794586792588234,0.4028129013022408,0.1516699224011972,0.4455171588342637,2,5,1,0.625,0.25,0.625,0.125
2025-02-23,6,0.030933848116546887,0.8077414731184641,0.31986168089012307,0.28892783277357614,0.3912104939421018,2,2,2,0.6666666666666666,0.3333333333333333,0.3333333333333333,0.3333333333333333
2025-02-24,9,0.29036224374754555,0.7589249114195505,0.33208887527386344,0.0417266315263178,0.6261845042722093,3,6,0,0.6666666666666666,0.3333333333333333,0.6666666666666666,0.0
2025-02-25,8,-0.05037905054632574,0.825793594121933,0.23080318816937503,0.28118223871570075,0.4880145664792508,1,5,2,0.75,0.125,0.625,0.25
2025-02-26,6,0.15105469323073825,0.7094384332497915,0.37880480599900085,0.2277501127682626,0.3934450719195108,2,2,2,0.8333333333333334,0.3333333333333333,0.3333333333333333,0.3333333333333333
2025-02-27,7,-0.2391404932630914,0.8162157535552979,0.20796682126820085,0.44710731453129215,0.3449258564838341,2,2,3,0.8571428571428571,0.2857142857142857,0.2857142857142857,0.42857142857142855
2025-02-28,8,0.20013063435908404,0.8245117664337158,0.4672357742674649,0.26710513990838075,0.2656590738333761,4,2,2,1.25,0.5,0.25,0.25
2025-03-01,4,-0.01515455683693287,0.910712480545044,0.2487917221151292,0.26394627895206213,0.48726196028292174,1,2,1,0.25,0.25,0.5,0.25
2025-03-02,10,0.28529713600873946,0.7374430060386657,0.3319569641724228,0.04665982816368337,0.6213832005858422,3,7,0,1.4,0.3,0.7,0.0
2025-03-03,10,0.02858548285439607,0.8498380482196808,0.25711049912497397,0.22852501627057792,0.5143644779920578,2,6,2,1.1,0.2,0.6,0.2
2025-03-04,7,0.09346597588488034,0.8317593591553825,0.33182494954339087,0.23835897365851058,0.42981608185384956,2,3,2,1.0,0.2857142857142857,0.42857142857142855,0.2857142857142857
2025-03-05,6,-0.00900518164659542,0.7448704143365225,0.2520071361213922,0.26101231776798767,0.4869805208096902,2,3,1,0.6666666666666666,0.3333333333333333,0.5,0.16666666666666666
2025-03-06,1,0.7978519857861102,0.8049443364143372,0.8049443364143372,0.0070923506282269,0.1879632920026779,1,0,0,1.0,1.0,0.0,0.0
2025-03-07,4,-0.05450238659977913,0.7743249535560608,0.20203910046257076,0.25654148706234986,0.5414194297045469,0,3,1,0.75,0.0,0.75,0.25
2025-03-08,2,0.3726285258308053,0.8550220131874084,0.47447629179805517,0.10184776596724984,0.4236760139465332,1,1,0,0.0,0.5,0.5,0.0
2025-03-09,1,-0.4118561446666717,0.6854537129402161,0.2735975682735443,0.6854537129402161,0.0409486964344978,0,0,1,0.0,0.0,0.0,1.0
2025-03-10,3,0.44919436052441597,0.8272201816240946,0.5596730721493562,0.1104787116249402,0.32984816779692966,2,1,0,0.3333333333333333,0.6666666666666666,0.3333333333333333,0.0
2025-03-11,2,-0.055647113826125916,0.9092770218849182,0.43160473462194204,0.4872518484480679,0.08114340249449015,1,0,1,0.5,0.5,0.0,0.5
2025-03-12,3,0.2601692670335372,0.9022348721822103,0.3149475244184335,0.05477825738489623,0.630274240548412,1,2,0,1.6666666666666667,0.3333333333333333,0.6666666666666666,0.0
2025-03-13,6,0.0628268451740344,0.7947269429763159,0.1550043250123659,0.09217747983833148,0.7528182069460551,1,5,0,0.8333333333333334,0.16666666666666666,0.8333333333333334,0.0
2025-03-14,7,0.2932462577841112,0.8305464301790509,0.3219817019999027,0.028735444215791526,0.6492828311664718,2,5,0,0.2857142857142857,0.2857142857142857,0.7142857142857143,0.0
2025-03-16,5,-0.10064608827233316,0.8708745241165161,0.2860475881025195,0.38669367637485264,0.3272587187588215,1,2,2,0.6,0.2,0.4,0.4
2025-03-17,8,0.05414842872414737,0.8077564463019371,0.3058955601882189,0.2517471314640715,0.44235733477398753,2,3,3,1.0,0.25,0.375,0.375
2025-03-18,11,-0.00873820081522521,0.847443390976299,0.2737577385269105,0.2824959393421357,0.4437463151460344,2,6,3,0.8181818181818182,0.18181818181818182,0.5454545454545454,0.2727272727272727
2025-03-19,8,-0.021267589298076928,0.8575219362974167,0.3217170083662495,0.34298459766432643,0.3352983747608959,3,2,3,0.5,0.375,0.25,0.375
2025-03-20,14,0.11694688858863497,0.7463162626538958,0.3042791705977704,0.18733228200913538,0.5083885352526393,4,7,3,0.7142857142857143,0.2857142857142857,0.5,0.21428571428571427
2025-03-21,8,0.08254671946633609,0.8585184887051582,0.4264258564217016,0.3438791369553655,0.22969500150065864,4,1,3,0.875,0.5,0.125,0.375
2025-03-22,6,0.1491603508281211,0.7607933481534322,0.3013284519935647,0.15216810116544363,0.5465034414082766,2,3,1,0.16666666666666666,0.3333333333333333,0.5,0.16666666666666666
2025-03-23,12,0.14288474037311968,0.7929480622212092,0.34961289749480784,0.2067281571216881,0.44365894825508195,5,5,2,0.6666666666666666,0.4166666666666667,0.4166666666666667,0.16666666666666666
2025-03-24,9,0.03269260004162785,0.7788898580604129,0.19311848448382482,0.16042588444219694,0.6464556263138851,1,7,1,1.0,0.1111111111111111,0.7777777777777778,0.1111111111111111
2025-03-25,7,0.19887402613780325,0.8611382501465934,0.3541573552148683,0.15528332907706494,0.49055930227041245,3,3,1,0.7142857142857143,0.42857142857142855,0.42857142857142855,0.14285714285714285
2025-03-26,14,0.3355592951577689,0.7626670215811048,0.3951099254190922,0.059550630261323234,0.5453394268240247,4,9,1,0.7857142857142857,0.2857142857142857,0.6428571428571429,0.07142857142857142
2025-03-27,4,0.8006990484427661,0.8158867210149765,0.8158867210149765,0.0151876725722104,0.16892561409622428,4,0,0,0.5,1.0,0.0,0.0
2025-03-28,2,-0.36858918517828,0.8678424060344696,0.119864746928215,0.48845393210649485,0.3916813060641289,0,1,1,1.0,0.0,0.5,0.5
2025-03-29,2,-0.2765310565009714,0.771648108959198,0.2092234962619841,0.4857545527629555,0.3050219202414155,0,1,1,1.5,0.0,0.5,0.5
2025-03-30,4,-0.16757392114959657,0.8650145083665848,0.3260559111367911,0.4936298322863877,0.1803142251446843,1,1,2,0.5,0.25,0.25,0.5
2025-03-31,8,0.130235246848315,0.8077780157327652,0.40176924993284047,0.27153400308452547,0.3266967213712632,3,3,2,0.75,0.375,0.375,0.25
2025-04-01,11,0.09431756541810256,0.7622328888286244,0.34407329203730275,0.24975572661920029,0.40617099726064637,4,5,2,0.6363636363636364,0.36363636363636365,0.45454545454545453,0.18181818181818182
2025-04-02,7,-0.39333186571353246,0.8319379431860787,0.15080007571460943,0.5441319414281419,0.3050679897091218,1,2,4,1.0,0.14285714285714285,0.2857142857142857,0.5714285714285714
2025-04-03,7,-0.4777986135865961,0.9040605851582119,0.06844123479511052,0.5462398483817067,0.3853189049820815,0,3,4,0.8571428571428571,0.0,0.42857142857142855,0.5714285714285714
2025-04-04,11,-0.3166743035174229,0.8497726971452887,0.17449667829681526,0.4911709818142382,0.3343323603780432,1,4,6,0.7272727272727273,0.09090909090909091,0.36363636363636365,0.5454545454545454
2025-04-05,3,0.07813746947795149,0.8220630884170532,0.49918987120812136,0.42105240173016983,0.07975771278142928,2,0,1,1.6666666666666667,0.6666666666666666,0.0,0.3333333333333333
2025-04-06,5,0.022148872539401055,0.8979031801223755,0.38237444069236515,0.3602255681529641,0.25739997401833536,2,1,2,1.6,0.4,0.2,0.4
2025-04-07,4,-0.22775126923806968,0.7986896634101868,0.2742792069911957,0.5020304762292653,0.22369031654670832,1,1,2,1.0,0.25,0.25,0.5
2025-04-08,6,-0.2872102311812341,0.9105837643146515,0.19470915989950296,0.4819193910807371,0.3233714825473725,1,2,3,0.8333333333333334,0.16666666666666666,0.3333333333333333,0.5
2025-04-09,12,-0.09328589980335285,0.8550946017106374,0.2103172095570092,0.30360310936036206,0.4860796860108772,2,6,4,1.3333333333333333,0.16666666666666666,0.5,0.3333333333333333
2025-04-10,5,0.6135869773104787,0.8054108858108521,0.6563435778021812,0.042756600491702504,0.3008998066186905,4,1,0,0.6,0.8,0.2,0.0
2025-04-11,5,0.5201358232647181,0.8004974484443664,0.5331070035696029,0.012971180304884861,0.45392181277275084,3,2,0,1.4,0.6,0.4,0.0
2025-04-12,3,0.2557448800653219,0.5815960764884948,0.49523862699667603,0.2394937469313542,0.26526765152812,1,1,1,1.3333333333333333,0.3333333333333333,0.3333333333333333,0.3333333333333333
2025-04-13,6,0.04756133522217474,0.8417927424112955,0.39640810278554756,0.34884676756337285,0.25474514781186974,3,1,2,1.5,0.5,0.16666666666666666,0.3333333333333333
2025-04-14,13,0.36561897020930273,0.8428529042464036,0.38778378169697064,0.0221648114876678,0.5900514042721345,4,9,0,1.0,0.3076923076923077,0.6923076923076923,0.0
2025-04-15,1,0.857668193988502,0.8664654493331909,0.8664654493331909,0.0087972553446888,0.1247373223304748,1,0,0,1.0,1.0,0.0,0.0
2025-04-16,6,0.2702237428165972,0.7529397904872894,0.35077173355966806,0.0805479907430708,0.5686802950998148,2,3,1,1.3333333333333333,0.3333333333333333,0.5,0.16666666666666666
2025-04-17,4,0.03372009168379009,0.7465924024581909,0.3173737502656877,0.28365365858189756,0.3989725718274712,2,1,1,1.5,0.5,0.25,0.25
2025-04-18,6,-0.006021780737986228,0.6979560752709707,0.2686426695436239,0.2746644502816101,0.4566928663601478,0,4,2,0.8333333333333334,0.0,0.6666666666666666,0.3333333333333333
2025-04-19,5,-0.02680613100528717,0.8079979658126831,0.26839589364826677,0.29520202465355394,0.4364020675420761,1,3,1,0.8,0.2,0.6,0.2
2025-04-20,2,0.4726398764178157,0.913837730884552,0.5002541393041611,0.02761426288634535,0.4721316043287515,1,1,0,1.0,0.5,0.5,0.0
2025-04-21,19,0.0942202574622474,0.798149403772856,0.3534092035046533,0.2591889460424059,0.38740184746290507,6,7,6,1.0526315789473684,0.3157894736842105,0.3684210526315789,0.3157894736842105
2025-04-22,15,0.3690861539915204,0.8384584267934163,0.4626562466844916,0.0935700926929712,0.44377366999785106,7,7,1,1.3333333333333333,0.4666666666666667,0.4666666666666667,0.06666666666666667
2025-04-23,12,-0.03275783367765449,0.8431167354186376,0.2424541016419728,0.2752119353196273,0.4823339485252897,2,7,3,0.8333333333333334,0.16666666666666666,0.5833333333333334,0.25
2025-04-24,9,0.12368446516080032,0.8244968255360922,0.3265991020533774,0.202914636892577,0.47048625556959045,3,4,2,0.7777777777777778,0.3333333333333333,0.4444444444444444,0.2222222222222222
2025-04-25,6,0.32782312932734686,0.777907113234202,0.35950896330177784,0.0316858339744309,0.6088052292664846,3,3,0,1.0,0.5,0.5,0.0
2025-04-26,4,-0.21377265290357172,0.8194439113140106,0.09434159845113747,0.30811425135470927,0.597544152289629,0,3,1,1.0,0.0,0.75,0.25
2025-04-27,4,0.15250008762814105,0.6896409243345261,0.49483903497457504,0.34233894734643394,0.16282204259186978,2,0,2,0.25,0.5,0.0,0.5
2025-04-28,5,0.2057640239596367,0.6999915361404419,0.3927514493465424,0.18698742538690566,0.42026116847991946,2,2,1,0.8,0.4,0.4,0.2
2025-04-29,9,0.260812958702445,0.7833201686541239,0.40972984375225174,0.14891688504980666,0.44135328630606335,4,4,1,0.6666666666666666,0.4444444444444444,0.4444444444444444,0.1111111111111111
2025-04-30,4,0.2588519073324278,0.8202168494462967,0.29910547100007534,0.04025356366764753,0.6606409400701523,1,3,0,0.75,0.25,0.75,0.0
2025-05-01,7,0.3178772356228104,0.8705544216292245,0.33074395571436194,0.012866720091551485,0.6563893184065819,2,5,0,0.5714285714285714,0.2857142857142857,0.7142857142857143,0.0
2025-05-02,10,-0.2097361356019974,0.8523626148700714,0.1822437380440533,0.3919798736460506,0.42577638737857343,2,4,4,1.5,0.2,0.4,0.4
2025-05-03,10,0.4531668484210968,0.80886812210083,0.5227738406509161,0.06960699222981925,0.40761915389448405,5,5,0,0.6,0.5,0.5,0.0
2025-05-04,4,-0.059529911028221305,0.7885635569691658,0.17923367721959943,0.23876358824782068,0.5820027757436037,0,3,1,0.75,0.0,0.75,0.25
2025-05-05,9,0.1181165201899906,0.7598013348049588,0.39884734102007413,0.28073082083008355,0.32042182092037463,4,2,3,0.8888888888888888,0.4444444444444444,0.2222222222222222,0.3333333333333333
2025-05-06,7,-0.29122515295499135,0.8363090923854283,0.19879173973043043,0.49001689268542187,0.3111913680498089,1,2,4,0.8571428571428571,0.14285714285714285,0.2857142857142857,0.5714285714285714
2025-05-07,9,-0.13844794050479928,0.7823333409097459,0.23587249136633337,0.37432043187113273,0.3898070771247148,1,4,4,0.6666666666666666,0.1111111111111111,0.4444444444444444,0.4444444444444444
2025-05-08,32,0.4237339795799926,0.8079256936907768,0.4662216989672743,0.04248771938728164,0.49129059782717377,14,18,0,0.75,0.4375,0.5625,0.0
2025-05-09,20,0.520239534880966,0.8050078868865966,0.5596935847774148,0.0394540498964488,0.40085236048325895,10,10,0,0.45,0.5,0.5,0.0
2025-05-10,15,0.6109887428892156,0.8360854109128316,0.6377200561265151,0.026731313237299468,0.33554863346119723,10,5,0,0.4,0.6666666666666666,0.3333333333333333,0.0
2025-05-11,14,0.218175438432289,0.7556231192180088,0.47099203124110184,0.2528165928088128,0.27619136869907374,6,3,5,0.5,0.42857142857142855,0.21428571428571427,0.35714285714285715
2025-05-12,8,0.4422523990506306,0.8754412233829498,0.5891724764369428,0.14692007738631213,0.26390743628144264,5,2,1,0.875,0.625,0.25,0.125
2025-05-13,25,0.34093379145488145,0.8464176058769226,0.5615640268847346,0.22063023542985316,0.2178057279810309,14,5,6,0.72,0.56,0.2,0.24
2025-05-14,18,0.4397292017884966,0.8170077403386434,0.6150114939858516,0.17528229219735494,0.2097062144635452,11,3,4,0.4444444444444444,0.6111111111111112,0.16666666666666666,0.2222222222222222
2025-05-15,11,0.16555753468789838,0.8556126816706224,0.445298106494275,0.27974057180637657,0.27496130425821647,6,2,3,0.36363636363636365,0.5454545454545454,0.18181818181818182,0.2727272727272727
2025-05-16,4,-0.19860312272794545,0.9121238142251968,0.26808766904287035,0.46669079177081585,0.26522156223654747,1,1,2,0.5,0.25,0.25,0.5
2025-05-17,6,-0.10726817588632309,0.9021515448888143,0.22992052882909772,0.33718870471542073,0.43289076009144384,1,3,2,0.8333333333333334,0.16666666666666666,0.5,0.3333333333333333
2025-05-18,4,0.40075746132060885,0.8056303709745407,0.4248447846621275,0.024087323341518575,0.551067892462015,2,2,0,0.75,0.5,0.5,0.0
2025-05-19,8,0.29228292079642415,0.7929751724004745,0.4976931498385966,0.2054102290421724,0.2968965971376747,4,2,2,0.5,0.5,0.25,0.25
2025-05-20,9,0.3953751581203606,0.8289745052655538,0.5130471395742562,0.11767198145389551,0.369280907842848,5,3,1,1.2222222222222223,0.5555555555555556,0.3333333333333333,0.1111111111111111
2025-05-21,7,0.17595472186803818,0.8417032275881086,0.45414391359580414,0.27818919172776596,0.26766691436725,3,2,2,0.7142857142857143,0.42857142857142855,0.2857142857142857,0.2857142857142857
2025-05-22,5,0.14793547615408895,0.801646602153778,0.3730926595628261,0.2251571834087372,0.4017501309514045,2,2,1,0.8,0.4,0.4,0.2
2025-05-23,6,0.2802315829321742,0.7884204387664795,0.46837370687474805,0.18814212394257382,0.34348418563604355,3,2,1,0.6666666666666666,0.5,0.3333333333333333,0.16666666666666666
