date,btc_open,btc_high,btc_low,btc_close,btc_volume,btc_return,eth_open,eth_high,eth_low,eth_close,eth_volume,eth_return,sol_close,sol_volume,sol_return,bnb_close,bnb_volume,bnb_return,news_count,avg_sentiment,avg_finbert_confidence,avg_positive_probability,avg_negative_probability,avg_neutral_probability,positive_news,neutral_news,negative_news,avg_market_direction,positive_ratio,neutral_ratio,negative_ratio,btc_volatility,eth_volatility,btc_abs_return,eth_abs_return
2021-01-01,28923.63,29600.0,28624.57,29331.69,54182.925011,0.0,736.42,749.0,714.29,728.91,675114.09329,0.0,1.8421,4421991.45,0.0,37.7762,2435989.127,0.0,6,-0.1602628878317773,0.7183742225170135,0.1750137566899259,0.3352766445217033,0.4897095995644728,1.0,4.0,1.0,1.0,0.1666666666666666,0.6666666666666666,0.1666666666666666,0.0332551584992204,0.0476190476190476,0.0,0.0
2021-01-02,29331.7,33300.0,28946.53,32178.33,129993.873362,0.0970499824592447,728.91,787.69,714.91,774.56,1352618.57668,0.0626277592569726,1.7999,5253819.62,-0.0229086368818196,38.2331,3018062.206,0.012094916905353,8,0.3308107375050895,0.8461445346474648,0.4606222468428314,0.1298115093377418,0.4095662352629006,3.0,4.0,1.0,0.875,0.375,0.5,0.125,0.1352919806590336,0.0939630241685603,0.0970499824592447,0.0626277592569726
2021-01-03,32176.45,34778.11,31962.99,33000.05,120957.56675,0.0255364402068101,774.44,1011.07,768.71,978.28,2813603.88615,0.2630138401156787,2.1779,8318341.13,0.2100116673148508,41.2575,4903626.697,0.0791042316736021,3,0.0142060161257783,0.934107224146525,0.3489450846488276,0.3347390685230493,0.3163158701111873,1.0,1.0,1.0,1.3333333333333333,0.3333333333333333,0.3333333333333333,0.3333333333333333,0.0853065374143372,0.2477409330661978,0.0255364402068101,0.2630138401156787
2021-01-04,33000.05,33600.0,28130.0,31988.71,140899.88569,-0.0306466202323937,978.33,1162.97,890.0,1041.43,4245010.94004,0.0645520709817231,2.4909,7800814.8,0.1437164240782404,41.1333,5306248.166,-0.0030103617524086,9,0.5779956486076117,0.8088958528306749,0.6290169422411256,0.0510212936335139,0.3199617916511164,6.0,3.0,0.0,0.5555555555555556,0.6666666666666666,0.3333333333333333,0.0,0.1709978301719575,0.2621107515627551,0.0306466202323937,0.0645520709817231
2021-01-05,31989.75,34360.0,29900.0,33949.53,116049.997038,0.0612972514365224,1041.45,1134.6,974.45,1099.56,2706995.67525,0.0558174817318493,2.1636,6702006.99,-0.13139828977478,41.8219,3513141.346,0.0167406942793308,12,-0.1267798445187509,0.8498354852199554,0.3726738483334581,0.499453692852209,0.1278724446892738,5.0,0.0,7.0,1.3333333333333333,0.4166666666666667,0.0,0.5833333333333334,0.1313714799586327,0.1456491687584123,0.0612972514365224,0.0558174817318493
2021-01-06,33949.53,36939.21,33288.0,36769.36,127139.20131,0.0830594709264016,1100.16,1213.0,1057.26,1208.42,2390136.59334,0.0990032376587,1.9414,8451529.47,-0.102699205028656,42.2417,3784444.687,0.010037803160545,13,0.2084476575613594,0.8672184531505291,0.4307563986199406,0.2223087410585811,0.3469348621483032,6.0,4.0,3.0,1.0769230769230769,0.4615384615384615,0.3076923076923077,0.2307692307692307,0.0993003413711851,0.1288790321245924,0.0830594709264016,0.0990032376587
2021-01-07,36769.36,40365.0,36300.0,39432.28,132825.700437,0.0724222559217782,1208.75,1289.0,1131.0,1224.87,1972922.82059,0.0136128167359028,2.3635,30861006.24,0.2174204182548678,43.5728,5026746.669,0.0315115158717569,7,0.2057747387194207,0.8779618910380772,0.3566096244113785,0.1508348856919577,0.4925555006733962,2.0,4.0,1.0,1.4285714285714286,0.2857142857142857,0.5714285714285714,0.1428571428571428,0.1030881298266293,0.1289932809196078,0.0724222559217782,0.0136128167359028
2021-01-08,39432.48,41950.0,36500.0,40582.81,139789.957499,0.0291773643319634,1224.86,1273.75,1065.0,1216.93,2131172.92341,-0.0064823205727952,3.2214,29866396.67,0.362978633382695,42.356,3548923.788,-0.0279256784048763,8,0.2849568209494464,0.8010995611548424,0.3128836411051452,0.0279268201556987,0.6591895315796137,3.0,5.0,0.0,1.75,0.375,0.625,0.0,0.134293312858326,0.1715382150164758,0.0291773643319634,0.0064823205727952
2021-01-09,40586.96,41380.0,38720.0,40088.22,75785.979675,-0.01218717974433,1216.72,1304.37,1171.36,1276.0,1448871.11514,0.0485401789749615,3.3829,9881188.65,0.0501334823368719,43.8479,2720363.636,0.0352228727925205,5,0.4438863163813948,0.7759880423545837,0.4720662921667099,0.0281799757853149,0.4997537493705749,2.0,3.0,0.0,0.6,0.4,0.6,0.0,0.0663536570094656,0.1042398119122257,0.01218717974433,0.0485401789749615
2021-01-10,40088.22,41350.0,35111.11,38150.02,118209.544503,-0.0483483676750926,1276.0,1348.33,1170.0,1254.25,1951179.35003,-0.0170454545454545,3.449,5819813.51,0.0195394484022584,42.4031,4277406.29,-0.0329502667174482,3,0.0173249623427788,0.6649476488431295,0.2988978556046883,0.2815728932619095,0.419529269138972,1.0,2.0,0.0,1.3333333333333333,0.3333333333333333,0.6666666666666666,0.0,0.1635356940835155,0.1421805860075742,0.0483483676750926,0.0170454545454545
2021-01-11,38150.02,38264.74,30420.0,35404.47,251156.138287,-0.0719671968717184,1254.24,1260.0,915.0,1087.01,4099450.90046,-0.1333386485947777,3.1016,8755693.07,-0.1007248477819657,38.1674,6372598.994,-0.0998912815336614,3,-0.0201486507430672,0.681806723276774,0.2345167441914478,0.2546653949345151,0.5108178655306498,0.0,2.0,1.0,1.0,0.0,0.6666666666666666,0.3333333333333333,0.2215748463400242,0.3173843846882733,0.0719671968717184,0.1333386485947777
2021-01-12,35410.37,36628.0,32531.0,34051.24,133948.151996,-0.038222009819664,1087.0,1150.02,1006.33,1050.16,2302645.34052,-0.0339003321036603,3.6354,7075911.68,0.1721047201444416,38.2541,3261261.81,0.0022715720745976,6,0.2762445458211005,0.74282372991244,0.4151141168549656,0.1388695710338651,0.4460162868102391,3.0,2.0,1.0,1.3333333333333333,0.5,0.3333333333333333,0.1666666666666666,0.1203186726826982,0.1368267692542088,0.038222009819664,0.0339003321036603
2021-01-13,34049.15,37850.0,32380.0,37371.38,124477.914938,0.0975042318576357,1050.36,1137.65,987.48,1129.89,1564202.39081,0.0759217643025824,3.5242,5123655.8,-0.0305881058480498,40.1114,3512089.385,0.0485516585150349,10,-0.0210189195349812,0.7924024820327759,0.2466825412586331,0.2677014607936143,0.4856160242110491,2.0,5.0,3.0,1.2,0.2,0.5,0.3,0.1463686917635902,0.1329067431342874,0.0975042318576357,0.0759217643025824
2021-01-14,37371.38,40100.0,36701.23,39144.5,102950.389421,0.0474459332248369,1129.79,1247.55,1086.7,1231.62,1555737.38556,0.0900353131720785,3.2921,6422109.73,-0.0658589183360762,41.8723,3306689.933,0.0439002378376223,8,0.3652328208554536,0.8253991343080997,0.4472856344655155,0.0820528136100619,0.4706615451723337,4.0,3.0,1.0,1.375,0.5,0.375,0.125,0.0868262463436752,0.1306003475097838,0.0474459332248369,0.0900353131720785
2021-01-15,39145.21,39747.76,34408.0,36742.22,118300.920916,-0.061369541059408,1231.89,1256.98,1069.42,1168.53,1944038.83738,-0.0512252155697373,3.2475,4812542.83,-0.0135475836092463,40.8668,3431358.936,-0.0240134886309089,16,0.2358582602464594,0.7968128882348537,0.4459564303979277,0.2100981701514683,0.343945404049009,7.0,5.0,4.0,1.125,0.4375,0.3125,0.25,0.1453303583724663,0.1605093579112217,0.061369541059408,0.0512252155697373
2021-01-16,36737.43,37950.0,35357.8,35994.98,86348.431508,-0.0203373666588463,1168.48,1298.0,1151.77,1227.83,1575384.43797,0.0507475203888645,3.4247,8562549.63,0.0545650500384911,43.142,3243054.414,0.0556735540830211,9,-0.1198374480009079,0.8177673750453525,0.2667192362455857,0.3865566842464936,0.3467240842680136,2.0,3.0,4.0,1.5555555555555556,0.2222222222222222,0.3333333333333333,0.4444444444444444,0.0720155977305723,0.1190962918319311,0.0203373666588463,0.0507475203888645
2021-01-17,35994.98,36852.5,33850.0,35828.61,80157.727384,-0.0046220334057693,1227.83,1269.02,1165.0,1232.45,1317285.00579,0.0037627358836322,3.8268,8531899.81,0.1174117440943731,45.8675,3878914.299,0.0631750961939641,3,0.3313069622963667,0.92643803358078,0.3559415278335412,0.0246345655371744,0.6194239122172196,1.0,2.0,0.0,1.3333333333333333,0.3333333333333333,0.6666666666666666,0.0,0.083801743913593,0.0844009898981703,0.0046220334057693,0.0037627358836322
2021-01-18,35824.99,37469.83,34800.0,36631.27,70698.11875,0.0224027669507691,1232.5,1260.75,1182.58,1258.45,998050.11073,0.0210961905148281,3.7868,6226924.77,-0.0104525974704714,45.3412,3069449.938,-0.01147435548046,3,0.8246267875656486,0.8509107430775961,0.8509107430775961,0.0262839555119474,0.1228053011000156,3.0,0.0,0.0,1.6666666666666667,1.0,0.0,0.0,0.0728839049260372,0.0621160951964719,0.0224027669507691,0.0210961905148281
2021-01-19,36622.46,37850.0,35844.06,35891.49,79611.307769,-0.0201953140035822,1258.52,1438.3,1251.49,1365.36,2278852.55758,0.0849537129007904,3.6287,4768719.77,-0.0417502904827294,42.5241,5151546.872,-0.0621311301862325,3,0.3338028925160567,0.8199958602587382,0.3957474821557601,0.0619445896397034,0.5423079412430525,1.0,2.0,0.0,0.6666666666666666,0.3333333333333333,0.6666666666666666,0.0,0.0558890143596714,0.1368210581824573,0.0201953140035822,0.0849537129007904
2021-01-20,35901.94,36415.31,33400.0,35468.23,89368.422918,-0.0117927675891972,1365.36,1407.93,1235.42,1376.99,2219137.62144,0.0085179000410149,3.7166,4801640.28,0.0242235511340149,42.6069,3709936.492,0.0019471311562151,11,0.0827010446228087,0.8459260680458762,0.2089623339812863,0.1262612893584776,0.6647763802585277,2.0,8.0,1.0,1.181818181818182,0.1818181818181818,0.7272727272727273,0.0909090909090909,0.0850143917528446,0.1252805031263843,0.0117927675891972,0.0085179000410149
2021-01-21,35468.23,35600.0,30071.0,30850.13,135004.076658,-0.1302038472176367,1376.72,1390.0,1086.0,1110.96,2310208.57298,-0.193196755241505,2.9899,4385838.62,-0.1955281709088953,38.6343,3460575.242,-0.0932384191292959,10,0.0979661823250353,0.8914664208889007,0.3224339454434811,0.2244677631184458,0.4530983101576566,3.0,5.0,2.0,1.1,0.3,0.5,0.2,0.179221286911919,0.2736372146611939,0.1302038472176367,0.193196755241505
2021-01-22,30851.99,33826.53,28850.0,32945.17,142971.684049,0.0679102486764235,1111.98,1273.79,1042.31,1232.62,2020593.21673,0.1095088932094763,3.3352,6481502.65,0.1154888123348607,40.8936,3088685.295,0.0584791234731829,8,0.0242762843845412,0.8548679053783417,0.2787260038312524,0.2544497194467112,0.4668242711341008,2.0,4.0,2.0,1.5,0.25,0.5,0.25,0.1510549194312853,0.1877951031136928,0.0679102486764235,0.1095088932094763
2021-01-23,32950.0,33456.0,31390.16,32078.0,64595.287675,-0.0263216125459361,1232.61,1272.44,1195.9,1233.6,1009545.08258,0.0007950544368904,3.5079,2269454.7,0.0517810026385223,40.9109,2531809.648,0.0004230490834751,1,0.6317612938582898,0.655955970287323,0.655955970287323,0.0241946764290332,0.3198493123054504,1.0,0.0,0.0,2.0,1.0,0.0,0.0,0.0644005237234241,0.0620460440985732,0.0263216125459361,0.0007950544368904
2021-01-24,32078.0,33071.0,30900.0,32259.9,57978.037966,0.0056705530269967,1233.46,1398.83,1220.0,1392.51,1510879.53817,0.1288180933852141,3.6278,2457759.67,0.0341799937284417,41.8263,2340747.623,0.0223754549521033,6,0.600319372334828,0.8839157223701477,0.615208470573028,0.0148890982381998,0.3699024505913257,4.0,2.0,0.0,1.5,0.6666666666666666,0.3333333333333333,0.0,0.0672971707909819,0.1284227761380528,0.0056705530269967,0.1288180933852141
2021-01-25,32259.45,34875.0,31910.0,32254.2,88499.226921,-0.0001766899463421,1392.19,1475.0,1293.69,1317.88,1885441.31289,-0.0535938700619743,3.7038,6791542.33,0.0209493356855394,41.8347,2778238.02,0.0002008305778897,4,0.4574179458431899,0.7695668637752533,0.4865955207496881,0.0291775749064981,0.4842269122600555,2.0,2.0,0.0,2.0,0.5,0.5,0.0,0.0919260127363258,0.1375770176343824,0.0001766899463421,0.0535938700619743
2021-01-26,32254.19,32921.88,30837.37,32467.77,84972.20691,0.0066214632512975,1317.6,1378.49,1244.56,1365.97,1682923.65799,0.036490424014326,4.041,6618303.9,0.091041632917544,41.8396,2758108.622,0.0001171276476226,5,-0.3091069789603353,0.7336263656616211,0.0880200680345296,0.3971270469948649,0.51485291197896,0.0,3.0,2.0,1.4,0.0,0.6,0.4,0.0642024382949613,0.0980475413076422,0.0066214632512975,0.036490424014326
2021-01-27,32464.01,32557.29,29241.72,30366.15,95911.961711,-0.0647294224395453,1366.54,1373.9,1207.0,1239.03,2009772.08358,-0.0929302986156358,3.675,2491757.82,-0.0905716406829993,40.8826,2638401.378,-0.0228730676201494,3,-0.2090260231246551,0.7917526364326477,0.0603391838570435,0.2693652069816986,0.6702956060568491,0.0,2.0,1.0,1.0,0.0,0.6666666666666666,0.3333333333333333,0.1091863802293013,0.1347021460335908,0.0647294224395453,0.0929302986156358
2021-01-28,30362.19,33783.98,29842.1,33364.86,92621.145617,0.0987517350734288,1238.93,1360.0,1217.23,1329.69,1365269.71962,0.0731701411588097,3.81,2055425.01,0.036734693877551,42.5254,2984098.651,0.040183354287643,15,0.4319981964305043,0.7911585847536723,0.5222944932679335,0.0902962968374291,0.3874092151721318,8.0,6.0,1.0,0.8666666666666667,0.5333333333333333,0.4,0.0666666666666666,0.1181446587817243,0.1073708909595469,0.0987517350734288,0.0731701411588097
2021-01-29,33368.18,38531.9,31915.4,34252.2,231827.005626,0.0265950464051099,1329.44,1436.9,1285.35,1379.5,2253963.18682,0.0374598590648946,3.8293,2992168.86,0.0050656167979001,42.8618,3433689.484,0.00791056639091,7,0.2441261301615409,0.7645325064659119,0.3838283850678375,0.1397022549062966,0.476469375193119,3.0,3.0,1.0,1.2857142857142858,0.4285714285714285,0.4285714285714285,0.1428571428571428,0.1931700737470878,0.1098586444363901,0.0265950464051099,0.0374598590648946
2021-01-30,34246.28,34933.0,32825.0,34262.88,84889.68134,0.0003118047891814,1379.56,1406.0,1326.41,1378.05,1040042.2363,-0.0010511054729974,4.228,3944655.04,0.1041182461546497,44.7849,2767954.291,0.0448674577362593,2,0.54535710811615,0.8541903495788574,0.572839692234993,0.027482584118843,0.3996777115389704,1.0,1.0,0.0,0.5,0.5,0.5,0.0,0.0615243085228095,0.0577555241101555,0.0003118047891814,0.0010511054729974
2021-01-31,34262.89,34342.69,32171.67,33092.98,68742.280384,-0.0341448237859746,1378.04,1380.74,1281.12,1312.55,958704.85571,-0.0475309313885562,4.2525,5438870.48,0.005794701986755,44.3292,2431692.198,-0.0101753046227635,3,-0.1289888179550568,0.6717511415481567,0.3518459194650252,0.4808347374200821,0.1673193400104839,2.0,0.0,1.0,1.3333333333333333,0.6666666666666666,0.0,0.3333333333333333,0.0656036416182526,0.0758980610262467,0.0341448237859746,0.0475309313885562
2021-02-01,33092.97,34717.27,32296.16,33526.37,82718.276882,0.0130961309619139,1312.45,1377.99,1269.99,1374.17,1096397.91862,0.0469467829796961,4.6148,2097052.47,0.0851969429747205,51.4781,6095055.413,0.161268419010494,9,-0.0252256463799211,0.7624809145927429,0.2705341071511308,0.2957597535310519,0.4337061478032005,2.0,4.0,3.0,1.1111111111111112,0.2222222222222222,0.4444444444444444,0.3333333333333333,0.0722150951624049,0.0785928960754491,0.0130961309619139,0.0469467829796961
2021-02-02,33517.09,35984.33,33418.0,35466.24,78056.65988,0.057861021041049,1374.09,1547.9,1360.28,1511.87,1944227.99878,0.1002059424961976,5.2331,5278922.61,0.1339819710496663,51.0071,4675040.877,-0.0091495218354988,14,0.2244911293632217,0.8272616990974971,0.271172183033611,0.0466810536703892,0.6821467567767415,4.0,10.0,0.0,1.2857142857142858,0.2857142857142857,0.7142857142857143,0.0,0.0723597990652519,0.1240979713864288,0.057861021041049,0.1002059424961976
2021-02-03,35472.71,37662.63,35362.38,37618.87,80784.333663,0.060695185054858,1511.93,1669.35,1508.39,1664.49,1535869.88801,0.1009478328163135,5.7311,3977458.72,0.0951634786264354,52.12,2949735.036,0.021818531145664,5,-0.03475569114089,0.832211434841156,0.1692272141575813,0.2039829052984714,0.6267898503690958,1.0,3.0,1.0,1.0,0.2,0.6,0.2,0.0611461747787745,0.0967022931949124,0.060695185054858,0.1009478328163135
2021-02-04,37620.26,38708.27,36161.95,36936.66,92080.735898,-0.0181347818262483,1664.67,1695.2,1554.44,1595.67,1646502.32962,-0.0413459978732223,6.4085,5609382.39,0.1181972047250965,55.9599,4004741.294,0.0736742133537988,18,0.1174035509013467,0.8361533913347456,0.3277956468777523,0.2103920959764056,0.4618122670799494,5.0,9.0,4.0,0.9444444444444444,0.2777777777777778,0.5,0.2222222222222222,0.0689374729604679,0.0882137284024892,0.0181347818262483,0.0413459978732223
2021-02-05,36936.65,38310.12,36570.0,38290.24,66681.334275,0.0366459771944727,1595.53,1760.49,1591.0,1719.19,1194123.29946,0.0774094894307719,6.7005,4235525.49,0.0455644846687992,67.7005,5040545.223,0.2098038059396105,10,0.3614042589440942,0.7840103089809418,0.4718781601637601,0.1104739012196659,0.4176479402929544,5.0,4.0,1.0,1.2,0.5,0.4,0.1,0.0454455234545409,0.0985871253322785,0.0366459771944727,0.0774094894307719
2021-02-06,38289.32,40955.51,38215.94,39186.94,98757.311183,0.0234185003802536,1718.95,1743.67,1642.94,1676.35,1149808.33101,-0.0249187117188909,6.1225,5040208.25,-0.0862622192373704,72.8356,8482528.531,0.0758502522137944,5,0.2069996427744627,0.7970170855522156,0.2974296480417251,0.0904300052672624,0.6121403254568577,1.0,4.0,0.0,1.0,0.2,0.8,0.0,0.0699102813335259,0.0600888835863632,0.0234185003802536,0.0249187117188909
2021-02-07,39181.01,39700.0,37351.0,38795.69,84363.679763,-0.0099841937135177,1676.35,1693.0,1490.46,1611.62,1281734.86814,-0.0386136546663883,6.6976,5111066.89,0.0939322172315231,68.3542,5969908.442,-0.0615276046328991,7,0.2121411987713405,0.8389512726238796,0.2388497814536094,0.0267085826822688,0.7344416294779096,1.0,6.0,0.0,1.0,0.1428571428571428,0.8571428571428571,0.0,0.0605479629309338,0.1256747868604261,0.0099841937135177,0.0386136546663883
2021-02-08,38795.69,46794.45,37988.89,46374.87,138597.536914,0.1953613919484356,1611.46,1775.57,1563.89,1750.15,1339777.09536,0.085956987379159,7.855,6719151.08,0.1728081700907788,79.8374,7860567.389,0.1679955291701167,7,0.3936867447836059,0.8119611058916364,0.4153545583997454,0.0216678136161394,0.5629776024392673,2.0,5.0,0.0,1.1428571428571428,0.2857142857142857,0.7142857142857143,0.0,0.1898778368543135,0.1209496328886094,0.1953613919484356,0.085956987379159
2021-02-09,46374.86,48142.19,44961.09,46420.42,115499.861712,0.0009822129959609,1749.68,1821.88,1708.49,1769.13,1185071.89593,0.0108447847327373,7.8005,4803489.37,-0.0069382558879694,107.3469,12487305.868,0.3445690866686541,10,0.3853819111362099,0.823599910736084,0.4732448562979698,0.0878629451617598,0.4388921923935413,5.0,4.0,1.0,1.8,0.5,0.4,0.1,0.0685280314137615,0.064093650551401,0.0009822129959609,0.0108447847327373
2021-02-10,46420.42,47310.0,43727.0,44807.58,97154.1822,-0.0347441923188113,1769.14,1837.86,1680.0,1740.78,1219932.25474,-0.0160248257618151,9.09,4419421.79,0.1653099160310236,128.9711,16613534.274,0.2014422400646875,12,0.4200892650987953,0.7778741319974264,0.4391007811451951,0.0190115160463998,0.5418877064560851,4.0,8.0,0.0,1.75,0.3333333333333333,0.6666666666666666,0.0,0.079964148923017,0.0906834867128528,0.0347441923188113,0.0160248257618151
2021-02-11,44807.58,48678.9,43994.02,47969.51,89561.081454,0.0705668549830185,1740.76,1819.0,1703.44,1785.62,735079.82699,0.0257585679982537,9.2004,5694878.77,0.0121452145214522,124.085,5920400.255,-0.0378852316526726,11,0.2584246994334865,0.7760630033232949,0.3491612964055754,0.0907365969720888,0.5601021112366156,3.0,7.0,1.0,1.5454545454545454,0.2727272727272727,0.6363636363636364,0.0909090909090909,0.0976637034649719,0.0647170170585006,0.0705668549830185,0.0257585679982537
2021-02-12,47968.66,48985.8,46125.0,47287.6,85870.035697,-0.0142154881298558,1785.83,1864.88,1739.88,1840.26,909600.20653,0.0306000156808279,9.2,2867258.84,-4.347637059265441e-05,136.6139,5626020.824,0.1009703026151429,6,0.4354867494354645,0.8716439505418142,0.4526552713165681,0.0171685218811034,0.5301762279123068,3.0,3.0,0.0,1.3333333333333333,0.5,0.5,0.0,0.0604978895101464,0.067925184484801,0.0142154881298558,0.0306000156808279
2021-02-13,47298.15,48150.0,46202.53,47153.69,63768.097399,-0.0028318206041328,1840.24,1871.72,1765.0,1814.96,767589.07285,-0.0137480573397237,8.7441,3487478.68,-0.0495543478260869,133.3496,3785723.402,-0.0238943475005104,5,0.6495554086752235,0.7701241850852967,0.6927578628063202,0.0432024541310965,0.2640396595001221,3.0,2.0,0.0,1.4,0.6,0.4,0.0,0.0413004793474275,0.0588001939436681,0.0028318206041328,0.0137480573397237
2021-02-14,47156.78,49707.43,47014.17,48577.79,73735.475533,0.0302012419388599,1815.25,1850.0,1784.11,1800.42,675261.77873,-0.0080111958390267,8.7158,2889949.04,-0.0032364680184352,135.8623,4405507.885,0.0188429511599583,14,0.4208517675953252,0.8074207114321845,0.5373337984617267,0.1164820308664015,0.3461841771911297,7.0,5.0,2.0,1.0,0.5,0.3571428571428571,0.1428571428571428,0.0554422092894716,0.0365970162517635,0.0302012419388599,0.0080111958390267
2021-02-15,48580.47,49010.92,45570.79,47911.1,79398.156784,-0.0137241731252081,1800.03,1835.72,1655.67,1779.25,1053474.57879,-0.0117583674920296,8.8516,3424896.19,0.015580899056885,130.303,4772752.806,-0.0409186360013043,14,0.0425628207490912,0.8644947154181344,0.343461865226605,0.3008990444775138,0.3556391091219016,5.0,5.0,4.0,1.0,0.3571428571428571,0.3571428571428571,0.2857142857142857,0.0718023589523095,0.1011943234508922,0.0137241731252081,0.0117583674920296
2021-02-16,47911.1,50689.18,47003.62,49133.45,88813.266298,0.0255128769742292,1779.33,1827.28,1724.0,1781.99,817493.47513,0.0015399747084445,8.3002,2257217.69,-0.0622938225857471,130.183,3258276.714,-0.000920930446728,14,0.190036142244935,0.7617495613438743,0.2827349037730268,0.0926987615280917,0.6245663485356739,3.0,11.0,0.0,1.3571428571428572,0.2142857142857142,0.7857142857142857,0.0,0.0750112194441871,0.0579576765301713,0.0255128769742292,0.0015399747084445
2021-02-17,49133.45,52618.74,48947.0,52119.71,85743.637818,0.0607785531038427,1781.99,1855.0,1733.01,1849.88,795711.63311,0.0380978568903305,8.2357,3331645.44,-0.0077708970868172,165.3233,10185662.26,0.2699300215849995,10,0.2227797685191034,0.7638143628835679,0.3101716727018356,0.087391904182732,0.6024363979697227,3.0,7.0,0.0,1.2,0.3,0.7,0.0,0.0704482047194813,0.0659448180422513,0.0607785531038427,0.0380978568903305
2021-02-18,52117.67,52530.0,50901.9,51552.6,60758.046954,-0.0108809124225749,1849.7,1950.5,1849.69,1939.61,937227.10191,0.048505849028045,8.9771,2479859.19,0.0900227060237746,195.6,11226893.373,0.1831363153288132,12,0.4961709761215995,0.8159114668766657,0.5835584385786206,0.087387462457021,0.3290540985763072,8.0,3.0,1.0,1.0833333333333333,0.6666666666666666,0.25,0.0833333333333333,0.0315813363438507,0.0519743659807899,0.0108809124225749,0.048505849028045
2021-02-19,51552.61,56368.0,50710.2,55906.0,79659.77802,0.0844457893491308,1938.91,1972.82,1891.0,1955.0,793404.4115,0.0079345847876635,11.4912,7106323.06,0.2800570340087556,333.111,20188858.198,0.703021472392638,25,-0.0179014999046921,0.8444700431823731,0.2949255392700433,0.3128270391747355,0.3922474405914545,7.0,10.0,8.0,0.96,0.28,0.4,0.32,0.1012020176725217,0.041851662404092,0.0844457893491308,0.0079345847876635
2021-02-20,55906.0,57700.46,53863.93,55841.19,80948.205314,-0.001159267341609,1955.46,2042.34,1803.14,1913.0,1261315.81279,-0.0214833759590792,9.9869,4731324.37,-0.1309088693957114,253.0,13497656.247,-0.2404934091038723,10,0.4455354562029242,0.8487086832523346,0.6467210717499257,0.2011856155470013,0.1520933289080858,7.0,2.0,1.0,1.3,0.7,0.2,0.1,0.0687043023259353,0.1250392054364871,0.001159267341609,0.0214833759590792
2021-02-21,55841.19,58352.8,55477.59,57408.57,58166.708511,0.0280685279092367,1912.9,1976.31,1883.01,1933.53,756568.19743,0.0107318348144276,11.0753,3694265.15,0.1089827674253272,295.2597,10646422.307,0.1670343873517787,14,0.1262990085275045,0.7391622896705355,0.3245449283027222,0.1982459197752177,0.477209153651659,5.0,7.0,2.0,0.9285714285714286,0.3571428571428571,0.5,0.1428571428571428,0.0500832889584256,0.0482537121223875,0.0280685279092367,0.0107318348144276
2021-02-22,57412.35,57508.47,47622.0,54087.67,134019.434944,-0.0578467639935988,1933.54,1936.29,1551.0,1777.58,1807244.98099,-0.0806555884832405,14.4191,14711670.8,0.3019150722779518,267.5147,12604399.402,-0.0939681236552093,15,0.0245029979385435,0.879033625125885,0.3099471911477545,0.285444193209211,0.404608624925216,4.0,7.0,4.0,0.9333333333333332,0.2666666666666666,0.4666666666666667,0.2666666666666666,0.1827860212872915,0.2167497384083979,0.0578467639935988,0.0806555884832405
2021-02-23,54087.67,54183.59,44892.56,48891.0,169375.025051,-0.0960786441715828,1777.42,1782.39,1355.0,1577.89,2547837.82068,-0.1123381226161409,15.2244,24306320.76,0.055849532911208,231.3646,15879767.559,-0.1351331347398853,20,-0.4305506187491119,0.8588541507720947,0.0559043667279183,0.4864549854770302,0.4576406619511545,0.0,10.0,10.0,0.9,0.0,0.5,0.5,0.190035589372277,0.2708617203987604,0.0960786441715828,0.1123381226161409
2021-02-24,48891.0,51374.99,46988.69,49676.2,91881.209252,0.0160602155815998,1577.79,1712.7,1500.2,1623.39,1384388.81727,0.0288359771593711,17.1691,10777544.75,0.1277357399963217,254.5056,11777825.187,0.1000196227080547,9,0.3902094153066475,0.869850410355462,0.5241678617894648,0.1339584464828173,0.3418736985574166,5.0,3.0,1.0,1.0,0.5555555555555556,0.3333333333333333,0.1111111111111111,0.0882978166606945,0.1308989213928877,0.0160602155815998,0.0288359771593711
2021-02-25,49676.21,52041.73,46674.34,47073.73,83310.673121,-0.0523886690205771,1623.16,1671.59,1459.16,1481.75,1032670.79409,-0.0872495210639464,13.8442,9520373.92,-0.1936560448713095,234.9146,6871992.794,-0.0769766952082782,16,0.1018868757528252,0.8389662615954876,0.3806303838500752,0.27874350809725,0.3406261254567653,5.0,6.0,5.0,1.0625,0.3125,0.375,0.3125,0.114020919948345,0.1433642652269275,0.0523886690205771,0.0872495210639464
2021-02-26,47073.73,48424.11,44106.78,46276.87,109423.200663,-0.0169279128719989,1482.08,1562.25,1400.0,1444.59,1355973.29378,-0.0250784545301164,13.5962,8029513.17,-0.0179136389246038,221.717,7410706.385,-0.0561804162023135,14,0.1744010459099497,0.8225648318018232,0.2706736240402928,0.096272578130343,0.6330538024859769,3.0,10.0,1.0,0.8571428571428571,0.2142857142857142,0.7142857142857143,0.0714285714285714,0.093293474688327,0.1123156051197917,0.0169279128719989,0.0250784545301164
2021-02-27,46276.88,48394.0,45000.0,46106.43,66060.834292,-0.0036830494370082,1444.56,1529.0,1425.0,1458.13,927423.0475,0.0093729016537564,13.1916,6232463.19,-0.0297583148232594,225.3853,4192697.152,0.016544964977877,8,0.1350252549163997,0.8636588677763939,0.2468363237567245,0.1118110688403248,0.6413525911048055,2.0,5.0,1.0,0.875,0.25,0.625,0.125,0.0736122922551149,0.0713242303498316,0.0036830494370082,0.0093729016537564
2021-02-28,46103.67,46638.46,43000.0,45135.66,83055.369042,-0.0210549808345603,1458.27,1468.75,1293.18,1419.18,1410207.56284,-0.0267122958858263,13.0887,7231344.75,-0.0078004184481033,210.2138,5674373.249,-0.0673136180576107,9,-0.2460291404277086,0.8631850547260709,0.0931247841152879,0.3391539245429966,0.5677212942391634,0.0,6.0,3.0,1.0,0.0,0.6666666666666666,0.3333333333333333,0.0806116494142325,0.1237122845586887,0.0210549808345603,0.0267122958858263
2021-03-01,45134.11,49790.0,44950.53,49587.03,85086.111648,0.0986220208145842,1418.67,1572.0,1409.91,1569.86,1094695.17839,0.1061739877957692,14.9855,5511248.26,0.1449188995087367,254.9637,7911568.194,0.2128780317942971,19,0.3662658340395673,0.7826858068767347,0.4551315809551038,0.0888657469155364,0.4560026620563708,8.0,10.0,1.0,1.2105263157894737,0.4210526315789473,0.5263157894736842,0.0526315789473684,0.0975954801084074,0.1032512453339787,0.0986220208145842,0.1061739877957692
2021-03-02,49595.76,50200.0,47047.6,48440.65,64221.06214,-0.0231185453131594,1570.0,1602.9,1455.52,1486.78,1061142.38743,-0.0529219166040283,13.9438,4128426.11,-0.0695138634012879,239.6841,5386013.794,-0.0599285310026486,17,0.3449581751380773,0.7600703362156364,0.416738972396535,0.0717807972584576,0.5114802322624361,7.0,9.0,1.0,1.7058823529411764,0.4117647058823529,0.5294117647058824,0.0588235294117647,0.0650775743100061,0.0991269723832713,0.0231185453131594,0.0529219166040283
2021-03-03,48436.61,52640.0,48100.71,50349.37,81035.913705,0.0394032697744559,1486.79,1656.94,1475.47,1567.69,1054846.31471,0.0544196182353811,14.0742,3277327.93,0.0093518266182819,240.5701,4278388.733,0.0036965322272106,17,0.2872662265401553,0.8187282436034259,0.3865946437067845,0.0993284171666292,0.5140769453171421,6.0,10.0,1.0,1.411764705882353,0.3529411764705882,0.5882352941176471,0.0588235294117647,0.0901558450483094,0.115756303861095,0.0394032697744559,0.0544196182353811
2021-03-04,50349.37,51773.88,47500.0,48374.09,82649.716829,-0.0392314739985824,1567.68,1624.87,1506.36,1539.23,946365.67088,-0.0181540993436202,13.0508,2764372.37,-0.0727146125534665,229.6369,3999983.836,-0.0454470443334396,22,0.156612899874083,0.7254142138091001,0.2908349921926855,0.1342220923186025,0.5749429125677455,7.0,12.0,3.0,1.1363636363636365,0.3181818181818182,0.5454545454545454,0.1363636363636363,0.0883506025643065,0.0769930419755332,0.0392314739985824,0.0181540993436202
2021-03-05,48374.09,49448.93,46300.0,48751.71,78192.496372,0.0078062450373743,1539.22,1548.96,1441.66,1528.31,910786.28976,-0.0070944563190686,12.5382,2069391.25,-0.0392772856836363,225.4714,3654842.805,-0.0181395063249852,12,-0.109028518355141,0.73662997285525,0.2321340375735113,0.3411625559286524,0.4267034092918038,2.0,5.0,5.0,0.8333333333333334,0.1666666666666666,0.4166666666666667,0.4166666666666667,0.064591170237926,0.0702082692647433,0.0078062450373743,0.0070944563190686
2021-03-06,48746.81,49200.0,47070.0,48882.2,44399.234242,0.0026766240609816,1528.08,1671.58,1513.03,1650.35,1013300.93928,0.0798529094228264,13.0421,3061674.23,0.0401891818602351,226.3814,2663375.536,0.0040359885998846,6,-0.0043925052353491,0.7592649757862091,0.2302022377649942,0.2345947430003434,0.5352030272285143,1.0,4.0,1.0,1.5,0.1666666666666666,0.6666666666666666,0.1666666666666666,0.043574143553277,0.0960705304935316,0.0026766240609816,0.0798529094228264
2021-03-07,48882.2,51450.03,48882.2,50971.75,55235.028032,0.0427466439726527,1650.68,1734.16,1630.35,1726.16,848470.78136,0.0459357106068409,13.8174,2999418.25,0.0594459481218514,240.11,3519962.929,0.0606436747895366,10,0.3014551155269146,0.8784965753555298,0.4976075442507863,0.1961524287238716,0.3062400335445999,5.0,3.0,2.0,1.9,0.5,0.3,0.2,0.0503775130341807,0.0601392686657089,0.0427466439726527,0.0459357106068409
2021-03-08,50959.11,52402.78,49274.67,52375.17,66987.359664,0.0275332904991489,1726.46,1843.59,1664.96,1833.18,1149711.39987,0.0619988877045001,13.6028,2116684.52,-0.0155311418935544,240.5509,3045991.968,0.0018362417225439,11,0.2286702017723159,0.8085540370507673,0.4184696820818565,0.1897994803095405,0.3917308114469051,6.0,3.0,2.0,1.2727272727272727,0.5454545454545454,0.2727272727272727,0.1818181818181818,0.0597250567396726,0.0974426952072354,0.0275332904991489,0.0619988877045001
2021-03-09,52375.18,54895.0,51789.41,54884.5,71656.737076,0.0479106798125905,1833.22,1870.77,1798.2,1870.51,857229.47855,0.0203635213126915,14.839,2594490.9,0.0908783485752933,293.2052,7937298.708,0.2188904718294546,14,0.2931652080733329,0.7958490422793797,0.4470902486438198,0.1539250405704868,0.3989847141451069,7.0,5.0,2.0,1.2857142857142858,0.5,0.3571428571428571,0.1428571428571428,0.056584099335878,0.0387969056567459,0.0479106798125905,0.0203635213126915
2021-03-10,54874.67,57387.69,53005.0,55851.59,84749.238943,0.0176204575062175,1870.5,1877.69,1757.0,1795.12,937230.62831,-0.0403045158806957,14.2048,1943926.1,-0.0427387290248668,278.4499,6012304.148,-0.0503241415909403,6,0.2392977043054998,0.802019476890564,0.4334489411363999,0.1941512368309,0.3723998342951138,3.0,2.0,1.0,1.1666666666666667,0.5,0.3333333333333333,0.1666666666666666,0.0784702816875939,0.0672322741655154,0.0176204575062175,0.0403045158806957
2021-03-11,55851.59,58150.0,54272.82,57773.16,81914.812859,0.0344049292061336,1795.28,1846.7,1725.0,1825.78,909011.4961,0.0170796381300415,16.031,4125742.57,0.1285621761658029,290.0301,6598662.207,0.0415880917895821,13,0.149089523877662,0.759053858426901,0.3288726656196209,0.1797831417419589,0.491344206679899,5.0,6.0,2.0,1.1538461538461535,0.3846153846153846,0.4615384615384615,0.1538461538461538,0.0671104021313703,0.0666564427258487,0.0344049292061336,0.0170796381300415
2021-03-12,57773.15,58081.51,54962.84,57221.72,73405.406047,-0.0095449167052659,1825.78,1841.88,1719.72,1766.1,869564.6361,-0.0326873993580826,14.5597,3678388.38,-0.0917784292932443,263.2201,5905880.87,-0.0924386813644514,15,0.3106210726002852,0.7878289937973022,0.4579634337375561,0.1473423611372709,0.3946942036350568,8.0,5.0,2.0,1.2,0.5333333333333333,0.3333333333333333,0.1333333333333333,0.0545015074695413,0.0691693562085952,0.0095449167052659,0.0326873993580826
2021-03-13,57221.72,61844.0,56078.23,61188.39,83245.091346,0.0693210550119778,1766.13,1944.3,1727.75,1922.35,926283.22642,0.088471773965234,15.3033,2632320.37,0.0510724808890292,276.2822,3902398.386,0.0496242498198276,9,0.2077222012190355,0.833087596628401,0.2521399253358443,0.0444177241168087,0.7034423409236802,2.0,7.0,0.0,1.2222222222222223,0.2222222222222222,0.7777777777777778,0.0,0.0942298040526968,0.1126485811636798,0.0693210550119778,0.088471773965234
2021-03-14,61188.38,61724.79,58966.78,58968.31,52601.05275,-0.0362827000350883,1922.35,1933.1,1836.0,1848.1,637963.63627,-0.0386246000988373,14.4605,1750244.94,-0.0550730888109101,263.238,2432196.535,-0.0472133202935259,7,0.3653747596378837,0.8597740871565682,0.4139731819076197,0.0485984222697359,0.5374283849128655,3.0,4.0,0.0,0.8571428571428571,0.4285714285714285,0.5714285714285714,0.0,0.046771053808393,0.0525404469455115,0.0362827000350883,0.0386246000988373
2021-03-15,58976.08,60633.43,54600.0,55605.2,102771.427298,-0.0570324976245716,1848.1,1891.76,1730.0,1793.48,1025326.79658,-0.0295546777771764,14.1577,2020949.93,-0.0209398015283012,254.5144,3362734.143,-0.0331395923081014,25,-0.1058263480477035,0.8378228640556336,0.2592983643338084,0.3651247123815119,0.3755769159272313,7.0,9.0,9.0,1.12,0.28,0.36,0.36,0.1085047801284772,0.0901933670852197,0.0570324976245716,0.0295546777771764
2021-03-16,55605.2,56938.29,53271.34,56900.75,77986.694355,0.0232990799421637,1793.99,1819.5,1711.68,1805.12,764993.40147,0.0064901755246782,13.6392,2501657.49,-0.036623180318837,258.5352,3013229.0,0.0157979273471362,20,0.2178091963054612,0.8186492085456848,0.3845118846278637,0.1667026883224024,0.4487854339182376,7.0,10.0,3.0,1.5,0.35,0.5,0.15,0.0644446690069991,0.0597301010459138,0.0232990799421637,0.0064901755246782
2021-03-17,56900.74,58974.73,54123.69,58912.97,70421.620841,0.0353636814980471,1805.01,1838.88,1741.18,1823.58,658349.44843,0.0102264669384861,14.2018,1703006.56,0.041248753592586,269.7896,2856836.919,0.0435314030739335,30,0.409121116840591,0.7706158310174942,0.4402199930200974,0.0310988761795063,0.5286811274165909,14.0,16.0,0.0,1.5,0.4666666666666667,0.5333333333333333,0.0,0.0823424790839776,0.0535759330547604,0.0353636814980471,0.0102264669384861
2021-03-18,58912.97,60129.97,57023.0,57648.16,66580.406675,-0.0214691264079879,1823.58,1850.0,1759.04,1776.08,603721.61056,-0.0260476644841465,14.204,1576671.71,0.0001549099409934,261.4816,3152509.589,-0.0307943671661176,12,0.1749834184690068,0.8345673531293869,0.2713423632085323,0.0963589447395254,0.6322986906549583,3.0,8.0,1.0,1.4166666666666667,0.25,0.6666666666666666,0.0833333333333333,0.0538953888554292,0.0512139092833656,0.0214691264079879,0.0260476644841465
2021-03-19,57641.0,59468.0,56270.74,58030.01,52392.652961,0.0066238020432916,1775.92,1840.61,1733.47,1809.1,500258.42875,0.0185915048871672,14.1552,1461762.29,-0.003435651929034,262.935,2262870.653,0.0055583260925433,16,0.3068240514839999,0.7787086945027113,0.3580708170775323,0.0512467655935324,0.5906824271660298,5.0,11.0,0.0,1.4375,0.3125,0.6875,0.0,0.0550966646395546,0.059222817975789,0.0066238020432916,0.0185915048871672
2021-03-20,58030.01,59880.0,57820.17,58102.28,44476.941776,0.0012453901007425,1809.01,1868.83,1800.86,1806.1,451556.10639,-0.0016582831242053,14.1894,1393209.56,0.0024160732451676,264.3023,2377018.11,0.0052001445224105,16,0.1452156273589935,0.827339842915535,0.3591846052440814,0.2139689778850879,0.4268464246997609,6.0,7.0,3.0,1.375,0.375,0.4375,0.1875,0.0354517929416883,0.0376335751065832,0.0012453901007425,0.0016582831242053
2021-03-21,58100.02,58589.1,55450.11,57351.56,48564.470274,-0.0129206633543468,1806.57,1817.16,1747.0,1782.98,465953.98749,-0.0128010630640605,14.3372,1191850.82,0.0104162261970204,264.6513,1973476.754,0.0013204576728995,13,0.1131731531797693,0.7671945622334113,0.2808270005222696,0.1676538473425002,0.5515191649588255,3.0,9.0,1.0,0.6153846153846154,0.2307692307692307,0.6923076923076923,0.0769230769230769,0.0547324257613916,0.039349852494139,0.0129206633543468,0.0128010630640605
2021-03-22,57351.56,58430.73,53650.0,54083.25,62581.626169,-0.0569872903195658,1783.23,1807.51,1655.15,1680.97,582727.49081,-0.0572132048592805,14.7964,5102991.54,0.0320285690371899,254.7976,3265655.831,-0.0372327662852969,15,-0.0360483455471694,0.8422734459241231,0.3211193463454644,0.3571676918926338,0.3217129664495586,5.0,4.0,6.0,1.0,0.3333333333333333,0.2666666666666666,0.4,0.0883957602400004,0.0906381434528872,0.0569872903195658,0.0572132048592805
2021-03-23,54083.25,55830.9,53000.0,54340.89,59789.365427,0.004763766970365,1681.17,1721.17,1650.0,1668.08,577213.99589,-0.0076681915798616,14.1552,2004427.43,-0.0433348652374901,255.4646,2587450.732,0.002617764060572,18,0.4882051735443787,0.851315352651808,0.5613072572482957,0.0731020837039168,0.3655906741817792,10.0,7.0,1.0,1.1666666666666667,0.5555555555555556,0.3888888888888889,0.0555555555555555,0.0520952085989022,0.0426658193851614,0.004763766970365,0.0076681915798616
2021-03-24,54342.8,57200.0,51700.0,52303.65,83537.465021,-0.0374900006238395,1668.2,1740.86,1536.92,1581.84,753834.52393,-0.0517001582657906,13.5973,2317339.72,-0.0394130778795072,248.5236,3270691.795,-0.0271701049773628,19,0.2505590662017072,0.7885345314678393,0.4161993205841434,0.1656402543824361,0.4181604291263379,8.0,8.0,3.0,1.263157894736842,0.4210526315789473,0.4210526315789473,0.1578947368421052,0.1051551851543821,0.1289258079198906,0.0374900006238395,0.0517001582657906
2021-03-25,52303.66,53287.0,50427.56,51293.78,87400.534538,-0.0193078303330647,1581.88,1622.0,1549.4,1585.74,701697.00258,0.0024654832347139,12.9787,2292323.1,-0.0454943260794422,233.9466,3498082.827,-0.0586543893618151,17,-0.0499651548726593,0.8111788788262535,0.2353929091683204,0.2853580640409798,0.4792490203810088,3.0,8.0,6.0,0.7058823529411765,0.1764705882352941,0.4705882352941176,0.3529411764705882,0.055746330256807,0.045783041356086,0.0193078303330647,0.0024654832347139
2021-03-26,51293.78,55073.46,51214.6,55025.59,63813.774692,0.0727536555114478,1585.83,1699.93,1585.79,1698.84,515470.92907,0.0713231677324151,14.7664,2972281.77,0.1377410680576638,255.2105,2635329.155,0.0908921095668842,12,-0.2429078708325203,0.7566882322231928,0.1881889820409317,0.431096852873452,0.3807141676855584,1.0,5.0,6.0,0.75,0.0833333333333333,0.4166666666666667,0.5,0.0701284620482942,0.0671870217324763,0.0727536555114478,0.0713231677324151
2021-03-27,55025.59,56700.36,53950.0,55817.14,50105.475055,0.0143851251753956,1698.84,1732.67,1666.41,1712.63,443845.49957,0.0081173035718491,16.4589,4053893.7,0.1146183226785133,269.2234,3089181.848,0.0549072236447953,9,0.0019547234599789,0.8761564426951938,0.2294704905814594,0.2275157671214805,0.543013747367594,2.0,5.0,2.0,0.8888888888888888,0.2222222222222222,0.5555555555555556,0.2222222222222222,0.0492744701717071,0.0386890338251694,0.0143851251753956,0.0081173035718491
2021-03-28,55817.14,56559.75,54691.84,55777.63,39050.387511,-0.00070784708783,1712.52,1725.66,1661.4,1687.01,348895.51314,-0.0149594483338492,18.0645,7200727.49,0.0975520842826676,268.4263,3272613.755,-0.0029607381824908,15,0.0406234978387753,0.8085901975631714,0.2693797572205463,0.228756259381771,0.5018639869987964,3.0,8.0,4.0,1.5333333333333334,0.2,0.5333333333333333,0.2666666666666666,0.0334885150193725,0.0380910605153496,0.00070784708783,0.0149594483338492
2021-03-29,55777.65,58405.82,54800.01,57635.47,67857.937398,0.0333079766924482,1687.16,1841.0,1677.85,1816.74,647724.46387,0.0768993663345207,18.9504,3064381.78,0.0490409366436934,275.2991,2728496.99,0.0256040484855619,30,0.2644524419990678,0.7966381927331289,0.3645824837808807,0.1001300417818128,0.5352874731334547,11.0,16.0,3.0,1.5666666666666669,0.3666666666666666,0.5333333333333333,0.1,0.0625623422520888,0.089803714345476,0.0333079766924482,0.0768993663345207
2021-03-30,57635.46,59368.0,57071.35,58746.57,55122.443122,0.0192780591535037,1816.76,1859.13,1786.3,1840.46,568842.00526,0.0130563536884749,19.0685,3808354.1,0.0062320584262074,311.2962,5532768.33,0.1307563301151366,22,0.382765776371922,0.7553053105419333,0.4041197091679681,0.021353932796046,0.5745263594118032,7.0,15.0,0.0,0.9545454545454546,0.3181818181818182,0.6818181818181818,0.0,0.0390941973293079,0.0395716288319225,0.0192780591535037,0.0130563536884749
2021-03-31,58746.57,59800.0,56769.0,58740.55,60975.542666,-0.0001024740678476,1840.41,1947.29,1768.15,1919.37,746995.8591,0.0428751507775229,19.3861,2784733.45,0.0166557411437711,302.3724,4719335.506,-0.0286665882847267,20,0.283639877429232,0.8232717931270599,0.428122828528285,0.144482951099053,0.4273942182771861,8.0,9.0,3.0,1.0,0.4,0.45,0.15,0.0515997892426952,0.0933327081281878,0.0001024740678476,0.0428751507775229
2021-04-01,58739.46,59490.0,57935.45,58720.44,47415.61722,-0.000342352940175,1919.37,1984.77,1885.02,1968.05,741585.07266,0.0253624887332823,19.0443,2230609.34,-0.0176311893573229,334.7991,4390708.581,0.1072409386570996,21,0.3659386596243296,0.7571694765772138,0.4373334501648233,0.0713947905404936,0.4912717634191115,9.0,11.0,1.0,1.380952380952381,0.4285714285714285,0.5238095238095238,0.0476190476190476,0.026473745768935,0.0506846878890272,0.000342352940175,0.0253624887332823
2021-04-02,58720.45,60200.0,58428.57,58950.01,47382.418781,0.0039095415497567,1968.05,2146.0,1948.48,2133.69,846197.93215,0.0841645283402352,19.7501,1773300.55,0.0370609578719092,338.2932,4205858.478,0.0104364079831755,20,0.2608800458256155,0.8013587087392807,0.4141235660761594,0.1532435202505439,0.4326329123228788,8.0,9.0,3.0,0.95,0.4,0.45,0.15,0.0300496980407636,0.0925720231148854,0.0039095415497567,0.0841645283402352
2021-04-03,58950.01,59791.72,56880.0,57051.94,47409.852113,-0.0321979589146804,2133.69,2138.12,1996.3,2008.52,770176.32192,-0.0586636296744138,22.5,6266319.5,0.1392347380519591,321.9497,3099870.848,-0.0483116420903524,12,0.2364328680559992,0.7829158455133438,0.3173862377492089,0.0809533696932097,0.6016604059065381,5.0,6.0,1.0,1.3333333333333333,0.4166666666666667,0.5,0.0833333333333333,0.0510363013071948,0.0706092047876047,0.0321979589146804,0.0586636296744138
2021-04-04,57051.95,58492.85,56388.0,58202.01,41314.081973,0.0201582978598098,2008.59,2091.83,1975.24,2075.69,514345.76554,0.0334425348017446,23.7755,5274539.83,0.056688888888889,348.8617,2730876.03,0.0835906975530649,6,0.2582839656000336,0.8186106483141581,0.5513281146995723,0.2930441490995387,0.1556277240936954,4.0,0.0,2.0,1.0,0.6666666666666666,0.0,0.3333333333333333,0.0361645585779597,0.0561692738318341,0.0201582978598098,0.0334425348017446
2021-04-05,58202.01,59272.0,56777.77,59129.99,54258.01579,0.0159441228919756,2075.7,2130.64,2002.15,2107.38,684923.61494,0.0152672123486647,22.9717,2821214.21,-0.0338079115055415,368.0263,3473780.055,0.0549346632204108,15,0.3345113963509599,0.8524140954017639,0.5558117149397731,0.2213003185888131,0.2228879584620396,9.0,3.0,3.0,0.3333333333333333,0.6,0.2,0.2,0.0421821481789529,0.0609714432138483,0.0159441228919756,0.0152672123486647
2021-04-06,59129.99,59495.24,57413.02,57991.15,54201.000727,-0.019259938992041,2107.43,2151.0,2044.65,2112.21,673386.05575,0.0022919454488512,25.0548,3326493.23,0.0906811424491875,403.3648,4481056.436,0.0960216701904184,33,0.2620620027636037,0.8473298441280018,0.4492155740489111,0.1871535712853073,0.3636308404419458,15.0,12.0,6.0,0.696969696969697,0.4545454545454545,0.3636363636363636,0.1818181818181818,0.0359058235610088,0.0503501072336557,0.019259938992041,0.0022919454488512
2021-04-07,57990.03,58655.0,55473.0,55953.45,71228.405659,-0.0351381202131705,2112.22,2129.01,1930.01,1963.47,892984.90422,-0.070419134461062,26.5385,7815658.63,0.0592181937193672,375.5538,6179859.708,-0.0689475135163008,15,0.0891009626289208,0.7731701771418253,0.203117416302363,0.1140164536734421,0.6828661372264226,2.0,11.0,2.0,0.8,0.1333333333333333,0.7333333333333333,0.1333333333333333,0.0568687006788678,0.1013511792897269,0.0351381202131705,0.070419134461062
2021-04-08,55953.44,58153.31,55700.0,58077.52,44283.147019,0.0379613768230555,1963.46,2084.61,1947.35,2080.46,501355.998,0.0595832887693725,26.9384,4209553.61,0.0150686738135163,418.7048,4092498.638,0.114899649530906,20,0.0915347194764763,0.8017966255545617,0.2121629804372787,0.1206282609608024,0.6672087502665818,3.0,16.0,1.0,0.9,0.15,0.8,0.05,0.0422419896717352,0.0659757938148295,0.0379613768230555,0.0595832887693725
2021-04-09,58077.52,58894.9,57654.0,58142.54,40831.884911,0.0011195381620978,2080.39,2100.0,2047.57,2066.87,426387.4379,-0.0065322092229603,27.6172,3037133.3,0.0251982300359336,453.9937,3670424.433,0.084281097326804,20,0.3137112337164581,0.8323750227689743,0.3766824582591653,0.0629712245427071,0.56034632101655,6.0,13.0,1.0,1.1,0.3,0.65,0.05,0.0213423768552251,0.0253668590670918,0.0011195381620978,0.0065322092229603
2021-04-10,58142.55,61500.0,57900.01,59769.13,69906.424117,0.0279759019815784,2067.19,2200.0,2058.0,2133.49,655458.20894,0.032232312627306,26.8021,2705997.06,-0.0295142157785728,471.2975,4659107.212,0.0381146258196976,16,0.2438528911443427,0.7975251451134682,0.4790852137375623,0.2352323225932195,0.2856824640184641,9.0,3.0,4.0,0.625,0.5625,0.1875,0.25,0.0602315944702557,0.0665576121753558,0.0279759019815784,0.032232312627306
2021-04-11,59769.13,60699.0,59232.52,60002.43,41156.715391,0.0039033527842884,2133.49,2165.02,2113.4,2151.36,392265.50773,0.0083759473913636,27.8517,2517685.81,0.0391611105099973,525.9275,3644396.11,0.1159140457990972,17,0.3204045527450302,0.7844801965881797,0.4218015652149915,0.1013970124699613,0.4768014335457016,8.0,8.0,1.0,1.1764705882352942,0.4705882352941176,0.4705882352941176,0.0588235294117647,0.0244403434994216,0.023994124646735,0.0039033527842884,0.0083759473913636
2021-04-12,59998.8,61300.0,59350.59,59860.0,56375.037117,-0.0023737371969768,2151.42,2203.46,2102.0,2137.69,579093.35694,-0.0063541201844414,28.5424,2842013.26,0.0247992043573641,596.7104,9279328.84,0.1345868014127422,26,0.2654286835056085,0.8165050103114202,0.4601321785639112,0.1947034950583026,0.3451643210764114,13.0,8.0,5.0,0.7692307692307693,0.5,0.3076923076923077,0.1923076923076923,0.0325661543601738,0.0474624477824193,0.0023737371969768,0.0063541201844414
2021-04-13,59860.01,63777.77,59805.15,63575.0,82848.688746,0.0620614767791514,2137.86,2318.0,2135.53,2299.19,782608.6209,0.0755488401031019,27.4507,2275774.43,-0.0382483603340993,551.6442,5447746.544,-0.0755244084902828,22,0.3632184509822929,0.7718891555612738,0.5042847411029718,0.1410662901206788,0.3546489852226593,11.0,7.0,4.0,1.2272727272727273,0.5,0.3181818181818182,0.1818181818181818,0.0624871411718442,0.0793627320926064,0.0620614767791514,0.0755488401031019
2021-04-14,63575.01,64854.0,61301.0,62959.53,82616.343993,-0.0096810066850177,2299.19,2447.29,2281.33,2432.6,972931.60866,0.0580247826408431,26.4067,3623963.28,-0.038031817039274,550.0182,4213337.251,-0.0029475520634495,13,0.3980100533136955,0.8349270453819861,0.4943848073195953,0.0963747540058997,0.4092404423997952,7.0,5.0,1.0,0.9230769230769232,0.5384615384615384,0.3846153846153846,0.0769230769230769,0.0564330769305298,0.0682233001726548,0.0096810066850177,0.0580247826408431
2021-04-15,62959.53,63800.0,62020.0,63159.98,51649.70034,0.0031837912385941,2432.59,2543.47,2400.0,2514.04,681950.96645,0.0334785825865329,27.7816,2146653.64,0.0520663316506795,541.8824,2306850.045,-0.0147918741598005,29,0.2586317150211283,0.7731738069961811,0.3954830531930101,0.1368513381718818,0.4676656173220996,11.0,14.0,4.0,0.896551724137931,0.3793103448275862,0.4827586206896552,0.1379310344827586,0.0281824028443327,0.0570675088701849,0.0031837912385941,0.0334785825865329
2021-04-16,63158.74,63520.61,60000.0,61334.8,91764.139884,-0.02889772922664,2514.04,2548.29,2300.0,2422.67,999163.75205,-0.0363438926986046,25.2996,2673912.32,-0.0893397068563365,508.2743,4192218.462,-0.0620210215352998,27,0.2284790544115283,0.8131401980364764,0.3716204456502088,0.1431413912386805,0.4852381568333065,10.0,14.0,3.0,0.7777777777777778,0.3703703703703703,0.5185185185185185,0.1111111111111111,0.0573998773942362,0.1024861000466427,0.02889772922664,0.0363438926986046
2021-04-17,61334.81,62506.05,59580.91,60006.66,58912.256128,-0.0216539387101613,2422.38,2495.0,2310.0,2317.6,624232.25568,-0.0433695055455345,24.85,2442737.39,-0.0177710319530743,514.6861,2949040.221,0.0126148420252607,17,0.2753344536485041,0.8118293863885543,0.4215385855778175,0.1462041319293134,0.432257295531385,7.0,7.0,3.0,0.9411764705882352,0.4117647058823529,0.4117647058823529,0.1764705882352941,0.0487469224249441,0.0798239558163617,0.0216539387101613,0.0433695055455345
2021-04-18,60006.67,60499.0,50931.3,56150.01,124882.131824,-0.0642703659893751,2317.65,2340.0,1946.8,2235.64,1475383.69204,-0.0353641698308595,32.3358,11699397.05,0.3012394366197182,481.4367,4468597.46,-0.0646013171911967,18,-0.0600144669103125,0.8263955381181505,0.2503932575798697,0.3104077244901822,0.439199025173568,4.0,9.0,5.0,1.0555555555555556,0.2222222222222222,0.5,0.2777777777777778,0.1703953391994052,0.1758780483440983,0.0642703659893751,0.0353641698308595
2021-04-19,56150.01,57526.81,54221.58,55633.14,78229.042267,-0.0092051630979229,2235.65,2300.0,2080.0,2161.12,820592.26555,-0.03333273693439,31.4711,12075270.9,-0.0267412589142683,504.0322,5031325.713,0.0469334805593342,34,0.2622040210510878,0.8147966633824741,0.4137555285192588,0.1515515074681709,0.4346929719014203,14.0,15.0,5.0,0.7352941176470589,0.4117647058823529,0.4411764705882353,0.1470588235294117,0.0594111711113195,0.1017990671503664,0.0092051630979229,0.03333273693439
2021-04-20,55633.14,57076.24,53329.96,56425.0,72744.482151,0.0142336024894513,2161.12,2346.62,2055.0,2330.03,992240.809,0.0781585474198565,31.7028,7036100.92,0.0073623101829933,586.3635,5730895.325,0.1633453180173807,44,0.1212001180551438,0.7980666445060209,0.2541252558585256,0.1329251378033817,0.6129496155137365,8.0,32.0,4.0,1.068181818181818,0.1818181818181818,0.7272727272727273,0.0909090909090909,0.066393974302171,0.125157186817337,0.0142336024894513,0.0781585474198565
2021-04-21,56425.0,56757.91,53536.02,53787.63,66984.756909,-0.0467411608329642,2330.26,2469.54,2235.16,2357.06,1177885.8617,0.0116007090037466,32.5534,6573327.09,0.0268304376900463,543.6327,5685067.894,-0.0728742495056394,29,0.22491868426381,0.8465196387521152,0.3329763950715805,0.1080577108077704,0.5589658961599243,8.0,18.0,3.0,0.7241379310344828,0.2758620689655172,0.6206896551724138,0.1034482758620689,0.0599002038200977,0.0994374347704344,0.0467411608329642,0.0116007090037466
2021-04-22,53787.62,55521.48,50500.0,51690.96,104656.631337,-0.0389805239606206,2357.06,2644.47,2303.44,2397.94,2220753.09746,0.0173436399582531,38.9,14017530.86,0.1949596662714185,505.2411,6375583.139,-0.0706204759205986,19,0.1878450721698372,0.8045841957393446,0.4073675354256441,0.2195224632558069,0.3731100049458052,8.0,7.0,4.0,0.6842105263157895,0.4210526315789473,0.3684210526315789,0.2105263157894736,0.0971442588800827,0.1422179037006763,0.0389805239606206,0.0173436399582531
2021-04-23,51690.95,52131.85,47500.0,51125.14,132230.780719,-0.0109462080023277,2397.94,2442.89,2107.0,2367.39,2532242.44185,-0.0127401019208154,37.3893,14705148.48,-0.0388354755784061,526.5357,6855584.921,0.0421474024975403,23,-0.1913678015622755,0.8185457146686056,0.1612778291025239,0.3526456306647995,0.4860765354140945,3.0,12.0,8.0,1.0869565217391304,0.1304347826086956,0.5217391304347826,0.3478260869565217,0.090598284914232,0.141881988181077,0.0109462080023277,0.0127401019208154
2021-04-24,51110.56,51166.22,48657.14,50047.84,55361.512573,-0.0210718249377899,2367.39,2368.74,2154.8,2213.35,997688.94623,-0.0650674371354107,40.8401,9722785.06,0.0922937845854294,496.992,3005329.075,-0.0561095857317937,19,-0.0758137529176708,0.8276794239094383,0.1712457479565943,0.2470595008742652,0.5816947458017814,2.0,12.0,5.0,0.9473684210526316,0.1052631578947368,0.631578947368421,0.2631578947368421,0.0501336321407677,0.0966589107009734,0.0210718249377899,0.0650674371354107
2021-04-25,50047.84,50567.91,46930.0,49066.77,58255.645004,-0.0196026441900389,2214.08,2356.64,2168.0,2320.49,857517.38218,0.048406262001039,47.405,11964753.801,0.1607464232457804,505.0,2489756.6252,0.0161129354194835,11,0.3481042214923284,0.8284980112856085,0.5017793009226973,0.1536750794303687,0.3445456244728782,5.0,4.0,2.0,0.9090909090909092,0.4545454545454545,0.3636363636363636,0.1818181818181818,0.0741420313584938,0.0812931751483522,0.0196026441900389,0.048406262001039
2021-04-26,49066.76,54356.62,48753.44,54001.39,86310.802124,0.1005694892897983,2320.44,2542.8,2303.64,2532.6,1076469.01367,0.0914074182607984,43.878,11079170.602,-0.074401434447843,535.33,3098650.6351,0.0600594059405941,19,0.2839130676400505,0.7646709962895042,0.3915673170826936,0.1076542494426432,0.5007784341118837,8.0,9.0,2.0,1.0,0.4210526315789473,0.4736842105263157,0.1052631578947368,0.1037599217353479,0.0944325989102109,0.1005694892897983,0.0914074182607984
2021-04-27,54001.38,55460.0,53222.0,55011.97,54064.034675,0.0187139627331816,2532.06,2680.0,2480.29,2666.13,771728.46451,0.0527244728737266,43.147,7101848.718,-0.0166598295273258,568.78,2807308.6198,0.0624848224459677,22,0.2946669031146236,0.8165804648941214,0.3739732845940373,0.0793063814794136,0.5467203334820542,9.0,12.0,1.0,1.2727272727272727,0.4090909090909091,0.5454545454545454,0.0454545454545454,0.0406820551963509,0.0749063248978857,0.0187139627331816,0.0527244728737266
2021-04-28,55011.97,56428.0,53813.16,54846.22,55130.459015,-0.0030129806294884,2666.13,2760.0,2559.44,2748.24,999383.1852,0.030797447986407,44.833,7855066.319,0.0390757178946392,562.78,2384514.8852,-0.0105488941242659,27,0.2068536617034287,0.7949298046253346,0.3459893740644609,0.1391357123610321,0.5148749200075313,8.0,16.0,3.0,1.148148148148148,0.2962962962962963,0.5925925925925926,0.1111111111111111,0.0476758471231015,0.0729776147643582,0.0030129806294884,0.030797447986407
2021-04-29,54846.23,55195.84,52330.94,53555.0,52486.019455,-0.0235425522488149,2748.23,2798.0,2668.0,2757.04,863890.01069,0.0032020493115594,42.484,5805381.221,-0.0523944415943612,599.7,4336516.3347,0.0656028998898328,19,0.2456974567061192,0.8047528768840589,0.4668220042398101,0.2211245475336908,0.3120534428836483,10.0,5.0,4.0,1.1578947368421053,0.5263157894736842,0.2631578947368421,0.2105263157894736,0.0534945383250862,0.0471520181063749,0.0235425522488149,0.0032020493115594
2021-04-30,53555.0,57963.0,53013.01,57694.27,68578.910045,0.0772900756231911,2757.04,2798.3,2723.09,2772.42,695339.20482,0.0055784464498158,42.786,3302673.311,0.0071085585161472,622.65,3430512.4025,0.0382691345672834,22,0.3483904414725575,0.8215751647949219,0.4618209923871539,0.1134305509145963,0.4247484492476691,10.0,10.0,2.0,0.9090909090909092,0.4545454545454545,0.4545454545454545,0.0909090909090909,0.0857969084278213,0.0271279243404679,0.0772900756231911,0.0055784464498158
2021-05-01,57697.25,58458.07,56956.14,57800.37,42600.351836,0.0018390041160067,2772.42,2954.28,2743.41,2944.77,690260.07741,0.0621659055987187,49.67,5804048.045,0.1608937502921517,620.0,2427568.3909,-0.0042560025696618,18,0.2018083832226693,0.8418315417236752,0.3357025079118708,0.1338941246892014,0.5304033590687646,7.0,9.0,2.0,0.8888888888888888,0.3888888888888889,0.5,0.1111111111111111,0.0259847817583174,0.0716083089681028,0.0018390041160067,0.0621659055987187
2021-05-02,57797.35,57911.02,56035.25,56578.21,36812.878863,-0.0211445013241264,2944.83,2985.0,2852.26,2949.56,571982.5445,0.0016266126047195,46.897,3794411.245,-0.0558284678880612,621.78,2066258.2844,0.0028709677419354,10,0.0680499103851616,0.7924635469913482,0.2729597497731447,0.204909839387983,0.5221304085105658,3.0,5.0,2.0,1.0,0.3,0.5,0.2,0.0331535762619566,0.0450033225294619,0.0211445013241264,0.0016266126047195
2021-05-03,56578.21,58981.44,56435.0,57169.39,57649.931286,0.0104488989665809,2949.33,3454.0,2949.32,3431.04,1329088.0628,0.1632379066708253,45.912,3686007.369,-0.0210034757020705,676.15,2873379.617,0.0874425037794719,14,0.4363763351658625,0.8020068449633462,0.5163828549640519,0.0800065197981893,0.4036106237077287,8.0,5.0,1.0,0.7857142857142857,0.5714285714285714,0.3571428571428571,0.0714285714285714,0.0445420180274794,0.1470924267860473,0.0104488989665809,0.1632379066708253
2021-05-04,57169.39,57200.0,53046.69,53200.01,85324.625903,-0.0694319110279119,3431.04,3527.0,3160.0,3239.01,1826039.38558,-0.0559684527140458,42.636,4180557.381,-0.0713538944066909,609.3,3765315.6951,-0.0988685942468388,40,0.2052589797414839,0.7977885715663433,0.3880361192394047,0.1827771394979208,0.4291867368854582,15.0,18.0,7.0,0.725,0.375,0.45,0.175,0.0780697221673454,0.113306226285192,0.0694319110279119,0.0559684527140458
2021-05-05,53205.05,58069.82,52900.0,57436.11,77263.923439,0.0796259248823449,3239.01,3549.34,3200.23,3524.26,1174816.73588,0.088067032827932,44.98,2772821.523,0.0549770147293364,651.1,2270137.4732,0.0686033152798293,45,0.2672981140928136,0.7957301206058927,0.3915536353157626,0.1242555212229489,0.4841908422195249,19.0,21.0,5.0,0.9333333333333332,0.4222222222222222,0.4666666666666667,0.1111111111111111,0.0900099258114799,0.0990590932564567,0.0796259248823449,0.088067032827932
2021-05-06,57436.11,58360.0,55200.0,56393.68,70181.671908,-0.0181493837239326,3524.33,3605.4,3376.47,3489.73,920592.57706,-0.0097978015242916,43.496,2337263.012,-0.0329924410849264,633.99,2065376.5442,-0.0262786054369528,26,0.3893764559537745,0.8275552483705374,0.5016727316050003,0.1122962756512256,0.3860309965765247,15.0,9.0,2.0,1.0769230769230769,0.5769230769230769,0.3461538461538461,0.0769230769230769,0.0560346478541567,0.0656010636926066,0.0181493837239326,0.0097978015242916
2021-05-07,56393.68,58650.0,55241.63,57314.75,74542.747829,0.0163328585756417,3489.74,3587.0,3353.23,3479.53,760544.64781,-0.0029228622271636,43.182,3259646.399,-0.0072190546257127,624.3,1979435.9584,-0.0152841527468888,36,0.3853917015431862,0.8188610474268595,0.460920033019243,0.0755283314760567,0.463551636888749,16.0,18.0,2.0,0.8888888888888888,0.4444444444444444,0.5,0.0555555555555555,0.0594675890586629,0.0671843611062413,0.0163328585756417,0.0029228622271636
2021-05-08,57315.49,59500.0,56900.0,58862.05,69709.906028,0.0269965410300141,3479.79,3958.33,3449.27,3910.26,1130467.54852,0.1237897072305742,45.612,2539093.011,0.0562734472696957,646.1,2186084.7749,0.0349191094025309,21,0.4062093915861277,0.8507174735977536,0.5065132437185162,0.1003038521323884,0.3931829080517803,11.0,8.0,2.0,0.3333333333333333,0.5238095238095238,0.3809523809523809,0.0952380952380952,0.0441710745718166,0.1301857165508175,0.0269965410300141,0.1237897072305742
2021-05-09,58866.53,59300.0,56235.66,58240.84,69806.11991,-0.0105536589364455,3910.26,3983.65,3726.08,3923.95,1000401.0082,0.0035010459662527,44.33,3095018.717,-0.0281066386038763,661.74,2343402.1219,0.0242067791363564,30,-0.1689490888267755,0.8382595539093017,0.2284936483949422,0.3974427372217178,0.3740636161838969,6.0,11.0,13.0,0.6666666666666666,0.2,0.3666666666666666,0.4333333333333333,0.0526149691522305,0.0656404898125613,0.0105536589364455,0.0035010459662527
2021-05-10,58240.83,59500.0,53400.0,55816.14,89586.34925,-0.0416322978858134,3923.95,4208.0,3650.0,3945.88,1505897.92612,0.0055887562277807,42.854,2869549.017,-0.0332957365215429,631.1,3074645.0692,-0.0463021730589052,28,0.2054213822287108,0.8321880357606071,0.339264473611755,0.1338430913830441,0.5268924336082169,9.0,16.0,3.0,0.6071428571428571,0.3214285714285714,0.5714285714285714,0.1071428571428571,0.1092873853333462,0.141413322250043,0.0416322978858134,0.0055887562277807
2021-05-11,55816.14,56862.43,54370.0,56670.02,64329.54055,0.0152980840308913,3946.63,4180.22,3771.64,4173.45,1095927.10403,0.0576728131620829,44.538,2758407.694,0.0392962150557707,671.91,2640713.327,0.0646648708604022,42,0.1312004334093736,0.7861739872466951,0.2752337137104145,0.1440332803010408,0.5807330073966157,11.0,26.0,5.0,0.7857142857142857,0.2619047619047619,0.6190476190476191,0.119047619047619,0.0439814561561827,0.0978998190945142,0.0152980840308913,0.0576728131620829
2021-05-12,56670.02,58000.01,48600.0,49631.32,99842.789836,-0.1242050029274738,4173.46,4372.72,3701.58,3823.21,1601842.74017,-0.0839209766500137,43.709,7592760.128,-0.0186133189635815,594.65,2813834.8185,-0.1149856379574645,26,0.2786370609313823,0.8075274080038071,0.391887102347727,0.1132500414163447,0.4948628567015895,12.0,12.0,2.0,0.8076923076923077,0.4615384615384615,0.4615384615384615,0.0769230769230769,0.1893967357708802,0.175543587718174,0.1242050029274738,0.0839209766500137
2021-05-13,49537.15,51367.19,46000.0,49670.97,147332.002121,0.000798890700469,3810.15,4034.77,3500.0,3717.91,2068708.17427,-0.0275423008414396,41.049,7162647.061,-0.0608570317325951,571.1,5485323.7047,-0.0396031278903555,21,0.2004782539969753,0.7932849384489513,0.3614867196107904,0.161008465613815,0.4775048178576287,8.0,10.0,3.0,1.238095238095238,0.3809523809523809,0.4761904761904761,0.1428571428571428,0.1080548658502139,0.1438361875354702,0.000798890700469,0.0275423008414396
2021-05-14,49671.92,51483.0,48799.75,49841.45,80082.204306,0.0034321858421528,3717.92,4173.28,3691.35,4075.01,1153390.42631,0.0960485864370037,42.7,3421838.277,0.040220224609613,602.61,2187570.2996,0.0551742251794782,33,0.2681222443440647,0.7608287650527377,0.4660221150314266,0.1978998706873619,0.3360780131523356,18.0,9.0,6.0,0.7878787878787878,0.5454545454545454,0.2727272727272727,0.1818181818181818,0.053835713046069,0.1182647404546246,0.0034321858421528,0.0960485864370037
2021-05-15,49844.16,50700.0,46555.0,46762.99,89437.449359,-0.0617650569957334,4075.02,4134.05,3632.0,3646.68,1039174.88082,-0.1051113984996356,43.486,3357108.617,0.0184074941451988,563.41,2259793.5825,-0.0650503642488509,17,0.0593424075118758,0.8212495849413031,0.3569858477396123,0.2976434402277363,0.3453706944470895,6.0,6.0,5.0,0.6470588235294118,0.3529411764705882,0.3529411764705882,0.2941176470588235,0.0886384724330073,0.137673171213268,0.0617650569957334,0.1051113984996356
2021-05-16,46762.99,49795.89,43825.39,46431.5,114269.812775,-0.0070887255070729,3646.24,3879.0,3343.06,3582.1,1324065.65875,-0.0177092588326915,46.85,13162867.429,0.0773582302350182,564.32,2939528.1774,0.0016151648000568,19,0.2346476331157119,0.7850489945788133,0.3987973921589161,0.1641497590432041,0.4370528467391666,7.0,8.0,4.0,0.8421052631578947,0.3684210526315789,0.4210526315789473,0.2105263157894736,0.1285872737258111,0.1496161469529047,0.0070887255070729,0.0177092588326915
2021-05-17,46426.83,46686.0,42001.0,43538.04,166657.172736,-0.062316746174472,3581.81,3587.06,3102.0,3282.51,1904012.43998,-0.0836352977303815,46.708,13839076.478,-0.0030309498399146,512.07,4029118.3527,-0.0925893110292033,26,0.1165197281381831,0.7785630054198779,0.2734890443702729,0.1569693162320898,0.5695416336306013,5.0,18.0,3.0,1.0384615384615383,0.1923076923076923,0.6923076923076923,0.1153846153846153,0.1076070489163039,0.1477710654346825,0.062316746174472,0.0836352977303815
2021-05-18,43538.02,45799.29,42250.02,42849.78,116979.860784,-0.0158082449278837,3282.25,3565.71,3240.0,3375.07,1287110.84143,0.028197933898145,55.977,12538546.698,0.1984456624132911,507.88,2720596.4374,-0.008182475052239,21,-0.0136008910568697,0.8047263764199757,0.2443840960040688,0.2579849870609385,0.4976309107705241,4.0,11.0,6.0,1.1904761904761905,0.1904761904761904,0.5238095238095238,0.2857142857142857,0.082830530285103,0.0965046650884278,0.0158082449278837,0.028197933898145
2021-05-19,42849.78,43584.9,30000.0,36690.09,354347.243161,-0.1437507963868193,3375.08,3441.73,1888.0,2438.92,4309836.31939,-0.2773720248765211,34.988,22259967.849,-0.374957571859871,334.8,11497731.3774,-0.3407891627943609,15,-0.2655331587418914,0.873471728960673,0.1399843407794833,0.4055174995213747,0.454498141258955,1.0,8.0,6.0,1.3333333333333333,0.0666666666666666,0.5333333333333333,0.4,0.3702607434323547,0.6370565660210257,0.1437507963868193,0.2773720248765211
2021-05-20,36671.23,42451.67,34850.0,40526.64,203017.596923,0.104566382911571,2438.92,2990.05,2155.0,2768.62,2942777.9301,0.135182785823233,44.42,17869805.908,0.2695781410769406,391.17,8116861.4224,0.16836917562724,22,0.0020399083679711,0.7886686216701161,0.2274023837155916,0.2253624753476204,0.5472351500595157,5.0,12.0,5.0,1.0454545454545454,0.2272727272727272,0.5454545454545454,0.2272727272727272,0.1875721747472773,0.3016123556139882,0.104566382911571,0.135182785823233
2021-05-21,40525.39,42200.0,33488.0,37252.01,202100.888258,-0.0808019120262621,2767.87,2938.54,2101.0,2430.98,2727031.93514,-0.1219524528465444,38.925,13740700.641,-0.1237055380459253,326.01,8827845.3858,-0.1665771915024159,17,0.0227141880758983,0.8198208843960482,0.1654688530765911,0.1427546650006928,0.6917764661724076,2.0,13.0,2.0,0.7058823529411765,0.1176470588235294,0.7647058823529411,0.1176470588235294,0.2338665752532547,0.3445277213304922,0.0808019120262621,0.1219524528465444
2021-05-22,37263.35,38829.0,35200.62,37449.73,126542.243689,0.005307633064632,2430.98,2485.0,2145.0,2294.87,1684318.01157,-0.0559897654443887,31.222,10122098.005,-0.1978933847141938,299.76,5303046.012,-0.0805190024845863,8,-0.0390187924494966,0.8086222931742668,0.2034418741241097,0.2424606665736064,0.554097481071949,1.0,5.0,2.0,0.5,0.125,0.625,0.25,0.0968866798238598,0.1481565404576294,0.005307633064632,0.0559897654443887
2021-05-23,37458.51,38270.64,31111.01,34655.25,217136.046593,-0.0746194965891611,2295.45,2381.57,1728.74,2096.39,2914548.73125,-0.0864885592647949,24.536,25787150.864,-0.2141438729101275,260.72,8801148.1832,-0.1302375233520147,12,-0.5840415365528316,0.9027308722337088,0.1565837897360324,0.740625326288864,0.1027908821900685,2.0,1.0,9.0,0.75,0.1666666666666666,0.0833333333333333,0.75,0.2065958260292452,0.3114067516063329,0.0746194965891611,0.0864885592647949
2021-05-24,34681.44,39920.0,34031.0,38796.29,161630.893971,0.1194924289970496,2096.63,2675.0,2079.94,2648.43,2186632.92245,0.2633288653351713,31.416,15414302.323,0.280404303880013,345.64,7794003.641,0.3257134090211719,14,-0.1454523527728659,0.8062190072877067,0.228049375116825,0.3735017278896911,0.3984488808949079,2.0,6.0,6.0,0.6428571428571429,0.1428571428571428,0.4285714285714285,0.4285714285714285,0.1517928647301069,0.2246840581023474,0.1194924289970496,0.2633288653351713
2021-05-25,38810.99,39791.77,36419.62,38324.72,111996.228404,-0.012155028225637,2647.92,2750.0,2378.54,2705.11,2115349.50445,0.0214013585407204,29.973,10300933.608,-0.0459320091673033,343.18,7638986.0132,-0.0071172318018747,23,0.1702075622489919,0.7407430980516516,0.3291971178968315,0.1589895556478396,0.5118133265363134,6.0,13.0,4.0,0.782608695652174,0.2608695652173913,0.5652173913043478,0.1739130434782608,0.0879889011583122,0.1373178909545268,0.012155028225637,0.0214013585407204
2021-05-26,38324.72,40841.0,37800.44,39241.91,104780.773396,0.0239320730849437,2705.1,2910.0,2643.0,2884.94,1583799.59251,0.0664778881450292,35.43,10601343.234,0.1820638574717246,379.16,5336916.0722,0.1048429395652428,37,0.2846755129159302,0.8049495220184326,0.4177612399279668,0.1330857270120365,0.449153044739285,17.0,16.0,4.0,1.054054054054054,0.4594594594594595,0.4324324324324324,0.1081081081081081,0.0774824670868466,0.0925495850866915,0.0239320730849437,0.0664778881450292
2021-05-27,39241.92,40411.14,37134.27,38529.98,86547.158794,-0.0181420832981881,2884.82,2889.74,2633.68,2742.23,1099029.91206,-0.0494672332873473,33.747,5698854.676,-0.0475021168501269,369.67,4275801.5014,-0.0250290114991033,29,0.2500059974925785,0.804781788382037,0.3906549866921429,0.1406489891995643,0.468696024461553,12.0,14.0,3.0,1.2413793103448276,0.4137931034482758,0.4827586206896552,0.1034482758620689,0.0850472800660681,0.093376558494364,0.0181420832981881,0.0494672332873473
2021-05-28,38529.99,38877.83,34684.0,35663.49,135377.62972,-0.0743963531774479,2742.23,2762.45,2327.38,2412.1,1554584.61362,-0.1203874219157401,28.989,6370726.751,-0.1409903102497999,328.82,5253443.3619,-0.1105039629940217,24,-0.0715844928248164,0.7629140888651212,0.2363484107578793,0.3079329035826958,0.4557186601838718,5.0,11.0,8.0,0.9166666666666666,0.2083333333333333,0.4583333333333333,0.3333333333333333,0.1175944922945006,0.1803698022470045,0.0743963531774479,0.1203874219157401
2021-05-29,35661.79,37338.58,33632.76,34605.15,112663.092689,-0.0296757271932723,2412.34,2574.27,2204.1,2278.74,1379427.18851,-0.0552879233862609,27.388,3911549.6,-0.055227845044672,305.04,3764083.2923,-0.0723192019950124,13,0.2728886001815016,0.8081409747783954,0.397072508572959,0.1241839083914572,0.4787435902712437,6.0,6.0,1.0,0.8461538461538461,0.4615384615384615,0.4615384615384615,0.0769230769230769,0.1070886847766878,0.1624450354143079,0.0296757271932723,0.0552879233862609
2021-05-30,34605.15,36488.0,33379.0,35641.27,73535.386967,0.0299412081727719,2278.74,2476.42,2180.53,2385.98,1151113.19883,0.0470610951666272,28.588,3964240.919,0.043814809405579,325.57,3739673.1138,0.0673026488329398,12,-0.0186082773531477,0.827278325955073,0.2277503305425245,0.2463586078956723,0.5258910502307117,2.0,7.0,3.0,1.0833333333333333,0.1666666666666666,0.5833333333333334,0.25,0.0872303371905658,0.124011936395108,0.0299412081727719,0.0470610951666272
2021-05-31,35641.26,37499.0,34153.84,37253.81,94160.735289,0.045243617862102,2385.82,2720.0,2271.44,2706.15,1307958.04068,0.1341880485167521,32.75,5173286.471,0.1455855603749825,353.33,4110136.8744,0.0852658414473077,31,0.255216886484695,0.7601888025960615,0.4256567325322858,0.1704398460475908,0.4039034162678064,13.0,13.0,5.0,0.7419354838709677,0.4193548387096774,0.4193548387096774,0.1612903225806451,0.0897937687447271,0.1657557785045174,0.045243617862102,0.1341880485167521
2021-06-01,37253.82,37894.81,35666.0,36693.09,81234.66377,-0.0150513464260434,2706.15,2740.0,2523.74,2634.57,1179577.10806,-0.0264508619256138,30.938,4046865.202,-0.0553282442748092,362.39,3652280.6916,0.0256417513372768,30,0.0897342194026956,0.7748544027407964,0.2453581699480612,0.1556239505453655,0.599017883092165,5.0,20.0,5.0,0.8,0.1666666666666666,0.6666666666666666,0.1666666666666666,0.0607419544115798,0.08208550161886,0.0150513464260434,0.0264508619256138
2021-06-02,36694.85,38225.0,35920.0,37568.68,67587.372495,0.0238625310651134,2634.31,2802.99,2550.0,2706.22,970070.53563,0.0271960889253273,33.994,4549289.133,0.0987782015644191,401.54,4377024.6685,0.1080327823615443,36,0.2874288726339324,0.8016194121705161,0.3990231196706493,0.1115942470367169,0.4893826312488979,12.0,20.0,4.0,1.0,0.3333333333333333,0.5555555555555556,0.1111111111111111,0.061354298314447,0.0934846390906873,0.0238625310651134,0.0271960889253273
2021-06-03,37568.68,39476.0,37170.0,39246.79,75889.106011,0.0446677924270961,2706.21,2891.95,2662.4,2857.25,1024290.89423,0.055808470856028,39.602,7862225.094,0.1649702888745072,428.48,4214469.415,0.0670916969666783,23,0.3018720825000302,0.7137513679006825,0.4416051316682411,0.1397330491682109,0.4186618172604104,10.0,9.0,4.0,1.0869565217391304,0.4347826086956521,0.391304347826087,0.1739130434782608,0.0587563976569803,0.0803394872692273,0.0446677924270961,0.055808470856028
2021-06-04,39246.78,39289.07,35555.15,36829.0,91317.799245,-0.0616047834740115,2857.25,2860.0,2552.0,2689.51,1188314.11191,-0.0587067984950563,37.338,8825815.938,-0.0571688298570778,390.7,4926793.4499,-0.0881721433905901,23,0.0354427053066699,0.7484247917714326,0.2813947163522243,0.2459520110455543,0.472653269605792,5.0,12.0,6.0,0.9130434782608696,0.217391304347826,0.5217391304347826,0.2608695652173913,0.101385321350023,0.1145190016025223,0.0616047834740115,0.0587067984950563
2021-06-05,36829.15,37925.0,34800.0,35513.2,70459.62149,-0.0357272801325043,2689.54,2816.87,2552.23,2627.73,961824.12413,-0.0229707270097527,39.633,8654823.195,0.0614655310943275,390.08,3977579.347,-0.0015868953160993,21,0.0701190987158389,0.8555989606039864,0.2385090935443128,0.1683899948284739,0.5931008984113023,5.0,13.0,3.0,0.8095238095238095,0.238095238095238,0.6190476190476191,0.1428571428571428,0.0879954495793113,0.1007104991760949,0.0357272801325043,0.0229707270097527
2021-06-06,35516.07,36480.0,35222.0,35796.31,47650.206637,0.0079719653537275,2627.63,2745.0,2614.0,2711.92,673792.69369,0.0320390603296381,42.205,6151664.294,0.064895415436631,393.73,1862065.4318,0.0093570549630845,11,0.0683691928332502,0.8363356210968711,0.2668902191587469,0.1985210263254967,0.5345887573943897,3.0,6.0,2.0,0.9090909090909092,0.2727272727272727,0.5454545454545454,0.1818181818181818,0.0351432871153479,0.0483052597421752,0.0079719653537275,0.0320390603296381
2021-06-07,35796.31,36900.0,33300.0,33552.79,77574.952573,-0.0626746164618642,2711.92,2847.55,2570.0,2592.05,1152128.07856,-0.0442011563762942,38.235,8050031.335,-0.0940646842791138,357.96,3028938.8445,-0.0908490589998223,18,0.0643254323707272,0.82666301396158,0.2132808206240749,0.1489553882533477,0.6377637904758254,4.0,11.0,3.0,0.9444444444444444,0.2222222222222222,0.6111111111111112,0.1666666666666666,0.1072936110529109,0.1070774097721881,0.0626746164618642,0.0442011563762942
2021-06-08,33556.96,34068.01,31000.0,33380.81,123251.189037,-0.0051256542302444,2592.05,2620.99,2304.91,2507.23,1693747.42759,-0.0327231341988002,41.245,16902544.675,0.0787236824898651,352.5,4986849.8512,-0.0152531009051289,33,-0.0321753685165084,0.8265744610266252,0.2499384975738145,0.2821138660903229,0.4679476381702857,7.0,16.0,10.0,1.2424242424242424,0.2121212121212121,0.4848484848484848,0.303030303030303,0.0919093934509079,0.126067413041484,0.0051256542302444,0.0327231341988002
2021-06-09,33380.8,37534.79,32396.82,37388.05,136607.597517,0.1200462181714585,2507.43,2626.63,2405.28,2610.18,1276718.24011,0.0410612508625056,42.032,10764252.936,0.0190811007394835,375.54,3494285.669,0.0653617021276595,22,-0.0280960138717835,0.7952717000787909,0.3171835328367623,0.3452795467085459,0.3375369200313632,7.0,6.0,9.0,1.3636363636363635,0.3181818181818182,0.2727272727272727,0.4090909090909091,0.1374227861576092,0.0848025806649349,0.1200462181714585,0.0410612508625056
2021-06-10,37388.05,38491.0,35782.0,36675.72,109527.284943,-0.0190523442650794,2610.2,2624.46,2425.11,2471.09,741237.49926,-0.053287512738585,41.105,5155108.071,-0.0220546250475828,351.94,2417974.6499,-0.0628428396442456,17,0.2794779741533977,0.810200126732097,0.4348227021229617,0.155344727969564,0.4098325728931847,8.0,6.0,3.0,1.1764705882352942,0.4705882352941176,0.3529411764705882,0.1764705882352941,0.0738635805922828,0.0806729014321614,0.0190523442650794,0.053287512738585
2021-06-11,36677.83,37680.4,35936.77,37331.98,78466.0053,0.017893581911957,2471.01,2497.99,2321.37,2354.01,587364.27358,-0.0473799011772132,36.157,4760990.078,-0.1203746502858533,345.75,2215352.723,-0.0175882252656702,24,-0.0244571942991266,0.8068830569585165,0.2307206227754552,0.2551778170745819,0.5141015630991509,5.0,14.0,5.0,0.75,0.2083333333333333,0.5833333333333334,0.2083333333333333,0.0467060680949685,0.0750294178869248,0.017893581911957,0.0473799011772132
2021-06-12,37331.98,37463.63,34600.36,35546.11,87717.54999,-0.0478375376821695,2354.09,2454.53,2256.22,2370.74,767439.4984,0.0071070216354218,36.476,5196242.998,0.0088226346212352,343.7,2074837.0012,-0.0059291395516992,14,-0.0868207205619131,0.8594565434115273,0.2329467360728553,0.3197674566347684,0.4472857913268463,3.0,6.0,5.0,0.9285714285714286,0.2142857142857142,0.4285714285714285,0.3571428571428571,0.0805508675914185,0.083648987236053,0.0478375376821695,0.0071070216354218
2021-06-13,35546.12,39380.0,34757.0,39020.57,86921.025555,0.0977451541110967,2370.64,2548.41,2308.41,2509.33,715948.75986,0.0584585403713608,38.706,4063329.112,0.061136089483496,365.8,1958071.3656,0.06430026185627,13,-0.0239735930584944,0.8578015290773832,0.2857125544060881,0.3096861474645825,0.4046013015680587,4.0,5.0,4.0,0.9230769230769232,0.3076923076923077,0.3846153846153846,0.3076923076923077,0.1184759730572874,0.0956430600997079,0.0977451541110967,0.0584585403713608
2021-06-14,39020.56,41064.05,38730.0,40516.29,108522.391949,0.0383315774218573,2509.33,2609.17,2461.0,2580.77,684183.55622,0.0284697508896798,39.694,4590144.279,0.0255257582803698,370.19,1978613.2384,0.0120010934937124,12,0.1797297476635625,0.7974625378847122,0.3395059611648321,0.1597762135012695,0.5007178199787935,4.0,7.0,1.0,0.75,0.3333333333333333,0.5833333333333334,0.0833333333333333,0.0576076931031938,0.0574130976414016,0.0383315774218573,0.0284697508896798
2021-06-15,40516.28,41330.0,39506.4,40144.04,80679.622838,-0.0091876625426464,2580.58,2640.0,2507.7,2543.54,599826.64933,-0.0144259271457742,39.536,3725999.561,-0.0039804504459112,366.48,1545190.4369,-0.0100218806558793,22,0.0385065155781128,0.7487795637412504,0.2295886994000862,0.1910821838219734,0.5793291062793948,5.0,14.0,3.0,1.0454545454545454,0.2272727272727272,0.6363636363636364,0.1363636363636363,0.0454264194635118,0.0520141220503708,0.0091876625426464,0.0144259271457742
2021-06-16,40143.8,40527.14,38116.01,38349.01,87771.976937,-0.0447147322491706,2543.55,2556.19,2351.18,2367.89,624741.78358,-0.0690572980963539,39.728,5055331.868,0.0048563334682314,347.22,1531522.2062,-0.0525540275049115,14,0.0431446263433566,0.7281865051814488,0.2451225379481911,0.2019779116048344,0.5528995404019952,2.0,9.0,3.0,1.2857142857142858,0.1428571428571428,0.6428571428571429,0.2142857142857142,0.0628733310194969,0.0865791907563274,0.0447147322491706,0.0690572980963539
2021-06-17,38349.0,39559.88,37365.0,38092.97,79541.307119,-0.0066765739193789,2368.02,2460.5,2306.0,2373.28,560667.58566,0.0022762881721702,39.265,3274621.978,-0.0116542488924688,352.85,1239146.5273,0.016214503772824,13,0.1513199719170538,0.7751850898449237,0.4205646182482058,0.269244646331152,0.3101907280775217,7.0,2.0,4.0,1.6923076923076923,0.5384615384615384,0.1538461538461538,0.3076923076923077,0.0576190304930279,0.0650997775230904,0.0066765739193789,0.0022762881721702
2021-06-18,38092.97,38202.84,35129.29,35819.84,95228.042935,-0.0596732152940556,2373.28,2378.0,2139.0,2234.09,778905.20197,-0.0586487898604463,36.82,3777138.806,-0.0622691964854196,337.16,1583897.2791,-0.0444664871758537,17,0.1396827089107211,0.8285081456689274,0.3069560607785687,0.1672733518678475,0.5257705766707659,5.0,9.0,3.0,0.8823529411764706,0.2941176470588235,0.5294117647058824,0.1764705882352941,0.0858057992442176,0.1069786803575505,0.0596732152940556,0.0586487898604463
2021-06-19,35820.48,36457.0,34803.52,35483.72,68712.449461,-0.0093836265041942,2234.09,2278.82,2161.67,2164.67,496872.24997,-0.0310730543532266,35.19,2216638.028,-0.0442694187941337,334.01,1067456.2119,-0.0093427452841381,10,0.1091528042219579,0.8098706901073456,0.2971093457192182,0.1879565414972603,0.5149341465905308,2.0,6.0,2.0,1.1,0.2,0.6,0.2,0.0465982709817348,0.0541191036047065,0.0093836265041942,0.0310730543532266
2021-06-20,35483.72,36137.72,33336.0,35600.16,89878.17085,0.0032815048704026,2165.34,2280.01,2040.68,2243.47,743883.64741,0.0364027773286457,35.257,3938821.53,0.0019039499857913,339.08,1618406.0051,0.0151791862519086,14,-0.0976605488519583,0.8322117498942784,0.1669777682317154,0.2646383170836737,0.5683839065687997,2.0,8.0,4.0,0.7857142857142857,0.1428571428571428,0.5714285714285714,0.2857142857142857,0.0786996462937245,0.1066784935836004,0.0032815048704026,0.0364027773286457
2021-06-21,35600.17,35750.0,31251.23,31608.93,168778.873159,-0.112112698369895,2243.49,2260.16,1865.54,1885.49,1629819.66576,-0.1595653162288774,26.59,8213916.627,-0.2458235244065008,270.76,3729539.0167,-0.2014863748967795,11,-0.4003056720407172,0.8558019291270863,0.1531498521905053,0.5534555242312226,0.2933946178210052,1.0,3.0,7.0,1.0909090909090908,0.0909090909090909,0.2727272727272727,0.6363636363636364,0.1423259186565315,0.2092930750096791,0.112112698369895,0.1595653162288774
2021-06-22,31614.12,33298.78,28805.0,32509.56,204208.179762,0.0284928974185461,1885.27,1998.0,1700.48,1879.28,1695338.08052,-0.0032935735538242,26.958,15788825.956,0.0138397893945092,262.1,5570573.4851,-0.0319840449106217,16,-0.2275047233852092,0.7968168370425701,0.2494753252831287,0.476980048668338,0.2735446287551894,3.0,4.0,9.0,0.8125,0.1875,0.25,0.5625,0.1382294931091038,0.1583159507896641,0.0284928974185461,0.0032935735538242
2021-06-23,32509.56,34881.0,31683.0,33678.07,126966.100563,0.0359435809035864,1879.29,2045.0,1821.95,1968.14,918612.30494,0.0472840662381337,30.837,11966311.253,0.1438904963276208,296.25,3319089.777,0.1302937809996183,17,-0.0098359646713908,0.7597407014930949,0.2455764036516055,0.2554123683229964,0.4990112258888343,2.0,9.0,6.0,1.2941176470588236,0.1176470588235294,0.5294117647058824,0.3529411764705882,0.0949579355349044,0.113330352515573,0.0359435809035864,0.0472840662381337
2021-06-24,33675.07,35298.0,32286.57,34663.09,86625.80426,0.0292481130896158,1967.95,2036.61,1884.79,1989.52,701231.67478,0.0108630483603808,31.141,7214092.912,0.0098582871226124,308.62,2635799.196,0.0417552742616034,13,0.1467594606443666,0.8197655242223006,0.3587703638925002,0.2120109032481335,0.4292187578976154,5.0,5.0,3.0,0.7692307692307693,0.3846153846153846,0.3846153846153846,0.2307692307692307,0.0868771364584057,0.0763098636857131,0.0292481130896158,0.0108630483603808
2021-06-25,34663.08,35500.0,31275.0,31584.45,116061.130356,-0.088816086505848,1989.53,2019.99,1791.22,1808.82,858808.54767,-0.0908259278619968,28.641,7293143.176,-0.0802800166982434,280.81,2711888.8709,-0.0901108158900914,19,0.022315782445826,0.7934562814863104,0.3290113275870681,0.306695545141242,0.3642931394279003,7.0,6.0,6.0,0.8421052631578947,0.3684210526315789,0.3157894736842105,0.3157894736842105,0.133768357530367,0.1264747183246536,0.088816086505848,0.0908259278619968
2021-06-26,31576.09,32730.0,30151.0,32283.65,107820.375287,0.0221374758781616,1808.97,1852.8,1717.32,1829.64,832315.14904,0.0115102663614954,29.698,6492984.234,0.036905135993855,279.65,2263064.3633,-0.0041309070189808,11,-0.1653160176832567,0.787537997419184,0.2573667512359944,0.4226827689192511,0.3199504789980975,3.0,3.0,5.0,0.8181818181818182,0.2727272727272727,0.2727272727272727,0.4545454545454545,0.0798856387056606,0.074047353577753,0.0221374758781616,0.0115102663614954
2021-06-27,32283.65,34749.0,31973.45,34700.34,96613.244211,0.0748580163643204,1829.84,1984.5,1804.26,1982.28,696055.79307,0.0834262477864498,31.897,5851211.914,0.0740453902619704,290.87,1539903.0268,0.0401215805471124,9,0.083242912673288,0.8203677336374918,0.3447429543981949,0.261500041724907,0.3937570392671559,3.0,3.0,3.0,0.4444444444444444,0.3333333333333333,0.3333333333333333,0.3333333333333333,0.0799862479733627,0.0909256008232944,0.0748580163643204,0.0834262477864498
2021-06-28,34702.49,35297.71,33862.72,34494.89,82222.267819,-0.0059206912670018,1982.27,2145.0,1960.52,2084.41,1044244.68308,0.0515214803155961,33.001,4996728.013,0.0346114054613286,290.0,1884580.1557,-0.0029910269192422,21,0.1861608970821613,0.8282699499811444,0.3962474545197826,0.2100865574376213,0.3936659926105113,8.0,9.0,4.0,0.3333333333333333,0.3809523809523809,0.4285714285714285,0.1904761904761904,0.0416000746777275,0.088504660791303,0.0059206912670018,0.0515214803155961
2021-06-29,34494.89,36600.0,34225.43,35911.73,90788.79622,0.0410739097877976,2084.42,2245.0,2073.57,2165.33,831257.23277,0.0388215370296631,33.97,4476285.792,0.0293627465834369,300.79,2126079.3416,0.0372068965517242,23,0.229619224211606,0.8391109549480936,0.3797103591749202,0.1500911349633141,0.4701985158431141,8.0,12.0,3.0,0.6086956521739131,0.3478260869565217,0.5217391304347826,0.1304347826086956,0.066122406244422,0.0791703804962753,0.0410739097877976,0.0388215370296631
2021-06-30,35911.72,36100.0,34017.55,35045.0,77152.197634,-0.0241350110395685,2165.46,2287.78,2087.99,2275.68,910583.6032,0.0509622089935482,35.51,5361423.665,0.0453341183397115,303.71,2061866.47,0.0097077695402105,14,0.1355691306026918,0.8013407417706081,0.3564513593113848,0.2208822287086929,0.4226664347308023,5.0,6.0,3.0,0.9285714285714286,0.3571428571428571,0.4285714285714285,0.2142857142857142,0.0594221714937936,0.0877935386346061,0.0241350110395685,0.0509622089935482
2021-07-01,35045.0,35057.57,32711.0,33504.69,71708.266112,-0.043952346982451,2275.68,2275.93,2073.12,2106.41,787865.25137,-0.0743821626942277,33.271,4488924.899,-0.0630526612221908,287.43,1388151.0265,-0.053603766751177,17,-0.023898271843791,0.754650890827179,0.2442587062935618,0.2681569781373528,0.4875842962852296,4.0,9.0,4.0,0.7647058823529411,0.2352941176470588,0.5294117647058824,0.2352941176470588,0.0700370604831741,0.0962823002169567,0.043952346982451,0.0743821626942277
2021-07-02,33502.33,33977.04,32699.0,33786.55,56172.181378,0.0084125535857815,2106.41,2160.0,2018.5,2154.13,672282.37476,0.0226546588745781,34.0,4324198.276,0.0219109735204832,287.17,1003331.2269,-0.0009045680687471,14,0.1463534881893013,0.763876736164093,0.4003919668362609,0.2540384786469595,0.3455695673557263,5.0,5.0,4.0,1.2142857142857142,0.3571428571428571,0.3571428571428571,0.2857142857142857,0.0378268867345142,0.0656877718614939,0.0084125535857815,0.0226546588745781
2021-07-03,33786.54,34945.61,33316.73,34669.13,43044.578641,0.0261222291118801,2153.95,2240.0,2112.01,2226.99,569264.801,0.0338233997019676,34.498,3063406.141,0.0146470588235292,298.13,1016731.5662,0.0381655465403767,11,-0.1943918734958226,0.8515518307685852,0.1318135532465847,0.3262054267424074,0.5419810110364448,1.0,6.0,4.0,0.7272727272727273,0.0909090909090909,0.5454545454545454,0.3636363636363636,0.0469835845318298,0.0574721934090408,0.0261222291118801,0.0338233997019676
2021-07-04,34669.12,35967.85,34357.15,35286.51,43703.475789,0.0178077730822783,2226.99,2389.93,2189.58,2322.69,590656.25069,0.0429728018536232,34.28,2972213.418,-0.0063192069105454,307.62,1309414.0255,0.031831751249455,8,0.3984319705050438,0.8901441693305969,0.4210138940252363,0.0225819235201924,0.5564041833858937,3.0,5.0,0.0,1.375,0.375,0.625,0.0,0.0456463390683861,0.0862577442534302,0.0178077730822783,0.0429728018536232
2021-07-05,35288.13,35293.78,33125.55,33690.14,64123.874245,-0.0452402348659587,2322.69,2324.64,2157.32,2196.53,781806.31605,-0.0543163314949476,32.908,3008984.082,-0.0400233372228704,302.02,1403218.2408,-0.0182042780053313,10,0.2761030913796276,0.8090972542762757,0.3841359253972768,0.1080328340176492,0.5078312356024981,4.0,5.0,1.0,1.3,0.4,0.5,0.1,0.0643579991059697,0.0761746937214605,0.0452402348659587,0.0543163314949476
2021-07-06,33690.15,35118.88,33532.0,34220.01,58210.596349,0.0157277470500272,2196.85,2350.0,2193.0,2322.5,785330.17152,0.0573495467851565,34.226,3289698.061,0.040051051416069,319.92,2066912.3595,0.0592675981723065,12,0.1852314351126551,0.8204844743013382,0.412455811475714,0.2272243763630588,0.3603198180596034,5.0,5.0,2.0,0.75,0.4166666666666667,0.4166666666666667,0.1666666666666666,0.0463728678045388,0.067599569429494,0.0157277470500272,0.0573495467851565
2021-07-07,34220.02,35059.09,33777.77,33862.12,53807.521675,-0.010458500742694,2322.51,2409.0,2291.9,2316.57,666501.35572,-0.0025532831001076,36.673,4609258.553,0.0714953544089289,327.51,1779058.2937,0.0237246811702924,13,0.1460265144347571,0.7716776270132798,0.3226673548611311,0.1766408404263739,0.5006918143481016,4.0,7.0,2.0,0.7692307692307693,0.3076923076923077,0.5384615384615384,0.1538461538461538,0.0378393319733082,0.0505488718234285,0.010458500742694,0.0025532831001076
2021-07-08,33862.11,33929.64,32077.0,32875.71,70136.48032,-0.0291301903129516,2316.25,2325.6,2084.79,2116.33,880265.04124,-0.0864381391453744,33.142,4495022.54,-0.0962833692362228,310.14,1644090.8501,-0.0530365485023358,8,-0.5396460789488629,0.8286688029766083,0.0806835769908502,0.6203296559397131,0.2989867823198437,0.0,2.0,6.0,0.75,0.0,0.25,0.75,0.05635285139089,0.1137866022784726,0.0291301903129516,0.0864381391453744
2021-07-09,32875.71,34100.0,32261.07,33815.81,47153.939899,0.0285955801410828,2116.32,2189.4,2046.51,2146.99,738611.36304,0.0144873436562349,33.315,2810263.602,0.0052199625852391,317.09,1106411.786,0.0224092345392403,20,0.1036036836216226,0.7249331057071686,0.3291333264205604,0.2255296427989378,0.4453370356932282,7.0,9.0,4.0,0.9,0.35,0.45,0.2,0.0543807763291785,0.0665536402125767,0.0285955801410828,0.0144873436562349
2021-07-10,33815.81,34262.0,33004.78,33502.87,34761.175468,-0.0092542511919718,2146.99,2194.82,2074.16,2110.69,499071.85904,-0.0169073912780216,31.693,2838074.586,-0.0486867777277502,316.12,818970.9225,-0.0030590684032923,11,0.0905076866461472,0.8287842653014443,0.2329707165164025,0.1424630298702554,0.6245662546293302,2.0,8.0,1.0,1.2727272727272727,0.1818181818181818,0.7272727272727273,0.0909090909090909,0.0375257403320969,0.0571661399826598,0.0092542511919718,0.0169073912780216
2021-07-11,33502.87,34666.0,33306.47,34258.99,31572.647448,0.022568812761414,2110.68,2174.0,2081.02,2140.45,342294.40302,0.0140996546153151,32.182,1944815.804,0.0154292746032247,322.16,799617.835,0.0191066683537897,8,-0.0614301610039547,0.7935444861650467,0.2291986503405496,0.2906288113445043,0.480172527488321,2.0,4.0,2.0,0.75,0.25,0.5,0.25,0.0396838902723051,0.0434394636641827,0.022568812761414,0.0140996546153151
2021-07-12,34259.0,34678.43,32658.34,33086.63,48181.403762,-0.0342205067925236,2140.54,2167.83,2006.68,2031.58,540630.10742,-0.0508631362563946,30.77,2251239.269,-0.043875458330744,316.12,1322836.6575,-0.0187484479761609,11,0.1273762880909172,0.7471755011515184,0.3202364621683954,0.1928601740774782,0.4869033552028916,3.0,6.0,2.0,1.181818181818182,0.2727272727272727,0.5454545454545454,0.1818181818181818,0.0610545709853194,0.0793224977603637,0.0342205067925236,0.0508631362563946
2021-07-13,33086.94,33340.0,32202.25,32729.77,41126.361008,-0.0107856254928349,2031.57,2047.35,1918.0,1940.15,647388.24969,-0.0450043808267456,29.136,1837132.436,-0.0531036724081898,308.94,930032.3155,-0.0227128938377831,12,0.1464128386772548,0.8009408811728159,0.3177856142477442,0.1713727755704894,0.5108416201546788,3.0,7.0,2.0,1.25,0.25,0.5833333333333334,0.1666666666666666,0.034761930804891,0.0666701028271009,0.0107856254928349,0.0450043808267456
2021-07-14,32729.12,33114.03,31550.0,32820.02,46777.823484,0.0027574284817766,1940.44,2019.18,1865.0,1994.58,690505.60937,0.0280545318660927,31.365,3434185.178,0.0765032948929158,309.4,1430288.4026,0.0014889622580436,6,-0.2467084824262808,0.8473870158195496,0.2323071289186676,0.4790156113449484,0.2886772605900963,1.0,2.0,3.0,1.0,0.1666666666666666,0.3333333333333333,0.5,0.0476547546284249,0.0772994815951228,0.0027574284817766,0.0280545318660927
2021-07-15,32820.03,33185.25,31133.0,31880.0,51639.576353,-0.0286416644474926,1994.41,2042.88,1881.0,1919.51,645271.32563,-0.0376369962598641,28.545,3643011.529,-0.0899091343854614,316.11,2185210.8398,0.0216871363930188,8,0.087168586673215,0.7362131401896477,0.4026690805330872,0.3155004938598721,0.2818304181564599,4.0,2.0,2.0,0.625,0.5,0.25,0.25,0.0643742158092848,0.0843340227453882,0.0286416644474926,0.0376369962598641
2021-07-16,31874.49,32249.18,31020.0,31383.87,48499.864154,-0.0155624215809284,1919.54,1965.0,1850.0,1876.26,577068.89724,-0.0225317919677418,26.271,2923575.792,-0.0796636889122438,302.88,1456105.4019,-0.0418525196925121,12,-0.1105481717580308,0.8540237744649252,0.1786786537462224,0.2892268255042532,0.5320945060811937,2.0,7.0,3.0,1.0833333333333333,0.1666666666666666,0.5833333333333334,0.25,0.0391659792116141,0.0612921450118853,0.0155624215809284,0.0225317919677418
2021-07-17,31383.86,31955.92,31164.31,31520.07,34012.242132,0.0043398089528154,1876.47,1919.19,1844.45,1899.59,430300.51578,0.0124343108098023,26.802,2122389.101,0.0202124015073654,300.52,1030879.9611,-0.0077918647649234,6,0.2860684671128789,0.7190237194299698,0.306083284318447,0.0200148172055681,0.6739019105831782,1.0,5.0,0.0,0.6666666666666666,0.1666666666666666,0.8333333333333334,0.0,0.0251144746823213,0.0393453324138366,0.0043398089528154,0.0124343108098023
2021-07-18,31520.07,32435.0,31108.97,31778.56,35923.716186,0.0082008066606451,1899.5,1993.79,1877.1,1891.64,534837.63654,-0.0041851136297831,26.673,1727601.788,-0.00481307365122,302.1,815497.3527,0.0052575535738055,10,-0.0445147980004549,0.727010178565979,0.2420688580721616,0.2865836560726166,0.4713474912568927,2.0,6.0,2.0,1.2,0.2,0.6,0.2,0.0417271896523945,0.0616872132118162,0.0082008066606451,0.0041851136297831
2021-07-19,31778.57,31899.0,30407.44,30839.65,47340.468499,-0.0295453916099407,1891.65,1919.0,1805.0,1818.73,547419.93771,-0.0385432746188493,24.509,3131177.977,-0.0811307314512802,280.54,1318041.7074,-0.0713670969877524,12,0.016084585377636,0.7715987414121628,0.1844162253352502,0.1683316399576142,0.6472521306325992,2.0,8.0,2.0,0.9166666666666666,0.1666666666666666,0.6666666666666666,0.1666666666666666,0.0483650106275525,0.0626811016478531,0.0295453916099407,0.0385432746188493
2021-07-20,30839.65,31063.07,29278.0,29790.35,61034.049017,-0.0340243809511457,1818.73,1841.34,1706.0,1786.03,786257.272,-0.0179795791568841,23.474,3555428.542,-0.0422293851238321,264.44,1796600.5803,-0.0573893205959935,7,-0.3768313493845717,0.8452945607049125,0.1554453113515461,0.532276660736118,0.3122780352298702,1.0,2.0,4.0,1.0,0.1428571428571428,0.2857142857142857,0.5714285714285714,0.0599210818268331,0.0757770026259356,0.0340243809511457,0.0179795791568841
2021-07-21,29790.34,32858.0,29482.61,32144.51,82796.265128,0.079024247784937,1786.03,2035.23,1747.55,1995.5,1115949.82033,0.1172824644602834,26.7,4561993.007,0.1374286444576977,293.26,1740736.0226,0.1089850249584025,13,0.3106910393286783,0.8226770300131577,0.3542945350591952,0.0436034957305169,0.6021019820697032,4.0,9.0,0.0,1.5384615384615383,0.3076923076923077,0.6923076923076923,0.0,0.1050067336537405,0.1441643698321223,0.079024247784937,0.1172824644602834
2021-07-22,32144.51,32591.35,31708.0,32287.83,46148.092433,0.0044586151725443,1995.5,2046.0,1947.62,2024.56,768854.3659,0.0145627662240039,27.699,2643783.144,0.0374157303370787,293.36,1173507.9432,0.000340994339494,21,0.0820236077886961,0.7994621126424699,0.2178669420203992,0.135843334231703,0.6462897347907225,3.0,15.0,3.0,1.238095238095238,0.1428571428571428,0.7142857142857143,0.1428571428571428,0.0273586053940447,0.0485932745880587,0.0044586151725443,0.0145627662240039
2021-07-23,32287.58,33650.0,31924.32,33634.09,50112.863626,0.0416955862317163,2024.27,2130.9,1993.22,2124.25,708160.91322,0.0492403287627929,28.516,3040520.321,0.0294956496624425,299.27,1640999.5389,0.0201458958276519,17,-0.0285374461947118,0.8356854266980115,0.275685645530329,0.3042230917250408,0.4200912717291536,4.0,7.0,6.0,1.2352941176470589,0.2352941176470588,0.4117647058823529,0.3529411764705882,0.0513074681075064,0.0648134635753795,0.0416955862317163,0.0492403287627929
2021-07-24,33634.1,34500.0,33401.14,34258.14,47977.550138,0.0185540919941642,2124.26,2199.5,2105.58,2184.75,633075.18592,0.028480640225962,28.616,2678108.81,0.0035068031982046,301.56,1438901.3811,0.0076519530858423,6,0.447344246863698,0.7832643985748291,0.463198134675622,0.0158538878119239,0.5209479903181394,3.0,3.0,0.0,0.6666666666666666,0.5,0.5,0.0,0.0320758803601129,0.0429889003318457,0.0185540919941642,0.028480640225962
2021-07-25,34261.51,35398.0,33851.12,35381.02,47852.928313,0.0327770275911067,2184.9,2197.41,2105.93,2189.79,535630.27,0.0023069001029865,28.248,2350991.534,-0.0128599384959462,302.56,1083557.277,0.0033160896670645,9,0.4165003939221303,0.794543080859714,0.5318042412400246,0.1153038473178942,0.3528919203413857,5.0,3.0,1.0,0.8888888888888888,0.5555555555555556,0.3333333333333333,0.1111111111111111,0.0437206163078395,0.0417756953863155,0.0327770275911067,0.0023069001029865
2021-07-26,35381.02,40550.0,35205.78,37237.6,152452.512724,0.0524738970216234,2189.82,2433.65,2171.57,2228.08,1393738.163,0.0174856949753172,28.184,6221691.897,-0.0022656471254601,304.0,2575554.2802,0.0047593865679533,19,-0.1100264599938926,0.7753733161248659,0.2445991536798445,0.3546256136737371,0.4007752283819411,4.0,8.0,7.0,1.368421052631579,0.2105263157894736,0.4210526315789473,0.3684210526315789,0.1435167679979376,0.1176259380273598,0.0524738970216234,0.0174856949753172
2021-07-27,37241.33,39542.61,36383.0,39457.87,88397.267015,0.0596244118847617,2227.81,2319.26,2150.5,2299.49,906359.23478,0.0320500161574091,28.103,3008374.757,-0.0028739710474027,313.48,1678708.0635,0.0311842105263158,7,-0.2212961276194879,0.7428998606545585,0.2512568453592913,0.4725529729787792,0.2761901792670999,2.0,2.0,3.0,0.5714285714285714,0.2857142857142857,0.2857142857142857,0.4285714285714285,0.0800755337274921,0.0733901865196196,0.0596244118847617,0.0320500161574091
2021-07-28,39456.61,40900.0,38772.0,40019.56,101344.528441,0.014235182993912,2299.47,2345.0,2243.15,2300.9,718202.57727,0.0006131794441377,27.875,2329901.559,-0.0081130128456037,313.8,1308249.13,0.0010207987750414,15,0.3863003411019842,0.8531537334124247,0.5544173852850993,0.1681170441831151,0.2774656021346648,9.0,4.0,2.0,1.2,0.6,0.2666666666666666,0.1333333333333333,0.0531739979150195,0.0442652874961971,0.014235182993912,0.0006131794441377
2021-07-29,40019.57,40640.0,39200.0,40016.48,53998.439283,-7.696236540322143e-05,2300.9,2400.0,2266.12,2382.92,499364.83496,0.0356469207701333,31.235,3692050.445,0.1205381165919281,317.03,998946.1839,0.0102931803696619,13,0.4508404415817215,0.8722663659315842,0.5848587882490113,0.1340183466672896,0.2811228574181978,8.0,4.0,1.0,1.2307692307692308,0.6153846153846154,0.3076923076923077,0.0769230769230769,0.0359851741082673,0.0561831702281235,7.696236540322143e-05,0.0356469207701333
2021-07-30,40018.49,42316.71,38313.23,42206.37,73602.784805,0.05472470342219,2382.93,2471.7,2315.92,2461.81,762577.28797,0.033106440837292,32.354,4970660.009,0.0358251960941251,322.58,1297421.6445,0.0175062296943506,8,-0.0125048628542572,0.8978620022535324,0.244688808103092,0.2571936709573492,0.4981175041757524,2.0,4.0,2.0,1.5,0.25,0.5,0.25,0.0948548761715351,0.0632786445745202,0.05472470342219,0.033106440837292
2021-07-31,42206.36,42448.0,41000.15,41461.83,44849.791012,-0.0176404651714895,2461.77,2553.86,2420.68,2531.05,507601.05026,0.0281256473895223,36.744,4320145.537,0.1356864684428509,332.38,1393753.965,0.0303800607601214,6,0.3203492377263804,0.7872625887393951,0.4225144200026989,0.1021651822763184,0.4753204031536976,2.0,3.0,1.0,0.8333333333333334,0.3333333333333333,0.5,0.1666666666666666,0.0349200698570226,0.0526184784970665,0.0176404651714895,0.0281256473895223
2021-08-01,41461.84,42599.0,39422.01,39845.44,53953.186326,-0.0389850134448961,2531.1,2697.61,2511.24,2555.69,853495.94078,0.0097350901799648,34.165,3490975.158,-0.070188330067494,332.59,1514514.2178,0.0006318069679283,6,0.3834140602654467,0.7459570517142614,0.5986798899248242,0.2152658296593775,0.1860543269043167,5.0,0.0,1.0,1.3333333333333333,0.8333333333333334,0.0,0.1666666666666666,0.079732837684814,0.0729235548912428,0.0389850134448961,0.0097350901799648
2021-08-02,39850.27,40480.01,38690.0,39147.82,50837.351954,-0.0175081514973859,2555.5,2666.0,2507.0,2606.93,726701.84952,0.0200493800108776,33.167,3105881.294,-0.029211181033221,330.55,1018741.3098,-0.0061336781021676,8,-0.1687720877816901,0.8351041749119759,0.2280804878100752,0.3968525755917653,0.3750669481232762,2.0,3.0,3.0,1.25,0.25,0.375,0.375,0.0457243851637205,0.0609912809319774,0.0175081514973859,0.0200493800108776
2021-08-03,39146.86,39780.0,37642.03,38207.05,57117.435853,-0.0240312231945482,2606.92,2632.44,2442.32,2509.04,792960.84375,-0.0375499150341589,34.105,3490191.638,0.0282811228027857,323.43,1060806.3447,-0.0215398578127363,15,0.2424171119307478,0.7893052339553833,0.4309409029781818,0.1885237910474339,0.3805352998276551,7.0,6.0,2.0,1.0666666666666669,0.4666666666666667,0.4,0.1333333333333333,0.055957473817005,0.0757740012116187,0.0240312231945482,0.0375499150341589
2021-08-04,38207.04,39969.66,37508.56,39723.18,52329.35243,0.0396819435156599,2508.51,2772.71,2457.68,2724.78,954590.7536,0.0859850779581035,35.76,2847838.669,0.0485266090016127,334.77,969671.4228,0.0350616825897411,17,-0.2130828778095105,0.7964245151070988,0.1847641124006579,0.3978469902101684,0.4173889140434125,2.0,8.0,7.0,0.8823529411764706,0.1176470588235294,0.4705882352941176,0.4117647058823529,0.0619562683551519,0.1156166736397067,0.0396819435156599,0.0859850779581035
2021-08-05,39723.17,41350.0,37332.7,40862.46,84343.755621,0.0286804832845708,2724.55,2843.98,2529.91,2826.99,1307720.20654,0.0375112853147776,37.353,4059371.083,0.0445469798657718,337.91,1263649.4926,0.0093795740359052,12,0.2571251762565225,0.805790955821673,0.3666076503383617,0.109482474081839,0.5239098691381514,4.0,7.0,1.0,1.3333333333333333,0.3333333333333333,0.5833333333333334,0.0833333333333333,0.0983127300705831,0.1110969617862108,0.0286804832845708,0.0375112853147776
2021-08-06,40862.46,43392.43,39853.86,42836.87,75753.941347,0.0483184321257212,2827.01,2946.75,2720.06,2891.58,825399.48637,0.0228476223828171,39.525,3951317.574,0.0581479399245039,342.39,1267498.9178,0.013257968098014,14,0.1168851368794483,0.776033280151231,0.2966282101614134,0.179743073281965,0.5236287151596376,4.0,7.0,3.0,1.0714285714285714,0.2857142857142857,0.5,0.2142857142857142,0.0826057085870186,0.0783965859495501,0.0483184321257212,0.0228476223828171
2021-08-07,42836.87,44700.0,42446.41,44572.54,73396.740808,0.0405181330942245,2891.54,3171.0,2865.5,3160.31,1205277.10095,0.0929353502237531,39.469,3561767.701,-0.0014168247944338,356.18,1545801.188,0.0402757089868279,7,0.3344478526019624,0.7809084142957415,0.4765539988875389,0.1421061462855764,0.3813398427196911,4.0,2.0,1.0,0.8571428571428571,0.5714285714285714,0.2857142857142857,0.1428571428571428,0.0505600533422595,0.0966677319630036,0.0405181330942245,0.0929353502237531
2021-08-08,44572.54,45310.0,43261.0,43794.37,69329.092698,-0.0174585069641531,3160.48,3189.99,2949.03,3011.85,966349.70579,-0.0469764042135106,37.65,2030535.723,-0.0460868023005397,341.79,1275768.154,-0.0404009208826997,9,0.6621019614653456,0.8379437724749247,0.7656475388341479,0.1035455773688024,0.1308068631009922,7.0,1.0,1.0,0.6666666666666666,0.7777777777777778,0.1111111111111111,0.1111111111111111,0.0467868358421413,0.0800039842621643,0.0174585069641531,0.0469764042135106
2021-08-09,43794.36,46454.15,42779.0,46253.4,74587.884845,0.0561494548271843,3011.84,3186.0,2893.23,3160.52,1129584.61614,0.0493616879990703,38.646,2128198.741,0.0264541832669322,354.32,1284975.5132,0.0366599373884548,13,0.1407569138189921,0.8127046319154593,0.2764737329517419,0.1357168191327498,0.5878094411813296,3.0,8.0,2.0,0.4615384615384615,0.2307692307692307,0.6153846153846154,0.1538461538461538,0.0794568615496374,0.0926334906914052,0.0561494548271843,0.0493616879990703
2021-08-10,46248.87,46700.0,44589.46,45584.99,53814.643421,-0.0144510457609603,3160.51,3233.0,3051.22,3141.66,880675.74443,-0.0059673724576968,40.64,2603195.665,0.0515965429798686,371.92,1660844.1918,0.0496726123278392,10,0.0409754871390759,0.7232624799013138,0.3050360726192593,0.2640605854801833,0.4309033321216702,3.0,4.0,3.0,1.0,0.3,0.4,0.3,0.0462990120212815,0.0578611307398,0.0144510457609603,0.0059673724576968
2021-08-11,45585.0,46743.47,45341.14,45511.0,52734.901977,-0.0016231219969555,3141.14,3274.0,3120.27,3160.5,732546.60433,0.0059968297014953,41.621,2512250.555,0.0241387795275591,390.96,1911892.6875,0.0511938051193803,17,0.32485188223312,0.8501298778197345,0.479584553552901,0.1547326713197809,0.3656827672658597,9.0,6.0,2.0,1.2941176470588236,0.5294117647058824,0.3529411764705882,0.1176470588235294,0.0308129902660895,0.048641037810473,0.0016231219969555,0.0059968297014953
2021-08-12,45510.67,46218.12,43770.0,44399.0,55266.108781,-0.0244336534024741,3160.4,3239.0,2979.29,3045.96,737628.45808,-0.0362411010915993,41.102,2413664.412,-0.0124696667547633,385.66,1835305.9382,-0.0135563740536115,15,0.4928624730246763,0.8049736102422078,0.5614906432727973,0.0686281702481209,0.369881189862887,9.0,5.0,1.0,1.4,0.6,0.3333333333333333,0.0666666666666666,0.0551390797090025,0.0852637592089193,0.0244336534024741,0.0362411010915993
2021-08-13,44400.06,47886.0,44217.39,47800.0,48239.370431,0.0766008243428906,3046.11,3327.83,3033.8,3322.32,579333.40323,0.090730016152543,44.83,2281339.99,0.0907011824242129,410.76,1261827.2925,0.065083233936628,18,0.3929619326825357,0.8507497906684875,0.4716690179581443,0.0787070852756085,0.4496238892897963,8.0,9.0,1.0,1.1666666666666667,0.4444444444444444,0.5,0.0555555555555555,0.0767491631799163,0.0885014086541933,0.0766008243428906,0.090730016152543
2021-08-14,47799.99,48144.0,45971.03,47068.51,46114.359022,-0.0153031380753138,3322.33,3330.98,3200.0,3263.16,486102.53787,-0.0178068337788053,44.14,1548818.722,-0.0153914789203657,408.67,1439286.5064,-0.0050881293212581,9,0.1137204459971851,0.8320249451531304,0.2981742380393875,0.1844537920422023,0.5173719711601734,2.0,5.0,2.0,1.1111111111111112,0.2222222222222222,0.5555555555555556,0.2222222222222222,0.0461661097833774,0.0401390063619313,0.0153031380753138,0.0178068337788053
2021-08-15,47068.5,47372.27,45500.0,46973.82,42110.711334,-0.0020117484067373,3263.16,3320.0,3111.13,3307.09,565579.67765,0.0134624106694125,53.531,6264283.565,0.2127548708654281,414.05,1238115.4178,0.0131646560794773,17,0.4676048086189172,0.809336806044859,0.5373750951360253,0.0697702865171081,0.3928546092527754,9.0,7.0,1.0,0.8823529411764706,0.5294117647058824,0.4117647058823529,0.0588235294117647,0.0398577335205013,0.0631582448617968,0.0020117484067373,0.0134624106694125
2021-08-16,46973.82,48053.83,45660.0,45901.29,52480.574014,-0.0228325054253624,3307.35,3335.0,3135.22,3146.53,635667.05422,-0.0485502360080917,62.016,15014364.928,0.1585062860772261,415.72,1850324.1906,0.0040333293080545,25,0.2702119527384639,0.829694287776947,0.3814227730035782,0.1112108202651142,0.507366408854723,9.0,13.0,3.0,0.92,0.36,0.52,0.12,0.0521516933402089,0.0634921643842582,0.0228325054253624,0.0485502360080917
2021-08-17,45901.3,47160.0,44376.0,44695.95,57039.341629,-0.0262593927098782,3147.18,3290.0,2991.89,3011.72,804996.06971,-0.0428440218272193,64.123,14953825.95,0.0339751031991744,401.8,1984029.275,-0.0334840758202636,12,0.2615779433399439,0.8035653059681257,0.3485528371917705,0.0869748938518265,0.5644722847888867,5.0,6.0,1.0,0.9166666666666666,0.4166666666666667,0.5,0.0833333333333333,0.0622875226950092,0.0989833052209369,0.0262593927098782,0.0428440218272193
2021-08-18,44695.95,46000.0,44203.28,44705.29,54099.415985,0.0002089674791565,3011.73,3125.81,2950.0,3014.55,625103.25568,0.0009396623856137,72.663,15022132.453,0.1331815417244981,396.15,1750539.5385,-0.0140617222498756,22,0.1014931575098836,0.8679701658812436,0.3360518186607144,0.2345586611508306,0.4293895188549703,7.0,10.0,5.0,0.6363636363636364,0.3181818181818182,0.4545454545454545,0.2272727272727272,0.0401903219954506,0.0583204790101341,0.0002089674791565,0.0009396623856137
2021-08-19,44699.37,47033.0,43927.7,46760.62,53411.75392,0.0459750960121274,3014.18,3188.0,2958.33,3184.12,634769.92174,0.0562505183194836,72.764,7819221.598,0.0013899783934052,431.27,1852873.4714,0.0886532878959989,23,-0.0841286970180986,0.8004811250645182,0.235663674670555,0.3197923716886535,0.4445439465343952,3.0,12.0,8.0,0.6956521739130435,0.1304347826086956,0.5217391304347826,0.3478260869565217,0.0664084436861616,0.0721298192279185,0.0459750960121274,0.0562505183194836
2021-08-20,46760.62,49382.99,46622.99,49322.47,56850.352228,0.054786484866967,3184.11,3300.0,3177.16,3284.82,558127.4554,0.0316256924990265,78.643,5705076.722,0.0807954482986093,454.93,1691101.5102,0.0548612238273007,14,0.5591400022884565,0.8469042735440391,0.5901798464890037,0.0310398442005471,0.3787803115057094,9.0,5.0,0.0,0.9285714285714286,0.6428571428571429,0.3571428571428571,0.0,0.0559582681078218,0.0373962652443665,0.054786484866967,0.0316256924990265
2021-08-21,49322.47,49757.04,48222.0,48821.87,46745.136584,-0.0101495322517303,3284.81,3309.16,3207.0,3223.43,421156.09084,-0.018688999701658,73.801,5131799.362,-0.0615693704461935,448.74,1426818.8978,-0.0136064889103818,10,0.2093879015184939,0.8029503762722016,0.4095886567607522,0.2002007552422582,0.3902105733752251,4.0,4.0,2.0,0.5,0.4,0.4,0.2,0.0314416469504343,0.0316929481949351,0.0101495322517303,0.018688999701658
2021-08-22,48821.88,49500.0,48050.0,49239.22,37007.887795,0.008548423073512,3223.36,3272.0,3126.42,3238.0,406479.07654,0.0045200299060317,72.775,2862187.053,-0.0139022506470101,448.68,1135535.8076,-0.0001337077149351,12,-0.0170794991621126,0.7741966297229131,0.3179197021915266,0.3349992013536393,0.3470810974637667,4.0,4.0,4.0,0.6666666666666666,0.3333333333333333,0.3333333333333333,0.3333333333333333,0.0294480700547246,0.0449598517603458,0.008548423073512,0.0045200299060317
2021-08-23,49239.22,50500.0,49029.0,49488.85,52462.541954,0.0050697391225937,3238.0,3377.89,3230.02,3321.28,602103.44614,0.0257195799876468,75.623,4150780.595,0.0391343181037444,499.06,2660809.0219,0.1122849246679147,28,0.3724782493165029,0.7362428477832249,0.4629386795817741,0.0904604302652711,0.4466008929136608,12.0,14.0,2.0,0.8214285714285714,0.4285714285714285,0.5,0.0714285714285714,0.0297238670932947,0.0445219915213411,0.0050697391225937,0.0257195799876468
2021-08-24,49488.85,49860.0,47600.0,47674.01,51014.594748,-0.0366716947352786,3321.28,3357.85,3147.31,3170.62,540480.07853,-0.0453620290972156,70.527,6792636.137,-0.067386906099996,471.62,2080297.6979,-0.0549833687332184,21,0.1712150612979062,0.8283556699752808,0.3142207642307593,0.143005702932853,0.542773534144674,7.0,11.0,3.0,1.0476190476190477,0.3333333333333333,0.5238095238095238,0.1428571428571428,0.0474052843467541,0.066403416366515,0.0366716947352786,0.0453620290972156
2021-08-25,47674.01,49264.3,47126.28,48973.32,44655.830342,0.0272540530993721,3170.63,3248.0,3080.0,3226.87,483697.69444,0.0177410096448014,71.973,5069064.804,0.0205027861669997,503.19,2242911.0333,0.0669394851787454,27,0.0372242872706717,0.8161820007695092,0.2823739883800347,0.2451497011093629,0.4724763217899534,6.0,14.0,7.0,0.8888888888888888,0.2222222222222222,0.5185185185185185,0.2592592592592592,0.0436568319239946,0.0520628348833389,0.0272540530993721,0.0177410096448014
2021-08-26,48973.32,49352.84,46250.0,46843.87,49371.277774,-0.0434818386827765,3226.88,3250.0,3053.3,3093.2,442298.47372,-0.0414240424931899,74.92,6563670.747,0.0409459102719076,478.1,2229652.231,-0.0498618811979569,17,0.0192926577840219,0.7862089942483341,0.3387430083992727,0.3194503506152507,0.3418066314257242,6.0,6.0,5.0,0.7058823529411765,0.3529411764705882,0.3529411764705882,0.2941176470588235,0.0662379090369774,0.0635911030647872,0.0434818386827765,0.0414240424931899
2021-08-27,46843.86,49149.93,46348.0,49069.9,42068.104965,0.0475201984806121,3093.06,3280.0,3060.18,3273.45,451027.80711,0.0582729859045647,87.98,8785637.093,0.1743192738921517,494.5,1549790.9246,0.0343024471867809,24,-0.089317341063482,0.8389715179800987,0.1869489709691454,0.2762663120326275,0.5367847171146423,4.0,13.0,7.0,0.7916666666666666,0.1666666666666666,0.5416666666666666,0.2916666666666667,0.0571007888746461,0.0671523927354931,0.0475201984806121,0.0582729859045647
2021-08-28,49069.9,49299.0,48346.88,48895.35,26681.063786,-0.0035571704853688,3273.89,3287.0,3210.31,3244.48,262360.34921,-0.0088499900716368,96.22,5774371.258,0.0936576494657877,486.2,891854.5838,-0.0167846309403437,12,0.4281729125262548,0.8533484290043513,0.4918970707803964,0.0637241582541415,0.4443787705774109,6.0,5.0,1.0,0.8333333333333334,0.5,0.4166666666666667,0.0833333333333333,0.0194726083359665,0.0236370697307426,0.0035571704853688,0.0088499900716368
2021-08-29,48895.35,49632.27,47762.54,48767.83,32652.283473,-0.0026080189629483,3244.75,3285.0,3152.34,3223.47,335806.7827,-0.0064756139658743,94.23,4171861.65,-0.0206817709415921,479.7,910773.939,-0.0133689839572193,13,0.1774369072025785,0.8493395676979651,0.3961508546311121,0.2187139474285336,0.3851351991582375,5.0,5.0,3.0,0.3076923076923077,0.3846153846153846,0.3846153846153846,0.2307692307692307,0.0383394135027126,0.0411544081378141,0.0026080189629483,0.0064756139658743
2021-08-30,48767.84,48888.61,46853.0,46982.91,40288.35083,-0.0366003572436993,3223.47,3347.95,3143.0,3229.64,625347.27541,0.0019140863727598,110.25,11109542.615,0.1700095510983763,460.3,1125497.9612,-0.0404419428809672,23,-0.0204783431861711,0.8088273120963055,0.2573327509200443,0.2778110941062154,0.4648561603997064,5.0,11.0,7.0,1.3043478260869563,0.217391304347826,0.4782608695652174,0.3043478260869565,0.043326605355011,0.0634590852231207,0.0366003572436993,0.0019140863727598
2021-08-31,46982.91,48246.11,46700.0,47100.89,48645.52737,0.0025111258540604,3229.14,3476.0,3188.77,3429.2,863071.13092,0.0617901685636788,108.27,16509565.592,-0.0179591836734693,463.9,1477345.5552,0.0078209863132738,21,0.3167117061536936,0.7566764681112199,0.4272991273374784,0.1105874211837847,0.4621134452699196,11.0,8.0,2.0,1.3333333333333333,0.5238095238095238,0.3809523809523809,0.0952380952380952,0.0328254943802548,0.0837600606555464,0.0025111258540604,0.0617901685636788
2021-09-01,47100.89,49156.0,46512.0,48810.52,49904.65528,0.0362971909872615,3429.19,3842.0,3382.22,3826.82,845759.95868,0.1159512422722501,110.71,8028303.79,0.0225362519626859,489.4,1320635.94,0.0549687432636343,14,0.1441651620968644,0.801473760179111,0.36284309612321,0.2186779340263455,0.4184789622335562,5.0,5.0,4.0,0.9285714285714286,0.3571428571428571,0.3571428571428571,0.2857142857142857,0.0541686505286155,0.1201467537015067,0.0362971909872615,0.1159512422722501
2021-09-02,48810.51,50450.13,48584.06,49246.64,54410.770538,0.0089349591030787,3826.82,3836.8,3717.04,3785.82,525165.7996,-0.0107138564134189,128.23,9206853.472,0.1582512871465993,483.7,1245680.6988,-0.011646914589293,17,0.1072284433278528,0.863460172625149,0.21295632312403,0.1057278797961771,0.6813157891087672,3.0,12.0,2.0,1.1764705882352942,0.1764705882352941,0.7058823529411765,0.1176470588235294,0.0378923313346859,0.0316338336212498,0.0089349591030787,0.0107138564134189
2021-09-03,49246.63,51000.0,48316.84,49999.14,59025.644157,0.0152802302857615,3785.82,4027.88,3705.05,3938.11,655903.75739,0.0402264238658995,146.4,11927061.37,0.1416985104889652,488.5,1094104.742,0.0099235063055613,24,0.2912357428770823,0.8426968653996786,0.394831712571128,0.1035959696940456,0.5015723227212826,11.0,11.0,2.0,0.9583333333333334,0.4583333333333333,0.4583333333333333,0.0833333333333333,0.053664123022916,0.0819758716744834,0.0152802302857615,0.0402264238658995
2021-09-04,49998.0,50535.69,49370.0,49915.64,34664.65959,-0.001670028724494,3938.11,3970.0,3832.5,3885.52,364478.1193,-0.013354121647186,138.88,6134062.526,-0.0513661202185793,497.7,1248261.6277,0.0188331627430911,12,0.2200728266810377,0.8550078521172205,0.3467435714167853,0.1266707447357475,0.5265856723611554,4.0,7.0,1.0,1.0,0.3333333333333333,0.5833333333333334,0.0833333333333333,0.0233532015216073,0.0353877988017047,0.001670028724494,0.013354121647186
2021-09-05,49917.54,51900.0,49450.0,51756.88,40544.835873,0.0368870358068131,3885.61,3980.0,3830.0,3950.29,365759.8597,0.0166695834791739,142.0,4619885.42,0.0224654377880184,504.8,878406.045,0.0142656218605585,14,0.2342800398224166,0.7983462193182537,0.3984287409111857,0.164148701088769,0.4374225590644138,4.0,8.0,2.0,0.7857142857142857,0.2857142857142857,0.5714285714285714,0.1428571428571428,0.0473367019032059,0.0379718957342372,0.0368870358068131,0.0166695834791739
2021-09-06,51756.88,52780.0,50969.33,52663.9,49249.667081,0.0175246266776514,3950.28,3970.0,3864.3,3926.77,397768.5783,-0.0059539932511284,164.22,8435542.353,0.1564788732394366,496.1,1121398.978,-0.0172345483359745,15,0.0376784851464132,0.8316478947798411,0.3414574991290768,0.3037790139826635,0.3547634851187468,5.0,5.0,5.0,0.8,0.3333333333333333,0.3333333333333333,0.3333333333333333,0.0343816162494611,0.0269177975791808,0.0175246266776514,0.0059539932511284
2021-09-07,52666.2,52920.0,42843.05,46863.73,123048.802719,-0.1101355957306617,3926.67,3947.15,3005.0,3434.57,1203536.00209,-0.1253447489921741,173.46,24376489.011,0.0562659846547315,418.7,3358688.1229,-0.1560169320701472,30,-0.2328581096294026,0.8588564276695252,0.2750114906424035,0.5078696002718062,0.2171188989343742,8.0,6.0,16.0,1.0333333333333334,0.2666666666666666,0.2,0.5333333333333333,0.215026631469582,0.2743138151209613,0.1101355957306617,0.1253447489921741
2021-09-08,46868.57,47340.99,44412.02,46048.31,65069.3152,-0.0173998100449965,3434.84,3560.0,3215.16,3499.0,780611.7657,0.0187592624404218,191.02,16666845.8,0.1012337138245129,415.0,2058507.11,-0.0088368760449009,23,0.0049848718892621,0.8284706862076469,0.3367739489868931,0.331789077097631,0.3314369858607002,8.0,8.0,7.0,1.1304347826086956,0.3478260869565217,0.3478260869565217,0.3043478260869565,0.0636064602588021,0.09855387253501,0.0173998100449965,0.0187592624404218
2021-09-09,46048.31,47399.97,45513.08,46395.14,50651.66002,0.0075318725052015,3499.01,3567.06,3390.4,3424.93,628553.8831,-0.0211689054015433,187.9,16349677.82,-0.0163333682336928,421.3,1543293.221,0.0151807228915663,20,0.1991799057461321,0.7963660746812821,0.3129929463379085,0.1138130405917763,0.5731940088793636,5.0,13.0,2.0,1.15,0.25,0.65,0.1,0.040669992589741,0.0515806162461714,0.0075318725052015,0.0211689054015433
2021-09-10,46395.14,47033.0,44132.29,44850.91,49048.26618,-0.0332843052095541,3424.94,3514.11,3150.0,3208.86,633026.2659,-0.0630874207648038,179.6,9055410.7,-0.0441724321447578,401.4,1528906.751,-0.0472347495846191,24,0.0630556378940431,0.8050012762347857,0.326315724174492,0.2632600862804489,0.4104241926688701,7.0,11.0,6.0,1.1666666666666667,0.2916666666666667,0.4583333333333333,0.25,0.0646744960135702,0.113470204371646,0.0332843052095541,0.0630874207648038
2021-09-11,44842.2,45987.93,44722.22,45173.69,30440.4081,0.0071967324631763,3208.85,3348.37,3200.0,3267.21,413524.1761,0.0181840279725509,179.04,6794663.25,-0.0031180400890868,405.1,922767.055,0.0092177379172895,14,0.1350993805431894,0.8556411819798606,0.3364053109793791,0.2013059304361896,0.462288761511445,4.0,7.0,3.0,0.5,0.2857142857142857,0.5,0.2142857142857142,0.0280187427681909,0.0454118345622105,0.0071967324631763,0.0181840279725509
2021-09-12,45173.68,46460.0,44742.06,46025.24,32094.28052,0.0188505743055305,3267.1,3474.16,3231.1,3404.21,408858.9595,0.0419318011391982,174.29,3661211.64,-0.026530384271671,416.3,981402.883,0.0276474944458158,14,0.43355207012168,0.8260376879147121,0.5650222368006196,0.1314701666789395,0.3035075990483164,9.0,3.0,2.0,0.1428571428571428,0.6428571428571429,0.2142857142857142,0.1428571428571428,0.0373260411026645,0.071399825510177,0.0188505743055305,0.0419318011391982
2021-09-13,46025.23,46880.0,43370.0,44940.73,65429.15056,-0.0235633752262888,3404.3,3430.3,3108.49,3285.35,647855.7199,-0.0349155898137893,169.53,8423839.46,-0.0273108038326925,399.1,1531654.719,-0.0413163583953879,18,-0.3450768616360922,0.8335133724742465,0.1810247169083191,0.5261015785444114,0.2928736959066655,2.0,6.0,10.0,0.9444444444444444,0.1111111111111111,0.3333333333333333,0.5555555555555556,0.0781028701580948,0.0979530339233264,0.0235633752262888,0.0349155898137893
2021-09-14,44940.72,47250.0,44594.44,47111.52,44855.85099,0.0483033987209373,3285.09,3437.05,3269.95,3434.37,373634.9026,0.0453589419696531,158.88,7981396.52,-0.0628207396920899,414.3,930635.792,0.0380856928088197,33,0.1209413240183935,0.7980844324285333,0.3783889135740923,0.2574475895556987,0.3641634853274533,11.0,13.0,9.0,0.8787878787878788,0.3333333333333333,0.3939393939393939,0.2727272727272727,0.0563675296403087,0.04865521187292,0.0483033987209373,0.0453589419696531
2021-09-15,47103.28,48500.0,46682.32,48121.41,43204.71174,0.0214361582899471,3434.37,3616.16,3357.78,3613.55,428507.5278,0.0521725964296218,158.79,6107319.6,-0.0005664652567975,431.3,1182055.631,0.0410330678252472,37,0.0418129752616624,0.8019310139320992,0.3246863898443611,0.2828734145826986,0.3924401874175748,12.0,14.0,11.0,0.7837837837837838,0.3243243243243243,0.3783783783783784,0.2972972972972973,0.0377727917781295,0.0715030925267395,0.0214361582899471,0.0521725964296218
2021-09-16,48121.4,48557.0,47021.1,47737.82,40725.08895,-0.0079712959366735,3613.55,3676.28,3481.14,3567.98,467985.4919,-0.012610867429536,152.29,4739595.73,-0.0409345676679892,424.3,1037049.02,-0.0162300023185717,20,0.3540768991690129,0.7805551797151565,0.4824371992610395,0.1283603000920265,0.3892025122418999,10.0,8.0,2.0,0.45,0.5,0.4,0.1,0.0321736518341223,0.0546920106054407,0.0079712959366735,0.012610867429536
2021-09-17,47737.81,48150.0,46699.56,47299.98,34461.92776,-0.0091717636037841,3567.97,3594.17,3350.07,3399.81,398888.3705,-0.047133111732689,147.58,7629925.55,-0.0309278350515462,406.6,844137.727,-0.0417157671458873,25,0.0866806450858712,0.8105798101425171,0.3810649498179554,0.2943843047320842,0.3245507403463125,10.0,7.0,8.0,1.12,0.4,0.28,0.32,0.030664706412138,0.0717981298954941,0.0091717636037841,0.047133111732689
2021-09-18,47299.98,48843.2,47035.56,48292.74,30906.47038,0.0209885923841828,3399.89,3541.96,3368.88,3435.64,315162.7627,0.0105388242284127,169.22,8229799.94,0.1466323350047431,410.7,733479.739,0.0100836202656171,10,0.3444001216441393,0.7632192015647888,0.4481702644377947,0.1037701427936553,0.4480595879256725,4.0,5.0,1.0,1.5,0.4,0.5,0.1,0.0374308850564287,0.0503778044265405,0.0209885923841828,0.0105388242284127
2021-09-19,48292.75,48372.83,46829.18,47241.75,29847.24349,-0.021762898522635,3435.64,3456.53,3277.74,3328.62,312948.0013,-0.0311499458616153,152.76,4945800.1,-0.0972698262616712,408.6,743095.721,-0.0051132213294374,18,0.1564917978830635,0.8141652097304662,0.3745176836641298,0.2180258857810662,0.4074564386780063,7.0,7.0,4.0,0.7777777777777778,0.3888888888888889,0.3888888888888889,0.2222222222222222,0.0326755465239962,0.0537129501114577,0.021762898522635,0.0311499458616153
2021-09-20,47241.75,47347.25,42500.0,43015.62,78003.524443,-0.0894575243296448,3328.57,3347.82,2913.39,2977.28,917939.57849,-0.1055512494667458,132.77,10153368.71,-0.1308588635768525,364.1,1865673.9401,-0.1089084679393049,23,-0.4934007035892295,0.8459432254666868,0.0868471707014933,0.5802478742907229,0.3329049505941245,0.0,9.0,14.0,0.8695652173913043,0.0,0.391304347826087,0.6086956521739131,0.1126858104102649,0.1459150634135856,0.0894575243296448,0.1055512494667458
2021-09-21,43016.64,43639.0,39600.0,40734.38,84534.080485,-0.0530328285399583,2977.32,3105.83,2652.0,2765.9,971519.88941,-0.0709976891659501,124.29,9608867.72,-0.0638698501167432,344.4,1577059.1261,-0.0541060148310904,24,-0.0403974347282201,0.7819693771501383,0.3208542390105625,0.3612516737387826,0.3178940864745527,9.0,6.0,9.0,1.0,0.375,0.25,0.375,0.0991545716419398,0.1640804078238547,0.0530328285399583,0.0709976891659501
2021-09-22,40734.09,44000.55,40565.39,43543.61,58349.05542,0.0689645945267856,2766.72,3088.88,2737.54,3076.92,677457.64825,0.1124480277667305,148.02,7460596.34,0.1909244508810041,379.0,1085212.972,0.1004645760743323,13,0.0750665807236845,0.8252643071688138,0.2818021580863457,0.2067355773626611,0.5114622812431592,4.0,6.0,3.0,0.8461538461538461,0.3076923076923077,0.4615384615384615,0.2307692307692307,0.078890105804273,0.1141856141856142,0.0689645945267856,0.1124480277667305
2021-09-23,43546.37,44978.0,43069.09,44865.26,48699.57655,0.0303523295381342,3076.92,3174.5,3033.85,3152.5,459293.8858,0.0245635245635245,149.91,5188932.77,0.0127685447912442,383.5,992215.176,0.0118733509234827,21,0.1131616786255368,0.7956944931121099,0.3617343364194744,0.2485726577939376,0.3896930117514871,8.0,8.0,5.0,0.8571428571428571,0.3809523809523809,0.3809523809523809,0.238095238095238,0.0425476192492811,0.0446153846153846,0.0303523295381342,0.0245635245635245
2021-09-24,44865.26,45200.0,40675.0,42810.57,84113.426292,-0.0457969038850996,3152.41,3158.52,2733.0,2928.53,932090.8856,-0.0710452022204598,139.13,6710404.45,-0.0719098125541991,355.0,1718950.219,-0.0743155149934811,28,-0.1658666957934786,0.797368341258594,0.2275846643107277,0.3934513601042063,0.3789639718431447,5.0,12.0,11.0,0.9642857142857144,0.1785714285714285,0.4285714285714285,0.3928571428571428,0.105698195562451,0.1453015676807135,0.0457969038850996,0.0710452022204598
2021-09-25,42810.58,42966.84,41646.28,42670.64,33594.57189,-0.0032685853049843,2928.22,2967.52,2801.57,2921.73,491974.0226,-0.0023219840670917,136.06,3212733.31,-0.0220656939552935,349.6,916797.617,-0.0152112676056337,12,0.1644867244564617,0.761501302321752,0.3740130298926185,0.2095263054361566,0.4164606674263874,5.0,4.0,3.0,0.9166666666666666,0.4166666666666667,0.3333333333333333,0.25,0.0309477429914338,0.0567985405906773,0.0032685853049843,0.0023219840670917
2021-09-26,42670.63,43950.0,40750.0,43160.9,49879.99765,0.0114893987997368,2921.84,3115.51,2738.17,3059.37,703594.478,0.0471090757872902,135.64,4342156.13,-0.0030868734381891,344.0,1538759.1618,-0.0160183066361556,16,-0.0315325404517352,0.8227006644010544,0.2177262074546888,0.249258747906424,0.533015051856637,3.0,9.0,4.0,0.9375,0.1875,0.5625,0.25,0.0741411787057267,0.1233391188381922,0.0114893987997368,0.0471090757872902
2021-09-27,43160.9,44350.0,42098.0,42147.35,39776.84383,-0.0234830598991216,3059.36,3164.94,2922.71,2925.59,510130.7319,-0.0437279570630554,136.35,5195624.27,0.0052344441167797,335.5,956544.069,-0.0247093023255814,25,0.048236644975841,0.7980385351181031,0.2961614819802343,0.2479248370043933,0.455913685709238,8.0,12.0,5.0,1.32,0.32,0.48,0.2,0.0534315917845368,0.0827969742855287,0.0234830598991216,0.0437279570630554
2021-09-28,42147.35,42787.38,40888.0,41026.54,43372.2624,-0.0265926564778093,2924.76,2970.82,2789.0,2804.91,511325.4643,-0.0412497991858054,132.2,3899945.58,-0.0304363769710305,333.0,922077.227,-0.0074515648286139,15,-0.2804835057196518,0.8239140073458354,0.1481626741898556,0.4286461799095074,0.4231911355008682,1.0,7.0,7.0,0.8666666666666667,0.0666666666666666,0.4666666666666667,0.4666666666666667,0.0462963730307259,0.0648220442010617,0.0265926564778093,0.0412497991858054
2021-09-29,41025.01,42590.0,40753.88,41524.28,33511.53487,0.0121321466543364,2805.15,2950.0,2782.0,2850.45,411305.0893,0.0162358150528894,135.25,3685498.28,0.0230711043872919,367.7,1696420.045,0.1042042042042041,34,0.1418210409362526,0.7842935463961433,0.3624365862239809,0.2206155452877282,0.4169478754458181,13.0,14.0,7.0,1.3823529411764706,0.3823529411764705,0.4117647058823529,0.2058823529411764,0.0442179852365893,0.0589380624111982,0.0121321466543364,0.0162358150528894
2021-09-30,41524.29,44141.37,41410.17,43824.1,46381.22781,0.055384945867815,2850.45,3048.42,2837.19,3000.61,506896.7612,0.0526794014980092,141.37,3361454.58,0.045249537892791,387.5,1163674.206,0.0538482458525972,27,0.3683171657396963,0.7993907111662405,0.4236441935516066,0.0553270278119102,0.5210287853109615,11.0,15.0,1.0,1.2222222222222223,0.4074074074074074,0.5555555555555556,0.037037037037037,0.062321873124605,0.0703956862104705,0.055384945867815,0.0526794014980092
2021-10-01,43820.01,48495.0,43283.03,48141.61,66244.87492,0.0985190796844659,3000.62,3330.0,2969.07,3309.91,648714.6151,0.103079040595079,161.56,6742166.88,0.1428167220768197,421.5,1440336.041,0.0877419354838708,27,0.3335616928870203,0.7991025867285552,0.4955034314620274,0.161941738575007,0.3425548392589445,14.0,9.0,4.0,0.8888888888888888,0.5185185185185185,0.3333333333333333,0.1481481481481481,0.1082633090168775,0.109045261049394,0.0985190796844659,0.103079040595079
2021-10-02,48141.6,48336.59,47430.18,47634.9,30508.98131,-0.0105254061922731,3309.91,3469.0,3257.0,3387.76,422551.1811,0.0235202769863833,168.98,5059987.02,0.0459272097053724,427.1,1039006.518,0.0132858837485172,18,0.2182743409389836,0.8008106218443977,0.407293687445215,0.1890193465062313,0.4036869700584147,7.0,8.0,3.0,0.8333333333333334,0.3888888888888889,0.4444444444444444,0.1666666666666666,0.0190282754870902,0.062578222778473,0.0105254061922731,0.0235202769863833
2021-10-03,47634.89,49228.08,47088.0,48200.01,30825.05601,0.0118633606872271,3387.77,3488.0,3342.51,3417.73,360586.8905,0.0088465534748622,172.98,4233767.25,0.0236714404071487,430.5,820910.792,0.0079606649496604,19,0.1865012585920722,0.7813328002628527,0.3473438269605761,0.1608425683685038,0.4918136050630557,6.0,10.0,3.0,1.2105263157894737,0.3157894736842105,0.5263157894736842,0.1578947368421052,0.0443999907883836,0.0425691906616379,0.0118633606872271,0.0088465534748622
2021-10-04,48200.01,49536.12,46891.0,49224.94,46796.49372,0.0212641034721776,3417.73,3437.19,3270.0,3386.31,485204.642,-0.0091932364464132,167.13,4312499.92,-0.0338189386056191,426.3,974423.359,-0.0097560975609756,25,0.0836529111489653,0.7900264310836792,0.3836188030615449,0.2999658919125795,0.3164153010398149,11.0,7.0,7.0,1.16,0.44,0.28,0.28,0.0537353626027782,0.0493723256287817,0.0212641034721776,0.0091932364464132
2021-10-05,49224.93,51886.3,49022.4,51471.99,52125.66793,0.0456486082055151,3386.31,3545.0,3363.78,3515.27,393900.8818,0.0380827508408858,164.62,3378441.71,-0.0150182492670375,442.1,883699.828,0.0370631011025099,23,0.2437163843449367,0.8341684030449908,0.4071987102051144,0.1634823258601776,0.4293189593793257,10.0,9.0,4.0,0.6956521739130435,0.4347826086956521,0.391304347826087,0.1739130434782608,0.0556399703994347,0.0515522278516301,0.0456486082055151,0.0380827508408858
2021-10-06,51471.99,55750.0,50382.41,55315.0,79877.545181,0.0746621609150919,3515.48,3632.11,3342.0,3574.89,618265.5402,0.0169602903902117,153.87,4499161.76,-0.0653019074231563,434.9,1245088.683,-0.0162859081655735,29,0.3405194762805155,0.8077969242786539,0.4595812128150257,0.1190617365345101,0.4213570492534801,14.0,12.0,3.0,1.1724137931034482,0.4827586206896552,0.4137931034482758,0.1034482758620689,0.0970367892976588,0.0811521473387992,0.0746621609150919,0.0169602903902117
2021-10-07,55315.0,55332.31,53357.0,53785.22,54917.37766,-0.027655789568833,3574.88,3653.98,3470.8,3587.47,486102.3591,0.0035189893954779,154.26,3251376.58,0.0025346071358938,438.5,1159098.7447,0.0082777650034491,40,0.4094750771531835,0.8124842435121536,0.5049239974468946,0.095448920293711,0.3996270831208676,23.0,14.0,3.0,1.175,0.575,0.35,0.075,0.0367258886363204,0.051061054169094,0.027655789568833,0.0035189893954779
2021-10-08,53785.22,56100.0,53617.61,53951.43,46160.25785,0.0030902541627606,3587.47,3695.0,3532.0,3563.13,403597.1437,-0.0067847257259293,158.86,3735085.38,0.0298197847789447,419.2,1505999.188,-0.0440136830102623,17,0.3270424667964963,0.8406758062979754,0.4982140995562076,0.1711716327597112,0.330614257384749,8.0,6.0,3.0,1.0588235294117647,0.4705882352941176,0.3529411764705882,0.1764705882352941,0.0460115700362344,0.045746296093603,0.0030902541627606,0.0067847257259293
2021-10-09,53955.67,55489.0,53661.67,54949.72,55177.08013,0.0185034947173781,3563.13,3635.0,3538.07,3574.82,361906.7514,0.0032808233210688,156.84,1833309.02,-0.0127155986403122,421.9,632123.526,0.0064408396946564,8,0.0190285173011943,0.8288357928395271,0.2503877780400216,0.2313592607388272,0.5182529641315341,2.0,4.0,2.0,0.5,0.25,0.5,0.25,0.0332545825529229,0.0271146519265305,0.0185034947173781,0.0032808233210688
2021-10-10,54949.72,56561.31,54080.0,54659.0,89237.836128,-0.0052906548022446,3574.83,3604.0,3405.0,3414.22,580223.6302,-0.0449253388981824,147.55,2037895.69,-0.0592323386891098,404.1,729380.963,-0.0421900924389664,14,0.3077946636892323,0.8475637052740369,0.5008219231718353,0.1930272594826029,0.3061508308830006,7.0,4.0,3.0,1.0714285714285714,0.5,0.2857142857142857,0.2142857142857142,0.0453961836111161,0.0582856406441295,0.0052906548022446,0.0449253388981824
2021-10-11,54659.01,57839.04,54415.06,57471.35,52933.165751,0.0514526427486781,3414.22,3623.8,3371.0,3542.12,493521.882,0.0374609720521816,144.77,2211323.14,-0.0188410708234496,413.1,759924.884,0.022271714922049,15,0.2097930387283365,0.8101011315981547,0.3543780694405238,0.1445850307121872,0.5010369220127662,4.0,9.0,2.0,0.6,0.2666666666666666,0.6,0.1333333333333333,0.0595771632300268,0.071369688209321,0.0514526427486781,0.0374609720521816
2021-10-12,57471.35,57680.0,53879.0,55996.93,53471.2855,-0.025654869774244,3542.12,3547.11,3403.21,3491.46,409377.1918,-0.0143021693223267,152.32,3377483.32,0.0521516888858186,444.2,1966630.183,0.0752844347615588,22,0.0530553261156786,0.7827812487428839,0.29093054021624,0.2378752141005613,0.4711942522871223,6.0,10.0,6.0,1.0454545454545454,0.2727272727272727,0.4545454545454545,0.2727272727272727,0.0678787212084662,0.0412148499481592,0.025654869774244,0.0143021693223267
2021-10-13,55996.91,57777.0,54167.19,57367.0,55808.44492,0.0244668770234368,3491.43,3613.0,3412.7,3607.42,393463.1222,0.0332124669908864,148.04,2760546.0,-0.0280987394957983,470.8,3383303.439,0.059882935614588,33,0.1546782009360013,0.8135481621279861,0.3794226874174042,0.2247444864814028,0.395832821980796,14.0,12.0,7.0,0.7878787878787878,0.4242424242424242,0.3636363636363636,0.2121212121212121,0.0629248522669827,0.0555244468345798,0.0244668770234368,0.0332124669908864
2021-10-14,57370.83,58532.54,56818.05,57347.94,43053.336781,-0.0003322467620757,3607.41,3824.0,3586.04,3790.82,481894.1473,0.0508396582599197,150.02,2654600.61,0.0133747635774117,472.7,1431305.925,0.0040356839422259,28,0.3253288874236335,0.8023500740528107,0.4577727426907846,0.132443855267151,0.4097834007282342,13.0,12.0,3.0,0.9285714285714286,0.4642857142857143,0.4285714285714285,0.1071428571428571,0.0298962787503787,0.0627726982552587,0.0003322467620757,0.0508396582599197
2021-10-15,57347.94,62933.0,56850.0,61672.42,82512.908022,0.0754077653007239,3790.82,3907.77,3734.1,3868.99,504321.732,0.0206208683081758,163.18,5388612.07,0.0877216371150513,474.5,1508188.787,0.0038079119949228,20,0.2045746947173029,0.7863549053668976,0.4110158470924944,0.2064411523751914,0.3825430052354931,7.0,9.0,4.0,1.05,0.35,0.45,0.2,0.0986340409538007,0.0448876838658151,0.0754077653007239,0.0206208683081758
2021-10-16,61672.42,62378.42,60150.0,60875.57,35467.88096,-0.012920686426769,3868.38,3971.0,3803.56,3829.96,373727.8549,-0.0100879040783252,157.54,1985241.59,-0.0345630591984312,465.8,1040477.571,-0.0183350895679662,13,0.1912330019359405,0.8086837438436655,0.3555572143254372,0.1643242123894966,0.4801185887593489,5.0,6.0,2.0,0.8461538461538461,0.3846153846153846,0.4615384615384615,0.1538461538461538,0.0366061459465594,0.0437184722555849,0.012920686426769,0.0100879040783252
2021-10-17,60875.57,61718.39,58963.0,61528.33,39099.24124,0.0107228564759229,3829.96,3919.19,3640.0,3846.85,368898.9831,0.0044099677281224,160.12,3070422.13,0.0163767931953791,470.9,890609.849,0.0109489051094888,12,-0.0236339978097627,0.8060900469621023,0.2480355468578636,0.2716695446676264,0.4802949200384319,2.0,6.0,4.0,0.75,0.1666666666666666,0.5,0.3333333333333333,0.0447824603723195,0.0725762636962709,0.0107228564759229,0.0044099677281224
2021-10-18,61528.32,62695.78,59844.45,62009.84,51798.44844,0.0078258259244154,3847.0,3893.14,3676.0,3744.96,401819.9734,-0.0264866059243276,157.12,2240606.17,-0.0187359480389707,484.9,1091006.031,0.0297303036738161,34,0.3450930424801567,0.7680813486085218,0.4729015622835825,0.1278085198034258,0.3992899236652781,18.0,12.0,4.0,1.088235294117647,0.5294117647058824,0.3529411764705882,0.1176470588235294,0.0459818957765413,0.0579819277108433,0.0078258259244154,0.0264866059243276
2021-10-19,62005.6,64486.0,61322.22,64280.59,53628.107744,0.0366191881804565,3744.96,3886.89,3732.0,3877.03,341268.3723,0.0352660642570281,155.78,1821550.17,-0.0085285132382891,488.1,912494.969,0.0065992988245,21,0.1258620451248827,0.8134738845484597,0.2456993571526947,0.1198373120278119,0.6344633361856852,6.0,14.0,1.0,1.0476190476190477,0.2857142857142857,0.6666666666666666,0.0476190476190476,0.0492182787992456,0.0399506838997892,0.0366191881804565,0.0352660642570281
2021-10-20,64280.59,67000.0,63481.4,66001.41,51428.934856,0.0267704450130281,3876.98,4169.0,3828.05,4161.15,537383.09732,0.0732828995390799,176.72,3884374.7,0.1344203363718064,501.3,946412.94,0.0270436385986478,20,0.3123334668111056,0.8091221570968627,0.4889674148987978,0.1766339480876922,0.3343986411578953,10.0,6.0,4.0,1.65,0.5,0.3,0.2,0.0533109822956812,0.0819364839046897,0.0267704450130281,0.0732828995390799
2021-10-21,66001.4,66639.74,62000.0,62193.15,68538.64537,-0.0576996764160038,4161.37,4375.0,4013.13,4052.99,798566.55805,-0.0259928144863799,190.5,7853710.77,0.0779764599366228,470.9,1851835.929,-0.0606423299421504,25,0.2064189928397536,0.8132914757728577,0.4407453716918826,0.2343263788521289,0.3249282532930373,12.0,7.0,6.0,1.16,0.48,0.28,0.24,0.0746021065020827,0.0892847009245026,0.0576996764160038,0.0259928144863799
2021-10-22,62193.15,63732.39,60000.0,60688.22,52119.35886,-0.024197680934315,4053.0,4167.41,3888.0,3972.2,463222.5428,-0.0199334318614159,196.29,8364239.42,0.0303937007874015,479.3,1118876.638,0.0178381822042896,23,0.2485617328556659,0.7862327941085981,0.3585034667959679,0.1099417339403019,0.5315547931291487,7.0,13.0,3.0,1.0,0.3043478260869565,0.5652173913043478,0.1304347826086956,0.061501062314894,0.070341372539147,0.024197680934315,0.0199334318614159
2021-10-23,60688.23,61747.64,59562.15,61286.75,27626.93678,0.0098623752682152,3972.19,4172.0,3937.51,4167.12,326576.9601,0.0490710437540908,197.75,3274703.05,0.0074379744255947,485.5,521970.795,0.012935530982683,12,0.0603952706636239,0.8252468953529993,0.211245502034823,0.150850231371199,0.6379042792444428,1.0,9.0,2.0,1.0,0.0833333333333333,0.75,0.1666666666666666,0.0356600733437488,0.0562714776632301,0.0098623752682152,0.0490710437540908
2021-10-24,61286.75,61500.0,59510.63,60852.22,31226.57676,-0.0070901132789713,4167.13,4186.57,3961.5,4082.33,350115.8386,-0.0203473862043809,202.14,3573960.26,0.0221997471554993,475.8,590939.031,-0.0199794026776518,22,0.4331144788937474,0.8351381475275214,0.5106990297578953,0.0775845508641478,0.4117164280773563,13.0,8.0,1.0,0.5909090909090909,0.5909090909090909,0.3636363636363636,0.0454545454545454,0.0326918229113087,0.0551327305729815,0.0070901132789713,0.0203473862043809
2021-10-25,60852.22,63710.63,60650.0,63078.78,36853.83806,0.0365896264754186,4082.33,4236.0,4067.71,4220.37,347438.6534,0.0338140228741918,209.7,4914479.29,0.0373998219056099,485.1,632116.761,0.019546027742749,29,0.2235002183708651,0.7958342350762466,0.4018604996260898,0.1783602812552246,0.4197792102550638,12.0,12.0,5.0,0.6551724137931034,0.4137931034482758,0.4137931034482758,0.1724137931034483,0.0485207545231533,0.0398756507130891,0.0365896264754186,0.0338140228741918
2021-10-26,63078.78,63293.48,59817.55,60328.81,40217.50083,-0.0435958019479768,4220.36,4297.0,4090.21,4131.52,414498.1599,-0.0210526565206367,199.85,3168707.16,-0.046971864568431,478.1,702610.184,-0.0144300144300144,39,0.2769262392599231,0.8091005025765835,0.398951975055612,0.1220257357956888,0.4790222928739893,15.0,20.0,4.0,0.9487179487179488,0.3846153846153846,0.5128205128205128,0.1025641025641025,0.0576164190873315,0.0500517969173572,0.0435958019479768,0.0210526565206367
2021-10-27,60328.81,61496.0,58000.0,58413.44,62124.49016,-0.0317488443746859,4131.52,4307.0,3909.0,3922.0,704604.25,-0.0507125706761677,184.49,5003626.21,-0.0768576432324242,448.7,1370950.214,-0.061493411420205,47,0.2094795125378097,0.8542650963397737,0.4395132816020161,0.2300337690642063,0.3304529479764243,20.0,16.0,11.0,0.7872340425531915,0.425531914893617,0.3404255319148936,0.2340425531914893,0.0598492401748638,0.1014788373278939,0.0317488443746859,0.0507125706761677
2021-10-28,58413.44,62499.0,57820.0,60575.89,61056.35301,0.0370197338146836,3921.99,4295.0,3890.17,4286.02,626378.5055,0.0928148903620602,195.42,3503774.6,0.059244403490704,491.9,1523900.006,0.0962781368397593,33,0.2651996341618625,0.8083998840866666,0.4085497514090754,0.143350117247213,0.4481001346738952,13.0,16.0,4.0,0.7575757575757576,0.3939393939393939,0.4848484848484848,0.1212121212121212,0.0772419522024356,0.0944535956435107,0.0370197338146836,0.0928148903620602
2021-10-29,60575.9,62980.0,60174.81,62253.71,43973.90414,0.0276978183894616,4286.01,4460.47,4265.97,4418.89,559231.07691,0.0310007886104124,200.41,2484214.02,0.02553474567598,530.3,1411851.4394,0.0780646472860338,26,0.1904385910333635,0.8018486476861514,0.3128800144992195,0.1224414234658559,0.5646785597961682,8.0,15.0,3.0,0.6538461538461539,0.3076923076923077,0.5769230769230769,0.1153846153846153,0.0450606076328624,0.0440155785728995,0.0276978183894616,0.0310007886104124
2021-10-30,62253.7,62359.25,60673.0,61859.19,31478.12566,-0.006337292990249,4418.89,4434.06,4232.2,4322.68,340223.069,-0.0217724360642604,195.7,1609573.37,-0.0235018212664038,528.3,1095033.1264,-0.0037714501225721,12,0.079206794888402,0.7529739240805308,0.2632782502720753,0.1840714553836732,0.5526502992336949,3.0,6.0,3.0,0.6666666666666666,0.25,0.5,0.25,0.0272594904653617,0.046697881869581,0.006337292990249,0.0217724360642604
2021-10-31,61859.19,62405.3,59945.36,61299.8,39267.63794,-0.0090429570771941,4322.68,4399.14,4164.35,4287.21,412856.2893,-0.0082055576633015,202.49,2375757.35,0.0346959632089933,524.6,1018991.819,-0.0070035964414156,18,0.184058965752936,0.7762857642438676,0.3556909404901994,0.1716319747372633,0.4726770807885461,6.0,10.0,2.0,0.6666666666666666,0.3333333333333333,0.5555555555555556,0.1111111111111111,0.0401296578455395,0.0547652202714585,0.0090429570771941,0.0082055576633015
2021-11-01,61299.81,62437.74,59405.0,60911.11,44687.66672,-0.006340803722035,4287.48,4386.58,4146.3,4319.43,417620.7073,0.0075153771333804,203.9,3150076.28,0.0069633068299668,551.3,1274272.0851,0.0508959207014867,27,0.2612268633933531,0.8246941676846257,0.3860813259250588,0.1248544625317056,0.4890642178555329,10.0,14.0,3.0,0.6296296296296297,0.3703703703703703,0.5185185185185185,0.1111111111111111,0.0497896032431521,0.0556277101376801,0.006340803722035,0.0075153771333804
2021-11-02,60911.12,64270.0,60624.68,63219.99,46368.2841,0.0379057285280139,4319.43,4599.6,4284.43,4589.89,468184.79301,0.0626147431489803,220.82,2876704.542,0.0829818538499262,554.4,1153919.1399,0.0056230727371666,41,0.2113322257518586,0.8136103523940574,0.3475543791201056,0.1362221533682469,0.5162234673867139,13.0,23.0,5.0,1.170731707317073,0.3170731707317073,0.5609756097560976,0.1219512195121951,0.0576608759349693,0.0686661336110451,0.0379057285280139,0.0626147431489803
2021-11-03,63220.57,63500.0,60382.76,62896.48,43336.09049,-0.0051172105531809,4589.68,4665.87,4455.0,4603.35,448658.35125,0.0029325321521866,243.37,5253716.352,0.102119373245177,568.4,1262766.5996,0.0252525252525253,31,0.2011032010308436,0.8327509068673656,0.3394562487881029,0.1383530477572592,0.522190700615606,10.0,17.0,4.0,0.7741935483870968,0.3225806451612903,0.5483870967741935,0.1290322580645161,0.0495614380963767,0.0458079442145393,0.0051172105531809,0.0029325321521866
2021-11-04,62896.49,63086.31,60677.01,61395.01,35930.93314,-0.0238720831436035,4603.35,4606.65,4420.08,4532.32,368218.25695,-0.0154300672336451,247.07,3552648.58,0.0152031885606278,558.7,1052950.033,-0.0170654468684023,26,0.0701150747660834,0.8283881567991697,0.3500885225904102,0.2799734478243268,0.3699380354955792,8.0,11.0,7.0,1.0,0.3076923076923077,0.4230769230769231,0.2692307692307692,0.0392426029411835,0.0411643485014296,0.0238720831436035,0.0154300672336451
2021-11-05,61395.01,62595.72,60721.0,60937.12,31604.48749,-0.0074580979789725,4532.31,4570.05,4438.8,4474.24,305651.7244,-0.0128146291523987,236.06,2233800.23,-0.0445622698020803,607.3,1989945.5433,0.0869876499015569,33,0.1954033511380354,0.8251869010202812,0.2990295810512069,0.1036262299131714,0.5973441834476861,7.0,23.0,3.0,0.696969696969697,0.2121212121212121,0.696969696969697,0.0909090909090909,0.0307648277437463,0.029334590902589,0.0074580979789725,0.0128146291523987
2021-11-06,60940.18,61560.49,60050.0,61470.61,25590.57408,0.0087547622861072,4474.24,4530.0,4326.17,4518.0,322154.0973,0.0097804319839793,258.44,3046062.46,0.0948064051512327,637.7,1366385.957,0.0500576321422692,24,0.2754358247232934,0.8159792299071947,0.4202239564231907,0.1447881316998973,0.4349879191722721,11.0,10.0,3.0,0.7083333333333334,0.4583333333333333,0.4166666666666667,0.125,0.0245725558929706,0.0451150951748561,0.0087547622861072,0.0097804319839793
2021-11-07,61470.62,63286.35,61322.78,63273.59,25515.6883,0.0293307647345617,4518.0,4637.98,4502.37,4612.59,243596.5952,0.0209362549800797,249.68,1923092.87,-0.0338956817830057,649.6,1476373.2487,0.0186608122941822,13,0.3556288295210554,0.7820373636025649,0.453774743928359,0.0981459144073036,0.4480793269780966,5.0,7.0,1.0,0.6153846153846154,0.3846153846153846,0.5384615384615384,0.0769230769230769,0.0310330107711606,0.029399968347501,0.0293307647345617,0.0209362549800797
2021-11-08,63273.58,67789.0,63273.58,67525.83,54442.094554,0.0672040261979762,4612.59,4822.97,4612.0,4807.98,391102.31806,0.0423601490702618,248.26,2301351.76,-0.0056872797180391,653.5,1290096.384,0.0060036945812806,28,0.5293100605319653,0.7905784930501666,0.5770366403407284,0.047726579808763,0.3752367763247873,17.0,10.0,1.0,0.8571428571428571,0.6071428571428571,0.3571428571428571,0.0357142857142857,0.0668695223738826,0.0438791342726051,0.0672040261979762,0.0423601490702618
2021-11-09,67525.82,68524.25,66222.4,66947.66,44661.378068,-0.0085622050110305,4807.98,4838.28,4713.89,4732.33,311267.57998,-0.0157342584619735,239.04,2217088.06,-0.0371384838475791,635.0,879119.398,-0.0283091048201988,37,0.2404427462181932,0.8263441759186823,0.3912026112697817,0.1507598650515884,0.4580375220676934,14.0,18.0,5.0,0.8918918918918919,0.3783783783783784,0.4864864864864865,0.1351351351351351,0.0343828298106312,0.0262851491759871,0.0085622050110305,0.0157342584619735
2021-11-10,66947.67,69000.0,62822.9,64882.43,65171.504046,-0.0308484269651845,4732.33,4868.0,4461.93,4628.78,553596.99163,-0.0218813988035492,233.09,3092477.23,-0.0248912315930387,614.1,1814654.086,-0.0329133858267716,25,0.2438764615729451,0.8066723322868348,0.369383736476302,0.1255072749033569,0.5051089816540479,8.0,14.0,3.0,0.72,0.32,0.56,0.12,0.0952045106818594,0.0877272196993591,0.0308484269651845,0.0218813988035492
2021-11-11,64882.42,65600.07,64100.0,64774.26,37237.98058,-0.0016671693708142,4628.68,4779.0,4576.47,4719.0,303688.9765,0.0194910970061226,233.37,1997993.9,0.0012012527349951,628.4,1019740.949,0.0232861097541117,23,0.2378384161173649,0.8269525870032932,0.3940851511231259,0.1562467350057609,0.4496681070684091,10.0,10.0,3.0,0.782608695652174,0.4347826086956521,0.4347826086956521,0.1304347826086956,0.0231584274370715,0.0429179910998092,0.0016671693708142,0.0194910970061226
2021-11-12,64774.25,65450.7,62278.0,64122.23,44490.10816,-0.010066189872335,4719.0,4809.71,4507.85,4665.46,461580.0415,-0.0113456240728967,228.48,2114721.23,-0.0209538501092686,626.9,1012909.088,-0.0023870146403565,31,0.0020096532159274,0.7854520515088113,0.3011477154289041,0.2991380622129767,0.399714229868785,9.0,13.0,9.0,0.8064516129032258,0.2903225806451613,0.4193548387096774,0.2903225806451613,0.0494789404548157,0.0647010155483059,0.010066189872335,0.0113456240728967
2021-11-13,64122.22,65000.0,63360.22,64380.0,22504.97383,0.0040199787187686,4665.47,4707.6,4584.08,4644.28,220720.6611,-0.004539745276993,241.59,1458387.39,0.0573792016806722,649.5,900107.757,0.0360504067634392,18,0.3304281252332859,0.7980556256241269,0.4041096263875564,0.0736815011542704,0.5222088621101446,7.0,10.0,1.0,0.9444444444444444,0.3888888888888889,0.5555555555555556,0.0555555555555555,0.0254703324013668,0.0265961569931185,0.0040199787187686,0.004539745276993
2021-11-14,64380.01,65550.51,63576.27,65519.1,25705.07347,0.0176933830382106,4644.27,4696.05,4514.12,4626.5,245309.0674,-0.0038283652148448,238.64,1075144.87,-0.0122107703133408,650.8,933689.139,0.0020015396458814,16,0.5915874415659346,0.8027622848749161,0.6204576666932553,0.0288702251273206,0.3506721085868775,10.0,6.0,0.0,0.875,0.625,0.375,0.0,0.0301322820368411,0.0393234626607587,0.0176933830382106,0.0038283652148448
2021-11-15,65519.11,66401.82,63400.0,63606.74,37829.37124,-0.0291878246190805,4626.5,4772.01,4540.0,4563.78,375421.6601,-0.0135566843185994,238.2,1921128.24,-0.0018437814280924,633.8,953989.634,-0.0261216963736938,23,-0.027968307369915,0.8057325456453406,0.2718686110178089,0.2998369183877239,0.4282944740970497,6.0,10.0,7.0,1.1304347826086956,0.2608695652173913,0.4347826086956521,0.3043478260869565,0.0471934263570182,0.0508372445648125,0.0291878246190805,0.0135566843185994
2021-11-16,63606.73,63617.31,58574.07,60058.87,77455.15609,-0.0557782084099891,4563.77,4563.77,4103.0,4209.76,735857.063,-0.0775716620871294,219.04,2557623.67,-0.0804366078925272,588.7,2200954.903,-0.0711580940359734,28,-0.0197161978576332,0.8538152830941337,0.2046696985073919,0.2243858963650251,0.5709444145405931,5.0,17.0,6.0,0.8571428571428571,0.1785714285714285,0.6071428571428571,0.2142857142857142,0.0839716098554634,0.1094527954087645,0.0557782084099891,0.0775716620871294
2021-11-17,60058.87,60840.23,58373.0,60344.87,46289.38491,0.0047619943565371,4209.59,4299.91,4063.48,4287.8,472852.1842,0.0185378738930486,218.94,2094790.54,-0.0004565376186997,578.0,1453408.555,-0.0181756412434177,38,0.304162508440449,0.8014538837106604,0.432538055030531,0.1283755465900819,0.4390864009037614,15.0,18.0,5.0,1.0789473684210529,0.3947368421052631,0.4736842105263157,0.131578947368421,0.0408854969776221,0.0551401651196417,0.0047619943565371,0.0185378738930486
2021-11-18,60344.86,60976.0,56474.26,56891.62,62146.99931,-0.0572252454931131,4288.07,4344.81,3956.44,3996.9,576945.1837,-0.067843649423947,195.01,3077799.94,-0.1092993514204805,531.8,1750338.428,-0.0799307958477509,32,0.1626239042525412,0.7691160766407847,0.3453615397738758,0.1827376355213345,0.471900827193167,12.0,14.0,6.0,1.0625,0.375,0.4375,0.1875,0.0791283496585261,0.097167805048913,0.0572252454931131,0.067843649423947
2021-11-19,56891.62,58320.0,55600.0,58052.24,50715.88726,0.020400544052006,3996.9,4308.97,3973.01,4294.76,420045.0897,0.0745227551352298,215.25,2712585.78,0.1037895492538845,581.0,1300787.958,0.0925159834524258,22,0.0553174928381023,0.7673554244366559,0.3616887004199353,0.3063712075818329,0.331940082240511,9.0,6.0,7.0,0.8181818181818182,0.4090909090909091,0.2727272727272727,0.3181818181818182,0.0468543504953469,0.0782255585876742,0.020400544052006,0.0745227551352298
2021-11-20,58057.1,59845.0,57353.0,59707.51,33811.5901,0.0285134561560416,4294.75,4435.88,4199.86,4412.17,365584.578,0.0273379653345005,217.63,1560552.25,0.0110569105691056,604.3,1119517.131,0.040103270223752,15,0.1261873160178462,0.7703697721163432,0.3186645466834307,0.1924772306655843,0.488858226314187,5.0,8.0,2.0,1.0,0.3333333333333333,0.5333333333333333,0.1333333333333333,0.0417367932442669,0.0534929524474352,0.0285134561560416,0.0273379653345005
2021-11-21,59707.52,60029.76,58486.65,58622.02,31902.22785,-0.0181801250797429,4412.17,4451.0,4242.41,4258.31,340206.3203,-0.034871729783757,230.51,1888280.05,0.059183017047282,584.0,970133.807,-0.0335925864636769,22,0.3020171652632681,0.7897308482365175,0.4311372447250919,0.1291200794618237,0.4397426777603951,9.0,10.0,3.0,1.0,0.4090909090909091,0.4545454545454545,0.1363636363636363,0.0263230437982178,0.0489842214399609,0.0181801250797429,0.034871729783757
2021-11-22,58617.7,59444.0,55610.0,56247.18,51724.32047,-0.0405110571078921,4259.7,4320.0,4022.74,4085.97,518501.3338,-0.0404714546381077,215.59,2456703.81,-0.0647260422541321,559.3,1141002.755,-0.0422945205479452,29,0.2654815664964504,0.7443122123849804,0.4310769230641167,0.1655953565676664,0.4033277143306772,11.0,12.0,6.0,1.103448275862069,0.3793103448275862,0.4137931034482758,0.2068965517241379,0.0681634172593186,0.0727513907346358,0.0405110571078921,0.0404714546381077
2021-11-23,56243.83,58009.99,55317.0,57541.27,49917.85017,0.0230071978719643,4086.28,4385.59,4059.62,4339.44,502811.7902,0.0620342293262063,221.75,1654017.24,0.0285727538383042,591.1,1202541.917,0.0568567852672985,23,-0.0144834050341792,0.8012384046678958,0.2435417716269907,0.25802517666117,0.4984330581906049,4.0,12.0,7.0,1.0869565217391304,0.1739130434782608,0.5217391304347826,0.3043478260869565,0.0468010177738516,0.0751179875744336,0.0230071978719643,0.0620342293262063
2021-11-24,57541.26,57735.0,55837.0,57138.29,39612.04964,-0.0070033212683695,4339.45,4373.94,4167.65,4269.36,448727.0306,-0.0161495492505945,205.7,1878172.55,-0.0723788049605411,590.3,1079667.803,-0.0013534088986636,28,0.1066190917710108,0.7968299825276647,0.3124675145705363,0.2058484227995254,0.4816840670204588,7.0,16.0,5.0,0.8571428571428571,0.25,0.5714285714285714,0.1785714285714285,0.0332176549210695,0.0483187175595405,0.0070033212683695,0.0161495492505945
2021-11-25,57138.29,59398.9,57000.0,58960.36,42153.51522,0.0318887737102386,4270.1,4550.0,4248.27,4524.85,445868.2434,0.0598426930500124,209.97,1764837.19,0.0207583859990276,639.1,1536194.042,0.0826698289005591,26,0.0057904446640839,0.7902083580310528,0.2677936861291527,0.2620032414650687,0.4702030751997462,8.0,11.0,7.0,0.8076923076923077,0.3076923076923077,0.4230769230769231,0.2692307692307692,0.0406866579512065,0.0666828734654186,0.0318887737102386,0.0598426930500124
2021-11-26,58960.37,59150.0,53500.0,53726.53,65927.87066,-0.0887686235294357,4524.48,4551.0,3913.0,4041.2,720245.1612,-0.1068875211332973,192.42,2776105.44,-0.0835833690527219,587.3,2413553.439,-0.0810514786418401,31,-0.1021117191431262,0.8426259140814504,0.2581174771842215,0.3602291963273478,0.3816533385505599,9.0,11.0,11.0,0.935483870967742,0.2903225806451613,0.3548387096774194,0.3548387096774194,0.1051621982659218,0.1578738988419281,0.0887686235294357,0.1068875211332973
2021-11-27,53723.72,55280.0,53610.0,54721.03,29716.99957,0.0185104081726477,4041.2,4183.66,4028.34,4095.29,275326.5202,0.0133846382262694,192.74,1028955.27,0.001663028791186,599.9,1183849.36,0.0214541120381406,16,-0.1203073034994304,0.8268462754786015,0.1882779244333505,0.3085852279327809,0.5031368592754006,2.0,9.0,5.0,0.5625,0.125,0.5625,0.3125,0.030518431396485,0.0379264960478988,0.0185104081726477,0.0133846382262694
2021-11-28,54716.47,57445.05,53256.64,57274.88,36163.7137,0.0466703568993491,4095.29,4298.51,3964.0,4294.78,346471.3551,0.0487120570216028,200.69,1560980.85,0.0412472761232747,611.3,1281130.351,0.0190031671945323,20,-0.1088179860729724,0.8326844319701194,0.2566401175688952,0.3654581036418676,0.3779017945751547,5.0,8.0,7.0,0.6,0.25,0.4,0.35,0.0731282195615251,0.0778875751493674,0.0466703568993491,0.0487120570216028
2021-11-29,57274.89,58865.97,56666.67,57776.25,40125.28009,0.0087537503352255,4294.77,4458.92,4276.89,4444.53,406881.2284,0.0348679094156161,204.09,1458763.57,0.0169415516468185,623.4,1090520.864,0.0197938818910519,28,0.1231887298303523,0.8266920128038951,0.3166007715876081,0.1934120417572557,0.4899871916111026,7.0,16.0,5.0,0.8571428571428571,0.25,0.5714285714285714,0.1785714285714285,0.0380658142402804,0.0409559615977391,0.0087537503352255,0.0348679094156161
2021-11-30,57776.25,59176.99,55875.55,56950.56,49161.05194,-0.0142911663529564,4444.54,4753.0,4346.36,4630.26,743024.4662,0.0417884455724228,208.53,2176734.39,0.0217551080405702,622.5,1380656.205,-0.0014436958614051,45,0.3276963323768642,0.7690507239765592,0.4578211151270402,0.130124782750176,0.4120540971557299,21.0,19.0,5.0,0.4,0.4666666666666667,0.4222222222222222,0.1111111111111111,0.057970281591612,0.0878222821180668,0.0142911663529564,0.0417884455724228
2021-12-01,56950.56,59053.55,56458.01,57184.07,44956.63656,0.0041002230706774,4630.25,4778.75,4523.99,4582.95,508198.3105,-0.0102175687758355,229.81,2589478.23,0.1020476670023498,627.5,1384101.087,0.0080321285140563,39,0.2122901821246323,0.7865504981615604,0.3629412110894918,0.1506510289648595,0.4864077522204472,14.0,20.0,5.0,0.7435897435897436,0.358974358974359,0.5128205128205128,0.1282051282051282,0.0453892141640145,0.0555886492324813,0.0041002230706774,0.0102175687758355
2021-12-02,57184.07,57375.47,55777.77,56480.34,37574.05976,-0.0123063993171524,4582.95,4634.83,4433.0,4511.21,451861.9545,-0.0156536728526385,233.6,3042712.67,0.0164918846003219,619.9,1104596.881,-0.0121115537848606,43,0.1661711432213007,0.8097329805063647,0.3706726230637625,0.2045014798424617,0.4248258932385333,16.0,18.0,9.0,0.6511627906976745,0.3720930232558139,0.4186046511627907,0.2093023255813953,0.028287719231152,0.0447396596478549,0.0123063993171524,0.0156536728526385
2021-12-03,56484.26,57600.0,51680.0,53601.05,58927.69027,-0.0509786237122509,4511.35,4654.88,4032.5,4215.73,677974.8659,-0.0654990567940753,211.65,2867134.41,-0.0939640410958904,595.0,1250950.167,-0.0401677689949991,37,-0.0137447773579608,0.8045468193453711,0.2933123737221231,0.307057151080084,0.399630465167197,10.0,16.0,11.0,0.8918918918918919,0.2702702702702703,0.4324324324324324,0.2972972972972973,0.1104455976142258,0.1476327943203194,0.0509786237122509,0.0654990567940753
2021-12-04,53601.05,53859.1,42000.3,49152.47,114203.373748,-0.0829942697018062,4215.01,4238.59,3503.68,4117.25,1111773.1451,-0.0233601297995837,200.67,4895759.09,-0.0518781006378455,568.6,2611783.647,-0.0443697478991595,33,-0.1508595921720067,0.8134096869916627,0.2016668222618825,0.3525264144338893,0.445806770952362,5.0,15.0,13.0,0.7878787878787878,0.1515151515151515,0.4545454545454545,0.3939393939393939,0.2412655966221025,0.1784953549092234,0.0829942697018062,0.0233601297995837
2021-12-05,49152.46,49699.05,47727.21,49396.33,45580.82012,0.0049612969602546,4117.25,4248.19,4031.39,4196.44,536325.4413,0.0192337118222112,196.43,2482292.26,-0.021129217122639,557.8,1258393.72,-0.0189940204009849,29,0.0163283281766905,0.7856158100325485,0.3926170664871561,0.3762887383104655,0.2310941847490853,14.0,4.0,11.0,0.6896551724137931,0.4827586206896552,0.1379310344827586,0.3793103448275862,0.0399187550977978,0.0516628380246112,0.0049612969602546,0.0192337118222112
2021-12-06,49396.32,50891.11,47100.0,50441.92,58571.21575,0.0211673620287173,4196.44,4376.15,3921.0,4347.59,726742.9638,0.0360186253109779,193.56,2815245.83,-0.0146108028305248,587.5,2005928.932,0.0532448906418072,32,-0.0020482873369473,0.8304225541651249,0.3582112526346463,0.3602595399715937,0.2815292013110593,13.0,7.0,12.0,0.75,0.40625,0.21875,0.375,0.0751579242027266,0.1046901846770278,0.0211673620287173,0.0360186253109779
2021-12-07,50441.91,51936.33,50039.74,50588.95,38253.46877,0.0029148375002379,4347.57,4425.0,4255.92,4306.4,420749.751,-0.0094742144498447,190.19,1939707.91,-0.0174106220293449,578.7,1017363.943,-0.0149787234042552,33,0.2031912832436236,0.8057333772832697,0.3805183752750356,0.177327092031412,0.4421545431920976,11.0,17.0,5.0,0.8787878787878788,0.3333333333333333,0.5151515151515151,0.1515151515151515,0.0374902029000405,0.0392624930336243,0.0029148375002379,0.0094742144498447
2021-12-08,50588.95,51200.0,48600.0,50471.19,38425.92466,-0.0023277810668138,4306.4,4450.49,4222.95,4436.91,429403.9351,0.0303060561025449,194.61,1670677.66,0.0232399179767601,607.2,1113215.449,0.0492483151892171,34,0.1408100466326098,0.8081343717434827,0.3185201927142985,0.1777101460816886,0.5037696585880921,9.0,19.0,6.0,1.0294117647058822,0.2647058823529412,0.5588235294117647,0.1764705882352941,0.0515145373033605,0.051283438248691,0.0023277810668138,0.0303060561025449
2021-12-09,50471.19,50797.76,47320.0,47545.59,37692.68665,-0.0579657424364277,4436.91,4488.0,4076.16,4105.64,462173.711,-0.074662321300184,181.11,1664934.25,-0.0693695082472637,570.2,1096635.012,-0.060935441370224,48,0.1247782036468076,0.8047924426694711,0.3018310552676363,0.1770528516208287,0.5211161026963964,13.0,27.0,8.0,1.0208333333333333,0.2708333333333333,0.5625,0.1666666666666666,0.0731457954354968,0.1003107919837102,0.0579657424364277,0.074662321300184
2021-12-10,47535.9,50125.0,46852.0,47140.54,44233.57391,-0.0085191917904478,4105.64,4231.08,3887.37,3897.94,563236.5671,-0.0505889459377831,167.39,1862906.9,-0.0757550659819999,552.4,1083121.564,-0.0312171168011224,35,-0.0507570958962397,0.818582342352186,0.2231884360845599,0.2739455319807997,0.5028660325599569,8.0,18.0,9.0,0.8571428571428571,0.2285714285714285,0.5142857142857142,0.2571428571428571,0.0694306853506557,0.0881773449565668,0.0085191917904478,0.0505889459377831
2021-12-11,47140.54,49485.71,46751.0,49389.99,28889.19358,0.0477179514702206,3898.31,4097.08,3828.22,4089.37,427853.4343,0.0491105558320548,172.15,1541656.11,0.0284365852201446,564.5,950448.474,0.0219044170890658,19,-0.0286777644957366,0.799317080723612,0.2495836076865855,0.2782613721823221,0.4721550243465524,5.0,9.0,5.0,0.8421052631578947,0.2631578947368421,0.4736842105263157,0.2631578947368421,0.055369721678421,0.0657460684653137,0.0477179514702206,0.0491105558320548
2021-12-12,49389.99,50777.0,48638.0,50053.9,26017.93421,0.0134421974979141,4089.68,4173.63,3986.25,4130.0,260535.5157,0.0099355157395881,172.8,976615.96,0.0037757769387163,570.3,544940.336,0.0102745792736933,27,-0.0488845153401295,0.7959885266092088,0.2848974850063246,0.3337820003464542,0.3813205182690311,7.0,10.0,10.0,0.8518518518518519,0.2592592592592592,0.3703703703703703,0.3703703703703703,0.0427339328204195,0.0453704600484261,0.0134421974979141,0.0099355157395881
2021-12-13,50053.9,50189.97,45672.75,46702.75,50869.52093,-0.0669508270084848,4130.0,4142.75,3671.45,3781.93,533467.2307,-0.0842784503631961,155.21,2470231.82,-0.1017939814814814,521.0,1037150.705,-0.0864457303173767,39,0.0260616975645415,0.8073410697472401,0.305606327807674,0.2795446302431325,0.414849041459652,11.0,18.0,10.0,0.7692307692307693,0.282051282051282,0.4615384615384615,0.2564102564102564,0.0967227839902361,0.1246189115081453,0.0669508270084848,0.0842784503631961
2021-12-14,46702.76,48700.41,46290.0,48343.28,39955.98445,0.0351270535460974,3781.92,3882.74,3685.0,3858.99,395145.7462,0.0203758398489659,161.26,2151408.98,0.0389794472005669,528.1,1263782.101,0.0136276391554703,56,0.064253809670585,0.8159846051463059,0.296238717822624,0.231984908152039,0.4717763677638556,15.0,28.0,13.0,0.5892857142857143,0.2678571428571428,0.5,0.2321428571428571,0.0498602908201512,0.0512413869950426,0.0351270535460974,0.0203758398489659
2021-12-15,48336.95,49500.0,46547.0,48864.98,51629.181,0.0107915722722993,3858.99,4092.22,3643.73,4019.08,542068.0573,0.0414849481340973,178.52,3328550.89,0.1070321220389434,541.1,1147515.305,0.024616549895853,42,0.1981765504904269,0.8322639153117225,0.3855523646454371,0.1873758141550102,0.4270718332291359,18.0,17.0,7.0,0.8333333333333334,0.4285714285714285,0.4047619047619047,0.1666666666666666,0.0604318266373996,0.1115902146759954,0.0107915722722993,0.0414849481340973
2021-12-16,48864.98,49436.43,47511.0,47632.38,31949.86739,-0.0252246087075039,4019.54,4113.43,3942.11,3958.11,368780.031,-0.0151701384396428,176.86,2482901.38,-0.0092986780192695,526.2,735504.682,-0.0275364997227868,40,0.2835306320921518,0.819029575586319,0.4221854958217591,0.1386548637296072,0.4391596278175712,16.0,19.0,5.0,0.975,0.4,0.475,0.125,0.0404227124489685,0.0432832841937187,0.0252246087075039,0.0151701384396428
2021-12-17,47632.38,47995.96,45456.0,46131.2,43104.4887,-0.0315159561625936,3959.11,3994.1,3700.0,3875.42,463370.9225,-0.0208912839713903,175.51,2308612.94,-0.0076331561687211,525.5,921732.763,-0.0013302926643862,42,0.0641086719420162,0.8136394584462756,0.3085354776454291,0.2444268057034128,0.4470377123604218,12.0,19.0,11.0,0.5714285714285714,0.2857142857142857,0.4523809523809524,0.2619047619047619,0.0550594825194228,0.0758885488540596,0.0315159561625936,0.0208912839713903
2021-12-18,46133.83,47392.37,45500.0,46834.48,25020.05271,0.0152452136514984,3875.43,3996.93,3767.01,3959.93,339593.2543,0.0218066686965541,182.78,1218448.99,0.0414221411885362,533.9,580436.098,0.0159847764034253,23,0.1231686720300627,0.8164747642434161,0.2450464311177315,0.1218777590876687,0.6330758187433948,5.0,16.0,2.0,0.8695652173913043,0.217391304347826,0.6956521739130435,0.0869565217391304,0.0404054875809446,0.0580616324025928,0.0152452136514984,0.0218066686965541
2021-12-19,46834.47,48300.01,46406.91,46681.23,29305.70665,-0.0032721618773177,3959.93,4032.43,3884.0,3924.14,306006.323,-0.0090380385511864,179.93,1217882.6,-0.0155925155925155,529.8,540256.684,-0.0076793407005057,23,0.3553925109622271,0.8561945246613544,0.43169832278205,0.0763058118198228,0.4919958735775688,10.0,12.0,1.0,0.782608695652174,0.4347826086956521,0.5217391304347826,0.0434782608695652,0.0405537728975864,0.0378248482470044,0.0032721618773177,0.0090380385511864
2021-12-20,46681.24,47537.57,45558.85,46914.16,35848.50609,0.0049897999688526,3924.14,3983.37,3753.0,3944.73,366916.4771,0.0052470095358474,173.9,1448185.8,-0.0335130328461068,524.0,727454.212,-0.0109475273688183,35,-0.0557007630355656,0.827194014617375,0.2524172113143971,0.3081179743499627,0.4394648175686597,9.0,15.0,11.0,0.4857142857142857,0.2571428571428571,0.4285714285714285,0.3142857142857143,0.0421774577227856,0.058399434181807,0.0049897999688526,0.0052470095358474
2021-12-21,46914.17,49328.96,46630.0,48889.88,37713.92924,0.0421135111446095,3944.72,4063.0,3913.21,4014.15,340826.3553,0.0175981626118897,179.63,1302766.6,0.0329499712478436,528.3,686439.708,0.0082061068702288,43,0.1315999505933114,0.8169050299844076,0.332311122245047,0.2007111716517355,0.4669777045762816,15.0,19.0,9.0,0.7906976744186046,0.3488372093023256,0.4418604651162791,0.2093023255813953,0.0552048808465064,0.037315496431374,0.0421135111446095,0.0175981626118897
2021-12-22,48887.59,49576.13,48421.87,48588.16,27004.2022,-0.0061714203430238,4014.41,4074.87,3933.4,3979.51,303191.8076,-0.008629473238419,178.4,1379639.45,-0.0068474085620441,533.6,721787.109,0.0100321786863526,46,0.1678972908842337,0.7954306783883468,0.3166440128065321,0.1487467219222984,0.5346092676095988,12.0,27.0,7.0,0.5217391304347826,0.2608695652173913,0.5869565217391305,0.1521739130434782,0.0237559932296262,0.0355496028405506,0.0061714203430238,0.008629473238419
2021-12-23,48588.17,51375.0,47920.42,50838.81,35192.54046,0.0463209555578971,3979.51,4150.0,3893.23,4111.41,380207.8166,0.0331447841568433,190.03,1726907.3,0.0651905829596413,549.0,844421.954,0.0288605697151422,38,0.2208618394858939,0.8112260416934365,0.3702347150660659,0.1493728755801719,0.4803924058613024,14.0,19.0,5.0,0.4210526315789473,0.3684210526315789,0.5,0.131578947368421,0.0679516298670248,0.062453027063708,0.0463209555578971,0.0331447841568433
2021-12-24,50838.82,51810.0,50384.43,50820.0,31684.84269,-0.0003699929246966,4111.41,4134.84,4017.17,4046.36,230833.1661,-0.0158218226837021,190.36,1657463.56,0.00173656791033,542.1,665688.415,-0.0125683060109289,36,0.398287313666919,0.8258602304591073,0.4634750667804231,0.065187753113504,0.4713371850343214,17.0,18.0,1.0,0.5555555555555556,0.4722222222222222,0.5,0.0277777777777777,0.0280513577331759,0.0290804574976028,0.0003699929246966,0.0158218226837021
2021-12-25,50819.99,51156.23,50142.32,50399.66,19135.51613,-0.0082711530893347,4046.35,4137.91,4018.62,4094.83,208126.8805,0.0119786672466117,193.1,1047151.86,0.0143937802059255,547.4,455399.793,0.0097767939494557,27,0.2505688799752129,0.8219753305117289,0.3815975823543138,0.1310287023791008,0.4873737074020836,11.0,12.0,4.0,0.8518518518518519,0.4074074074074074,0.4444444444444444,0.1481481481481481,0.0201173976173649,0.0291318565117477,0.0082711530893347,0.0119786672466117
2021-12-26,50399.67,51280.0,49412.0,50775.49,22569.88914,0.0074569947495677,4094.36,4105.0,4000.0,4063.56,189309.255,-0.0076364586564032,197.81,1539530.03,0.0243915069911964,546.4,536338.775,-0.0018268176835951,29,0.252865273152189,0.8222465247943483,0.3542977789866513,0.1014325058344622,0.5442697119995438,10.0,17.0,2.0,0.6206896551724138,0.3448275862068966,0.5862068965517241,0.0689655172413793,0.0367894037063945,0.0258394117473348,0.0074569947495677,0.0076364586564032
2021-12-27,50775.48,52088.0,50449.0,50701.44,28792.21566,-0.0014583808053845,4063.57,4127.46,4031.0,4037.23,222225.3761,-0.0064795401076888,195.67,1218499.7,-0.0108184621606592,563.7,803473.155,0.031661786237189,36,0.2643338882157372,0.8298210054636002,0.4224508348852395,0.1581169466695023,0.4194322169447938,14.0,16.0,6.0,0.6388888888888888,0.3888888888888889,0.4444444444444444,0.1666666666666666,0.0323264980245137,0.0238926194445201,0.0014583808053845,0.0064795401076888
2021-12-28,50701.44,50704.05,47313.01,47543.74,45853.33924,-0.062280282374623,4037.22,4037.23,3759.36,3792.75,358064.7163,-0.0605563715715973,177.32,1997243.2,-0.0937803444575049,534.2,1002556.271,-0.0523328011353556,31,-0.1881429200180836,0.8604937291914417,0.2158871257016735,0.4040300457197572,0.380082826851116,6.0,13.0,12.0,0.5161290322580645,0.1935483870967742,0.4193548387096774,0.3870967741935484,0.0713246370605257,0.0732634631863423,0.062280282374623,0.0605563715715973
2021-12-29,47543.74,48139.08,46096.99,46464.66,39498.87,-0.0226965737234806,3792.75,3827.78,3604.2,3630.19,302753.6375,-0.0428607211126491,170.63,1540603.75,-0.0377284006316264,514.5,740117.867,-0.0368775739423438,45,-0.0051157558750775,0.8147074196073744,0.2364687118472324,0.2415844677223099,0.5219468243420124,6.0,28.0,11.0,0.6444444444444445,0.1333333333333333,0.6222222222222222,0.2444444444444444,0.0439493154582429,0.0615890628314221,0.0226965737234806,0.0428607211126491
2021-12-30,46464.66,47900.0,45900.0,47120.87,30352.29569,0.0141227763207565,3630.18,3769.1,3585.0,3709.27,249263.7305,0.0217839837584259,172.52,1022709.31,0.0110765984879563,518.5,639166.717,0.0077745383867833,36,0.1907256741413018,0.8024653568863869,0.3588546178200179,0.1681289436787159,0.4730164401957558,14.0,16.0,6.0,0.5,0.3888888888888889,0.4444444444444444,0.1666666666666666,0.0424440380663599,0.0496324074548361,0.0141227763207565,0.0217839837584259
2021-12-31,47120.88,48548.26,45678.0,46216.93,34937.99796,-0.0191834318848527,3709.27,3815.0,3622.29,3676.23,268014.2942,-0.0089074130489287,169.99,1026603.34,-0.0146649663807094,511.4,677844.749,-0.0136933461909354,30,0.2100015872468551,0.8146623651186625,0.347621003848811,0.1376194166019558,0.5147595746442676,10.0,16.0,4.0,0.8,0.3333333333333333,0.5333333333333333,0.1333333333333333,0.0621040817726318,0.0524205504008182,0.0191834318848527,0.0089074130489287
2022-01-01,46216.93,47954.63,46208.37,47722.65,19604.46325,0.0325794032619648,3676.22,3776.45,3673.46,3765.54,154143.8968,0.0242939097934569,179.06,634599.39,0.0533560797693981,527.3,446171.541,0.031091122409073,25,0.0853635375574231,0.7849707317352295,0.267658400721848,0.1822948631644248,0.5500467362254858,7.0,14.0,4.0,0.72,0.28,0.56,0.16,0.0365918489438452,0.0273506588696441,0.0325794032619648,0.0242939097934569
2022-01-02,47722.66,47990.0,46654.0,47286.18,18340.4604,-0.0091459715669603,3765.54,3857.44,3717.3,3828.27,154791.4263,0.0166589652480122,176.35,620087.38,-0.0151345917569529,531.0,404475.541,0.0070168784373223,22,0.1340032511348413,0.8259750956838782,0.2875898301770741,0.1535865790422328,0.558823593384163,6.0,13.0,3.0,0.3636363636363636,0.2727272727272727,0.5909090909090909,0.1363636363636363,0.0282534981679636,0.036606613431132,0.0091459715669603,0.0166589652480122
2022-01-03,47286.18,47570.0,45696.0,46446.1,27662.0771,-0.0177658673210651,3828.11,3853.09,3680.0,3765.89,236245.8586,-0.0162945664751964,170.15,1031316.43,-0.0351573575276438,511.9,663841.021,-0.035969868173258,32,0.2032139612565515,0.7961134277284145,0.362102867453359,0.1588889061968074,0.4790082382387481,11.0,16.0,5.0,0.46875,0.34375,0.5,0.15625,0.040347844060104,0.0459625745839629,0.0177658673210651,0.0162945664751964
2022-01-04,46446.1,47557.54,45500.0,45832.01,35491.4136,-0.0132215621979024,3765.89,3900.73,3713.11,3785.11,288258.5549,0.0051037072245871,167.72,1041332.63,-0.0142815163091389,506.9,687436.638,-0.0097675327212346,48,0.1219540644087828,0.795965097223719,0.32263173739193,0.2006776729831471,0.4766905875876546,15.0,25.0,8.0,0.5625,0.3125,0.5208333333333334,0.1666666666666666,0.0448930780037794,0.0495679121610732,0.0132215621979024,0.0051037072245871
2022-01-05,45832.01,47070.0,42500.0,43451.13,51784.11857,-0.0519479726069183,3785.1,3848.0,3415.0,3540.63,397942.0363,-0.064589932657175,154.52,1659848.17,-0.078702599570713,474.1,985152.004,-0.0647070428092324,46,0.0853048332602433,0.7854023329589678,0.3353536723019635,0.2500488390417202,0.4145974873200707,14.0,21.0,11.0,0.8478260869565217,0.3043478260869565,0.4565217391304347,0.2391304347826087,0.1051756306452789,0.1222946198840319,0.0519479726069183,0.064589932657175
2022-01-06,43451.14,43816.0,42430.58,43082.31,38880.37305,-0.008488156694659,3539.82,3550.43,3300.0,3406.81,496745.7413,-0.0377955335632359,150.26,1575071.3,-0.0275692466994564,472.6,986669.9,-0.0031638894747944,27,0.0146994083188474,0.8178259068065219,0.2333092101056266,0.2186098017867792,0.5480809701537644,6.0,15.0,6.0,0.5185185185185185,0.2222222222222222,0.5555555555555556,0.2222222222222222,0.0321575143022739,0.073508648853326,0.008488156694659,0.0377955335632359
2022-01-07,43082.3,43145.83,40610.0,41566.48,54836.50818,-0.0351845107655554,3406.81,3416.76,3064.42,3199.24,669631.7262,-0.0609279648703626,136.45,2719397.3,-0.0919073605750033,448.1,1331260.03,-0.0518408802369868,38,0.0073158801778366,0.8208650162345484,0.3230976194731498,0.3157817392953131,0.3611206293204113,13.0,13.0,12.0,0.8421052631578947,0.3421052631578947,0.3421052631578947,0.3157894736842105,0.061006609171621,0.1101324064465311,0.0351845107655554,0.0609279648703626
2022-01-08,41566.48,42300.0,40501.0,41679.74,32952.73111,0.0027247917071639,3198.68,3250.0,3000.0,3080.95,400692.1061,-0.036974406421525,142.14,2695415.51,0.0417002565042139,429.9,1062788.589,-0.0406159339433163,24,-0.183930970786605,0.8006370986501375,0.2297547266546946,0.4136856974412997,0.3565595853918542,4.0,10.0,10.0,0.5416666666666666,0.1666666666666666,0.4166666666666667,0.4166666666666667,0.0431624573473826,0.0811438030477612,0.0027247917071639,0.036974406421525
2022-01-09,41679.74,42786.7,41200.02,41864.62,22724.39426,0.0044357282459057,3080.98,3211.72,3057.35,3151.97,275874.1643,0.0230513315698079,140.82,1435153.15,-0.009286618826509,438.7,688777.347,0.0204698767155153,15,-0.2220316576150556,0.7933845440546672,0.2004670729239781,0.4224987305390338,0.3770342073092858,3.0,5.0,7.0,1.1333333333333333,0.2,0.3333333333333333,0.4666666666666667,0.0379002604108194,0.048975719946573,0.0044357282459057,0.0230513315698079
2022-01-10,41864.62,42248.5,39650.0,41822.49,50729.17019,-0.001006339004152,3151.97,3185.0,2928.83,3082.68,529818.3866,-0.0219830772501007,135.86,1894512.51,-0.0352222695639822,424.7,1221504.738,-0.0319124686573968,34,0.0722845525973859,0.8434271409231073,0.2979319631122052,0.2256474105148192,0.476420627824743,10.0,16.0,8.0,1.0588235294117647,0.2941176470588235,0.4705882352941176,0.2352941176470588,0.0621316425683884,0.0830997703297131,0.001006339004152,0.0219830772501007
2022-01-11,41822.49,43100.0,41268.93,42729.29,37296.43729,0.0216821140969847,3082.87,3263.54,3051.8,3239.72,362446.7087,0.050942686234056,140.2,1328579.57,0.0319446489032826,463.6,1266092.819,0.0915940663998118,33,-0.0507493876202991,0.7987009214632439,0.1937393455229925,0.2444887331432916,0.56177192288592,4.0,20.0,9.0,1.2424242424242424,0.1212121212121212,0.6060606060606061,0.2727272727272727,0.0428528065877059,0.0653575000308668,0.0216821140969847,0.050942686234056
2022-01-12,42729.29,44322.0,42450.0,43902.66,33943.2928,0.0274605545750936,3239.73,3411.43,3206.2,3371.26,370465.8015,0.040602274270616,151.51,1946788.76,0.0806704707560628,487.8,836124.928,0.0522001725625538,40,0.2249276548041962,0.8129160828888417,0.3707629641052335,0.1458353093010373,0.4834017312154174,13.0,23.0,4.0,0.55,0.325,0.575,0.1,0.0426397853797469,0.0608763489021908,0.0274605545750936,0.040602274270616
2022-01-13,43902.65,44500.0,42311.22,42560.11,34910.87762,-0.030580151635459,3371.6,3410.0,3233.43,3240.61,336234.8799,-0.0387540563468851,146.14,1984121.59,-0.0354432050689723,475.2,908052.937,-0.0258302583025831,49,0.3097384656513376,0.8012926511618556,0.4154669101711135,0.1057284445197758,0.4788046502033058,18.0,27.0,4.0,0.6122448979591837,0.3673469387755102,0.5510204081632653,0.0816326530612244,0.0514279685837277,0.0544866552902077,0.030580151635459,0.0387540563468851
2022-01-14,42558.35,43448.78,41725.95,43059.96,32640.88292,0.0117445655098165,3240.61,3342.79,3188.0,3307.42,285326.3505,0.0206164888709223,146.17,1428145.3,0.0002052826057206,490.0,797022.181,0.0311447811447811,51,0.2331551694512075,0.8105891522239236,0.3236656058031846,0.0905104363519771,0.5858239573883075,16.0,32.0,3.0,0.5490196078431373,0.3137254901960784,0.6274509803921569,0.0588235294117647,0.0400100232327201,0.0468008296496967,0.0117445655098165,0.0206164888709223
2022-01-15,43059.96,43800.0,42555.0,43084.29,21936.05616,0.0005650260706233,3307.42,3371.64,3261.0,3326.04,203100.3778,0.0056297657993238,147.64,865014.75,0.0100567831976465,494.5,548626.203,0.0091836734693877,15,0.0068730555474758,0.8382302721341451,0.2739209271346529,0.2670478715871771,0.4590311903506517,5.0,6.0,4.0,0.7333333333333333,0.3333333333333333,0.4,0.2666666666666666,0.0288968438379743,0.0332647833459609,0.0005650260706233,0.0056297657993238
2022-01-16,43084.29,43475.0,42581.79,43071.66,20602.35271,-0.00029314629532,3326.51,3393.6,3269.62,3346.88,210782.2277,0.0062657093721061,147.98,964270.14,0.0023028989433757,498.6,507042.332,0.0082912032355915,26,0.2633651066929675,0.7900631806025138,0.3742944420530246,0.110929335360057,0.514776221404855,10.0,13.0,3.0,0.3846153846153846,0.3846153846153846,0.5,0.1153846153846153,0.0207377658534637,0.0370434553972655,0.00029314629532,0.0062657093721061
2022-01-17,43071.66,43176.18,41540.42,42201.62,27562.08613,-0.0201998251286344,3346.89,3357.57,3141.1,3209.67,284063.6548,-0.0409963906683239,139.8,1297654.14,-0.0552777402351667,475.2,757806.035,-0.0469314079422383,46,0.3173321815227847,0.8211076441018478,0.4592666007254434,0.1419344192026587,0.3987989613948309,21.0,20.0,5.0,0.6739130434782609,0.4565217391304347,0.4347826086956521,0.108695652173913,0.0387605973419978,0.0674430704714192,0.0201998251286344,0.0409963906683239
2022-01-18,42201.63,42691.0,41250.0,42352.12,29324.08257,0.0035662138088536,3209.68,3243.87,3082.0,3159.85,299134.2728,-0.0155218449248677,141.22,1254337.17,0.0101573676680972,471.4,707501.577,-0.007996632996633,39,0.1272795059574911,0.8225557819390908,0.4013509228586768,0.2740714169011857,0.3245776597744761,17.0,11.0,11.0,0.6153846153846154,0.4358974358974359,0.282051282051282,0.282051282051282,0.0340242708039172,0.051227115211165,0.0035662138088536,0.0155218449248677
2022-01-19,42352.12,42559.13,41138.56,41660.01,31685.72159,-0.016341802960513,3159.85,3174.87,3000.0,3084.02,332996.5703,-0.0239979745874012,135.25,1175171.39,-0.0422744653731765,461.9,585750.3,-0.0201527365294866,39,0.1775484872169983,0.7904420777773246,0.3543991587148644,0.1768506714978661,0.4687501598531619,13.0,19.0,7.0,0.8461538461538461,0.3333333333333333,0.4871794871794871,0.1794871794871795,0.0340991276766376,0.0567019669133144,0.016341802960513,0.0239979745874012
2022-01-20,41660.0,43505.0,40553.31,40680.91,42330.33953,-0.0235021547042355,3084.02,3273.37,2987.15,3001.48,357596.7062,-0.0267637693659573,127.54,1464593.98,-0.0570055452865064,440.2,1137854.894,-0.046979865771812,37,0.192134457703277,0.7921436050453702,0.3726816856478517,0.1805472279445746,0.4467710843561469,14.0,17.0,6.0,0.6486486486486487,0.3783783783783784,0.4594594594594595,0.1621621621621621,0.0725571281468384,0.0953596225861907,0.0235021547042355,0.0267637693659573
2022-01-21,40680.92,41100.0,35440.45,36445.31,88860.891999,-0.1041176315869041,3001.48,3034.12,2403.0,2568.15,1022021.70024,-0.1443721097591854,112.27,4523020.69,-0.1197271444252784,383.9,1891179.594,-0.127896410722399,50,-0.1619170934520661,0.8547773706912994,0.2431038000807165,0.4050208935327828,0.3518753010779619,11.0,19.0,20.0,0.84,0.22,0.38,0.4,0.1552888423777985,0.2457488853844206,0.1041176315869041,0.1443721097591854
2022-01-22,36445.31,36835.22,34008.0,35071.42,90471.338961,-0.0376973059084968,2567.47,2626.0,2300.0,2412.18,1081357.54893,-0.0607324338531628,94.54,6455608.98,-0.1579228645230247,358.3,2635609.386,-0.066684032300078,23,-0.1824973575244455,0.854004802911178,0.1176679626147707,0.3001653201392163,0.5821667088438636,1.0,16.0,6.0,0.6956521739130435,0.0434782608695652,0.6956521739130435,0.2608695652173913,0.0806132172578128,0.1351474599739654,0.0376973059084968,0.0607324338531628
2022-01-23,35071.42,36499.0,34601.01,36244.55,44279.52354,0.0334497434093059,2412.18,2556.78,2370.8,2539.01,580497.7613,0.0525789949340431,99.78,3561751.04,0.0554262745927649,383.9,1297043.923,0.0714485068378452,22,-0.0765430614013563,0.8606027283451774,0.2784491707147522,0.3549922321161085,0.3665586128322914,7.0,8.0,7.0,0.5909090909090909,0.3181818181818182,0.3636363636363636,0.3181818181818182,0.0523662178175752,0.0732490222567063,0.0334497434093059,0.0525789949340431
2022-01-24,36244.55,37550.0,32917.17,36660.35,91904.753211,0.0114720695939112,2539.0,2539.75,2159.0,2439.29,1123134.70389,-0.0392751505508053,91.93,6990036.71,-0.0786730807777109,371.3,1900214.42,-0.0328210471476946,50,-0.3024288692697883,0.862478164434433,0.1708058050274848,0.4732346742972732,0.3559595247358084,7.0,19.0,24.0,0.68,0.14,0.38,0.48,0.126371679484784,0.15609050174436,0.0114720695939112,0.0392751505508053
2022-01-25,36660.35,37545.14,35701.0,36958.32,49232.40183,0.0081278547531598,2439.56,2506.55,2348.96,2458.83,510152.954,0.0080105276535384,94.67,3482711.32,0.0298052866311322,385.1,1006111.155,0.0371667115539995,50,-0.0053915210813283,0.7895587182044983,0.2689470646902918,0.2743385857716202,0.4567143511772156,12.0,23.0,15.0,0.68,0.24,0.46,0.3,0.0498978308537833,0.0640914581325265,0.0081278547531598,0.0080105276535384
2022-01-26,36958.32,38919.98,36234.63,36809.34,69830.16036,-0.0040310273843616,2459.04,2722.0,2402.03,2462.99,806441.62289,0.0016918615764407,92.12,4501340.69,-0.0269356712791802,375.1,1073520.172,-0.0259672812256557,41,0.1054854636739303,0.8180223427167753,0.2969524652083835,0.1914670015344532,0.5115805308266383,11.0,23.0,7.0,0.8780487804878049,0.2682926829268293,0.5609756097560976,0.1707317073170731,0.0729529516149978,0.1299112054860149,0.0040310273843616,0.0016918615764407
2022-01-27,36807.24,37234.47,35507.01,37160.1,53020.87934,0.0095291032113045,2463.0,2521.0,2316.43,2424.25,599481.7159,-0.0157288498938281,89.51,3530017.76,-0.0283326096396004,389.9,962060.888,0.0394561450279924,42,0.0338635283544482,0.8155869600318727,0.2712498879880599,0.2373863596336117,0.4913637616804668,11.0,21.0,10.0,0.9285714285714286,0.2619047619047619,0.5,0.238095238095238,0.0464869577853665,0.0843848612973085,0.0095291032113045,0.0157288498938281
2022-01-28,37160.11,38000.0,36155.01,37716.56,42154.26956,0.0149746636849739,2424.02,2558.98,2357.88,2544.99,485149.8065,0.0498050943590799,91.34,2647317.17,0.0204446430566416,385.9,752320.615,-0.010259040779687,51,-0.0249338119619471,0.8299236730033276,0.2969362894803577,0.3218701014423049,0.3811936070594717,15.0,19.0,17.0,0.6470588235294118,0.2941176470588235,0.3725490196078431,0.3333333333333333,0.0489172395361612,0.0790179922121501,0.0149746636849739,0.0498050943590799
2022-01-29,37716.57,38720.74,37268.44,38166.84,26129.49682,0.0119385224951586,2544.99,2636.66,2520.01,2601.43,376666.8246,0.0221769044279152,96.13,2050891.76,0.0524414276330194,389.3,534573.782,0.0088105726872247,20,0.1343422765377909,0.7830552130937576,0.3065853520296514,0.1722430754918604,0.5211715693585575,5.0,11.0,4.0,1.15,0.25,0.55,0.2,0.0380513555746295,0.0448407222181644,0.0119385224951586,0.0221769044279152
2022-01-30,38166.83,38359.26,37351.63,37881.76,21430.66527,-0.0074693110564038,2601.43,2640.0,2542.5,2601.68,290770.0859,9.61009906090826e-05,93.29,1258037.51,-0.0295433267450326,377.2,536436.123,-0.0310814282044695,19,0.196753474123972,0.8020639576409992,0.371179572992811,0.174426098868839,0.4543943197809552,7.0,9.0,3.0,0.5263157894736842,0.3684210526315789,0.4736842105263157,0.1578947368421052,0.0265993449090011,0.0374757848774637,0.0074693110564038,9.61009906090826e-05
2022-01-31,37881.75,38744.0,36632.61,38466.9,36855.2458,0.0154464840070789,2601.67,2706.77,2476.07,2686.94,444584.851,0.0327711324990007,99.49,2414101.55,0.0664594275913816,374.3,620113.734,-0.0076882290562035,36,-0.0169353621183998,0.8320580845077833,0.2829699657546977,0.2999053278730975,0.417124699594246,11.0,14.0,11.0,0.6944444444444444,0.3055555555555556,0.3888888888888889,0.3055555555555556,0.0548884885446968,0.0858597512411887,0.0154464840070789,0.0327711324990007
2022-02-01,38466.9,39265.2,38000.0,38694.59,34574.44663,0.0059191148753863,2686.94,2813.0,2673.52,2787.23,390034.27362,0.0373249867879446,110.02,4190507.65,0.105839782892753,384.2,555347.277,0.0264493721613678,44,0.2965382023354653,0.8075297251343727,0.4129899673756551,0.1164517650401896,0.4705582738176666,17.0,23.0,4.0,0.7045454545454546,0.3863636363636363,0.5227272727272727,0.0909090909090909,0.0326970772916833,0.050042515328839,0.0059191148753863,0.0373249867879446
2022-02-02,38694.59,38855.92,36586.95,36896.36,35794.6813,-0.046472388000493,2787.48,2810.88,2612.72,2680.67,447852.1228,-0.038231505831955,101.88,4863358.1,-0.0739865479003817,366.9,572340.04,-0.045028630921395,35,0.0462974050481404,0.8212932952812739,0.2922556356393864,0.245958230591246,0.4617861319865499,9.0,19.0,7.0,0.7142857142857143,0.2571428571428571,0.5428571428571428,0.2,0.0614957681462345,0.0739218180529495,0.046472388000493,0.038231505831955
2022-02-03,36896.37,37387.0,36250.0,37311.61,32081.10999,0.0112544977336517,2680.25,2726.64,2576.05,2695.46,405043.3931,0.0055172773970686,101.77,3886563.56,-0.0010797016097369,372.3,495715.227,0.0147179067865903,40,-0.0728681433014571,0.8045082807540893,0.242647325573489,0.3155154688749462,0.441837206762284,8.0,19.0,13.0,0.7,0.2,0.475,0.325,0.0304730886713277,0.0558680151068833,0.0112544977336517,0.0055172773970686
2022-02-04,37311.98,41772.33,37026.73,41574.25,64703.95874,0.1142443330641589,2695.21,2995.0,2671.4,2994.99,664002.9328,0.1111238897998856,112.62,4186388.28,0.1066129507713471,399.5,849825.828,0.0730593607305936,33,0.2454312212878104,0.8217428624629974,0.389345290534424,0.1439140692466136,0.4667406259386828,13.0,16.0,4.0,0.7272727272727273,0.3939393939393939,0.4848484848484848,0.1212121212121212,0.114147579330956,0.108047105332572,0.1142443330641589,0.1111238897998856
2022-02-05,41571.7,41913.69,40843.01,41382.59,32532.34372,-0.004610065124446,2994.99,3060.47,2958.01,3012.65,356803.3071,0.0058965138447875,113.75,2649019.14,0.0100337417865388,413.7,1031046.87,0.0355444305381726,26,0.174304367437099,0.7749711137551528,0.2982287626140392,0.1239243951769401,0.5778468456835701,6.0,17.0,3.0,1.0384615384615383,0.2307692307692307,0.6538461538461539,0.1153846153846153,0.0258727160383146,0.0340099248170214,0.004610065124446,0.0058965138447875
2022-02-06,41382.6,42656.0,41116.56,42380.87,22405.16704,0.0241231880363217,3012.64,3074.56,2950.21,3054.99,249394.5966,0.014054071996415,115.28,1561795.12,0.0134505494505494,419.9,542631.176,0.0149867053420351,19,0.1423731743309058,0.798095420787209,0.3033768297418167,0.1610036554109108,0.535619513376763,5.0,11.0,3.0,1.4210526315789471,0.2631578947368421,0.5789473684210527,0.1578947368421052,0.0363239357757403,0.0407038975577661,0.0241231880363217,0.014054071996415
2022-02-07,42380.87,44500.5,41645.85,43839.99,51060.62006,0.0344287410805865,3055.0,3186.0,2991.8,3139.77,455070.2529,0.0277513183349209,117.55,2730695.8,0.0196911866759195,433.5,758247.667,0.0323886639676114,52,0.4209424056596337,0.8210799098014832,0.4979999588551716,0.0770575531955378,0.4249424891044887,25.0,24.0,3.0,0.7115384615384616,0.4807692307692308,0.4615384615384615,0.0576923076923076,0.0651152064587606,0.0618516642938813,0.0344287410805865,0.0277513183349209
2022-02-08,43839.99,45492.0,42666.0,44042.99,64880.29387,0.0046304755087762,3139.77,3232.87,3025.21,3116.69,514773.5837,-0.007350856909901,113.45,2811497.5,-0.0348787749893662,407.8,1148555.321,-0.0592848904267588,36,0.4337343090317315,0.8277409589952893,0.4773338897567656,0.043599580725034,0.479066519998014,16.0,20.0,0.0,1.0,0.4444444444444444,0.5555555555555556,0.0,0.0641645810150491,0.0666283781832648,0.0046304755087762,0.007350856909901
2022-02-09,44043.0,44799.0,43117.92,44372.72,34428.16729,0.0074865489377538,3116.69,3269.7,3055.0,3243.94,370267.8913,0.0408285713368989,113.93,2114411.38,0.0042309387395329,422.9,633880.431,0.0370279548798428,33,0.3474940985271876,0.8165450511556683,0.4284779921625599,0.0809838936353722,0.4905381120854254,16.0,15.0,2.0,0.9090909090909092,0.4848484848484848,0.4545454545454545,0.0606060606060606,0.0378854395223011,0.0661849479336855,0.0074865489377538,0.0408285713368989
2022-02-10,44372.71,45821.0,43174.01,43495.44,62357.29091,-0.0197707059652867,3243.6,3283.66,3056.74,3072.49,578212.8383,-0.0528523955436908,106.17,2781581.77,-0.0681119985956288,414.7,956240.339,-0.0193899266966185,36,0.226420097803283,0.7737632253103786,0.4151254222573091,0.188705324454026,0.3961692516329801,16.0,13.0,7.0,0.9444444444444444,0.4444444444444444,0.3611111111111111,0.1944444444444444,0.060856724291098,0.0738554071778915,0.0197707059652867,0.0528523955436908
2022-02-11,43495.44,43920.0,41938.51,42373.73,44975.1687,-0.0257891401949261,3072.36,3138.62,2879.0,2927.54,462025.8751,-0.0471767198591369,96.53,2537227.68,-0.090797777149854,400.0,700843.2,-0.0354473113093802,23,0.0693906475992306,0.831169403117636,0.3386352201113882,0.2692445725121575,0.3921202238973068,9.0,8.0,6.0,0.782608695652174,0.391304347826087,0.3478260869565217,0.2608695652173913,0.0467622274461086,0.0886819650628172,0.0257891401949261,0.0471767198591369
2022-02-12,42373.73,43079.49,41688.88,42217.87,26556.85681,-0.003678222332563,2927.54,2985.98,2858.3,2918.88,336250.3131,-0.0029581150044063,95.96,1803930.67,-0.0059049000310784,403.6,521080.237,0.0090000000000001,17,0.071767795666614,0.8061635318924399,0.2560227177489329,0.1842549220823189,0.5597223618670422,2.0,12.0,3.0,1.0,0.1176470588235294,0.7058823529411765,0.1764705882352941,0.0329388953066557,0.0437428054596282,0.003678222332563,0.0029581150044063
2022-02-13,42217.87,42760.0,41870.0,42053.66,17732.08113,-0.0038895851448687,2918.58,2954.4,2836.7,2871.13,242751.3547,-0.0163590144164885,92.85,1216083.38,-0.0324093372238433,397.9,388657.052,-0.0141228939544104,16,0.1415358849335461,0.7933407872915268,0.3444881431059912,0.2029522581724449,0.452559586497955,5.0,8.0,3.0,0.75,0.3125,0.5,0.1875,0.0211634373797667,0.0409943123439204,0.0038895851448687,0.0163590144164885
2022-02-14,42053.65,42842.4,41550.56,42535.94,34010.1306,0.0114682051455212,2871.14,2964.97,2829.01,2929.75,381778.238,0.0204170483398522,96.37,1792721.3,0.0379106085083469,403.4,472210.318,0.0138225684845438,30,0.1562169211916625,0.7851996322472891,0.3526477225124836,0.196430801320821,0.4509214761356512,9.0,14.0,7.0,0.9666666666666668,0.3,0.4666666666666667,0.2333333333333333,0.0303705525256995,0.0464066899906133,0.0114682051455212,0.0204170483398522
2022-02-15,42535.94,44751.4,42427.03,44544.86,38095.19576,0.0472287670144353,2929.75,3196.19,2912.06,3183.52,448971.754,0.0866183121426742,105.52,2362223.45,0.0949465601328214,432.4,1184143.99,0.0718889439762022,32,0.1312260321428766,0.8103066682815552,0.345212476036977,0.2139864438941003,0.4408010962069965,10.0,15.0,7.0,0.78125,0.3125,0.46875,0.21875,0.0521804311428973,0.0892502638588732,0.0472287670144353,0.0866183121426742
2022-02-16,44544.85,44549.97,43307.0,43873.56,28471.8727,-0.015070201141052,3183.53,3186.77,3044.03,3122.3,319997.6244,-0.0192302859727596,101.86,2123159.11,-0.0346853677028051,427.3,606252.493,-0.0117946345975947,36,0.2546109478248076,0.8000675059027142,0.4041579244917052,0.1495469766668974,0.4462950957111186,15.0,16.0,5.0,1.2777777777777777,0.4166666666666667,0.4444444444444444,0.1388888888888889,0.0283307303989008,0.0457162988822341,0.015070201141052,0.0192302859727596
2022-02-17,43873.56,44164.71,40073.21,40515.7,47245.99494,-0.07653493356819,3122.31,3160.0,2851.55,2891.87,488693.2624,-0.0738013643788233,93.52,2001081.3,-0.0818770861967406,402.4,661874.717,-0.0582728761993915,25,-0.0014044938609003,0.7852900981903076,0.3349597920104861,0.3363642858713864,0.3286759311705827,8.0,8.0,9.0,0.64,0.32,0.32,0.36,0.100985543875584,0.1066610878082347,0.07653493356819,0.0738013643788233
2022-02-18,40515.71,40959.88,39450.0,39974.44,43845.92241,-0.0133592656673831,2891.88,2943.97,2750.0,2779.48,502977.4069,-0.0388641259807667,89.86,2010076.65,-0.0391360136869118,399.2,611936.679,-0.0079522862823061,26,0.0154178710296176,0.786563081236986,0.3230914852331177,0.3076736142035,0.369234898342536,9.0,8.0,9.0,0.6538461538461539,0.3461538461538461,0.3076923076923077,0.3461538461538461,0.0377711357557478,0.0697864348727099,0.0133592656673831,0.0388641259807667
2022-02-19,39974.45,40444.32,39639.03,40079.17,18042.0551,0.0026199241315199,2779.3,2830.96,2694.45,2763.63,293838.0025,-0.0057025055046266,91.27,1285578.14,0.0156910750055641,399.8,410279.304,0.001503006012024,21,0.1063592892273196,0.8137314660208566,0.2651571463128285,0.1587978570855089,0.5760449905480657,5.0,13.0,3.0,0.6666666666666666,0.238095238095238,0.6190476190476191,0.1428571428571428,0.0200924819550904,0.0493951795283739,0.0026199241315199,0.0057025055046266
2022-02-20,40079.17,40125.44,38000.0,38386.89,33439.29011,-0.0422234292776022,2763.63,2764.64,2576.0,2621.99,386384.904,-0.0512514338026437,90.72,2559473.54,-0.0060260764763887,380.6,624148.525,-0.0480240120060029,14,-0.0950726287971649,0.8736930361815861,0.3103679077965872,0.4054405365937522,0.2841915375153933,4.0,4.0,6.0,0.4285714285714285,0.2857142857142857,0.2857142857142857,0.4285714285714285,0.0553689032896387,0.0719453544826638,0.0422234292776022,0.0512514338026437
2022-02-21,38386.89,39494.35,36800.0,37008.16,62347.68496,-0.0359166892655278,2621.99,2759.51,2558.0,2568.02,761838.9858,-0.020583602530902,82.96,4063082.8,-0.0855379188712522,356.6,1219652.481,-0.0630583289542827,25,0.0168692679703235,0.7925573289394379,0.3186028596386313,0.3017335916683077,0.3796635497361421,8.0,10.0,7.0,0.6,0.32,0.4,0.28,0.0728042139895633,0.0784690150388237,0.0359166892655278,0.020583602530902
2022-02-22,37008.16,38429.0,36350.0,38230.33,53785.94589,0.0330243384161763,2568.03,2665.74,2500.0,2636.29,692639.4942,0.026584683919907,86.38,2835554.36,0.0412246865959498,374.3,940456.822,0.0496354458777341,32,-0.1269677973468788,0.8102151937782764,0.198765582870692,0.3257333802175707,0.4755010354565456,5.0,17.0,10.0,0.9375,0.15625,0.53125,0.3125,0.0543809064687644,0.0628686525382259,0.0330243384161763,0.026584683919907
2022-02-23,38230.33,39249.93,37036.79,37250.01,43560.732,-0.0256424676428375,2636.28,2753.55,2575.83,2579.71,504470.1412,-0.0214619787656137,84.59,3193694.1,-0.0207223894420003,365.6,698692.661,-0.0232433876569596,39,0.2946685975871216,0.8034460215996473,0.4385523573519327,0.1438837597648111,0.4175638986321596,16.0,18.0,5.0,0.8974358974358975,0.4102564102564102,0.4615384615384615,0.1282051282051282,0.0594131384125802,0.0688914645444644,0.0256424676428375,0.0214619787656137
2022-02-24,37250.02,39843.0,34322.28,38327.21,120476.29458,0.0289181130421172,2579.7,2740.0,2300.0,2596.2,1395732.7753,0.0063921913703477,89.36,7497540.08,0.056389644165977,361.2,1949035.935,-0.012035010940919,31,-0.0875274242923384,0.8361728124080166,0.3076506493042313,0.3951780735965697,0.2971712641357894,9.0,10.0,12.0,1.096774193548387,0.2903225806451613,0.3225806451612903,0.3870967741935484,0.1440417917192512,0.1694784685309298,0.0289181130421172,0.0063921913703477
2022-02-25,38328.68,39683.53,38014.37,39219.17,56574.57125,0.0232722392263877,2596.26,2834.97,2571.72,2768.49,679394.1762,0.066362375779986,92.71,3691896.58,0.0374888093106535,375.0,783242.16,0.0382059800664451,25,0.0655355360731482,0.8001342630386352,0.3740052732825279,0.3084697372093796,0.3175250024348497,10.0,8.0,7.0,1.08,0.4,0.32,0.28,0.0425597992002379,0.0950879360228861,0.0232722392263877,0.066362375779986
2022-02-26,39219.16,40348.45,38573.18,39116.72,29361.2568,-0.0026122429413982,2768.05,2878.0,2727.5,2779.47,418485.2529,0.0039660609212963,90.23,2279602.17,-0.0267500808974219,373.7,548687.941,-0.0034666666666667,20,0.3945222527254373,0.8559506654739379,0.5399360887706279,0.1454138360451906,0.3146500751376151,12.0,6.0,2.0,0.75,0.6,0.3,0.1,0.0453839176699886,0.0541470136392909,0.0026122429413982,0.0039660609212963
2022-02-27,39116.73,39855.7,37000.0,37699.07,46229.44719,-0.0362415355888735,2779.47,2836.33,2557.98,2616.79,650198.7785,-0.0585291440454475,85.63,2593533.97,-0.0509808267760168,360.1,677364.949,-0.0363928284720362,15,0.4252163461099068,0.800600266456604,0.4779479364554087,0.0527315903455018,0.4693204633891582,7.0,8.0,0.0,0.6666666666666666,0.4666666666666667,0.5333333333333333,0.0,0.0757498792410528,0.1063707825236262,0.0362415355888735,0.0585291440454475
2022-02-28,37699.08,44225.84,37450.17,43160.0,73945.63858,0.1448558280084892,2616.79,2951.6,2568.62,2920.95,733794.4488,0.1162340119000759,99.68,4212075.57,0.1640780100432093,395.6,773064.48,0.0985837267425715,21,0.3617163551971316,0.781366901738303,0.4350991396322137,0.073382784435082,0.4915180892816612,10.0,10.0,1.0,1.0952380952380951,0.4761904761904761,0.4761904761904761,0.0476190476190476,0.1569895736793326,0.1311148770091922,0.1448558280084892,0.1162340119000759
2022-03-01,43160.0,44949.0,42809.98,44421.2,61743.09873,0.0292215013901759,2920.83,3037.94,2854.09,2976.33,673901.6976,0.0189595850665023,98.66,3665336.76,-0.0102327447833067,408.7,1403695.832,0.0331142568250757,30,0.1633320087256531,0.7833879888057709,0.4059969816356897,0.2426649729100366,0.3513380502040187,13.0,10.0,7.0,0.8666666666666667,0.4333333333333333,0.3333333333333333,0.2333333333333333,0.0481531340891285,0.0617707041893875,0.0292215013901759,0.0189595850665023
2022-03-02,44421.2,45400.0,43334.09,43892.98,57782.65081,-0.0118911690814293,2976.33,3043.91,2914.21,2947.3,614623.7461,-0.0097536227501653,100.68,4306326.64,0.0204743563754308,409.3,788499.443,0.0014680694886224,25,0.4235041735880077,0.8070624542236328,0.4980301743745803,0.0745260007865726,0.4274438290297985,14.0,10.0,1.0,0.92,0.56,0.4,0.04,0.0470669797311552,0.0440063787195059,0.0118911690814293,0.0097536227501653
2022-03-03,43892.99,44101.12,41832.28,42454.0,50940.61021,-0.0327838301249995,2947.31,2970.97,2785.0,2833.99,446192.2353,-0.0384453567672108,95.62,2595560.67,-0.0502582439411998,402.6,577002.325,-0.0163694111898362,40,-0.042504738655407,0.8167958289384842,0.259614413511008,0.3021191521664149,0.4382664271397516,9.0,18.0,13.0,0.95,0.225,0.45,0.325,0.0534423140340133,0.0656212618957723,0.0327838301249995,0.0384453567672108
2022-03-04,42454.0,42527.3,38550.0,39148.66,61964.68498,-0.0778569746078107,2834.0,2836.17,2573.0,2622.1,556178.7588,-0.0747673774431102,88.32,2854970.19,-0.0763438611169212,374.2,756176.61,-0.070541480377546,34,-0.103280566564268,0.8265838517862207,0.2539808035773389,0.3572613701416069,0.3887578146806096,9.0,13.0,12.0,0.6470588235294118,0.2647058823529412,0.3823529411764705,0.3529411764705882,0.1015947927719621,0.1003661187597727,0.0778569746078107,0.0747673774431102
2022-03-05,39148.65,39613.24,38407.59,39397.96,30363.13341,0.0063680340527618,2622.11,2685.12,2589.38,2665.15,268730.3036,0.016418138133557,89.63,1495553.5,0.0148324275362319,384.7,453970.242,0.0280598610368787,25,-0.0939571068808436,0.8086630654335022,0.1932103044539689,0.2871674113348126,0.519622285887599,4.0,14.0,7.0,0.96,0.16,0.56,0.28,0.0306018382677682,0.0359229311671012,0.0063680340527618,0.016418138133557
2022-03-06,39397.97,39693.87,38088.57,38420.81,39677.26158,-0.0248020455881472,2665.16,2676.29,2535.0,2551.29,336487.9099,-0.0427217980226254,84.57,1828270.57,-0.0564543121722638,375.0,489079.158,-0.0252144528203794,25,0.0329042924940585,0.8315502715110779,0.2977750911563634,0.2648707986623048,0.4373540982604026,7.0,12.0,6.0,0.8,0.28,0.48,0.24,0.0417820446783918,0.055379827459834,0.0248020455881472,0.0427217980226254
2022-03-07,38420.8,39547.57,37155.0,37988.0,63994.11559,-0.0112649889473959,2551.3,2649.0,2445.0,2491.12,620171.6787,-0.0235841476272787,81.66,3230989.34,-0.0344093650230578,380.6,949294.91,0.0149333333333334,38,-0.2789282585543237,0.8511322666155664,0.1631980805510752,0.442126339105399,0.3946755853187489,5.0,16.0,17.0,0.7631578947368421,0.131578947368421,0.4210526315789473,0.4473684210526316,0.0629822575550173,0.0818908763929477,0.0112649889473959,0.0235841476272787
2022-03-08,37988.01,39362.08,37867.65,38730.63,55583.06638,0.0195490681267767,2491.12,2624.0,2480.15,2575.97,561659.7421,0.0340609846173607,82.32,2604534.79,0.0080822924320351,381.4,647492.047,0.0021019442984759,35,0.1110605229889707,0.8422315163271767,0.391209514811635,0.2801489918226642,0.3286415056990725,14.0,10.0,11.0,0.9428571428571428,0.4,0.2857142857142857,0.3142857142857143,0.0385852231166908,0.0558430416503297,0.0195490681267767,0.0340609846173607
2022-03-09,38730.63,42594.06,38656.45,41941.71,67392.58799,0.0829080239593313,2575.98,2775.85,2567.7,2726.98,562771.7403,0.0586225771262864,88.06,3355218.73,0.0697278911564627,393.2,1012850.747,0.0309386470896697,34,0.2982739132062039,0.8444347925045911,0.50178583045764,0.2035119172514361,0.2947022550574997,19.0,8.0,7.0,1.0294117647058822,0.5588235294117647,0.2352941176470588,0.2058823529411764,0.0938829151219633,0.0763298594049095,0.0829080239593313,0.0586225771262864
2022-03-10,41941.7,42039.63,38539.73,39422.0,71962.93154,-0.0600764727999884,2726.98,2733.25,2550.27,2606.7,559029.9377,-0.0441074008610258,82.87,2828491.21,-0.058937088348853,372.0,791332.984,-0.0539165818921668,30,0.1703043485681215,0.8091873784859975,0.3373954186371217,0.1670910700690001,0.495513523183763,10.0,15.0,5.0,0.9666666666666668,0.3333333333333333,0.5,0.1666666666666666,0.0887803764395513,0.0701960332988069,0.0600764727999884,0.0441074008610258
2022-03-11,39422.01,40236.26,38223.6,38729.57,59018.7642,-0.0175645578610927,2606.69,2676.78,2522.57,2556.86,494583.6568,-0.0191199601028119,80.67,2528334.85,-0.0265476046820321,371.9,510174.586,-0.0002688172043011,44,-0.1075700460192324,0.817530327222564,0.2568760583791035,0.3644461043983359,0.3786778466098688,10.0,17.0,17.0,0.8181818181818182,0.2272727272727272,0.3863636363636363,0.3863636363636363,0.0519670112526424,0.0603122580039579,0.0175645578610927,0.0191199601028119
2022-03-12,38729.57,39486.71,38660.52,38807.36,24034.36432,0.0020085428265792,2556.86,2616.79,2553.39,2568.8,219236.5711,0.0046697902896521,81.38,1362268.13,0.0088012892029254,372.4,402475.646,0.0013444474321053,23,0.1997600983139937,0.8057315038598102,0.3486951523177001,0.1489350540037064,0.5023698067373555,7.0,12.0,4.0,0.6956521739130435,0.3043478260869565,0.5217391304347826,0.1739130434782608,0.0212895182769454,0.0246807848022423,0.0020085428265792,0.0046697902896521
2022-03-13,38807.35,39310.0,37578.51,37777.34,32791.82359,-0.0265418724695523,2568.8,2603.32,2493.0,2515.65,316942.1601,-0.020690594830271,78.73,2009434.97,-0.0325632833620053,361.4,424762.642,-0.0295381310418904,31,0.1510430477229097,0.7648794314553661,0.311375382506559,0.1603323347836492,0.5282922970551637,8.0,19.0,4.0,0.967741935483871,0.2580645161290322,0.6129032258064516,0.1290322580645161,0.0458340899597483,0.0438534772325244,0.0265418724695523,0.020690594830271
2022-03-14,37777.35,39947.12,37555.0,39671.37,46945.45375,0.0501366692308142,2515.66,2609.6,2498.67,2589.41,386630.1912,0.0293204539582214,81.22,2079919.39,0.0316270798933062,373.4,467814.984,0.0332042058660764,47,-0.0182925575868563,0.7719088887914698,0.2544234502228333,0.2727160078096897,0.4728605411946773,10.0,23.0,14.0,0.7446808510638298,0.2127659574468085,0.4893617021276595,0.2978723404255319,0.0602983965514677,0.0428398747204961,0.0501366692308142,0.0293204539582214
2022-03-15,39671.37,39887.61,38098.33,39280.33,46015.54926,-0.0098569825040073,2589.42,2669.0,2507.0,2617.73,461202.3014,0.0109368543413364,82.84,2123603.37,0.0199458261511944,371.7,440890.823,-0.0045527584359935,39,0.1375972472417813,0.7788801147387578,0.323115029061834,0.1855177818200526,0.4913671864435459,12.0,21.0,6.0,1.0256410256410255,0.3076923076923077,0.5384615384615384,0.1538461538461538,0.0455515521381821,0.0618856795773437,0.0098569825040073,0.0109368543413364
2022-03-16,39280.33,41718.0,38828.48,41114.0,88120.76167,0.0466816342938054,2617.74,2788.0,2603.38,2773.81,666224.7217,0.0596241782001962,87.77,2638790.33,0.0595123128923225,385.4,668878.615,0.0368576809254774,49,0.3033683336320884,0.7971579900809697,0.4267091249324837,0.1233407913003952,0.4499500875874441,20.0,23.0,6.0,0.7755102040816326,0.4081632653061224,0.4693877551020408,0.1224489795918367,0.0702806829790338,0.0665582718354897,0.0466816342938054,0.0596241782001962
2022-03-17,41114.01,41478.82,40500.0,40917.9,37189.38087,-0.0047696648343629,2773.8,2836.0,2746.42,2811.92,379312.541,0.0137392251091459,87.8,2616451.8,0.0003418024381907,391.8,569457.408,0.0166061235080436,32,0.4254390277492348,0.7834090758115053,0.4554792864946648,0.0300402587454299,0.5144804610172287,17.0,15.0,0.0,0.84375,0.53125,0.46875,0.0,0.0239215600018573,0.0318572363367378,0.0047696648343629,0.0137392251091459
2022-03-18,40917.89,42325.02,40135.04,41757.51,45408.00969,0.0205193814931852,2811.91,2984.0,2765.59,2938.92,556535.7966,0.0451648695553217,89.8,2935949.01,0.0227790432801822,397.2,553763.586,0.013782542113323,30,0.1033198208548128,0.7949228644371032,0.3033428023258844,0.2000229814710716,0.4966342146197954,8.0,15.0,7.0,0.9666666666666668,0.2666666666666666,0.5,0.2333333333333333,0.0524451769274555,0.0743164155540129,0.0205193814931852,0.0451648695553217
2022-03-19,41757.51,42400.0,41499.29,42201.13,29067.18108,0.010623717745622,2938.84,2987.7,2890.86,2950.84,325971.5398,0.0040559116954528,92.31,2058348.96,0.0279510022271716,399.9,459996.613,0.0067975830815709,23,0.2122762868099886,0.7566393782263217,0.3670421848883447,0.154765898078356,0.4781919230261575,10.0,10.0,3.0,0.6086956521739131,0.4347826086956521,0.4347826086956521,0.1304347826086956,0.0213432673485283,0.0328177739220017,0.010623717745622,0.0040559116954528
2022-03-20,42201.13,42296.26,40911.0,41262.11,30653.33468,-0.0222510629454708,2950.85,2964.17,2817.21,2861.38,377608.8214,-0.0303167911509942,88.62,1500458.29,-0.0399740006499836,390.8,398984.429,-0.0227556889222304,27,0.1942528469867452,0.8238715110001741,0.3923270512993137,0.1980742043125684,0.4095987340918294,10.0,12.0,5.0,0.8888888888888888,0.3703703703703703,0.4444444444444444,0.1851851851851851,0.0335722046206556,0.0513598333671165,0.0222510629454708,0.0303167911509942
2022-03-21,41262.11,41544.22,40467.94,41002.25,39426.24877,-0.0062977874859041,2861.39,2960.57,2829.81,2890.03,450223.9073,0.0100126512382137,88.59,1985082.57,-0.0003385240352065,396.0,541479.78,0.0133060388945751,36,0.2932607279314349,0.7482347504960166,0.4213206813567214,0.1280599534252865,0.4506193737809856,16.0,17.0,3.0,1.0,0.4444444444444444,0.4722222222222222,0.0833333333333333,0.0262492911974342,0.0452452050670755,0.0062977874859041,0.0100126512382137
2022-03-22,41002.26,43361.0,40875.51,42364.13,59454.94294,0.0332147626044911,2890.03,3052.85,2886.43,2969.64,564868.9839,0.0275464268537004,90.43,2611345.56,0.0207698385822328,404.3,609034.607,0.020959595959596,45,0.3430011693905625,0.8058641288015578,0.4363991183953152,0.0933979490047527,0.4702029313478205,19.0,24.0,2.0,1.0444444444444445,0.4222222222222222,0.5333333333333333,0.0444444444444444,0.0586696811665906,0.0560404628170418,0.0332147626044911,0.0275464268537004
2022-03-23,42364.13,43025.96,41751.47,42882.76,40828.87039,0.0122421964053081,2969.64,3045.2,2920.65,3036.0,453962.7298,0.0223461429668243,94.89,2854825.2,0.0493199159570938,408.4,535891.79,0.0101409844175117,49,0.2014764972240189,0.7687694965576639,0.348559151536652,0.1470826543126331,0.5043581921075072,16.0,26.0,7.0,0.9591836734693876,0.3265306122448979,0.5306122448979592,0.1428571428571428,0.0297203351649939,0.041024374176548,0.0122421964053081,0.0223461429668243
2022-03-24,42882.76,44220.89,42560.46,43991.46,56195.12374,0.0258542127419036,3035.99,3129.11,2999.11,3110.76,577171.5239,0.0246245059288539,102.32,4777008.51,0.0783011908525661,414.2,598366.115,0.0142017629774731,69,0.4669706038185868,0.8224380452563798,0.5445809562731049,0.077610352454518,0.3778086834573659,37.0,28.0,4.0,1.2173913043478262,0.5362318840579711,0.4057971014492754,0.0579710144927536,0.0377443712938829,0.0417904306343144,0.0258542127419036,0.0246245059288539
2022-03-25,43991.46,45094.14,43579.0,44313.16,54614.43648,0.0073127829810604,3110.75,3193.28,3076.0,3102.14,489099.5572,-0.0027710270159061,98.6,3360440.57,-0.0363565285379202,410.3,609691.876,-0.0094157411878319,40,0.2937223992776125,0.8217406325042248,0.4164082394912839,0.1226858402136712,0.4609059302136302,17.0,18.0,5.0,0.875,0.425,0.45,0.125,0.0341916487111277,0.0378061596188438,0.0073127829810604,0.0027710270159061
2022-03-26,44313.16,44792.99,44071.97,44511.27,23041.61741,0.0044706809444416,3102.13,3153.2,3084.9,3145.0,207134.847,0.0138162687693013,101.73,1906343.44,0.0317444219066938,415.8,280157.687,0.0134048257372654,28,0.3493599173380062,0.7652073534471648,0.4379474564255879,0.0885875390875818,0.4734650113220726,11.0,15.0,2.0,0.8214285714285714,0.3928571428571428,0.5357142857142857,0.0714285714285714,0.0161985941987275,0.0217170111287757,0.0044706809444416,0.0138162687693013
2022-03-27,44511.27,46999.0,44421.46,46827.76,41874.91071,0.0520427747849028,3145.01,3299.37,3126.02,3295.65,335467.4145,0.0479014308426073,107.04,2351080.64,0.0521969920377469,430.5,490998.1,0.0353535353535352,27,0.2502670942081345,0.8690090709262424,0.3789453537858747,0.12867825957774,0.4923763765298106,9.0,15.0,3.0,1.1851851851851851,0.3333333333333333,0.5555555555555556,0.1111111111111111,0.0550429915930209,0.0525996389179675,0.0520427747849028,0.0479014308426073
2022-03-28,46827.76,48189.84,46663.56,47122.21,58949.2614,0.0062879368989674,3295.65,3431.15,3275.01,3332.92,527237.1133,0.0113088465097932,105.75,4146023.22,-0.0120515695067264,430.2,719102.183,-0.0006968641114982,54,0.4361429737656618,0.835473072749597,0.533723325399613,0.097580351633951,0.3686963312189888,31.0,20.0,3.0,1.0185185185185186,0.5740740740740741,0.3703703703703703,0.0555555555555555,0.0323898221242169,0.0468478091283318,0.0062879368989674,0.0113088465097932
2022-03-29,47122.21,48096.47,46950.85,47434.8,36772.28457,0.0066336022864803,3332.91,3481.87,3329.68,3400.51,465899.8226,0.0202795146598178,111.62,3727259.92,0.0555082742316785,434.2,629773.894,0.0092980009298,54,0.3785823676562695,0.829610574024695,0.5050279229568938,0.1264455553006242,0.3685265246226831,29.0,18.0,7.0,1.3703703703703705,0.5370370370370371,0.3333333333333333,0.1296296296296296,0.0241514668555575,0.0447550514481651,0.0066336022864803,0.0202795146598178
2022-03-30,47434.79,47700.22,46445.42,47067.99,40947.2085,-0.0077329302537378,3400.51,3446.9,3331.84,3385.79,356082.5231,-0.0043287624503384,120.82,5250424.16,0.0824225049274323,442.1,768982.427,0.0181943804698296,51,0.3409616674990484,0.8259187656290391,0.4443384383202475,0.103376770821199,0.4522847917807452,22.0,25.0,4.0,0.8627450980392157,0.4313725490196078,0.4901960784313725,0.0784313725490196,0.0266593071002182,0.0339832062827286,0.0077329302537378,0.0043287624503384
2022-03-31,47067.99,47600.0,45200.0,45510.34,48645.12667,-0.0330936162772194,3385.8,3444.83,3261.35,3281.51,455091.2395,-0.0307993112390312,122.77,5143974.9,0.0161397119682171,428.9,957924.695,-0.0298574983035513,32,0.177452599746175,0.811413424089551,0.3792948695772793,0.2018422698311041,0.4188628660631366,14.0,12.0,6.0,0.96875,0.4375,0.375,0.1875,0.0527352685126061,0.0559132838236055,0.0330936162772194,0.0307993112390312
2022-04-01,45510.35,46720.09,44200.0,46283.49,56271.06474,0.0169884470210506,3281.51,3481.29,3210.68,3455.21,532169.2392,0.0529329485511242,134.52,5505077.63,0.0957074203795715,447.7,971822.655,0.0438330613196549,37,0.0282348676181926,0.8210713823099394,0.2292934801253313,0.2010586125071386,0.5696479055426411,7.0,23.0,7.0,0.918918918918919,0.1891891891891892,0.6216216216216216,0.1891891891891892,0.0544490054660959,0.0783194075034513,0.0169884470210506,0.0529329485511242
2022-04-02,46283.49,47213.0,45620.0,45811.0,37073.53582,-0.0102086078642729,3455.2,3532.2,3433.14,3443.77,499893.29,-0.0033109420266785,132.49,4193984.2,-0.0150906928337793,437.2,827864.885,-0.023453205271387,25,0.3945937907509506,0.8160485064983368,0.4810192987322807,0.0864255079813301,0.4325552024692297,12.0,12.0,1.0,0.64,0.48,0.48,0.04,0.034773307720853,0.0287649872087857,0.0102086078642729,0.0033109420266785
2022-04-03,45810.99,47444.11,45530.92,46407.35,33394.67794,0.0130176158564536,3443.77,3580.34,3412.11,3521.91,381581.7683,0.0226902493488241,136.9,2964507.05,0.0332855309834703,450.4,676230.892,0.030192131747484,21,0.2964724868624693,0.7394774953524271,0.4459695999643632,0.1494971131018939,0.4045333076445829,10.0,9.0,2.0,1.2857142857142858,0.4761904761904761,0.4285714285714285,0.0952380952380952,0.0412260126898002,0.0477666947764139,0.0130176158564536,0.0226902493488241
2022-04-04,46407.36,46890.71,45118.0,46580.51,44641.87514,0.003731305493634,3521.9,3547.0,3405.97,3519.5,449984.1586,-0.0006842877870245,132.14,3456901.43,-0.0347699050401754,447.6,736637.271,-0.0062166962699821,34,0.2542629187296637,0.8114936448195401,0.3893116959096754,0.1350487771800116,0.4756395414690761,12.0,18.0,4.0,1.1176470588235294,0.3529411764705882,0.5294117647058824,0.1176470588235294,0.038056904057083,0.0400710328171615,0.003731305493634,0.0006842877870245
2022-04-05,46580.5,47200.0,45353.81,45497.55,42192.74852,-0.0232492087355848,3519.5,3555.0,3400.0,3406.99,397782.7437,-0.0319676090353744,126.87,2833885.54,-0.0398819433933705,444.7,761168.725,-0.0064789991063449,38,0.2321528894581685,0.7969491089645185,0.3398979493956032,0.1077450599374347,0.5523570055436147,12.0,23.0,3.0,0.7894736842105263,0.3157894736842105,0.6052631578947368,0.0789473684210526,0.0405777893534927,0.0454947035359657,0.0232492087355848,0.0319676090353744
2022-04-06,45497.54,45507.14,43121.0,43170.47,60849.32936,-0.0511473694737408,3407.0,3407.5,3162.39,3168.51,736273.1047,-0.0699972703177876,112.95,4266870.2,-0.1097186096003783,420.1,928930.806,-0.0553181920395772,44,0.360580033919012,0.8178707659244537,0.4700232941064645,0.1094432601874524,0.4205334460447458,21.0,19.0,4.0,0.8181818181818182,0.4772727272727273,0.4318181818181818,0.0909090909090909,0.0552725045615671,0.0773581273216749,0.0511473694737408,0.0699972703177876
2022-04-07,43170.47,43900.99,42727.35,43444.19,37396.54156,0.0063404452163713,3168.52,3268.98,3143.15,3227.19,458179.3272,0.0185197458742436,118.48,3326346.75,0.0489597166888002,436.0,717661.036,0.0378481313972862,54,0.0396385184937604,0.7975849233291767,0.2481731187414239,0.2085346002476634,0.543292289375569,13.0,29.0,12.0,1.1296296296296295,0.2407407407407407,0.5370370370370371,0.2222222222222222,0.0270148896779983,0.0389905769415497,0.0063404452163713,0.0185197458742436
2022-04-08,43444.2,43970.62,42107.14,42252.01,42375.04203,-0.0274416440955626,3227.2,3314.02,3173.52,3192.39,502422.5048,-0.0107833750104581,109.92,3328966.49,-0.0722484807562457,421.5,684600.074,-0.0332568807339449,55,0.1575576441785828,0.783481872623617,0.3386027561839331,0.1810451120053502,0.4803521348671479,17.0,28.0,10.0,0.9636363636363636,0.3090909090909091,0.509090909090909,0.1818181818181818,0.0441039373038111,0.0440109134535567,0.0274416440955626,0.0107833750104581
2022-04-09,42252.02,42800.0,42125.48,42753.97,17891.66047,0.0118801448735812,3192.39,3268.4,3181.28,3258.57,212444.2566,0.0207305498388354,112.96,1376896.77,0.0276564774381367,426.6,356426.659,0.012099644128114,24,0.082222729436277,0.8468269680937132,0.2988905245050167,0.2166677950687395,0.4844416870425145,6.0,13.0,5.0,0.9583333333333334,0.25,0.5416666666666666,0.2083333333333333,0.015776780495472,0.0267356539831889,0.0118801448735812,0.0207305498388354
2022-04-10,42753.96,43410.3,41868.0,42158.85,22771.09403,-0.0139196430179466,3258.57,3307.22,3193.0,3203.04,232303.2326,-0.0170412174665575,111.07,1560720.04,-0.0167315864022662,418.1,386650.883,-0.0199249882794186,21,0.4200206419807814,0.7936037324723744,0.5135513217676253,0.0935306797868438,0.3929180030134462,11.0,9.0,1.0,1.0,0.5238095238095238,0.4285714285714285,0.0476190476190476,0.0365830661889497,0.0356598731205354,0.0139196430179466,0.0170412174665575
2022-04-11,42158.85,42414.71,39200.0,39530.45,63560.44721,-0.0623451541016892,3203.04,3213.63,2950.0,2979.74,693394.2912,-0.0697150207303062,99.67,3332133.13,-0.1026379760511388,394.6,856354.224,-0.0562066491270031,37,-0.0975118466980151,0.81686828265319,0.3045983609768586,0.4021102076748738,0.2932914187124854,13.0,8.0,16.0,0.8108108108108109,0.3513513513513513,0.2162162162162162,0.4324324324324324,0.0813223730061256,0.0884741621752233,0.0623451541016892,0.0697150207303062
2022-04-12,39530.45,40699.0,39254.63,40074.94,57751.01778,0.0137739388243747,2979.75,3085.0,2950.0,3027.66,579522.9505,0.0160819400350367,103.22,3527634.19,0.0356175378749874,413.6,729790.918,0.0481500253421185,42,0.2049609878366547,0.7900429403498059,0.3641373476102238,0.1591763597735691,0.4766862978271785,15.0,22.0,5.0,1.1666666666666667,0.3571428571428571,0.5238095238095238,0.119047619047619,0.0360417258266638,0.0445888904302332,0.0137739388243747,0.0160819400350367
2022-04-13,40074.95,41561.31,39588.54,41147.79,41342.27254,0.0267710943547263,3027.65,3128.97,2996.86,3118.28,419101.494,0.0299307055613906,104.94,2204306.4,0.0166634373183491,423.4,630077.277,0.0236943907156672,39,0.0488353001120953,0.8313569136154957,0.2795981450054125,0.2307628448933171,0.4896390093729282,11.0,18.0,10.0,0.8974358974358975,0.282051282051282,0.4615384615384615,0.2564102564102564,0.0479435226047376,0.0423663045011992,0.0267710943547263,0.0299307055613906
2022-04-14,41147.78,41500.0,39551.94,39942.38,36807.01401,-0.0292946474160581,3118.28,3145.0,2976.3,3021.98,408382.5572,-0.0308824095334607,100.77,2711073.76,-0.0397369925671812,414.7,464220.208,-0.0205479452054794,43,0.1828286404244948,0.7869723827339882,0.3677439656281887,0.1849153252036938,0.447340713164141,17.0,18.0,8.0,1.1395348837209305,0.3953488372093023,0.4186046511627907,0.1860465116279069,0.0487717557141061,0.055824327096804,0.0292946474160581,0.0308824095334607
2022-04-15,39942.37,40870.36,39766.4,40551.9,24026.35739,0.015259982004077,3021.98,3060.92,2993.13,3040.56,249626.2981,0.0061482868847575,101.31,1384490.37,0.0053587377195594,417.3,331730.773,0.006269592476489,33,0.0525245283250555,0.7863878074920538,0.312204673378305,0.2596801450532494,0.4281151826973213,11.0,15.0,7.0,0.8181818181818182,0.3333333333333333,0.4545454545454545,0.2121212121212121,0.0272233853407608,0.0222952350882732,0.015259982004077,0.0061482868847575
2022-04-16,40551.9,40709.35,39991.55,40378.71,15805.44718,-0.0042708233153071,3040.57,3086.1,3010.03,3059.3,176352.4165,0.0061633383324124,102.06,1006216.36,0.0074030204323363,417.3,237289.02,0.0,28,0.0065028968799326,0.7898768197212901,0.2019560943091554,0.1954531974292226,0.6025907087272832,5.0,18.0,5.0,0.8571428571428571,0.1785714285714285,0.6428571428571429,0.1785714285714285,0.0177766946987656,0.0248651652338769,0.0042708233153071,0.0061633383324124
2022-04-17,40378.7,40595.67,39546.17,39678.12,19988.49259,-0.0173504799930457,3059.3,3083.0,2981.7,2988.06,243772.074,-0.0232863726996372,100.15,1509800.04,-0.0187144816774446,406.6,302390.726,-0.0256410256410256,23,0.0879754601451365,0.7881502962630728,0.2641951100819784,0.1762196499368419,0.5595852288862934,6.0,14.0,3.0,1.2173913043478262,0.2608695652173913,0.6086956521739131,0.1304347826086956,0.0264503459337287,0.0339015950148257,0.0173504799930457,0.0232863726996372
2022-04-18,39678.11,41116.73,38536.51,40801.13,54243.49575,0.0283030042754039,2988.07,3069.6,2883.22,3055.56,510251.6536,0.0225899078331759,102.33,2751434.83,0.021767348976535,416.8,628747.772,0.0250860796851941,29,0.1021161721537596,0.7963514050533032,0.3263624428353946,0.224246270681635,0.4493912998586893,10.0,13.0,6.0,0.7931034482758621,0.3448275862068966,0.4482758620689655,0.2068965517241379,0.0632389348040115,0.0609970021861786,0.0283030042754039,0.0225899078331759
2022-04-19,40801.13,41760.0,40571.0,41493.18,35788.85843,0.0169615400357785,3055.56,3131.0,3030.34,3101.77,359375.0038,0.0151232507298171,108.51,2675360.43,0.06039284667253,422.3,567586.931,0.0131957773512476,37,0.3337962681024864,0.8296734722884925,0.4445479671294625,0.110751699026976,0.444700328456993,16.0,17.0,4.0,1.027027027027027,0.4324324324324324,0.4594594594594595,0.1081081081081081,0.0286553115475844,0.0324524384464353,0.0169615400357785,0.0151232507298171
2022-04-20,41493.19,42199.0,40820.0,41358.19,40877.35041,-0.0032533057239767,3101.74,3166.5,3036.45,3076.04,415000.0685,-0.0082952636720323,105.59,2768156.81,-0.026909962215464,418.4,677255.09,-0.0092351408950983,34,0.2845080001279712,0.796199636424289,0.4427014831453562,0.1581934830173849,0.3991050301667522,16.0,13.0,5.0,0.9705882352941176,0.4705882352941176,0.3823529411764705,0.1470588235294117,0.0333428518027505,0.0422783838961782,0.0032533057239767,0.0082952636720323
2022-04-21,41358.19,42976.0,39751.0,40480.01,59316.27657,-0.0212335210994485,3076.03,3180.0,2942.31,2983.58,562699.697,-0.0300581266823578,101.78,2671646.36,-0.0360829624017425,404.9,771718.154,-0.0322657743785851,32,0.1939811299089342,0.8163987193256617,0.3454261650913395,0.1514450351824052,0.5031288167228922,10.0,18.0,4.0,1.25,0.3125,0.5625,0.125,0.0796689526509504,0.0796660387856199,0.0212335210994485,0.0300581266823578
2022-04-22,40480.01,40795.06,39177.0,39709.18,46664.0196,-0.0190422383788937,2983.57,3034.32,2930.35,2962.39,452433.082,-0.0071022060745815,100.55,1777613.85,-0.0120848889762232,406.6,563521.049,0.0041985675475426,33,0.0843060210657616,0.7918336915247368,0.3010436512078299,0.2167376301420683,0.482218718833544,9.0,18.0,6.0,1.0909090909090908,0.2727272727272727,0.5454545454545454,0.1818181818181818,0.0407477565640992,0.0350966618169789,0.0190422383788937,0.0071022060745815
2022-04-23,39709.19,39980.0,39285.0,39441.6,20291.42375,-0.0067384922075953,2962.39,2978.03,2913.89,2933.03,187576.7324,-0.0099109165234826,100.63,1081628.14,0.0007956240676281,401.1,339347.45,-0.013526807673389,21,0.1233345434025284,0.8025055868285043,0.2603147933703092,0.1369802499677808,0.6027049613850457,4.0,14.0,3.0,0.9523809523809524,0.1904761904761904,0.6666666666666666,0.1428571428571428,0.0176209890065311,0.0218681704585361,0.0067384922075953,0.0099109165234826
2022-04-24,39441.61,39940.0,38929.62,39450.13,26703.61186,0.0002162691168714,2933.04,2967.06,2912.09,2921.0,218957.0222,-0.0041015605022792,99.23,1064136.15,-0.0139123521812579,398.8,322889.805,-0.0057342308651209,18,0.1150663886736664,0.7417764630582597,0.3176906117134624,0.2026242230397959,0.4796851520530051,5.0,9.0,4.0,0.5,0.2777777777777778,0.5,0.2222222222222222,0.0256115759314353,0.0188188976377952,0.0002162691168714,0.0041015605022792
2022-04-25,39450.12,40616.0,38200.0,40426.08,63037.12784,0.0247388284905525,2920.99,3025.65,2797.01,3006.62,619198.3616,0.0293118794933242,100.99,2317293.8,0.0177365716013302,404.3,849798.678,0.0137913741223671,43,0.2096553338085149,0.8038893314295037,0.4039981758958378,0.1943428420873228,0.4016589708193097,18.0,17.0,8.0,0.8372093023255814,0.4186046511627907,0.3953488372093023,0.1860465116279069,0.0597634002604259,0.0760455262055064,0.0247388284905525,0.0293118794933242
2022-04-26,40426.08,40797.31,37702.26,38112.65,66650.258,-0.0572261767650982,3006.63,3039.54,2767.0,2809.67,531184.3504,-0.0655054513041222,95.7,1897735.14,-0.0523814239033566,385.9,629808.812,-0.045510759337126,36,0.188964352529082,0.8166757888264127,0.3423538529702151,0.1533895004411331,0.5042566454762386,11.0,20.0,5.0,0.7222222222222222,0.3055555555555556,0.5555555555555556,0.1388888888888889,0.0812079453934584,0.0970007153865044,0.0572261767650982,0.0655054513041222
2022-04-27,38112.64,39474.72,37881.31,39235.72,57083.12272,0.0294671191848374,2809.68,2919.87,2794.46,2888.96,488951.2416,0.0282203959895646,98.36,1833742.63,0.0277951933124347,391.3,567371.495,0.0139932625032392,38,0.2576373250125662,0.7542320897704676,0.4041997968513322,0.146562471838766,0.4492377374615324,15.0,19.0,4.0,0.7894736842105263,0.3947368421052631,0.5,0.1052631578947368,0.0406112083580982,0.0434100852902081,0.0294671191848374,0.0282203959895646
2022-04-28,39235.72,40372.63,38881.43,39742.07,56086.6715,0.0129053321820014,2888.95,2980.0,2853.83,2936.93,537392.9978,0.0166045912715993,98.24,1849394.04,-0.0012200081333876,407.1,946336.334,0.040378226424738,41,0.1014019094134976,0.8301533453348207,0.3455875515483501,0.2441856421348524,0.4102268157663142,14.0,17.0,10.0,0.6585365853658537,0.3414634146341463,0.4146341463414634,0.2439024390243902,0.0375219509200199,0.0429598253959066,0.0129053321820014,0.0166045912715993
2022-04-29,39742.06,39925.25,38175.0,38596.11,51453.65715,-0.0288349348687675,2936.92,2946.46,2776.63,2817.13,525978.147,-0.040790893892602,93.96,1736234.87,-0.0435667752442996,393.0,694888.526,-0.0346352247605011,29,0.1049537258383272,0.8159232509547266,0.3302037072014706,0.2252499813631433,0.4445463151767336,9.0,13.0,7.0,0.5172413793103449,0.3103448275862069,0.4482758620689655,0.2413793103448276,0.0453478342765631,0.060284757891897,0.0288349348687675,0.040790893892602
2022-04-30,38596.11,38795.38,37578.2,37630.8,35321.18989,-0.0250105515814935,2817.13,2841.63,2709.26,2726.66,367757.2469,-0.0321142439291052,84.63,1829537.27,-0.0992975734355045,377.1,574905.822,-0.0404580152671755,20,0.1185738532338291,0.781022521853447,0.266658870736137,0.1480850175023078,0.5852561083622276,3.0,14.0,3.0,0.45,0.15,0.7,0.15,0.0323453128820009,0.0485465734635047,0.0250105515814935,0.0321142439291052
2022-05-01,37630.8,38675.0,37386.38,38468.35,38812.24104,0.0222570341316155,2726.67,2849.9,2716.13,2824.81,442544.8792,0.0359964205291456,89.68,2353897.93,0.0596715112844146,389.9,564144.673,0.0339432511270219,24,-0.1275052011090641,0.8266019920508066,0.263555489713326,0.3910606908223902,0.3453838296700269,7.0,8.0,9.0,0.4166666666666667,0.2916666666666667,0.3333333333333333,0.375,0.0334981874709989,0.0473553973541583,0.0222570341316155,0.0359964205291456
2022-05-02,38468.35,39167.34,38052.0,38525.16,53200.92628,0.0014767984589929,2824.81,2894.22,2778.78,2856.54,521706.8567,0.0112326138749154,87.5,1915805.97,-0.0243086529884032,389.5,454918.112,-0.0010259040779686,39,-0.0898280927242759,0.7927530843477982,0.241607602375249,0.3314356950995249,0.4269567035520688,8.0,18.0,13.0,0.5897435897435898,0.2051282051282051,0.4615384615384615,0.3333333333333333,0.0289509504957278,0.0404125270432059,0.0014767984589929,0.0112326138749154
2022-05-03,38525.16,38651.51,37517.8,37728.95,40316.45358,-0.0206672730236553,2856.54,2861.47,2755.19,2781.7,371331.1796,-0.0261995281004292,85.86,1562366.45,-0.0187428571428571,383.9,388317.42,-0.014377406931964,47,0.1361151032466837,0.8054849733697608,0.3247389023568718,0.1886237991101881,0.4866373024761994,16.0,23.0,8.0,0.3191489361702128,0.3404255319148936,0.4893617021276595,0.1702127659574468,0.0300488086734457,0.0382068519250817,0.0206672730236553,0.0261995281004292
2022-05-04,37728.95,40023.77,37670.0,39690.0,62574.61736,0.0519773277549469,2781.7,2965.85,2771.74,2940.64,548738.0668,0.0571377215371895,92.77,2246070.16,0.0804798509201023,402.6,599066.682,0.0487106017191978,41,0.2289132081971663,0.7685464286222691,0.3678403949228728,0.1389271867257065,0.4932324163524842,15.0,21.0,5.0,0.5609756097560976,0.3658536585365853,0.5121951219512195,0.1219512195121951,0.0593038548752833,0.0660094401218782,0.0519773277549469,0.0571377215371895
2022-05-05,39690.0,39845.51,35571.9,36552.97,88722.43355,-0.0790382968002015,2940.65,2954.65,2683.0,2747.97,734845.3194,-0.0655197508025464,84.52,3311421.92,-0.0889296108655816,378.4,1224114.512,-0.0601092896174864,57,0.0197705521836484,0.8287873090359202,0.3155181549015666,0.2957476027179182,0.3887342382059024,16.0,23.0,18.0,0.5263157894736842,0.2807017543859649,0.4035087719298245,0.3157894736842105,0.1169155338129842,0.098854790991168,0.0790382968002015,0.0655197508025464
2022-05-06,36552.97,36675.63,35258.0,36013.77,68437.80187,-0.0147511953201068,2747.96,2758.18,2632.95,2692.85,711449.3234,-0.0200584431416644,81.68,2607225.81,-0.0336015144344532,379.1,702441.419,0.0018498942917548,35,-0.0115659169985779,0.7967666941029685,0.287443510309926,0.299009427308504,0.41354707341109,9.0,15.0,11.0,0.3714285714285714,0.2571428571428571,0.4285714285714285,0.3142857142857143,0.039363554551495,0.0465046326382828,0.0147511953201068,0.0200584431416644
2022-05-07,36013.77,36146.3,34785.0,35472.39,34281.70682,-0.0150325833701941,2692.86,2704.36,2584.75,2635.34,371271.4532,-0.0213565553224278,78.86,1906773.25,-0.0345249755142018,365.5,554852.531,-0.0358744394618835,23,-0.1678928724773552,0.8621401864549388,0.1638007411814253,0.3316936136587806,0.5045056584412637,3.0,13.0,7.0,0.4347826086956521,0.1304347826086956,0.5652173913043478,0.3043478260869565,0.0383763259256002,0.045386932995363,0.0150325833701941,0.0213565553224278
2022-05-08,35472.4,35514.22,33713.95,34038.4,72445.64344,-0.0404255253170141,2635.35,2642.0,2484.0,2519.71,757615.3415,-0.0438766914326045,75.38,2736836.4,-0.0441288359117423,355.9,785184.087,-0.026265389876881,22,-0.0574169509451497,0.8175081773237749,0.2689498131248083,0.3263667640699581,0.404683414761993,5.0,10.0,7.0,0.5,0.2272727272727272,0.4545454545454545,0.3181818181818182,0.0528893837548182,0.0627056288223644,0.0404255253170141,0.0438766914326045
2022-05-09,34038.39,34243.15,30033.33,30076.31,191876.926428,-0.1164005946225439,2519.71,2530.78,2225.0,2228.55,1574924.9793,-0.1155529803032888,62.16,5846036.682,-0.1753780843725125,296.1,2137566.8702,-0.1680247260466422,64,-0.1574505389216938,0.852508875541389,0.2462849477306008,0.4037354866522946,0.3499795624811667,15.0,23.0,26.0,0.59375,0.234375,0.359375,0.40625,0.1399712930209856,0.1372102936887214,0.1164005946225439,0.1155529803032888
2022-05-10,30074.23,32658.99,29730.4,31017.1,165532.00311,0.0312801005176497,2229.0,2457.34,2200.0,2342.05,1550626.1387,0.0509299768908033,66.9,7855041.331,0.0762548262548263,319.1,2160654.1754,0.077676460655184,60,0.0285181308398023,0.7788677707314491,0.3060916912586738,0.2775735604188715,0.4163347458466886,18.0,24.0,18.0,0.75,0.3,0.4,0.3,0.0944185626638209,0.109878098247262,0.0312801005176497,0.0509299768908033
2022-05-11,31017.11,32162.59,27785.0,29103.94,207063.739278,-0.0616808147763653,2342.04,2451.37,2005.0,2084.99,2022864.83806,-0.1097585448645419,50.9,11626123.021,-0.2391629297458894,271.5,3387753.9826,-0.1491695393293639,58,-0.2533121710273854,0.8177615609662287,0.1706682339647848,0.4239804049921704,0.4053513602642664,8.0,26.0,24.0,0.7068965517241379,0.1379310344827586,0.4482758620689655,0.4137931034482758,0.1504122809489024,0.2140873577331306,0.0616808147763653,0.1097585448645419
2022-05-12,29103.94,30243.0,26700.0,29029.75,204507.263138,-0.0025491393948722,2084.99,2195.0,1800.0,1960.22,2305192.90836,-0.0598420136307606,44.64,13635820.465,-0.1229862475442042,269.0,4499625.6033,-0.009208103130755,61,-0.2446279164144128,0.811950077776049,0.1960626120114179,0.4406905284258308,0.3632468579367536,10.0,23.0,28.0,0.9672131147540984,0.1639344262295081,0.3770491803278688,0.4590163934426229,0.1220472101895469,0.2015079940006734,0.0025491393948722,0.0598420136307606
2022-05-13,29029.74,31083.37,28751.67,29287.05,97872.36957,0.00886332124803,1960.22,2147.54,1940.23,2009.69,1134042.3387,0.0252369631980085,48.92,8718594.5,0.0958781362007168,290.6,1912387.361,0.0802973977695167,55,-0.0389481508003717,0.7938769703561609,0.3160707441243258,0.3550188949246974,0.3289103547280484,17.0,17.0,21.0,1.0909090909090908,0.3090909090909091,0.3090909090909091,0.3818181818181818,0.0796153931515806,0.1031552129930486,0.00886332124803,0.0252369631980085
2022-05-14,29287.05,30343.27,28630.0,30086.74,51095.87863,0.0273052424194311,2009.69,2070.06,1951.21,2056.48,563788.3078,0.0232821977518919,52.43,5099487.21,0.071749795584628,296.9,1092874.023,0.0216792842395043,38,0.0885011191528878,0.8316390608486376,0.3144558860773319,0.2259547669244439,0.4595893432239168,12.0,18.0,8.0,1.0263157894736843,0.3157894736842105,0.4736842105263157,0.2105263157894736,0.0569443548885655,0.0577929277211545,0.0273052424194311,0.0232821977518919
2022-05-15,30086.74,31460.0,29480.0,31328.89,46275.66912,0.0412856294832872,2056.47,2167.0,2000.68,2145.29,514398.2587,0.0431854430872169,58.83,3885558.77,0.1220675185962234,312.4,774709.231,0.0522061300101044,30,-0.0701772478874772,0.7979990243911743,0.1835496194195002,0.2537268673069774,0.5627235216399034,3.0,19.0,8.0,0.8333333333333334,0.1,0.6333333333333333,0.2666666666666666,0.0632004517236327,0.0775279799001533,0.0412856294832872,0.0431854430872169
2022-05-16,31328.89,31328.9,29087.04,29874.01,73082.19658,-0.0464389258604438,2145.29,2145.29,1979.12,2023.66,822070.8531,-0.056696297470272,53.79,5418221.63,-0.085670576236614,297.2,967622.834,-0.0486555697823303,65,0.034640531700391,0.8201768985161415,0.2711135824425862,0.2364730507421951,0.4924133779051212,16.0,33.0,16.0,0.953846153846154,0.2461538461538461,0.5076923076923077,0.2461538461538461,0.0750438257200824,0.0821135961574573,0.0464389258604438,0.056696297470272
2022-05-17,29874.01,30788.37,29450.38,30444.93,56724.13307,0.0191109261863406,2023.66,2122.42,2008.0,2090.72,568249.0448,0.0331379777235305,57.02,4346066.59,0.0600483361219559,306.2,702265.607,0.0302826379542395,48,-0.2184146144524371,0.8256901366015276,0.1852808405819814,0.4036954550344186,0.4110237099812366,6.0,20.0,22.0,0.8958333333333334,0.125,0.4166666666666667,0.4583333333333333,0.043947875721836,0.0547275579704599,0.0191109261863406,0.0331379777235305
2022-05-18,30444.93,30709.99,28654.47,28715.32,59749.15799,-0.0568111012244074,2090.72,2110.72,1908.0,1915.11,631577.2341,-0.0839949873727711,49.93,4470848.03,-0.1243423360224482,287.7,731091.091,-0.0604180274330502,60,-0.1180756711789096,0.7952505623300871,0.2243985925257826,0.3424742637046923,0.4331271486201633,13.0,25.0,22.0,1.05,0.2166666666666666,0.4166666666666667,0.3666666666666666,0.0715826952302812,0.1058529275080803,0.0568111012244074,0.0839949873727711
2022-05-19,28715.33,30545.18,28691.38,30319.23,67877.36415,0.0558555502776914,1915.11,2040.39,1903.18,2019.55,741476.9794,0.0545347264647984,52.2,4794335.94,0.0454636491087523,307.1,685238.844,0.067431352102885,57,0.0685241862053149,0.7684132728660316,0.2673828134541971,0.1988586272488821,0.5337585622542783,16.0,30.0,11.0,1.1228070175438596,0.2807017543859649,0.5263157894736842,0.1929824561403508,0.0611427137166741,0.0679408779183481,0.0558555502776914,0.0545347264647984
2022-05-20,30319.22,30777.33,28730.0,29201.01,60517.25325,-0.0368815434956626,2019.55,2064.0,1923.0,1959.08,576981.5371,-0.0299423138818053,49.43,4811635.67,-0.0530651340996168,302.2,918118.177,-0.0159557147508956,46,0.140552262785723,0.7764265258675036,0.3561662602764757,0.2156139974907526,0.4282197318161311,14.0,22.0,10.0,1.1956521739130437,0.3043478260869565,0.4782608695652174,0.217391304347826,0.0701116160023232,0.0719725585478898,0.0368815434956626,0.0299423138818053
2022-05-21,29201.01,29656.18,28947.28,29445.06,20987.13124,0.0083575876313868,1959.08,1990.86,1937.36,1975.07,238869.7632,0.0081619944055373,50.31,1969104.94,0.0178029536718593,312.4,470778.483,0.0337524818001322,35,-0.0905841909082872,0.8346978766577584,0.147280743452055,0.2378649343603423,0.6148543064083372,2.0,25.0,8.0,1.0857142857142856,0.0571428571428571,0.7142857142857143,0.2285714285714285,0.0240753457456021,0.0270876475264167,0.0083575876313868,0.0081619944055373
2022-05-22,29445.07,30487.99,29255.11,30293.94,36158.98748,0.0288292840972304,1975.06,2056.41,1966.33,2043.19,355735.1927,0.034489916813075,52.48,2723718.45,0.0431325780162987,319.4,640675.573,0.0224071702944943,27,0.2684821145850475,0.7425927155547671,0.3482909280530832,0.0798088134680356,0.5719002545983704,9.0,17.0,1.0,1.2962962962962965,0.3333333333333333,0.6296296296296297,0.037037037037037,0.0406972483605632,0.0440879213386909,0.0288292840972304,0.034489916813075
2022-05-23,30293.93,30670.51,28866.35,29109.15,63901.49932,-0.0391098021584513,2043.19,2088.5,1957.12,1973.32,636085.0224,-0.0341965260205855,49.17,4201654.88,-0.0630716463414633,317.2,1016212.871,-0.0068879148403255,60,0.0594171135065456,0.8140989606579144,0.3090292307548224,0.2496121172482768,0.4413586420938372,18.0,28.0,14.0,1.1666666666666667,0.3,0.4666666666666667,0.2333333333333333,0.0619791371441625,0.0665781525550848,0.0391098021584513,0.0341965260205855
2022-05-24,29109.14,29845.86,28669.0,29654.58,59442.96036,0.0187374073100725,1973.33,1993.83,1913.02,1979.41,534096.972,0.0030861695011452,49.67,3645448.65,0.0101688021151107,328.3,1087140.698,0.0349936948297604,52,-0.0004562731438244,0.8214120629888314,0.2475919426741221,0.2480482158179466,0.504359838158752,13.0,26.0,13.0,0.9807692307692308,0.25,0.5,0.25,0.0396856067427021,0.0408252964267129,0.0187374073100725,0.0030861695011452
2022-05-25,29654.58,30223.74,29294.21,29542.15,59537.38659,-0.0037913199242747,1979.4,2022.34,1934.61,1942.63,524786.3091,-0.0185812944261168,47.98,3294918.76,-0.0340245621099255,325.7,1057736.755,-0.0079195857447457,52,0.1497392944919948,0.783559246132007,0.2781378639360459,0.1283985694440511,0.5934635686616485,13.0,32.0,7.0,0.9615384615384616,0.25,0.6153846153846154,0.1346153846153846,0.0314645345717898,0.0451604268440207,0.0037913199242747,0.0185812944261168
2022-05-26,29542.14,29886.64,28019.56,29201.35,94581.65463,-0.0115360594946543,1942.64,1966.01,1735.0,1792.23,1168740.57514,-0.0774208161101187,43.44,7025986.74,-0.0946227594831179,303.0,1539437.598,-0.0696960392999692,60,0.0085563209373503,0.7708038051923116,0.2596564333265026,0.2511001123891522,0.489243458242466,12.0,33.0,15.0,1.0833333333333333,0.2,0.55,0.25,0.0639381398462741,0.1288952868772423,0.0115360594946543,0.0774208161101187
2022-05-27,29201.35,29397.66,28282.9,28629.8,90998.5201,-0.0195727252335936,1792.24,1822.26,1703.0,1727.27,1296693.28537,-0.0362453479743113,41.17,7547814.8,-0.0522559852670349,301.6,1460549.008,-0.0046204620462045,54,-0.0511243289284822,0.8215666203587143,0.2333923963208992,0.2845167252493815,0.4820908837158371,10.0,28.0,16.0,0.8888888888888888,0.1851851851851851,0.5185185185185185,0.2962962962962963,0.0389370516035738,0.0690453721769034,0.0195727252335936,0.0362453479743113
2022-05-28,28629.81,29266.0,28450.0,29031.33,34479.35127,0.0140248971351528,1727.26,1808.98,1722.26,1792.22,558271.1818,0.0376026909516173,44.25,4317517.06,0.0748117561331065,307.5,601654.504,0.0195623342175066,36,-0.0462649362161755,0.8436533775594499,0.1906738515632847,0.2369387877794603,0.5723873467391564,6.0,23.0,7.0,0.8055555555555556,0.1666666666666666,0.6388888888888888,0.1944444444444444,0.0281075651718333,0.0483869167847697,0.0140248971351528,0.0376026909516173
2022-05-29,29031.33,29587.78,28839.21,29468.1,27567.34764,0.015044780931497,1792.21,1827.4,1759.96,1813.64,432430.611,0.0119516577205924,44.98,4628871.1,0.0164971751412428,305.8,519507.747,-0.0055284552845528,33,0.0303154329797535,0.8088231736963446,0.2568173285743051,0.2265018955945516,0.5166807803466464,8.0,18.0,7.0,0.8181818181818182,0.2424242424242424,0.5454545454545454,0.2121212121212121,0.0254027236231721,0.0371848878498489,0.015044780931497,0.0119516577205924
2022-05-30,29468.1,32222.0,29299.62,31734.22,96785.9476,0.0769007842378708,1813.64,2013.0,1803.18,1998.78,814922.8359,0.1020820008380933,47.22,5476313.14,0.0497999110715874,321.8,1006928.231,0.0523217789404839,70,-0.0136200178547629,0.8219242236443929,0.3050819836024727,0.3187020014572356,0.3762160173218165,21.0,25.0,24.0,0.7142857142857143,0.3,0.3571428571428571,0.3428571428571428,0.0920892336411609,0.104974034160838,0.0769007842378708,0.1020820008380933
2022-05-31,31734.23,32399.0,31200.01,31801.04,62433.11632,0.002105613435591,1998.78,2016.45,1925.0,1941.9,751103.4226,-0.0284573589889832,45.77,4479536.73,-0.0307073274036424,320.9,701746.39,-0.0027967681789932,70,0.2120648232155612,0.8111075788736344,0.4253826700150966,0.2133178467995353,0.3612994916204894,31.0,24.0,15.0,0.7714285714285715,0.4428571428571428,0.3428571428571428,0.2142857142857142,0.0377028550009685,0.0470930531953241,0.002105613435591,0.0284573589889832
2022-06-01,31801.05,31982.97,29301.0,29805.83,103395.63382,-0.0627404009428622,1941.9,1972.58,1763.75,1817.95,1037841.2706,-0.0638292394047067,40.11,4778696.94,-0.1236617871968539,300.4,817984.609,-0.0638828295419133,63,0.1511690146881081,0.8125757305395036,0.3682667231187224,0.2170977084306142,0.414635563062297,25.0,25.0,13.0,0.8888888888888888,0.3968253968253968,0.3968253968253968,0.2063492063492063,0.0899813895469443,0.114871146071124,0.0627404009428622,0.0638292394047067
2022-06-02,29805.84,30689.0,29594.55,30452.62,56961.42928,0.0217001170576358,1817.96,1853.05,1782.42,1834.08,788784.4017,0.0088726312604856,40.85,5153870.27,0.0184492645225629,308.3,477670.4,0.0262982689747004,54,0.0897156674311392,0.8042963169239186,0.3299292283546593,0.24021356092352,0.4298572114116891,18.0,24.0,12.0,0.5555555555555556,0.3333333333333333,0.4444444444444444,0.2222222222222222,0.0359394364097407,0.0385097705661693,0.0217001170576358,0.0088726312604856
2022-06-03,30452.63,30699.0,29282.36,29700.21,54067.44727,-0.0247075621079565,1834.09,1843.91,1737.0,1775.12,741282.5346,-0.0321469074413329,38.28,4437324.64,-0.0629130966952264,298.6,468996.677,-0.0314628608498215,54,-0.0093897271866875,0.7973820666472117,0.2669554343274621,0.2763451615141497,0.4566994127989919,13.0,27.0,14.0,0.7777777777777778,0.2407407407407407,0.5,0.2592592592592592,0.0476979792398774,0.060226914236784,0.0247075621079565,0.0321469074413329
2022-06-04,29700.21,29988.88,29485.0,29864.04,25617.90113,0.0055161226132744,1775.13,1816.0,1748.43,1804.58,388279.4579,0.0165960611113615,39.0,3736176.79,0.0188087774294669,301.3,293533.108,0.0090421969189551,28,-0.1274466087176863,0.8236255049705505,0.2039100658481142,0.3313566745658006,0.4647332635774676,5.0,15.0,8.0,0.8928571428571429,0.1785714285714285,0.5357142857142857,0.2857142857142857,0.0168724660159844,0.0374436156889691,0.0055161226132744,0.0165960611113615
2022-06-05,29864.03,30189.0,29531.42,29919.21,23139.9281,0.0018473722912237,1804.58,1830.17,1773.05,1806.23,371974.5061,0.0009143401788782,38.52,3618511.38,-0.0123076923076922,299.1,269695.901,-0.0073016926651178,31,0.0171215258118125,0.8027214965512676,0.3011017278017055,0.283980201989893,0.4149180688865242,9.0,13.0,9.0,1.0,0.2903225806451613,0.4193548387096774,0.2903225806451613,0.0219785214917105,0.031623879572369,0.0018473722912237,0.0009143401788782
2022-06-06,29919.2,31765.64,29890.23,31373.1,68836.92456,0.0485938632737963,1806.22,1920.0,1804.35,1859.84,804250.3567,0.0296806054599911,42.39,6823258.3,0.1004672897196261,295.1,758590.86,-0.0133734536944165,64,0.1914964970637811,0.7660615714266896,0.3622729330818401,0.170776436018059,0.466950630856445,24.0,31.0,9.0,0.921875,0.375,0.484375,0.140625,0.0597776439051289,0.0621827684101858,0.0485938632737963,0.0296806054599911
2022-06-07,31373.1,31589.6,29218.96,31125.33,110674.51658,-0.0078975300496284,1859.84,1874.98,1725.13,1813.33,1397598.2288,-0.0250075275292498,39.31,7677286.83,-0.0726586459070535,290.3,969784.619,-0.0162656726533378,85,0.1447548902812687,0.7983576501117033,0.3239117472816039,0.1791568570003351,0.4969313897630747,26.0,44.0,15.0,1.0941176470588236,0.3058823529411765,0.5176470588235295,0.1764705882352941,0.0761643330367902,0.0826380195551829,0.0078975300496284,0.0250075275292498
2022-06-08,31125.32,31327.22,29843.88,30204.77,68542.61276,-0.0295759113236711,1813.33,1838.77,1765.28,1791.88,941510.1373,-0.0118290658622532,38.83,3988154.3,-0.0122106334266091,288.5,509510.455,-0.0062004822597313,94,0.0018675547796598,0.8281703099925467,0.2564544085948232,0.2545868538151633,0.4889587337507846,20.0,49.0,25.0,1.0851063829787233,0.2127659574468085,0.5212765957446809,0.2659574468085106,0.0491094618498998,0.0410127910351139,0.0295759113236711,0.0118290658622532
2022-06-09,30204.77,30700.0,29944.1,30109.93,46291.1865,-0.0031399014129225,1791.88,1833.0,1777.33,1788.81,535310.9618,-0.0017132843717213,39.96,4587327.75,0.0291012104043266,289.9,335495.073,0.0048526863084921,26,0.1232170738423099,0.7895099887481103,0.4253232037075437,0.3021061298652336,0.2725706584035203,12.0,6.0,8.0,0.9615384615384616,0.4615384615384615,0.2307692307692307,0.3076923076923077,0.0251046747700842,0.0311212482041133,0.0031399014129225,0.0017132843717213
2022-06-10,30109.93,30382.8,28850.0,29091.88,76204.2498,-0.0338111048414924,1788.8,1804.32,1655.93,1662.91,955035.79239,-0.0703819857894353,37.17,4364643.34,-0.0698198198198197,286.4,817523.364,-0.0120731286650569,13,0.0936401312669309,0.7593561640152564,0.3091168182973678,0.2154766870304368,0.4754064952094967,4.0,6.0,3.0,0.8461538461538461,0.3076923076923077,0.4615384615384615,0.2307692307692307,0.0526882415299389,0.0892351359965361,0.0338111048414924,0.0703819857894353
2022-06-11,29091.87,29440.41,28099.99,28424.7,65901.39895,-0.0229335470928657,1662.91,1682.21,1496.74,1532.89,1220325.2542,-0.0781882362845854,33.93,4638154.317,-0.0871670702179177,269.9,584351.456,-0.0576117318435753,12,0.1983226378991579,0.7824614743391672,0.3441097900116195,0.1457871521124616,0.5101030534133315,3.0,7.0,2.0,0.75,0.25,0.5833333333333334,0.1666666666666666,0.0471568741270795,0.1209936786070755,0.0229335470928657,0.0781882362845854
2022-06-12,28424.71,28544.96,26560.0,26574.53,92474.598809,-0.0650902208290677,1532.89,1547.0,1423.0,1434.84,1563225.37018,-0.0639641461553015,30.61,6810748.104,-0.0978485116416151,254.8,827755.035,-0.0559466469062615,3,-0.3343613287433982,0.7382125457127889,0.2120700987676779,0.5464314275110761,0.2414984678228695,1.0,0.0,2.0,1.0,0.3333333333333333,0.0,0.6666666666666666,0.0746940773740871,0.0864207855928187,0.0650902208290677,0.0639641461553015
2022-06-13,26574.53,26895.84,21925.77,22487.41,254611.034966,-0.153798392671479,1434.84,1455.0,1165.45,1209.82,3626351.66536,-0.1568258481781941,28.6,13336972.466,-0.0656648154197974,223.0,2377589.4089,-0.1248037676609105,16,-0.2907046558102593,0.8115046732127666,0.2109867215622216,0.5016913773724809,0.2873218890745192,3.0,4.0,9.0,1.0625,0.1875,0.25,0.5625,0.221015670546319,0.239333123935792,0.153798392671479,0.1568258481781941
2022-06-14,22485.27,23362.88,20846.0,22136.41,187201.64671,-0.015608733953799,1209.35,1268.45,1075.8,1208.9,2716493.80131,-0.0007604437023688,29.59,11437619.27,0.0346153846153844,223.0,1922025.0844,0.0,14,-0.2450344980960445,0.7809288161141532,0.1987033803681177,0.4437378784641623,0.3575587395046438,2.0,6.0,6.0,0.7857142857142857,0.1428571428571428,0.4285714285714285,0.4285714285714285,0.113698653033622,0.1593597485317231,0.015608733953799,0.0007604437023688
2022-06-15,22136.42,22800.0,20111.62,22583.72,200774.493467,0.0202069802646409,1208.9,1250.0,1014.4,1237.52,3114823.13621,0.0236744147572172,34.76,12673444.09,0.174721189591078,233.6,2105397.5515,0.0475336322869954,14,-0.1245743012987077,0.8195422760077885,0.3146078720954912,0.4391821733941988,0.2462099568386162,4.0,4.0,6.0,0.9285714285714286,0.2857142857142857,0.2857142857142857,0.4285714285714285,0.1190406186403303,0.1903807615230461,0.0202069802646409,0.0236744147572172
2022-06-16,22583.72,22995.73,20232.0,20401.31,99673.59429,-0.0966364265940243,1237.53,1257.85,1051.55,1068.5,1447386.8304,-0.1365796108345723,30.12,10418712.66,-0.1334867663981587,210.2,975592.873,-0.1001712328767123,13,-0.1714789555049859,0.873749343248514,0.2535351301328493,0.4250140856378354,0.3214507759190522,3.0,4.0,6.0,0.6923076923076923,0.2307692307692307,0.3076923076923077,0.4615384615384615,0.1354682615969268,0.1930744033692091,0.0966364265940243,0.1365796108345723
2022-06-17,20400.6,21365.43,20246.66,20468.81,86694.33663,0.0033086110646816,1068.5,1118.0,1051.11,1086.94,1220677.9491,0.0172578380907815,30.71,6274370.5,0.0195883134130145,215.8,690834.308,0.026641294005709,7,-0.1182180696300098,0.8015421203204564,0.1909181463665195,0.3091362159965293,0.4999456259288958,1.0,4.0,2.0,0.2857142857142857,0.1428571428571428,0.5714285714285714,0.2857142857142857,0.0546573054320207,0.0615397354039782,0.0033086110646816,0.0172578380907815
2022-06-18,20468.81,20792.06,17622.0,18970.79,196441.655524,-0.073185495395189,1086.93,1097.58,881.56,995.13,2308983.5187,-0.0844664838905552,32.02,9330644.34,0.0426571149462715,197.0,1404690.4959,-0.087117701575533,8,-0.4303162593860179,0.9025859385728836,0.0614057488273828,0.4917220082134008,0.4468722413294017,0.0,4.0,4.0,0.75,0.0,0.5,0.5,0.1671021607429106,0.2170771657974335,0.073185495395189,0.0844664838905552
2022-06-19,18970.79,20815.95,17960.41,20574.0,128320.87595,0.0845093957605349,995.12,1158.62,936.15,1128.53,2018599.4499,0.1340528373177374,34.19,9253122.78,0.0677701436602122,215.1,1102166.171,0.0918781725888324,12,-0.2136465947454174,0.7582737257083257,0.2449421766214072,0.4585887713668247,0.2964690417672197,3.0,3.0,6.0,0.6666666666666666,0.25,0.25,0.5,0.1387936230193448,0.1971325529671341,0.0845093957605349,0.1340528373177374
2022-06-20,20574.0,21090.0,19637.03,20573.89,109028.94154,-5.346553903051721e-06,1128.53,1170.0,1053.0,1128.24,1721772.9132,-0.0002569714584459,35.24,8218146.8,0.0307107341327874,216.5,880400.844,0.0065086006508601,23,-0.0868247695996061,0.7951175803723542,0.2461943708603148,0.333019140459921,0.4207864760056786,5.0,11.0,7.0,0.6086956521739131,0.217391304347826,0.4782608695652174,0.3043478260869565,0.0706220359883328,0.1037013401403956,5.346553903051721e-06,0.0002569714584459
2022-06-21,20573.9,21723.0,20348.4,20723.52,104371.0749,0.0072728103435957,1128.24,1194.0,1109.23,1125.85,1306095.3757,-0.0021183436148337,36.42,7429098.76,0.0334846765039726,220.1,829003.565,0.0166281755196304,19,0.1773026447596126,0.7808226299913306,0.3865256063198964,0.2092229615602837,0.4042514470454893,7.0,8.0,4.0,0.5263157894736842,0.3684210526315789,0.4210526315789473,0.2105263157894736,0.0663304303516004,0.0752942221432695,0.0072728103435957,0.0021183436148337
2022-06-22,20723.51,20900.0,19770.51,19987.99,92133.97938,-0.035492522505829,1125.86,1127.33,1043.65,1050.19,1306959.8593,-0.0672025580672379,34.12,6494707.01,-0.0631521142229545,214.4,690466.465,-0.0258973194002725,18,0.0888655886260999,0.7729659809006585,0.349846381176677,0.260980792550577,0.3891728287562728,6.0,6.0,6.0,0.7222222222222222,0.3333333333333333,0.3333333333333333,0.3333333333333333,0.0565084333142052,0.079680819661204,0.035492522505829,0.0672025580672379
2022-06-23,19988.0,21233.0,19890.07,21110.13,83127.08716,0.056140712497855,1050.19,1155.0,1045.3,1144.72,1278257.0899,0.0900122834915586,38.15,7002610.45,0.1181125439624855,228.9,783796.952,0.0676305970149253,17,0.1749372710747753,0.7759819626808167,0.3764849029043141,0.2015476318295387,0.4219674731002134,7.0,7.0,3.0,0.4705882352941176,0.4117647058823529,0.4117647058823529,0.1764705882352941,0.0636154301276212,0.0958312949891676,0.056140712497855,0.0900122834915586
2022-06-24,21110.12,21558.41,20736.72,21237.69,77430.36622,0.0060425966112003,1144.71,1245.43,1132.0,1225.02,1337137.483,0.0701481585016423,41.91,6583046.23,0.0985583224115334,240.2,707275.387,0.0493665356050676,17,0.1251363011405748,0.8243159160894507,0.3251971572856692,0.2000608561450944,0.4747419770368758,4.0,10.0,3.0,0.6470588235294118,0.2352941176470588,0.5882352941176471,0.1764705882352941,0.0386901776982336,0.0925944066219327,0.0060425966112003,0.0701481585016423
2022-06-25,21237.68,21614.5,20906.62,21491.19,51431.67794,0.0119363264083804,1225.02,1256.77,1180.0,1242.36,861986.6177,0.0141548709408825,42.22,4294211.07,0.0073968026723931,239.7,490948.31,-0.0020815986677769,10,0.1025309543125331,0.8217911899089814,0.3168431394733488,0.2143121851608157,0.4688446747139096,3.0,5.0,2.0,1.0,0.3,0.5,0.2,0.0329381481434951,0.0617936829904375,0.0119363264083804,0.0141548709408825
2022-06-26,21491.18,21888.0,20964.73,21038.07,53278.10464,-0.0210839883691875,1242.31,1280.0,1194.6,1197.79,884184.273,-0.035875269648089,39.39,4024143.84,-0.0670298436759828,233.9,456762.547,-0.0241969128076762,6,0.26425406569615,0.764296273390452,0.3049186610927184,0.0406645953965683,0.6544167374571165,1.0,5.0,0.0,0.3333333333333333,0.1666666666666666,0.8333333333333334,0.0,0.0438856796274563,0.0712979737683568,0.0210839883691875,0.035875269648089
2022-06-27,21038.08,21539.85,20510.0,20742.56,64475.0013,-0.0140464405717823,1197.79,1238.93,1172.49,1192.51,868734.2061,-0.0044081182845072,38.52,4172937.4,-0.022086824067022,233.8,483616.798,-0.0004275331338178,17,0.1332035298623582,0.8407901157351101,0.3311124359641004,0.1979089061017422,0.4709786534966791,5.0,9.0,3.0,0.6470588235294118,0.2941176470588235,0.5294117647058824,0.1764705882352941,0.0496491272051279,0.0557144174891615,0.0140464405717823,0.0044081182845072
2022-06-28,20742.57,21212.1,20202.01,20281.29,63801.0832,-0.0222378529940373,1192.51,1237.99,1136.32,1144.05,1104065.2211,-0.0406369757905594,35.35,5581335.85,-0.0822949117341641,226.9,632626.779,-0.0295124037639007,20,-0.0891733995638787,0.7926371067762374,0.1934417052194475,0.2826151047833263,0.5239431941881776,3.0,12.0,5.0,0.65,0.15,0.6,0.25,0.0498040312031434,0.0888684935098991,0.0222378529940373,0.0406369757905594
2022-06-29,20281.28,20432.31,19854.92,20123.01,77309.04379,-0.0078042373044319,1144.05,1156.8,1087.42,1100.21,1295517.796,-0.0383200034963505,34.05,5755278.44,-0.0367751060820369,219.7,711780.691,-0.0317320405464963,17,0.0211721124017939,0.7988998574369094,0.3005076892235699,0.279335576821776,0.4201567350503276,5.0,8.0,4.0,0.5294117647058824,0.2941176470588235,0.4705882352941176,0.2352941176470588,0.0286930235586029,0.0630606884140299,0.0078042373044319,0.0383200034963505
2022-06-30,20123.0,20179.08,18626.0,19942.21,93846.64806,-0.0089847393605628,1100.21,1106.62,998.0,1071.01,1420670.3656,-0.026540387744158,33.76,5337105.46,-0.0085168869309838,219.6,791526.898,-0.0004551661356394,10,-0.4552135370206088,0.8543392896652222,0.1649144746363162,0.6201280116569251,0.2149575240910052,1.0,2.0,7.0,0.7,0.1,0.2,0.7,0.0778790314614078,0.1014182874109484,0.0089847393605628,0.026540387744158
2022-07-01,19942.21,20918.35,18975.0,19279.8,111844.59494,-0.033216479016117,1071.02,1117.0,1033.44,1059.73,1562255.1439,-0.0105321145460826,32.84,6155756.76,-0.027251184834123,216.9,816261.885,-0.012295081967213,8,-0.2079460623208433,0.8636685237288475,0.1774467633804306,0.385392825701274,0.4371604253537953,1.0,4.0,3.0,0.625,0.125,0.5,0.375,0.1007972074399111,0.0788502731827918,0.033216479016117,0.0105321145460826
2022-07-02,19279.8,19467.39,18977.01,19252.81,46180.3021,-0.0013999107874561,1059.73,1078.88,1028.29,1067.01,714812.0804,0.0068696743510139,33.36,2740500.19,0.0158343483556637,218.3,342712.099,0.0064545873674504,4,-0.2009593788534402,0.8471646308898926,0.2349383202381431,0.4358976990915835,0.3291639825329184,1.0,1.0,2.0,0.5,0.25,0.25,0.5,0.0254705676729786,0.0474128639844051,0.0013999107874561,0.0068696743510139
2022-07-03,19252.82,19647.63,18781.0,19315.83,51087.46631,0.0032732884186776,1067.01,1088.34,1040.78,1074.26,644746.3337,0.0067946879598128,33.39,2394572.39,0.0008992805755396,219.2,361103.065,0.004122766834631,10,-0.0571420061867684,0.7702616274356842,0.2009815949946641,0.2581236011814325,0.5408948104828596,1.0,7.0,2.0,0.2,0.1,0.7,0.2,0.0448663091360816,0.0442723363059221,0.0032732884186776,0.0067946879598128
2022-07-04,19315.83,20354.01,19055.31,20236.71,74814.04601,0.0476748863496934,1074.26,1160.9,1045.37,1151.0,1150108.9861,0.0714352205238955,36.71,4064615.13,0.0994309673554956,231.5,514662.946,0.0561131386861315,10,-0.0172329036984592,0.8289625406265259,0.4266016844194382,0.4438345881178975,0.1295637354254722,5.0,1.0,4.0,0.5,0.5,0.1,0.4,0.0641754514444293,0.1003735881841878,0.0476748863496934,0.0714352205238955
2022-07-05,20236.71,20750.0,19304.4,20175.83,96041.13756,-0.0030083941510253,1151.01,1174.9,1076.34,1132.5,1398961.4495,-0.0160729800173762,35.4,6098472.04,-0.0356850994279488,230.8,684927.621,-0.0030237580993519,12,-0.0345718916505575,0.8454004128774008,0.2511756168678402,0.2857475085183977,0.4630768876522779,3.0,6.0,3.0,0.5,0.25,0.5,0.25,0.0716500882491574,0.087028697571744,0.0030083941510253,0.0160729800173762
2022-07-06,20175.84,20675.22,19761.25,20564.51,82439.5808,0.0192646349617338,1132.51,1205.0,1111.44,1186.57,1211768.0757,0.0477439293598234,37.04,5298552.9,0.0463276836158192,238.6,644951.713,0.033795493934142,12,0.0700829876586794,0.8226645042498907,0.3617678817827254,0.2916848941240459,0.3465472167978684,4.0,4.0,4.0,0.8333333333333334,0.3333333333333333,0.3333333333333333,0.3333333333333333,0.0444440446186172,0.0788491197316634,0.0192646349617338,0.0477439293598234
2022-07-07,20564.51,21838.1,20251.68,21624.98,85014.58261,0.0515679683104532,1186.57,1254.29,1163.18,1237.49,1001316.079,0.0429136081309995,38.46,4091777.28,0.0383369330453564,241.4,488193.225,0.0117351215423302,13,0.0691011720695174,0.8328384711192205,0.2346573671899162,0.1655561951203988,0.5997864300241837,3.0,8.0,2.0,0.4615384615384615,0.2307692307692307,0.6153846153846154,0.1538461538461538,0.0733605302756348,0.0736248373724231,0.0515679683104532,0.0429136081309995
2022-07-08,21624.99,22527.37,21189.26,21594.75,403081.57349,-0.0013979203680187,1237.49,1276.46,1193.15,1214.04,1189518.3631,-0.0189496480779642,38.12,5277992.76,-0.0088403536141447,240.7,643936.034,-0.0028997514498757,12,0.0613333310078208,0.8128767261902491,0.2395061487331986,0.1781728177253777,0.5823210397114357,2.0,8.0,2.0,0.4166666666666667,0.1666666666666666,0.6666666666666666,0.1666666666666666,0.0619645978767987,0.0686221211821685,0.0013979203680187,0.0189496480779642
2022-07-09,21594.75,21980.0,21322.12,21591.83,178417.84468,-0.0001352180506835,1214.03,1235.4,1204.67,1217.02,576337.1809,0.0024546143454911,38.06,2088073.86,-0.0015739769150051,243.3,267778.165,0.0108018280016619,6,0.1218966998470326,0.8192871709664663,0.4139349921606481,0.2920382923136154,0.2940266970545053,3.0,1.0,2.0,0.3333333333333333,0.5,0.1666666666666666,0.3333333333333333,0.0304689319988162,0.0252502013113999,0.0001352180506835,0.0024546143454911
2022-07-10,21592.15,21607.65,20655.0,20862.47,192188.21556,-0.0337794434283708,1217.02,1219.95,1153.0,1168.36,1018038.6506,-0.0399829090729816,36.71,2181587.6,-0.035470310036784,234.7,396712.237,-0.0353473078503905,3,0.3115424861510594,0.8944517970085144,0.3340236494938532,0.0224811633427937,0.6434951995809872,1.0,2.0,0.0,0.0,0.3333333333333333,0.6666666666666666,0.0,0.0456633370832888,0.0573025437365196,0.0337794434283708,0.0399829090729816
2022-07-11,20861.11,20868.48,19875.23,19963.61,137535.40724,-0.0430850230102188,1168.37,1171.29,1091.71,1096.4,1201652.3048,-0.0615906056352492,33.42,2927967.37,-0.0896213565785889,225.6,419335.067,-0.0387729015764806,12,0.354593466501683,0.8536248256762823,0.5374647386682531,0.1828712721665699,0.2796639869920909,7.0,3.0,2.0,0.5833333333333334,0.5833333333333334,0.25,0.1666666666666666,0.049753025630134,0.0725829989055088,0.0430850230102188,0.0615906056352492
2022-07-12,19963.61,20059.42,19240.0,19328.75,139506.45862,-0.0318008616678046,1096.37,1098.26,1033.46,1038.58,1261349.6321,-0.0527362276541409,32.68,3202970.4,-0.0221424296828247,220.6,410220.066,-0.0221631205673759,7,-0.5302640356655631,0.8299878750528608,0.0653334109644804,0.5955974466300437,0.3390691551778997,0.0,2.0,5.0,1.0,0.0,0.2857142857142857,0.7142857142857143,0.0423938433680397,0.0623928825896897,0.0318008616678046,0.0527362276541409
2022-07-13,19331.28,20366.61,18910.94,20234.87,209250.24888,0.0468793895104442,1038.58,1119.18,1006.32,1115.0,2035605.8299,0.073581235918273,34.94,4798032.13,0.0691554467564259,230.5,714589.61,0.0448776065276519,14,0.0907822520072971,0.7839476551328387,0.3102554152054446,0.2194731631981474,0.4702714101544448,5.0,6.0,3.0,0.5714285714285714,0.3571428571428571,0.4285714285714285,0.2142857142857142,0.0719386880172693,0.101219730941704,0.0468793895104442,0.073581235918273
2022-07-14,20234.87,20900.0,19616.07,20588.84,174809.21696,0.0174930701309177,1115.01,1214.65,1072.11,1193.42,1605101.9262,0.0703318385650224,37.15,5214767.02,0.0632512879221522,238.5,577524.874,0.03470715835141,13,0.1246640594819417,0.8936853454663203,0.4339498768632228,0.309285817381281,0.2567643064718979,6.0,3.0,4.0,1.1538461538461535,0.4615384615384615,0.2307692307692307,0.3076923076923077,0.0623604826692519,0.1194382530877647,0.0174930701309177,0.0703318385650224
2022-07-15,20588.84,21200.0,20382.29,20830.04,143343.3049,0.0117150844826614,1193.42,1287.82,1181.05,1231.25,1466037.2584,0.0316988151698478,37.36,4440629.04,0.0056527590847914,238.5,446513.822,0.0,17,0.0994926525608581,0.8502640478751239,0.2744957265060613,0.1750030739452032,0.5505012118202799,4.0,10.0,3.0,0.5294117647058824,0.2352941176470588,0.5882352941176471,0.1764705882352941,0.0392562856336329,0.0867167512690355,0.0117150844826614,0.0316988151698478
2022-07-16,20830.04,21588.94,20478.61,21195.6,121011.67393,0.0175496542493436,1231.25,1422.91,1191.23,1355.85,1493809.9226,0.101197969543147,39.58,3945225.2,0.0594218415417557,249.8,423399.994,0.0473794549266248,8,0.1207260907394811,0.8739556223154068,0.2826249988283962,0.161898908088915,0.5554760941304266,2.0,5.0,1.0,0.625,0.25,0.625,0.125,0.0523849289475173,0.17087435925803,0.0175496542493436,0.101197969543147
2022-07-17,21195.6,21684.54,20750.01,20798.16,118229.4525,-0.0187510615410745,1355.84,1387.0,1319.04,1338.65,1246202.8795,-0.01268576907475,38.62,3795951.41,-0.0242546740778171,247.8,436448.547,-0.0080064051240992,4,0.3089319369755685,0.8485097140073776,0.345146581530571,0.0362146445550024,0.618638779502362,1.0,3.0,0.0,0.5,0.25,0.75,0.0,0.0449333017920817,0.0507675643372054,0.0187510615410745,0.01268576907475
2022-07-18,20799.58,22777.63,20762.45,22432.58,239942.73132,0.078584836350908,1338.65,1597.47,1336.07,1581.04,2029918.76521,0.1810704814551973,43.52,6300282.95,0.1268772656654584,264.1,747067.029,0.0657788539144472,8,0.6261970726773143,0.8542389571666718,0.6878080547321588,0.0616109820548444,0.2505809522699564,6.0,2.0,0.0,0.5,0.75,0.25,0.0,0.0898327343533378,0.165334210393159,0.078584836350908,0.1810704814551973
2022-07-19,22432.58,23800.0,21579.54,23396.62,263770.76574,0.0429749944054582,1581.03,1631.0,1493.11,1542.32,1846048.6816,-0.0244902089763699,44.87,7876651.82,0.031020220588235,268.6,946386.94,0.0170390003786444,12,0.3102564990210036,0.8987416674693426,0.4248861608405908,0.1146296618195871,0.4604841951901714,5.0,6.0,1.0,0.3333333333333333,0.4166666666666667,0.5,0.0833333333333333,0.0949051615147828,0.0894042740806059,0.0429749944054582,0.0244902089763699
2022-07-20,23398.48,24276.74,22906.19,23223.3,238762.17094,-0.0074079076379408,1542.33,1620.4,1484.23,1521.58,1351177.4247,-0.0134472742362156,42.04,6380441.74,-0.0630710942723422,258.2,771496.808,-0.0387192851824275,13,0.0610110020408263,0.7754679597341098,0.3720730130489056,0.3110620110080792,0.3168649902710547,5.0,3.0,5.0,0.7692307692307693,0.3846153846153846,0.2307692307692307,0.3846153846153846,0.0590161604939867,0.0894925012158414,0.0074079076379408,0.0134472742362156
2022-07-21,23223.3,23442.77,22341.46,23152.19,184817.68191,-0.0030620109975757,1521.63,1605.98,1463.56,1575.45,1247327.4963,0.0354039879598839,43.11,6134099.29,0.025451950523311,265.6,545140.272,0.0286599535243998,12,0.0285118474857881,0.8224324931701025,0.3214656697430958,0.2929538222573076,0.3855804760629932,3.0,5.0,4.0,1.0,0.25,0.4166666666666667,0.3333333333333333,0.0475682861966838,0.090399568377289,0.0030620109975757,0.0354039879598839
2022-07-22,23152.19,23756.49,22500.0,22684.83,171598.43966,-0.0201864272883038,1575.45,1650.05,1516.11,1535.27,1170723.0873,-0.025503824304167,40.54,4495729.55,-0.0596149385293435,262.4,508542.317,-0.0120481927710844,11,0.2451298026876016,0.7626247080889615,0.4889148243448951,0.2437850216572934,0.2673001534898172,5.0,3.0,3.0,0.5454545454545454,0.4545454545454545,0.2727272727272727,0.2727272727272727,0.0553889978456969,0.0872419834947599,0.0201864272883038,0.025503824304167
2022-07-23,22684.83,23000.77,21934.57,22451.07,122137.77375,-0.0103046837908858,1535.27,1596.51,1488.0,1548.67,851284.7339,0.0087281064568447,39.97,3421971.49,-0.0140601874691662,259.2,488326.247,-0.0121951219512195,7,0.4059987756024514,0.7704115211963654,0.4848923315959317,0.0788935559934802,0.4362140933849981,4.0,3.0,0.0,0.1428571428571428,0.5714285714285714,0.4285714285714285,0.0,0.0474899414593603,0.0700665732531785,0.0103046837908858,0.0087281064568447
2022-07-24,22448.58,23014.64,22257.15,22579.68,115189.67277,0.0057284574855451,1548.66,1664.34,1545.67,1597.7,1009935.8997,0.0316594238927596,40.93,3327219.47,0.0240180135101326,261.4,333902.611,0.0084876543209875,5,-0.0859309174120425,0.7339768886566163,0.329157037474215,0.4150879548862576,0.2557550102472304,1.0,2.0,2.0,0.8,0.2,0.4,0.4,0.0335474196268502,0.0742755210615258,0.0057284574855451,0.0316594238927596
2022-07-25,22577.13,22666.0,21250.0,21310.9,180344.76643,-0.0561912303451598,1597.7,1609.55,1435.58,1440.79,1418390.9809,-0.0982099267697315,36.65,4237919.99,-0.1045687759589543,244.6,458768.533,-0.0642693190512623,12,-0.2613188890973106,0.8771772185961405,0.1197463842884947,0.3810652733858053,0.4991883253678679,1.0,6.0,5.0,0.8333333333333334,0.0833333333333333,0.5,0.4166666666666667,0.0664448709345921,0.1207462572616412,0.0561912303451598,0.0982099267697315
2022-07-26,21310.9,21347.82,20706.5,21254.67,177817.24326,-0.0026385558563929,1440.79,1454.11,1356.17,1449.12,1199643.7408,0.0057815503994336,36.25,4496178.57,-0.0109140518417462,249.4,365533.647,0.0196238757154538,14,-0.1381957224636738,0.8108223932129996,0.206368227456031,0.3445639499197049,0.4490678339664425,2.0,7.0,5.0,0.7857142857142857,0.1428571428571428,0.5,0.3571428571428571,0.0301731337160256,0.0675858452026056,0.0026385558563929,0.0057815503994336
2022-07-27,21254.67,23112.63,21042.53,22952.45,210971.19796,0.079877975052071,1449.12,1644.44,1420.83,1635.74,1513426.0413,0.1287816053880977,40.23,5860676.17,0.1097931034482757,271.6,656773.695,0.0890136327185244,12,0.1929903964822491,0.8364790777365366,0.3469521889152625,0.1539617924330134,0.4990860257918636,3.0,7.0,2.0,0.25,0.25,0.5833333333333334,0.1666666666666666,0.0901908075172803,0.1367026544560872,0.079877975052071,0.1287816053880977
2022-07-28,22954.31,24199.72,22582.13,23842.93,236029.0741,0.0387967297608751,1635.74,1784.79,1593.27,1724.52,1578145.07555,0.0542751292992773,42.91,6754342.15,0.0666169525229927,277.2,669832.4,0.0206185567010308,10,0.0365718023851513,0.8988527774810791,0.2389381671324371,0.2023663647472858,0.5586954543367029,2.0,6.0,2.0,0.3,0.2,0.6,0.2,0.0678435913706914,0.1110569897710667,0.0387967297608751,0.0542751292992773
2022-07-29,23845.25,24442.66,23414.03,23773.75,198298.50623,-0.0029014890367921,1724.52,1765.99,1655.02,1721.68,1205266.5703,-0.0016468350613503,41.91,4949319.15,-0.0233045910044278,293.6,1077799.221,0.0591630591630591,14,0.191766981933532,0.8363819015877587,0.5022567086187857,0.3104897266852536,0.1872535632657153,8.0,1.0,5.0,0.9285714285714286,0.5714285714285714,0.0714285714285714,0.3571428571428571,0.0432674693727325,0.0644544863156916,0.0029014890367921,0.0016468350613503
2022-07-30,23777.28,24668.0,23502.25,23643.51,151060.13211,-0.0054783111625217,1721.68,1744.85,1673.01,1697.0,735132.5286,-0.0143348357418335,43.84,5388479.3,0.0460510617990934,287.8,683111.103,-0.0197547683923705,10,0.1864314715377986,0.8541115105152131,0.4979445744305849,0.3115131028927862,0.1905423449352383,6.0,1.0,3.0,0.6,0.6,0.1,0.3,0.0493052850443948,0.0423335297583971,0.0054783111625217,0.0143348357418335
2022-07-31,23644.64,24194.82,23227.31,23293.32,127743.32483,-0.0148112526439602,1697.0,1754.69,1666.0,1678.12,696326.8079,-0.0111255156157926,42.35,3287571.37,-0.0339872262773722,283.4,564727.273,-0.0152883947185546,7,0.0838339114561677,0.751884468964168,0.3101377425981419,0.2263038311419742,0.4635584263929299,2.0,3.0,2.0,0.4285714285714285,0.2857142857142857,0.4285714285714285,0.2857142857142857,0.0415359424933843,0.0528508092389102,0.0148112526439602,0.0111255156157926
2022-08-01,23296.36,23509.68,22850.0,23268.01,144210.16219,-0.0010865776110919,1678.12,1704.68,1606.12,1630.28,801566.5648,-0.028508092389102,41.65,3302835.44,-0.0165289256198347,283.2,493847.804,-0.0007057163020465,10,0.3276731243357062,0.8277740240097046,0.4900997471064329,0.1624266227707266,0.3474736128002405,5.0,3.0,2.0,0.9,0.5,0.3,0.2,0.0283513716901445,0.0604558726108399,0.0010865776110919,0.028508092389102
2022-08-02,23266.9,23459.89,22654.37,22987.79,158073.28225,-0.0120431442138798,1630.28,1678.0,1559.28,1630.91,1081964.5104,0.0003864366857226,39.79,3598240.96,-0.0446578631452581,283.8,627814.081,0.0021186440677967,17,0.0491810618516276,0.8190431261763853,0.3557382745339589,0.3065572126823313,0.3377044978825484,7.0,5.0,5.0,0.8823529411764706,0.4117647058823529,0.2941176470588235,0.2941176470588235,0.0350412110081047,0.0727937163914624,0.0120431442138798,0.0003864366857226
2022-08-03,22985.93,23647.68,22681.22,22818.37,145948.80995,-0.0073699994649334,1630.91,1685.03,1589.71,1618.16,777724.7413,-0.007817721394804,38.54,8391441.54,-0.0314149283739633,297.5,685924.62,0.0482734319943622,7,-0.0619558260243918,0.8664616601807731,0.3512660384710345,0.4132218644954263,0.2355120828641312,3.0,1.0,3.0,0.4285714285714285,0.4285714285714285,0.1428571428571428,0.4285714285714285,0.0423544714192994,0.0589064122212883,0.0073699994649334,0.007817721394804
2022-08-04,22816.91,23223.32,22400.0,22622.98,154854.67016,-0.0085628377487085,1618.16,1662.79,1580.39,1607.96,735552.181,-0.0063034557769318,38.83,4151096.9,0.0075246497145822,311.8,808604.152,0.0480672268907562,13,0.0324444199840609,0.7825160989394555,0.2562883365899324,0.2238439166058714,0.5198677445833499,3.0,7.0,3.0,0.7692307692307693,0.2307692307692307,0.5384615384615384,0.2307692307692307,0.0363930834929792,0.0512450558471602,0.0085628377487085,0.0063034557769318
2022-08-05,22622.41,23472.86,22586.95,23312.42,175251.69749,0.030475207068211,1607.97,1742.07,1605.64,1736.81,1005846.4712,0.0801325903629444,40.55,3510687.91,0.0442956476950811,315.9,641807.573,0.0131494547787041,13,0.2671901237649413,0.7582156107975886,0.3724528886377811,0.1052627648728397,0.5222843530086371,4.0,8.0,1.0,0.8461538461538461,0.3076923076923077,0.6153846153846154,0.0769230769230769,0.0380016317482269,0.0785520580834978,0.030475207068211,0.0801325903629444
2022-08-06,23313.56,23354.36,22909.52,22954.21,83911.80307,-0.0153656291367433,1736.81,1749.93,1685.26,1690.6,523314.6444,-0.0266062493882462,40.07,1600652.0,-0.0118372379778051,315.2,394288.536,-0.0022158911047799,8,0.3020953824743628,0.858803316950798,0.4527339064516126,0.1506385239772498,0.396627569803968,3.0,4.0,1.0,1.0,0.375,0.5,0.125,0.01937945152545,0.0382526913521827,0.0153656291367433,0.0266062493882462
2022-08-07,22954.21,23402.0,22844.62,23174.39,88890.00877,0.0095921401782068,1690.6,1729.79,1668.0,1700.19,439904.764,0.0056725422926773,40.6,1745897.7,0.0132268530072374,322.8,415090.183,0.0241116751269037,12,0.2653023275391509,0.7890692353248596,0.3471893155947327,0.0818869880555818,0.5709237071375052,4.0,7.0,1.0,0.4166666666666667,0.3333333333333333,0.5833333333333334,0.0833333333333333,0.024051550008436,0.0363429969591633,0.0095921401782068,0.0056725422926773
2022-08-08,23174.39,24245.0,23154.25,23810.0,170958.44152,0.0274272591425275,1700.2,1818.0,1693.87,1777.05,781620.5443,0.0452067121909902,42.18,3823749.6,0.0389162561576355,324.9,580206.607,0.0065055762081782,17,-0.0773707208607126,0.8029181220952202,0.1587592973647748,0.2361300182254875,0.6051106803557452,2.0,11.0,4.0,0.7058823529411765,0.1176470588235294,0.6470588235294118,0.2352941176470588,0.0458105837883242,0.0698517205480994,0.0274272591425275,0.0452067121909902
2022-08-09,23810.98,23933.25,22865.0,23149.95,143182.50858,-0.0277215455690885,1777.05,1790.83,1667.93,1702.76,818171.1019,-0.0418052390197236,40.33,2832475.74,-0.043859649122807,324.4,500589.395,-0.0015389350569405,15,-0.0046880206093192,0.8253751357396444,0.1987138597294687,0.203401880338788,0.5978842565168937,2.0,10.0,3.0,0.7333333333333333,0.1333333333333333,0.6666666666666666,0.2,0.0461448080881384,0.0721769362681763,0.0277215455690885,0.0418052390197236
2022-08-10,23151.32,24226.0,22664.69,23954.05,208916.54953,0.0347344162730371,1702.76,1885.0,1656.78,1853.57,1317767.5127,0.0885679719984025,42.47,4467794.94,0.0530622365484751,328.8,831222.11,0.0135635018495685,14,0.2087295660416462,0.804369500705174,0.3726927506338273,0.1639631845921809,0.4633440650733454,4.0,8.0,2.0,0.7857142857142857,0.2857142857142857,0.5714285714285714,0.1428571428571428,0.0651793746777685,0.1231245650285665,0.0347344162730371,0.0885679719984025
2022-08-11,23954.05,24918.54,23852.13,23934.39,249759.79557,-0.0008207380380352,1853.58,1942.0,1850.32,1880.19,1105261.9009,0.0143614754231025,42.77,5808859.44,0.0070638097480575,323.6,549578.328,-0.0158150851581507,9,0.3392582437954843,0.853905631436242,0.5815110005852249,0.2422527567897405,0.176236245367262,6.0,1.0,2.0,0.8888888888888888,0.6666666666666666,0.1111111111111111,0.2222222222222222,0.0445555537450505,0.0487610294704259,0.0008207380380352,0.0143614754231025
2022-08-12,23933.09,24456.5,23583.0,24403.68,174207.5704,0.0196073515974295,1880.19,1964.71,1853.06,1958.28,717628.1015,0.0415330365548163,45.48,3376989.68,0.0633621697451483,327.9,384848.843,0.0132880098887513,4,0.247239138931036,0.8816951215267181,0.2893082769587636,0.0420691380277275,0.6686225752346218,1.0,3.0,0.0,1.0,0.25,0.75,0.0,0.0357937819214151,0.0570143186878281,0.0196073515974295,0.0415330365548163
2022-08-13,24401.7,24888.0,24291.22,24441.38,152852.25435,0.0015448489735974,1958.28,2020.0,1946.5,1983.55,695876.0293,0.0129041812202546,46.6,4706648.94,0.0246262093227793,324.3,405066.252,-0.010978956999085,12,0.1746070011674116,0.8182381192843119,0.4532681880518794,0.2786611868844678,0.2680706141206125,5.0,3.0,4.0,0.3333333333333333,0.4166666666666667,0.25,0.3333333333333333,0.0244167882500905,0.0370547755287237,0.0015448489735974,0.0129041812202546
2022-08-14,24443.06,25047.56,24144.0,24305.24,151206.14473,-0.0055700619195806,1983.55,2030.0,1906.0,1935.31,569583.4852,-0.0243200322653828,44.87,3476179.16,-0.0371244635193134,317.6,378353.918,-0.0206598828245451,12,0.1541184512122223,0.8757289201021194,0.4930513582658022,0.3389329070535798,0.1680157220301528,6.0,2.0,4.0,0.6666666666666666,0.5,0.1666666666666666,0.3333333333333333,0.0371755226444997,0.0640724225059551,0.0055700619195806,0.0243200322653828
2022-08-15,24305.25,25211.32,23773.22,24094.82,242539.54758,-0.0086573923976888,1935.32,2012.47,1872.31,1899.06,949162.3305,-0.0187308493212973,43.72,4145114.74,-0.0256295966124359,319.5,455916.278,0.0059823677581862,13,0.2501360582402692,0.8520444769125718,0.3807211897264306,0.1305851314861613,0.4886936959452354,5.0,7.0,1.0,1.0769230769230769,0.3846153846153846,0.5384615384615384,0.0769230769230769,0.0596850277362519,0.0738049350731415,0.0086573923976888,0.0187308493212973
2022-08-16,24093.04,24247.49,23671.22,23854.74,179324.94821,-0.0099639673589592,1899.05,1915.0,1853.0,1876.67,622729.1499,-0.0117900434952028,43.08,3604735.73,-0.0146386093321134,316.1,370975.919,-0.0106416275430358,19,0.1659537404530534,0.7796876587365803,0.4184865957420123,0.2525328552889588,0.3289805542873708,8.0,6.0,5.0,0.5789473684210527,0.4210526315789473,0.3157894736842105,0.2631578947368421,0.0241574630450803,0.0330372414969067,0.0099639673589592,0.0117900434952028
2022-08-17,23856.15,24446.71,23180.4,23342.66,210668.68766,-0.0214665932221437,1876.67,1959.43,1818.74,1834.25,951824.8975,-0.0226038674886901,40.54,4207333.0,-0.0589600742804085,306.9,504236.732,-0.0291047136981968,10,-0.0409911379218101,0.8121737837791443,0.2874815378338098,0.3284726757556199,0.3840458011254667,2.0,5.0,3.0,1.1,0.2,0.5,0.3,0.0542487445732404,0.0767016491754123,0.0214665932221437,0.0226038674886901
2022-08-18,23342.66,23600.0,23111.04,23191.2,144185.97011,-0.0064885492912974,1834.24,1882.37,1821.25,1846.39,606254.024,0.0066185089273544,39.52,2839363.98,-0.0251603354711394,298.1,409051.886,-0.0286738351254478,12,0.0684223734618474,0.6950671474138895,0.292835917789489,0.2244135443276415,0.4827505477393667,3.0,7.0,2.0,1.1666666666666667,0.25,0.5833333333333334,0.1666666666666666,0.0210838593949428,0.0331024323138664,0.0064885492912974,0.0066185089273544
2022-08-19,23191.45,23208.67,20783.57,20834.39,283995.87747,-0.1016251854151575,1846.39,1848.0,1602.37,1609.01,1419826.9515,-0.1285643878053932,35.81,6209609.03,-0.0938765182186235,279.1,870296.511,-0.0637370010063737,9,-0.1766626792442467,0.7902445726924472,0.3570682517149382,0.533730930959185,0.1092007942497729,3.0,0.0,6.0,0.8888888888888888,0.3333333333333333,0.0,0.6666666666666666,0.1163988962479822,0.1526590885078403,0.1016251854151575,0.1285643878053932
2022-08-20,20834.39,21382.85,20761.9,21140.07,183041.68363,0.0146718958414429,1609.0,1657.08,1523.67,1576.04,914615.9226,-0.0204908608398953,35.28,3873077.48,-0.0148003351019269,283.7,513021.106,0.0164815478323181,7,-0.5180938617725458,0.7982831256730216,0.070876520260104,0.5889703820326498,0.3401530778833797,0.0,2.0,5.0,1.1428571428571428,0.0,0.2857142857142857,0.7142857142857143,0.0293731288496205,0.0846488667800308,0.0146718958414429,0.0204908608398953
2022-08-21,21140.07,21800.0,21069.11,21515.61,159200.6841,0.0177643688029416,1576.03,1646.52,1562.34,1618.13,780662.6062,0.0267061749701784,36.47,3184917.72,0.0337301587301586,301.9,528156.209,0.064152273528375,4,-0.0337122790515422,0.945197895169258,0.4679257548414169,0.5016380338929594,0.0304362247698008,2.0,0.0,2.0,1.0,0.5,0.0,0.5,0.0339702197613732,0.0520230142201183,0.0177643688029416,0.0267061749701784
2022-08-22,21516.7,21548.71,20890.18,21399.83,222222.04526,-0.0053812092708502,1618.13,1629.72,1529.92,1624.66,941192.8954,0.0040355224858323,35.41,3740448.14,-0.0290649849191116,300.0,638895.985,-0.0062934746604835,3,-0.6249259224471947,0.9113510648409524,0.0339036324682334,0.6588295549154282,0.3072667587548494,0.0,1.0,2.0,0.6666666666666666,0.0,0.3333333333333333,0.6666666666666666,0.0307726743623663,0.0614282372927258,0.0053812092708502,0.0040355224858323
2022-08-23,21400.75,21684.87,20890.14,21529.12,200967.77164,0.0060416367793574,1624.65,1676.07,1563.76,1665.41,940246.932,0.0250821710388635,35.68,2736678.36,0.0076249646992376,299.3,403374.952,-0.0023333333333332,8,-0.3786862296983599,0.8430618494749069,0.1974673920776694,0.5761536217760295,0.2263789649587124,2.0,1.0,5.0,1.0,0.25,0.125,0.625,0.036914188782449,0.0674368473829266,0.0060416367793574,0.0250821710388635
2022-08-24,21529.11,21900.0,21145.0,21368.08,174383.22046,-0.0074801013696795,1665.4,1694.13,1604.92,1656.56,744667.6078,-0.0053140067610979,34.89,2588768.41,-0.0221412556053811,296.4,344126.265,-0.0096892749749416,12,0.3263462596417715,0.7883326858282089,0.4756317325712492,0.1492854729294776,0.3750827768817544,6.0,5.0,1.0,0.5833333333333334,0.5,0.4166666666666667,0.0833333333333333,0.0353330762520544,0.0538525619355773,0.0074801013696795,0.0053140067610979
2022-08-25,21368.05,21819.88,21310.15,21559.04,169915.78301,0.0089366943590625,1656.56,1722.0,1653.68,1695.11,603090.713,0.0232711160477132,35.27,2472099.5,0.0108913728862138,301.2,398617.06,0.0161943319838056,3,0.5303348631908497,0.7859514951705933,0.5432634751001993,0.0129286119093497,0.4438079055398702,2.0,1.0,0.0,0.6666666666666666,0.6666666666666666,0.3333333333333333,0.0,0.0236434460903639,0.040304169050976,0.0089366943590625,0.0232711160477132
2022-08-26,21559.04,21886.77,20107.9,20241.05,273811.61955,-0.0611339837024283,1695.11,1706.45,1486.85,1508.18,1149912.8292,-0.1102760292842351,31.72,5268727.97,-0.1006521122767225,279.6,594770.355,-0.0717131474103585,4,0.3932735200505703,0.8933147937059402,0.6613101814873517,0.2680366614367812,0.0706531307660042,3.0,0.0,1.0,1.0,0.75,0.0,0.25,0.0878842747782352,0.1456059621530587,0.0611339837024283,0.1102760292842351
2022-08-27,20239.14,20402.93,19800.0,20037.6,162582.46032,-0.0100513560314312,1508.18,1518.42,1447.52,1491.06,756136.6768,-0.0113514302006392,31.53,3025394.15,-0.0059899117276165,277.9,412732.716,-0.0060801144492133,6,-0.1357009843923151,0.8719482421875,0.0710832065281768,0.2067841909204919,0.7221325983603796,0.0,5.0,1.0,0.6666666666666666,0.0,0.8333333333333334,0.1666666666666666,0.0300899309298518,0.0475500650543909,0.0100513560314312,0.0113514302006392
2022-08-28,20037.6,20171.18,19520.0,19555.61,139307.95976,-0.0240542779574398,1491.06,1511.0,1424.0,1426.76,544846.4486,-0.0431236838222471,30.44,2245087.33,-0.0345702505550269,276.5,312819.026,-0.0050377833753147,3,-0.791464740720888,0.8512246012687683,0.0597598605478803,0.8512246012687683,0.0890155316640932,0.0,0.0,3.0,0.6666666666666666,0.0,0.0,1.0,0.0332988845656054,0.0609773192407973,0.0240542779574398,0.0431236838222471
2022-08-29,19555.61,20433.62,19550.79,20285.73,210509.49545,0.0373355778725388,1426.76,1559.99,1422.08,1551.8,826252.0831,0.0876391264122906,32.42,3758900.71,0.0650459921156374,285.9,481690.832,0.0339963833634719,11,-0.2317651138132946,0.80625366080891,0.1729674638164313,0.404732577629726,0.4222999682480639,2.0,4.0,5.0,0.9090909090909092,0.1818181818181818,0.3636363636363636,0.4545454545454545,0.0435197550199079,0.0888709885294497,0.0373355778725388,0.0876391264122906
2022-08-30,20287.2,20576.25,19540.0,19811.66,256634.35529,-0.0233696297840896,1551.79,1606.13,1473.61,1524.59,1003075.0172,-0.0175344760922799,31.47,3466845.37,-0.0293028994447872,281.6,436765.765,-0.0150402238544944,5,-0.115382279176265,0.8517409443855286,0.2181633386760949,0.33354561785236,0.4482910476624965,1.0,2.0,2.0,1.0,0.2,0.4,0.4,0.0523050567191239,0.0869217297765302,0.0233696297840896,0.0175344760922799
2022-08-31,19813.03,20490.0,19797.94,20050.02,276946.60765,0.0120312987402368,1524.59,1619.78,1524.59,1554.1,949227.6775,0.0193560235866692,31.5,2705795.29,0.0009532888465204,279.2,388909.545,-0.0085227272727274,9,-0.093214302116798,0.8417361246214973,0.1549112211085027,0.2481255232253008,0.5969632723265224,1.0,5.0,3.0,0.5555555555555556,0.1111111111111111,0.5555555555555556,0.3333333333333333,0.0345166737988291,0.0612508847564507,0.0120312987402368,0.0193560235866692
2022-09-01,20048.44,20208.37,19565.66,20131.46,245289.97263,0.0040618413348214,1554.11,1599.0,1512.77,1586.16,728710.482,0.0206293031336466,31.61,2304167.56,0.0034920634920634,278.3,415193.212,-0.0032234957020056,10,0.2479891684837639,0.7788190543651581,0.3240614879876374,0.0760723195038735,0.5998661994934082,2.0,7.0,1.0,0.6,0.2,0.7,0.1,0.0319256526849021,0.0543639985877843,0.0040618413348214,0.0206293031336466
2022-09-02,20132.64,20441.26,19755.29,19951.86,245986.6033,-0.0089213599013682,1586.17,1650.0,1546.41,1575.35,919009.6598,-0.0068152014929138,31.23,2327194.21,-0.0120215121796899,277.5,321409.948,-0.0028745957599712,6,0.1861117514781654,0.7485185662905375,0.2958553340286016,0.1097435825504362,0.594401073952516,2.0,4.0,0.0,1.3333333333333333,0.3333333333333333,0.6666666666666666,0.0,0.0343812556824274,0.0657568159456628,0.0089213599013682,0.0068152014929138
2022-09-03,19950.98,20055.93,19652.72,19831.9,146639.03204,-0.0060124720201524,1575.35,1582.71,1534.28,1557.46,321397.2189,-0.0113562065572728,31.12,773414.2,-0.0035222542427153,277.8,148504.883,0.001081081081081,4,0.3036108203232288,0.8898635804653168,0.3203195296227931,0.0167087092995643,0.6629717824980617,1.0,3.0,0.0,1.0,0.25,0.75,0.0,0.0203313852933909,0.0310955016501226,0.0060124720201524,0.0113562065572728
2022-09-04,19832.45,20029.23,19583.1,20000.3,145588.77893,0.0084913699645519,1557.45,1583.66,1540.66,1579.28,296591.1166,0.0140099906257624,32.16,1302960.75,0.0334190231362465,279.1,193440.808,0.0046796256299497,6,-0.0856740791350603,0.8409723937511444,0.2237582754654188,0.3094323546004792,0.4668093634148438,1.0,3.0,2.0,0.6666666666666666,0.1666666666666666,0.5,0.3333333333333333,0.0223061654075189,0.0272275973861506,0.0084913699645519,0.0140099906257624
2022-09-05,20000.3,20057.27,19633.83,19796.84,222543.01057,-0.0101728474072888,1579.29,1631.99,1556.56,1617.8,503492.937,0.0243908616584773,32.18,1545295.72,0.0006218905472636,276.9,258958.149,-0.0078824793980654,11,0.5012750065123494,0.8056481372226368,0.6106103524904359,0.1093353459780866,0.2800543186339465,7.0,3.0,1.0,0.5454545454545454,0.6363636363636364,0.2727272727272727,0.0909090909090909,0.0213892722272846,0.0466250463592533,0.0101728474072888,0.0243908616584773
2022-09-06,19795.34,20180.0,18649.51,18790.61,356315.05718,-0.0508278088826297,1617.8,1687.4,1555.0,1559.01,1010722.8578,-0.0363394733588824,30.88,4663061.68,-0.0403977625854568,262.5,640922.531,-0.0520043336944744,16,0.1961144402448553,0.8691741861402988,0.3229955229908227,0.1268810827459674,0.550123400753364,5.0,9.0,2.0,0.75,0.3125,0.5625,0.125,0.0814497240909157,0.0849256900212314,0.0508278088826297,0.0363394733588824
2022-09-07,18790.61,19464.06,18510.77,19292.84,287394.7788,0.0267277113409303,1559.01,1657.5,1490.66,1630.0,850991.4243,0.0455353076631965,32.69,2516005.51,0.0586139896373056,278.9,431827.218,0.0624761904761903,8,0.1186238779919221,0.8935059532523155,0.4680288921808823,0.3494050141889602,0.1825660921167582,4.0,1.0,3.0,1.25,0.5,0.125,0.375,0.0494115951824615,0.1023558282208588,0.0267277113409303,0.0455353076631965
2022-09-08,19292.85,19458.25,19012.0,19319.77,262813.28273,0.0013958546279344,1630.0,1663.56,1595.06,1635.37,645124.0085,0.0032944785276072,33.61,3062370.54,0.0281431630468034,280.5,385559.749,0.0057368232341341,10,0.5003595332615077,0.7353469610214234,0.5857844727113843,0.0854249394498765,0.3287905937060714,7.0,2.0,1.0,0.9,0.7,0.2,0.1,0.0230981010643501,0.0418865455523826,0.0013958546279344,0.0032944785276072
2022-09-09,19320.54,21597.22,19291.75,21360.11,428919.74652,0.1056089177045067,1635.37,1746.13,1630.51,1718.23,837458.2126,0.0506674330579624,34.67,3748304.0,0.0315382326688487,293.4,541869.409,0.0459893048128341,17,0.266539606046589,0.8033078277812284,0.4479960881392745,0.1814564820926855,0.3705474147025276,8.0,7.0,2.0,0.8235294117647058,0.4705882352941176,0.4117647058823529,0.1176470588235294,0.1079334329270776,0.0672901765188595,0.1056089177045067,0.0506674330579624
2022-09-10,21361.62,21810.8,21111.13,21648.34,307997.33504,0.0134938443669063,1718.24,1789.0,1706.03,1774.12,411046.2466,0.0325276592772794,35.03,1977630.96,0.0103836169599076,296.7,328332.542,0.0112474437627811,7,0.2301901351394397,0.7408137151173183,0.4857744045023406,0.2555842693629009,0.258641349950007,4.0,2.0,1.0,0.7142857142857143,0.5714285714285714,0.2857142857142857,0.1428571428571428,0.032319799116237,0.0467668477893265,0.0134938443669063,0.0325276592772794
2022-09-11,21647.21,21860.0,21350.0,21826.87,280702.55149,0.0082468216962592,1774.12,1789.0,1720.1,1766.11,409287.7263,-0.004514914436453,34.99,1999936.19,-0.0011418783899515,295.3,261093.945,-0.0047185709470844,11,-0.0212053868242285,0.7939915765415538,0.2983466404574838,0.3195520272817123,0.3821013302288272,3.0,4.0,4.0,0.5454545454545454,0.2727272727272727,0.3636363636363636,0.3636363636363636,0.0233656955853038,0.039012292552559,0.0082468216962592,0.004514914436453
2022-09-12,21826.87,22488.0,21538.51,22395.74,395395.61828,0.026062829897278,1766.12,1783.0,1693.0,1716.37,630774.6032,-0.028163591169293,37.44,5186842.63,0.0700200057159186,294.1,408686.168,-0.0040636640704367,10,0.2576811627484858,0.7689564049243927,0.4642934903502464,0.2066123276017605,0.3290941752493381,4.0,4.0,2.0,0.7,0.4,0.4,0.2,0.0423960092410432,0.0524362462639174,0.026062829897278,0.028163591169293
2022-09-13,22395.44,22799.0,19860.0,20173.57,431915.03333,-0.0992228879242214,1716.37,1760.51,1560.54,1574.4,1134549.7256,-0.0827152653565372,33.0,6401715.44,-0.1185897435897435,277.4,578322.33,-0.0567834070044204,1,0.8543926747515798,0.8645113110542297,0.8645113110542297,0.0101186363026499,0.1253701001405716,1.0,0.0,0.0,2.0,1.0,0.0,0.0,0.1456856669394658,0.1270134654471544,0.0992228879242214,0.0827152653565372
2022-09-14,20173.62,20541.48,19617.62,20226.71,340826.40151,0.0026341396193136,1574.4,1647.01,1552.38,1638.39,764562.5393,0.0406440548780486,34.12,3170484.22,0.0339393939393939,279.3,424974.985,0.0068493150684931,14,0.0147489948264722,0.8158208344663892,0.2609996767714619,0.2462506819449897,0.4927496540227106,3.0,7.0,4.0,0.7142857142857143,0.2142857142857142,0.5,0.2857142857142857,0.0456752482237596,0.0577579208857475,0.0026341396193136,0.0406440548780486
2022-09-15,20227.17,20330.24,19497.0,19701.88,333069.76076,-0.0259473735471561,1638.4,1655.2,1458.0,1472.75,1335499.8047,-0.1010992498733512,33.07,3696318.23,-0.0307737397420866,271.1,520635.261,-0.0293591120658789,14,0.1163438633749527,0.755882625068937,0.2949306134666715,0.1785867500917187,0.5264826374394553,4.0,9.0,1.0,0.7857142857142857,0.2857142857142857,0.6428571428571429,0.0714285714285714,0.0422924106734992,0.1338991682227126,0.0259473735471561,0.1010992498733512
2022-09-16,19701.88,19890.0,19320.01,19803.3,283791.07064,0.005147732094602,1472.76,1483.35,1405.52,1433.9,693597.2425,-0.0263792225428619,32.25,2180222.56,-0.0247958875113395,274.9,311737.818,0.0140169679085206,5,-0.1581348528154194,0.9025267601013184,0.2313471403904258,0.3894819932058453,0.3791708495467901,1.0,2.0,2.0,1.2,0.2,0.4,0.4,0.0287825766412669,0.0542785410419136,0.005147732094602,0.0263792225428619
2022-09-17,19803.3,20189.0,19748.08,20113.62,179350.24338,0.0156701155867962,1433.9,1476.13,1409.12,1468.83,421391.3743,0.0243601366901455,33.68,1414903.11,0.0443410852713177,279.1,189707.951,0.0152782830120046,4,-0.1101514976471662,0.8554043173789978,0.3125386359170079,0.4226901335641741,0.2647712239995598,1.0,1.0,2.0,0.25,0.25,0.25,0.5,0.021921464162095,0.0456213448799386,0.0156701155867962,0.0243601366901455
2022-09-18,20112.61,20117.26,19335.62,19416.18,254217.46904,-0.034675011261026,1468.82,1469.63,1325.55,1334.51,804113.468,-0.0914469339542356,31.1,2299068.39,-0.0766033254156769,266.2,327883.908,-0.0462199928341097,9,0.0656309035192761,0.8024726046456231,0.3079251199960708,0.2422942164767947,0.4497806661658817,3.0,3.0,3.0,0.7777777777777778,0.3333333333333333,0.3333333333333333,0.3333333333333333,0.0402571463593765,0.1079647211335997,0.034675011261026,0.0914469339542356
2022-09-19,19417.45,19686.2,18232.56,19537.02,380512.40306,0.0062236753058531,1334.51,1393.35,1280.0,1375.98,974855.198,0.0310750762452136,32.62,3503472.34,0.0488745980707394,271.9,508029.19,0.0214124718256949,7,-0.0496281898979629,0.6390645333698818,0.2459279101874147,0.2955561000853776,0.4585159921220371,1.0,4.0,2.0,1.1428571428571428,0.1428571428571428,0.5714285714285714,0.2857142857142857,0.0744043871583281,0.0823776508379481,0.0062236753058531,0.0310750762452136
2022-09-20,19537.02,19634.62,18711.87,18875.0,324098.3286,-0.0338854134356212,1375.98,1384.78,1312.71,1322.93,658027.1465,-0.0385543394526083,31.41,2558791.65,-0.0370938074800735,266.3,335455.454,-0.0205958072820888,9,0.2222480859814418,0.6922485828399658,0.4444979028776288,0.2222498168961869,0.3332522693607542,5.0,2.0,2.0,1.2222222222222223,0.5555555555555556,0.2222222222222222,0.2222222222222222,0.048887417218543,0.0544775611710369,0.0338854134356212,0.0385543394526083
2022-09-21,18874.31,19956.0,18125.98,18461.36,385034.10021,-0.0219147019867549,1322.94,1408.9,1220.0,1245.78,1192266.7379,-0.0583175224690649,30.65,4545539.08,-0.0241961158866603,264.0,535775.821,-0.0086368757040932,17,0.1255369496203082,0.782592096749474,0.3712196889442993,0.2456827393239911,0.3830975832088905,7.0,6.0,4.0,0.6470588235294118,0.4117647058823529,0.3529411764705882,0.2352941176470588,0.0991270415614017,0.1516319093258842,0.0219147019867549,0.0583175224690649
2022-09-22,18461.36,19550.17,18356.39,19401.63,379321.72111,0.0509317840072454,1245.79,1350.08,1237.32,1326.46,904282.2725,0.0647626386681436,32.43,2975325.9,0.0580750407830343,275.3,339390.821,0.0428030303030304,14,0.2627827028876968,0.7532706324543271,0.3553788333332964,0.0925961304455995,0.5520250323627677,4.0,9.0,1.0,0.7142857142857143,0.2857142857142857,0.6428571428571429,0.0714285714285714,0.0615298817676658,0.0850082173604933,0.0509317840072454,0.0647626386681436
2022-09-23,19401.63,19500.0,18531.42,19289.91,385886.91829,-0.0057582790724285,1326.47,1360.0,1262.15,1327.25,974052.3644,0.0005955701641964,33.66,3481076.73,0.0379278445883439,276.7,363390.805,0.005085361423901,14,0.505263706902042,0.8000544479915074,0.5364482384175062,0.0311845315154641,0.432367250988526,8.0,6.0,0.0,0.5,0.5714285714285714,0.4285714285714285,0.0,0.0502117428230614,0.0737238651346769,0.0057582790724285,0.0005955701641964
2022-09-24,19288.57,19316.14,18805.34,18920.5,239496.56746,-0.0191504263109574,1327.24,1349.33,1306.52,1317.13,517557.3497,-0.0076247880956864,33.38,3102314.35,-0.008318478906714,274.4,324988.432,-0.0083122515359596,11,0.263453123837032,0.7709933140061118,0.3526686772026798,0.0892155533656477,0.558115752921863,4.0,6.0,1.0,0.6363636363636364,0.3636363636363636,0.5454545454545454,0.0909090909090909,0.0269971723791654,0.0325024864667875,0.0191504263109574,0.0076247880956864
2022-09-25,18921.99,19180.21,18629.2,18807.38,191191.4492,-0.0059787003514705,1317.13,1337.0,1269.27,1294.63,515533.8409,-0.0170825962509395,32.34,1838509.33,-0.0311563810665068,274.3,220895.598,-0.0003644314868803,11,0.0044266591695221,0.8099626140160994,0.2429320908744226,0.2385054317049004,0.5185624728487297,2.0,7.0,2.0,0.4545454545454545,0.1818181818181818,0.6363636363636364,0.1818181818181818,0.0292975417096904,0.0523161057599468,0.0059787003514705,0.0170825962509395
2022-09-26,18809.13,19318.96,18680.72,19227.82,439239.21943,0.0223550542393464,1294.62,1340.42,1277.85,1336.17,799166.4333,0.0320863876165391,33.88,3284142.93,0.0476190476190476,276.1,267919.665,0.006562158220926,18,0.0410120573619173,0.7623264143864313,0.2638354652250806,0.2228234078631632,0.5133411293435428,4.0,12.0,2.0,0.3888888888888889,0.2222222222222222,0.6666666666666666,0.1111111111111111,0.0331935705659818,0.0468278736987061,0.0223550542393464,0.0320863876165391
2022-09-27,19226.68,20385.86,18816.32,19079.13,593260.74161,-0.0077330659429929,1336.17,1400.0,1303.75,1328.02,860584.8944,-0.0060995232642553,32.69,4411114.63,-0.0351239669421489,272.3,406749.835,-0.0137631293009778,19,0.1402969359861392,0.8124748123319525,0.3711406858147759,0.2308437498286366,0.3980155405833532,8.0,6.0,5.0,0.7894736842105263,0.4210526315789473,0.3157894736842105,0.2631578947368421,0.0822647573552882,0.072476318127739,0.0077330659429929,0.0060995232642553
2022-09-28,19078.1,19790.0,18471.28,19412.82,521385.45547,0.0174897912011711,1328.01,1355.7,1253.2,1337.2,919314.9131,0.0069125464977937,33.22,3091106.5,0.0162129091465279,281.6,357981.397,0.0341535071612193,9,-0.128616322349343,0.7681517402331034,0.2418860991795857,0.3705024215289288,0.3876114978144566,2.0,4.0,3.0,1.1111111111111112,0.2222222222222222,0.4444444444444444,0.3333333333333333,0.0679303676642549,0.0766527071492671,0.0174897912011711,0.0069125464977937
2022-09-29,19412.82,19645.52,18843.01,19591.51,406424.93256,0.0092047420209944,1337.2,1352.02,1288.52,1335.7,770591.6895,-0.0011217469338916,33.93,2735381.21,0.0213726670680314,284.1,301167.344,0.0088778409090908,6,0.0690789713213841,0.8323614994684855,0.2211872578288117,0.1521082865074276,0.6267044544219971,1.0,4.0,1.0,1.0,0.1666666666666666,0.6666666666666666,0.1666666666666666,0.0409621310455397,0.0475406154076514,0.0092047420209944,0.0011217469338916
2022-09-30,19590.54,20185.0,19155.36,19422.61,444322.9534,-0.0086210812744906,1335.69,1373.19,1313.35,1328.72,740753.611,-0.0052257243392977,33.25,4264290.42,-0.0200412614205717,284.8,391981.587,0.0024639211545229,9,0.1946751610893342,0.7942035330666436,0.2929910990513033,0.098315937961969,0.6086929452915987,3.0,6.0,0.0,1.1111111111111112,0.3333333333333333,0.6666666666666666,0.0,0.0530124427149594,0.0450358239508701,0.0086210812744906,0.0052257243392977
2022-10-01,19422.61,19484.0,19159.42,19310.95,165625.13959,-0.0057489698861274,1328.71,1333.69,1302.68,1311.79,252081.9056,-0.0127415858871696,32.44,1458835.24,-0.0243609022556391,282.9,196754.497,-0.0066713483146068,20,-0.1938618064159527,0.8272415548563004,0.2729873224860056,0.4668491289019584,0.2601635505445301,6.0,4.0,10.0,0.85,0.3,0.2,0.5,0.0168080803896235,0.0236394544858552,0.0057489698861274,0.0127415858871696
2022-10-02,19312.24,19395.91,18920.35,19056.8,206812.47032,-0.0131609268316681,1311.79,1317.93,1270.0,1276.72,371740.0407,-0.0267344620709106,32.06,1472849.24,-0.0117139334155362,284.7,200690.251,0.0063626723223755,4,0.2008344584610313,0.7460612803697586,0.400558637920767,0.1997241794597357,0.3997171707451343,2.0,1.0,1.0,0.25,0.5,0.25,0.25,0.0249548717518156,0.0375415126261044,0.0131609268316681,0.0267344620709106
2022-10-03,19057.74,19719.1,18959.68,19629.08,293585.75212,0.0300302254313422,1276.72,1329.9,1263.04,1323.09,483775.2435,0.0363196315558618,32.89,1890470.2,0.0258889582033685,286.9,275974.883,0.0077274323849665,13,-0.1604980069140975,0.7989470408512995,0.1683020934892388,0.3288001004033363,0.5028978004478492,1.0,8.0,4.0,0.6153846153846154,0.0769230769230769,0.6153846153846154,0.3076923076923077,0.0386885172407467,0.0505332214739739,0.0300302254313422,0.0363196315558618
2022-10-04,19629.08,20475.0,19490.6,20337.82,327012.00127,0.0361066336272508,1323.1,1369.55,1318.66,1361.49,476207.6702,0.0290229689590277,34.09,1949740.88,0.0364852538765583,296.2,321841.165,0.0324154757755315,14,-0.1533748965178217,0.8765014367444175,0.2722145191925976,0.4255894157104194,0.3021960515262824,4.0,4.0,6.0,0.6428571428571429,0.2857142857142857,0.2857142857142857,0.4285714285714285,0.0484024344792117,0.0373781665675105,0.0361066336272508,0.0290229689590277
2022-10-05,20337.82,20365.6,19730.0,20158.26,312239.75224,-0.0088288715309704,1361.5,1364.77,1316.29,1352.2,483508.7782,-0.0068234067088263,34.04,1777550.81,-0.0014667057788209,294.2,221018.685,-0.0067521944632005,14,0.1173880404593157,0.8486041596957615,0.4435655594404254,0.3261775189811097,0.2302569285301225,7.0,2.0,5.0,0.7142857142857143,0.5,0.1428571428571428,0.3571428571428571,0.0315304991601457,0.0358526845141251,0.0088288715309704,0.0068234067088263
2022-10-06,20158.26,20456.6,19853.0,19960.67,320122.1702,-0.0098019372703794,1352.2,1383.99,1345.01,1352.06,573975.324,-0.0001035349800325,33.36,1799751.22,-0.0199764982373678,287.0,450036.833,-0.0244731475186947,15,-0.1327038327852885,0.824686880906423,0.2234643587221701,0.3561681915074587,0.4203674474110206,3.0,6.0,6.0,1.0,0.2,0.4,0.4,0.0302394659097113,0.0288300815052586,0.0098019372703794,0.0001035349800325
2022-10-07,19960.67,20068.82,19320.0,19530.09,220874.83913,-0.0215714201978188,1352.07,1361.75,1317.26,1331.1,491999.8776,-0.0155022706092925,32.98,1963117.82,-0.0113908872901679,282.3,354485.961,-0.016376306620209,29,-0.2137994189939365,0.8275441383493358,0.2286759224110122,0.4424753414049487,0.3288487313507959,5.0,12.0,12.0,0.6551724137931034,0.1724137931034483,0.4137931034482758,0.4137931034482758,0.0383418611998203,0.0334234843362632,0.0215714201978188,0.0155022706092925
2022-10-08,19530.09,19627.38,19237.14,19417.96,102480.09842,-0.0057413969930503,1331.1,1337.35,1303.51,1315.48,203391.6612,-0.0117346555480428,32.58,785559.59,-0.0121285627653122,276.4,183653.119,-0.0208997520368403,11,-0.0666858693584799,0.8452886234630238,0.2072176682678135,0.2739035376262935,0.5188787782734091,2.0,6.0,3.0,0.4545454545454545,0.1818181818181818,0.5454545454545454,0.2727272727272727,0.020096858784342,0.0257244503907318,0.0057413969930503,0.0117346555480428
2022-10-09,19416.52,19558.0,19316.04,19439.02,113900.82681,0.0010845629510001,1315.48,1329.0,1307.26,1323.13,186201.9185,0.0058153677745005,32.92,883235.74,0.0104358502148558,278.2,171008.247,0.0065123010130245,12,0.2635317104868591,0.7915148437023163,0.4224460034941633,0.1589142930073042,0.4186396930987636,4.0,6.0,2.0,0.25,0.3333333333333333,0.5,0.1666666666666666,0.0124471295363654,0.0164307362088381,0.0010845629510001,0.0058153677745005
2022-10-10,19439.96,19525.0,19020.25,19131.87,212509.09849,-0.0158006936563674,1323.13,1338.0,1288.0,1290.03,393663.0114,-0.0250164382940453,31.96,1554680.4,-0.0291616038882138,271.5,216924.869,-0.0240833932422717,16,0.0943661748897284,0.8182749804109335,0.3066848279559053,0.2123186530661768,0.480996519792825,4.0,9.0,3.0,0.75,0.25,0.5625,0.1875,0.0263826797903184,0.0387587885553049,0.0158006936563674,0.0250164382940453
2022-10-11,19131.87,19268.09,18860.0,19060.0,243473.84286,-0.0037565590817834,1290.03,1298.0,1267.01,1280.11,429430.3941,-0.0076897436493725,30.8,1923666.97,-0.0362953692115144,271.4,222137.683,-0.0003683241252302,11,-0.1953121889382601,0.8421088348735463,0.2036399493332613,0.3989521382715214,0.3974079146811908,2.0,4.0,5.0,0.7272727272727273,0.1818181818181818,0.3636363636363636,0.4545454545454545,0.0214108079748163,0.0242088570513471,0.0037565590817834,0.0076897436493725
2022-10-12,19060.0,19238.31,18965.88,19155.53,213826.26731,0.0050120671563482,1280.11,1306.87,1275.25,1294.44,369712.5759,0.0111943504855052,31.16,1048211.96,0.0116883116883117,270.9,167816.904,-0.0018422991893883,8,0.0387314014369621,0.7397783063352108,0.2598258950747549,0.2210944936377927,0.5190796260721982,3.0,4.0,1.0,1.125,0.375,0.5,0.125,0.0142220027323702,0.0244275516825808,0.0050120671563482,0.0111943504855052
2022-10-13,19155.1,19513.79,18190.0,19375.13,399756.68337,0.0114640524172393,1294.44,1301.58,1190.0,1287.08,945618.3163,-0.0056858564321251,30.49,4402648.71,-0.0215019255455712,271.6,540797.212,0.0025839793281654,12,-0.1092871412013967,0.7986196627219518,0.2293185188124576,0.3386056600138545,0.4320758127917846,2.0,6.0,4.0,0.75,0.1666666666666666,0.5,0.3333333333333333,0.0683241867280374,0.086692357895391,0.0114640524172393,0.0056858564321251
2022-10-14,19375.58,19951.87,19070.37,19176.93,351634.32601,-0.0102296087819798,1287.08,1343.12,1283.39,1296.27,669742.8093,0.0071401933057775,30.0,2384103.67,-0.0160708428993111,269.4,298386.918,-0.0081001472754052,9,-0.2075735806590981,0.7952809201346503,0.2282708689777387,0.4358444496368368,0.3358846971144278,1.0,3.0,5.0,0.6666666666666666,0.1111111111111111,0.3333333333333333,0.5555555555555556,0.0459666901845081,0.0460783633039411,0.0102296087819798,0.0071401933057775
2022-10-15,19176.93,19227.68,18975.18,19069.39,113847.64232,-0.00560777976454,1296.26,1301.69,1263.64,1274.92,287100.9529,-0.0164703341124918,29.59,1009243.59,-0.0136666666666667,268.2,144084.716,-0.0044543429844097,7,-0.1507020331919193,0.7940636788095746,0.1825723598844238,0.3332743930763431,0.4841532305415187,1.0,4.0,2.0,0.8571428571428571,0.1428571428571428,0.5714285714285714,0.2857142857142857,0.0132411157357419,0.029845009882973,0.00560777976454,0.0164703341124918
2022-10-16,19068.4,19425.84,19063.74,19262.98,131894.61885,0.0101518716644843,1274.93,1315.35,1274.67,1305.95,293321.3632,0.0243387820412261,30.17,934949.4,0.019601216627239,272.5,185597.074,0.0160328113348247,7,-0.1097811445859925,0.8278825027602059,0.2401347025962812,0.3499158471822738,0.4099494599338089,1.0,3.0,3.0,0.5714285714285714,0.1428571428571428,0.4285714285714285,0.4285714285714285,0.018797714579987,0.0311497377388107,0.0101518716644843,0.0243387820412261
2022-10-17,19262.98,19676.96,19152.03,19549.86,222813.87634,0.0148928151303693,1305.96,1338.57,1295.64,1331.4,459848.4941,0.0194877292392512,31.21,1694429.96,0.0344713291349021,275.6,187187.58,0.011376146788991,9,-0.275601530344122,0.832864158683353,0.2166187639037767,0.4922202942478988,0.291160960164335,2.0,2.0,5.0,0.8888888888888888,0.2222222222222222,0.2222222222222222,0.5555555555555556,0.0268508316683597,0.0322442541685442,0.0148928151303693,0.0194877292392512
2022-10-18,19548.48,19706.66,19091.0,19327.44,260313.07848,-0.0113770635697647,1331.39,1341.73,1286.72,1310.71,572728.9189,-0.0155400330479195,30.15,1966281.14,-0.0339634732457546,273.1,195691.117,-0.0090711175616835,6,-0.1955623352744927,0.8151588042577108,0.2391002401709556,0.4346625754454483,0.3262372259050607,2.0,2.0,2.0,0.6666666666666666,0.3333333333333333,0.3333333333333333,0.3333333333333333,0.031854192795321,0.0419696195191918,0.0113770635697647,0.0155400330479195
2022-10-19,19327.44,19360.16,19065.97,19123.97,186137.29538,-0.0105275194231619,1310.71,1313.5,1280.31,1285.09,368637.5105,-0.0195466579182276,28.86,1713727.76,-0.0427860696517412,272.0,153657.96,-0.0040278286342,18,-0.3544456403599017,0.8329684701230791,0.0998963847135503,0.4543420250734521,0.4457615923343433,1.0,8.0,9.0,0.8333333333333334,0.0555555555555555,0.4444444444444444,0.5,0.015383312147007,0.0258269848804364,0.0105275194231619,0.0195466579182276
2022-10-20,19123.35,19347.82,18900.0,19041.92,223530.13068,-0.0042904271445731,1285.09,1310.87,1270.36,1282.57,428531.6103,-0.0019609521512111,28.01,2379315.87,-0.0294525294525294,269.0,166135.496,-0.0110294117647058,9,0.0996611189718047,0.8088116115993924,0.2760093766782019,0.176348257706397,0.5476423435741,2.0,6.0,1.0,0.8888888888888888,0.2222222222222222,0.6666666666666666,0.1111111111111111,0.0235175864618693,0.0315850207006245,0.0042904271445731,0.0019609521512111
2022-10-21,19041.92,19250.0,18650.0,19164.37,269310.75769,0.0064305490202669,1282.57,1306.97,1252.65,1299.75,468076.7986,0.0133949803909338,28.1,3208878.96,0.0032131381649411,270.1,195432.212,0.004089219330855,6,0.4230311813298613,0.8943107624848684,0.4684173396478095,0.0453861583179483,0.4861965216696262,3.0,3.0,0.0,0.8333333333333334,0.5,0.5,0.0,0.0313080993531224,0.0417926524331601,0.0064305490202669,0.0133949803909338
2022-10-22,19164.37,19257.0,19112.72,19204.35,110403.90837,0.0020861630202297,1299.76,1320.2,1294.32,1313.61,221776.7007,0.0106635891517599,28.01,1333382.63,-0.0032028469750889,270.4,84044.883,0.0011106997408365,5,-0.122215824574232,0.8325466871261596,0.1857328973710536,0.3079487219452858,0.5063183898106217,1.0,3.0,1.0,0.4,0.2,0.6,0.2,0.0075128811961872,0.0197014334543739,0.0020861630202297,0.0106635891517599
2022-10-23,19204.29,19695.0,19070.11,19570.4,167057.20184,0.0190607857074049,1313.62,1371.55,1299.44,1364.2,432269.46,0.0385121915941566,29.28,2150824.0,0.0453409496608354,276.0,134390.843,0.0207100591715976,4,0.1075328844599425,0.7643793672323227,0.4457167689688504,0.3381838845089078,0.2160993455909192,2.0,0.0,2.0,1.5,0.5,0.0,0.5,0.0319303642235212,0.0528588183550798,0.0190607857074049,0.0385121915941566
2022-10-24,19570.4,19601.15,19157.0,19329.72,256168.14467,-0.0122981645750726,1364.19,1370.6,1324.17,1343.61,611830.797,-0.015093094854127,28.3,2525864.52,-0.0334699453551913,274.1,154182.094,-0.0068840579710144,15,-0.0034900082896153,0.7170092125733694,0.2555753968035181,0.2590654050931334,0.4853591943780581,3.0,7.0,5.0,0.7333333333333333,0.2,0.4666666666666667,0.3333333333333333,0.0229775702907233,0.034556158409062,0.0122981645750726,0.015093094854127
2022-10-25,19330.6,20415.87,19237.0,20080.07,326370.67061,0.0388184619332301,1343.61,1525.16,1334.94,1459.74,1127932.9012,0.086431330520017,30.86,4389638.87,0.090459363957597,284.2,387523.125,0.0368478657424296,8,0.4593830305384472,0.8933985307812691,0.5987162375822663,0.1393332070438191,0.2619505457114428,5.0,2.0,1.0,1.125,0.625,0.25,0.125,0.0587084606776768,0.1303108772795155,0.0388184619332301,0.086431330520017
2022-10-26,20079.02,21020.0,20050.41,20771.59,380492.69576,0.0344381269587208,1459.74,1594.99,1457.44,1566.1,1236044.7023,0.0728622905448914,31.29,3909684.74,0.0139338950097214,290.2,316408.936,0.0211118930330753,20,0.1604955996386707,0.8156786769628525,0.3879564682021736,0.2274608685635029,0.3845826525241136,7.0,8.0,5.0,0.55,0.35,0.4,0.25,0.0466786606128852,0.0878296405082689,0.0344381269587208,0.0728622905448914
2022-10-27,20771.61,20872.21,20200.0,20295.11,328643.57791,-0.0229390239264302,1566.11,1578.58,1503.2,1514.05,869454.4851,-0.0332354255794649,30.58,3608322.35,-0.0226909555768616,286.7,315734.808,-0.0120606478290833,23,0.3480995716729566,0.7767994326093922,0.5002274921406871,0.1521279204677304,0.3476445994785298,10.0,9.0,4.0,0.5217391304347826,0.4347826086956521,0.391304347826087,0.1739130434782608,0.0331217716977143,0.0497869951454706,0.0229390239264302,0.0332354255794649
2022-10-28,20295.11,20750.0,20000.09,20591.84,287039.94569,0.0146207633267323,1514.04,1574.9,1479.82,1554.41,858954.4425,0.0266569796241868,32.07,3017472.57,0.0487246566383257,297.9,416648.243,0.0390652249738401,17,-0.0066593223634888,0.8155806380159715,0.2163882384843685,0.2230475608478573,0.5605641904780093,4.0,10.0,3.0,0.5294117647058824,0.2352941176470588,0.5882352941176471,0.1764705882352941,0.0364178237593143,0.0611679029342323,0.0146207633267323,0.0266569796241868
2022-10-29,20591.84,21085.0,20554.01,20809.67,254881.77755,0.0105784621481128,1554.4,1663.06,1547.66,1619.55,914161.0846,0.0419065754852323,32.87,3316674.09,0.024945431867789,304.4,553646.125,0.021819402484055,12,0.0609679977254321,0.7681154211362203,0.2411229662441958,0.1801549685187637,0.5787220591058334,2.0,8.0,2.0,0.8333333333333334,0.1666666666666666,0.6666666666666666,0.1666666666666666,0.0255165026643863,0.0712543607792287,0.0105784621481128,0.0419065754852323
2022-10-30,20809.68,20931.21,20515.0,20627.48,192795.60886,-0.0087550643522938,1619.55,1640.06,1576.56,1590.44,476036.4243,-0.0179741286159734,32.94,1962511.76,0.002129601460298,313.5,538624.403,0.0298948751642575,10,0.3243580799549818,0.8158465683460235,0.4331873230636119,0.1088292431086301,0.4579834330826998,5.0,4.0,1.0,0.9,0.5,0.4,0.1,0.0201774526020628,0.0399260581977314,0.0087550643522938,0.0179741286159734
2022-10-31,20627.48,20845.92,20237.95,20490.74,303567.61628,-0.0066290210922516,1590.45,1635.8,1545.43,1572.69,810334.2414,-0.0111604335907045,32.56,3082485.07,-0.0115361262902244,325.7,1047801.477,0.0389154704944179,13,0.1764182401104615,0.8269894260626572,0.4566777953161643,0.2802595552057027,0.2630626420275522,6.0,3.0,4.0,0.8461538461538461,0.4615384615384615,0.2307692307692307,0.3076923076923077,0.0296704755416347,0.0574620554591177,0.0066290210922516,0.0111604335907045
2022-11-01,20490.74,20700.0,20330.74,20483.62,279932.43771,-0.0003474740297325,1572.69,1612.92,1563.69,1578.48,527539.2965,0.0036815901417317,32.2,2015730.52,-0.011056511056511,323.9,550045.706,-0.0055265581823764,13,0.2413197139707895,0.7745380860108596,0.3595096490417535,0.1181899350709639,0.5223004114455901,4.0,8.0,1.0,0.6923076923076923,0.3076923076923077,0.6153846153846154,0.0769230769230769,0.0180270870090344,0.0311882317165881,0.0003474740297325,0.0036815901417317
2022-11-02,20482.81,20800.0,20048.04,20151.84,373716.27299,-0.0161973323074728,1578.47,1621.68,1502.32,1518.34,981395.3648,-0.0380999442501648,30.8,3423829.13,-0.0434782608695653,320.2,561329.564,-0.0114232787897499,19,0.1245409056152167,0.768014205129523,0.3413886562185851,0.2168477506033683,0.4417636037657135,6.0,9.0,4.0,1.0,0.3157894736842105,0.4736842105263157,0.2105263157894736,0.0373147067463814,0.0786121685524982,0.0161973323074728,0.0380999442501648
2022-11-03,20151.84,20393.32,20031.24,20207.82,319185.1544,0.0027779101064715,1518.33,1559.01,1515.17,1531.01,560202.8813,0.0083446395405508,30.85,2302866.46,0.0016233766233766,329.5,622354.86,0.0290443472829482,17,0.128463311230435,0.7366304239806007,0.3361477251438533,0.2076844139134182,0.4561678474659429,7.0,8.0,2.0,0.8823529411764706,0.4117647058823529,0.4705882352941176,0.1176470588235294,0.0179178159742118,0.028634692131338,0.0027779101064715,0.0083446395405508
2022-11-04,20207.12,21302.05,20180.96,21148.52,453694.39165,0.0465512855914196,1531.01,1680.0,1528.4,1644.78,935531.4781,0.0743104225315314,33.74,4106770.6,0.0936790923824959,354.6,751709.582,0.0761760242792108,12,-0.0198309225961565,0.7840960870186487,0.2779003090690821,0.2977312316652387,0.4243684546090662,2.0,6.0,4.0,1.0,0.1666666666666666,0.5,0.3333333333333333,0.0530103288551633,0.0921703814491907,0.0465512855914196,0.0743104225315314
2022-11-05,21148.52,21480.65,21080.65,21299.37,245621.98525,0.0071328868403084,1644.78,1666.97,1621.42,1626.98,351385.5362,-0.0108221160276753,36.9,7466083.52,0.0936573799644338,349.2,411760.064,-0.0152284263959391,13,0.2575996240171102,0.7939543173863337,0.3646133560687303,0.10701373205162,0.5283729176108654,5.0,7.0,1.0,1.2307692307692308,0.3846153846153846,0.5384615384615384,0.0769230769230769,0.0187798981847819,0.0279966563817625,0.0071328868403084,0.0108221160276753
2022-11-06,21299.37,21365.27,20886.13,20905.58,230036.97217,-0.018488340265463,1626.98,1639.02,1564.39,1568.29,414863.9525,-0.0360729695509471,32.62,4722074.05,-0.1159891598915989,337.9,390974.879,-0.0323596792668957,10,-0.0150692079216241,0.87911097407341,0.205142724327743,0.2202119322493672,0.5746453618630767,2.0,6.0,2.0,0.7,0.2,0.6,0.2,0.0229192397436473,0.0475868621237142,0.018488340265463,0.0360729695509471
2022-11-07,20905.58,21069.77,20384.89,20591.13,386977.60337,-0.0150414386972282,1568.25,1608.04,1545.03,1568.1,642409.4494,-0.0001211510626223,29.62,9810937.64,-0.0919681177191905,337.0,740465.512,-0.0026635099141757,28,0.0174159212703151,0.7843950710126332,0.3423885038854288,0.3249725826151137,0.3326389216152684,10.0,8.0,10.0,1.0357142857142858,0.3571428571428571,0.2857142857142857,0.3571428571428571,0.0332609235141539,0.0401823863274025,0.0150414386972282,0.0001211510626223
2022-11-08,20590.67,20700.88,17166.83,18547.23,760705.362783,-0.099261186734288,1568.09,1579.98,1233.0,1334.77,2339916.5089,-0.1487979082966647,24.38,28156844.019,-0.1769074949358542,327.4,3103916.384,-0.028486646884273,33,-0.4552465059342935,0.7987555464108785,0.1776854506355117,0.6329319565698053,0.1893825902406013,6.0,3.0,24.0,0.9696969696969696,0.1818181818181818,0.0909090909090909,0.7272727272727273,0.190543277891092,0.259954898596762,0.099261186734288,0.1487979082966647
2022-11-09,18545.38,18587.76,15588.0,15922.81,731926.929729,-0.1414992966604716,1334.78,1337.16,1073.53,1102.73,2494797.9357,-0.1738426845074432,14.08,34965021.076,-0.4224774405250204,267.3,1901075.899,-0.1835675015271838,34,-0.334003480767612,0.8367231838843402,0.1288022779969169,0.462805758764529,0.4083919716889367,2.0,14.0,18.0,1.0588235294117647,0.0588235294117647,0.4117647058823529,0.5294117647058824,0.1883938827380342,0.2390703073281765,0.1414992966604716,0.1738426845074432
2022-11-10,15922.68,18199.0,15754.26,17601.15,608448.36432,0.1054047620991522,1102.73,1350.0,1085.93,1299.28,1975955.6767,0.1782394602486556,17.66,31278279.25,0.2542613636363635,304.0,1411238.91,0.1372989150766927,26,-0.3582654872801728,0.8238734304904938,0.0940187779577591,0.452284265237932,0.453696948583596,1.0,12.0,13.0,1.1538461538461535,0.0384615384615384,0.4615384615384615,0.5,0.1388966061876638,0.2032433347700264,0.1054047620991522,0.1782394602486556
2022-11-11,17602.45,17695.0,16361.6,17070.31,393552.86492,-0.0301593929942077,1299.28,1310.0,1201.26,1289.28,1308087.1498,-0.0076965704082261,16.45,16952323.15,-0.0685164212910532,290.4,695145.641,-0.0447368421052631,34,-0.3172549613997997,0.757933736724012,0.1063934562809983,0.4236484176807981,0.4699581205735312,2.0,16.0,16.0,1.1764705882352942,0.0588235294117647,0.4705882352941176,0.4705882352941176,0.0781122311194114,0.0843416480516257,0.0301593929942077,0.0076965704082261
2022-11-12,17069.98,17119.1,16631.39,16812.08,167819.96035,-0.0151274347097386,1289.35,1292.16,1238.7,1257.25,547772.9172,-0.0248433234053114,14.58,6958266.14,-0.1136778115501518,282.8,545359.355,-0.0261707988980715,18,-0.5282743311383657,0.8455410334799025,0.0368710278222957,0.5651453589606616,0.3979836076808472,0.0,8.0,10.0,1.1666666666666667,0.0,0.4444444444444444,0.5555555555555556,0.029009497932439,0.0425213760190893,0.0151274347097386,0.0248433234053114
2022-11-13,16813.16,16954.28,16229.0,16329.85,184960.78846,-0.0286835418342049,1257.25,1274.23,1200.66,1221.49,547410.5304,-0.0284430304235434,13.18,7632404.82,-0.0960219478737997,276.4,442278.921,-0.0226308345120227,18,-0.3650341537367139,0.802115003267924,0.1124214762821793,0.4774556300188932,0.4101228962859345,2.0,7.0,9.0,1.0,0.1111111111111111,0.3888888888888889,0.5,0.0444143700033986,0.0602297194410105,0.0286835418342049,0.0284430304235434
2022-11-14,16331.78,17190.0,15815.21,16619.46,380210.7775,0.0177350067514396,1221.5,1291.2,1171.13,1243.28,934742.0059,0.0178388689223816,14.0,12412181.95,0.062215477996965,279.0,818725.897,0.0094066570188133,22,-0.1402452188035981,0.774932476607236,0.23990990081802,0.3801551196216182,0.3799349845133044,7.0,8.0,7.0,0.7272727272727273,0.3181818181818182,0.3636363636363636,0.3181818181818182,0.0827217009457588,0.0965751882118267,0.0177350067514396,0.0178388689223816
2022-11-15,16617.72,17134.69,16527.72,16900.57,282461.84391,0.0169145086543125,1243.29,1291.0,1234.01,1253.23,632825.568,0.0080030242584132,14.32,7666656.34,0.0228571428571429,277.0,445565.664,-0.0071684587813619,10,-0.1449762653559446,0.7062324047088623,0.1586139721795916,0.3035902375355362,0.5377958007156849,1.0,6.0,3.0,1.6,0.1,0.6,0.3,0.0359141733089474,0.0454744939077424,0.0169145086543125,0.0080030242584132
2022-11-16,16900.57,17015.92,16378.61,16662.76,261493.40809,-0.0140711230449624,1253.22,1268.67,1187.06,1216.17,673339.7215,-0.0295715870191425,14.27,4117412.48,-0.0034916201117318,271.8,402896.799,-0.0187725631768952,11,-0.2686855306171558,0.7821839343417775,0.1349907116117802,0.403676242228936,0.4613330445506356,1.0,5.0,5.0,0.7272727272727273,0.0909090909090909,0.4545454545454545,0.4545454545454545,0.0382475652292896,0.0671041055115651,0.0140711230449624,0.0295715870191425
2022-11-17,16661.61,16751.0,16410.74,16692.56,228038.97873,0.001788419205462,1216.16,1228.22,1181.05,1200.43,530537.3488,-0.012942269584022,13.65,6589277.99,-0.0434477925718289,267.9,367805.83,-0.0143487858719647,21,-0.3697893425290073,0.7995757943107968,0.1036136164551689,0.4734029589841763,0.4229834203918775,1.0,9.0,11.0,0.8571428571428571,0.0476190476190476,0.4285714285714285,0.5238095238095238,0.0203839315239842,0.0392942528927135,0.001788419205462,0.012942269584022
2022-11-18,16692.56,17011.0,16546.04,16700.45,214224.18184,0.0004726656666202,1200.42,1234.0,1199.18,1212.58,360218.5337,0.0101213731746123,13.27,2949495.18,-0.0278388278388278,274.1,277946.366,0.02314296379246,21,-0.0886983911373785,0.8045591328825269,0.2757966629495578,0.3644950540869363,0.3597082732511418,5.0,9.0,7.0,0.9523809523809524,0.238095238095238,0.4285714285714285,0.3333333333333333,0.0278411659566059,0.0287156311336158,0.0004726656666202,0.0101213731746123
2022-11-19,16699.43,16822.41,16553.53,16700.68,104963.15558,1.3772083985674756e-05,1212.58,1235.0,1197.67,1217.67,209789.5888,0.0041976611852414,12.84,2920148.22,-0.0324039186134137,272.6,194104.28,-0.0054724553082816,14,-0.1746047298490469,0.8005019021885735,0.2422537886803703,0.4168585185294172,0.3408876907612596,3.0,5.0,6.0,0.9285714285714286,0.2142857142857142,0.3571428571428571,0.4285714285714285,0.0160999432358443,0.0306569103287425,1.3772083985674756e-05,0.0041976611852414
2022-11-20,16700.68,16753.33,16180.0,16280.23,154842.13478,-0.0251756215914562,1217.67,1227.07,1132.65,1142.21,531108.7607,-0.0619708131102844,12.27,4790066.03,-0.0443925233644859,264.2,306587.581,-0.0308143800440207,16,-0.356295067758765,0.8136061728000641,0.1193692092201672,0.4756642769789323,0.4049665064085275,1.0,7.0,8.0,0.6875,0.0625,0.4375,0.5,0.0352163329387853,0.0826643086647812,0.0251756215914562,0.0619708131102844
2022-11-21,16279.5,16319.0,15476.0,15781.29,324096.997753,-0.030646987174014,1142.21,1146.99,1079.76,1107.34,922647.9454,-0.030528536783954,11.83,4921177.259,-0.0358598207008964,253.9,581026.19,-0.0389856169568507,20,-0.104300524899736,0.8073561221361161,0.1899445954244583,0.2942451203241943,0.5158103006891906,3.0,12.0,5.0,0.95,0.15,0.6,0.25,0.0534176863868543,0.0607130601260679,0.030646987174014,0.030528536783954
2022-11-22,15781.29,16315.0,15616.63,16226.94,239548.06623,0.0282391363443672,1107.34,1146.13,1075.0,1139.6,748884.5791,0.0291328769844854,12.44,5495351.55,0.0515638207945898,266.7,357164.445,0.0504135486411971,24,0.0743741510280718,0.8290792082746824,0.2779121726828937,0.2035380216548219,0.5185498227365315,6.0,13.0,5.0,1.0416666666666667,0.25,0.5416666666666666,0.2083333333333333,0.0430376891761478,0.0624166374166375,0.0282391363443672,0.0291328769844854
2022-11-23,16227.96,16706.0,16160.2,16603.11,264927.70408,0.0231818198625248,1139.59,1190.0,1127.75,1184.52,636927.1594,0.0394173394173393,14.36,7872882.42,0.1543408360128617,298.8,1224050.689,0.1203599550056244,21,0.1038063950614915,0.7699867685635885,0.3255838840933782,0.2217774890318867,0.4526386255664484,6.0,10.0,5.0,1.0,0.2857142857142857,0.4761904761904761,0.238095238095238,0.0328733592682334,0.0525529328335528,0.0231818198625248,0.0394173394173393
2022-11-24,16603.11,16812.63,16458.05,16598.95,206565.92346,-0.0002505554682225,1184.52,1217.71,1180.6,1203.73,486080.6123,0.0162175395940971,14.59,4725295.69,0.0160167130919219,300.2,550792.655,0.0046854082998659,17,-0.1126165349748643,0.7858436142697054,0.1672607035485698,0.2798772385234341,0.5528620564214447,2.0,10.0,5.0,1.0588235294117647,0.1176470588235294,0.5882352941176471,0.2941176470588235,0.021361592148901,0.0308291726549974,0.0002505554682225,0.0162175395940971
2022-11-25,16599.55,16666.0,16342.81,16522.14,182089.49533,-0.0046274011307945,1203.72,1207.77,1171.2,1199.3,391430.1658,-0.0036802272934961,14.03,2819515.28,-0.0383824537354352,300.8,465733.483,0.0019986675549634,19,0.0977669789112712,0.7682775823693526,0.2815439965281831,0.1837770176169119,0.5346789798258167,6.0,10.0,3.0,0.8421052631578947,0.3157894736842105,0.5263157894736842,0.1578947368421052,0.0195610253877524,0.0304927874593512,0.0046274011307945,0.0036802272934961
2022-11-26,16521.35,16701.99,16385.0,16458.57,181804.81666,-0.0038475645406708,1199.29,1235.66,1196.2,1205.6,379840.8116,0.005253064287501,14.17,2911827.78,0.0099786172487528,311.4,569578.773,0.0352393617021276,8,-0.1209884422132745,0.8509302362799644,0.1641780402278527,0.2851664824411272,0.5506554683670402,1.0,5.0,2.0,0.5,0.125,0.625,0.25,0.0192598749466084,0.0327305905773059,0.0038475645406708,0.005253064287501
2022-11-27,16457.61,16600.0,16401.0,16428.78,162025.47607,-0.0018099992891241,1205.61,1223.33,1188.65,1193.88,286386.7986,-0.0097213005972128,14.12,2063327.08,-0.0035285815102329,307.6,310095.845,-0.012202954399486,11,-0.0956079492514783,0.8331114649772644,0.2694047855382615,0.3650127347897399,0.3655825011770833,2.0,5.0,4.0,1.181818181818182,0.1818181818181818,0.4545454545454545,0.3636363636363636,0.0121128896972264,0.0290481455422654,0.0018099992891241,0.0097213005972128
2022-11-28,16428.77,16487.04,15995.27,16212.91,252695.40367,-0.0131397462258304,1193.88,1199.25,1151.02,1167.77,478795.6093,-0.0218698696686435,13.32,4718682.44,-0.0566572237960338,293.5,603763.83,-0.0458387516254876,10,-0.2207862119190395,0.8433434963226318,0.2034552925266325,0.424241504445672,0.3723031897097825,2.0,4.0,4.0,1.1,0.2,0.4,0.4,0.0303320008561079,0.0413009411099788,0.0131397462258304,0.0218698696686435
2022-11-29,16212.18,16548.71,16100.0,16442.53,248106.25009,0.0141627875563361,1167.77,1228.37,1158.27,1216.49,512143.5861,0.0417205442852617,13.34,2605636.41,0.0015015015015014,295.4,422502.385,0.0064735945485518,18,0.1735914117242727,0.7993555731243558,0.3672607040239704,0.1936692922996977,0.4390700002097421,7.0,8.0,3.0,0.9444444444444444,0.3888888888888889,0.4444444444444444,0.1666666666666666,0.0272895959441764,0.0576248057937179,0.0141627875563361,0.0417205442852617
2022-11-30,16442.91,17249.0,16428.3,17163.64,303019.80719,0.0438563894972368,1216.49,1309.77,1212.5,1294.46,815679.2717,0.0640942383414577,14.16,3599962.88,0.0614692653673163,300.6,467009.694,0.0176032498307381,16,0.1548421159968711,0.8377226293087006,0.3717104163952172,0.216868300398346,0.4114212717395276,6.0,7.0,3.0,0.875,0.375,0.4375,0.1875,0.0478161974965683,0.0751433029989339,0.0438563894972368,0.0640942383414577
2022-12-01,17165.53,17324.0,16855.01,16977.37,232818.18218,-0.0108525930397048,1294.46,1299.9,1262.77,1276.41,430018.7391,-0.0139440384407397,13.51,2567835.92,-0.0459039548022599,292.3,798867.735,-0.0276114437791085,10,0.0080420196987688,0.8151548027992248,0.3651748935692012,0.3571328738704323,0.2776922047138214,3.0,3.0,4.0,0.8,0.3,0.3,0.4,0.0276244200367902,0.0290893991742466,0.0108525930397048,0.0139440384407397
2022-12-02,16978.0,17105.73,16787.85,17092.74,202372.2062,0.0067955166200655,1276.4,1297.18,1265.24,1295.59,371559.585,0.0150265196919483,13.71,2865008.71,0.0148038490007402,293.4,364102.285,0.0037632569278138,11,-0.2586963666094975,0.7681644233790311,0.1402441849085417,0.3989405515180392,0.460815267637372,1.0,5.0,5.0,1.0,0.0909090909090909,0.4545454545454545,0.4545454545454545,0.0185973694094686,0.0246528608587593,0.0067955166200655,0.0150265196919483
2022-12-03,17092.13,17188.98,16858.74,16885.2,154542.57306,-0.0121419971286055,1295.58,1309.0,1236.26,1240.51,347148.2588,-0.0425134494708974,13.29,1958859.38,-0.0306345733041576,290.4,234377.055,-0.0102249488752556,11,0.2783230058002201,0.7959690960970792,0.4503248467702757,0.1720018409700555,0.3776733140376481,6.0,3.0,2.0,0.4545454545454545,0.5454545454545454,0.2727272727272727,0.1818181818181818,0.0195579560798804,0.0586371734206092,0.0121419971286055,0.0425134494708974
2022-12-04,16885.2,17202.84,16878.25,17105.7,178619.13387,0.0130587733636557,1240.5,1287.19,1240.1,1279.41,324129.5466,0.0313580704710161,13.71,1778118.75,0.0316027088036119,291.8,244356.783,0.0048209366391185,7,0.2887543648747461,0.7679809757641384,0.5193787328898907,0.2306243680151445,0.2499969050820384,4.0,1.0,2.0,0.7142857142857143,0.5714285714285714,0.1428571428571428,0.2857142857142857,0.0189755461629749,0.0368060277784292,0.0130587733636557,0.0313580704710161
2022-12-05,17106.65,17424.25,16867.0,16966.35,233703.29225,-0.008146407337905,1279.4,1305.11,1246.61,1259.41,391628.5166,-0.0156322054697086,13.82,3962489.89,0.0080233406272793,288.4,294958.79,-0.0116518163125429,11,-0.1295989265834743,0.815350662578236,0.3076449875635179,0.4372439141469922,0.2551110772077332,4.0,2.0,5.0,0.9090909090909092,0.3636363636363636,0.1818181818181818,0.4545454545454545,0.0328444244047776,0.0464503219761634,0.008146407337905,0.0156322054697086
2022-12-06,16966.35,17107.01,16906.37,17088.96,218730.76883,0.0072266574719961,1259.41,1274.76,1241.56,1271.32,301631.839,0.009456809140788,14.3,3280084.71,0.0347322720694645,290.2,247911.347,0.0062413314840499,16,-0.156298104499001,0.7649993598461151,0.1193156546214595,0.2756137591204605,0.6050705839879811,1.0,11.0,4.0,1.125,0.0625,0.6875,0.25,0.0117409134318296,0.0261145895604568,0.0072266574719961,0.009456809140788
2022-12-07,17088.96,17142.21,16678.83,16836.64,220657.41334,-0.0147650881036646,1271.31,1278.69,1218.01,1231.18,398559.5166,-0.0315734826794197,13.49,2647330.66,-0.0566433566433566,284.2,361435.528,-0.0206753962784286,11,-0.1086512326516888,0.7847111875360663,0.1984073092991655,0.3070585419508543,0.4945341517979448,2.0,5.0,4.0,0.7272727272727273,0.1818181818181818,0.4545454545454545,0.3636363636363636,0.0275221184274295,0.049286050780552,0.0147650881036646,0.0315734826794197
2022-12-08,16836.64,17299.0,16733.49,17224.1,236417.97804,0.0230129051877334,1231.18,1292.58,1222.01,1280.18,406653.5447,0.0397992170113223,13.69,2218371.02,0.0148257968865825,290.4,281655.085,0.0218156228008443,10,-0.1927676009945571,0.8326916426420212,0.1571619219146668,0.3499295229092239,0.4929085882380605,1.0,6.0,3.0,0.9,0.1,0.6,0.3,0.0328324847161824,0.0551250605383617,0.0230129051877334,0.0397992170113223
2022-12-09,17224.1,17360.0,17058.21,17128.56,238422.06465,-0.005546879082216,1280.18,1296.64,1250.0,1263.1,406008.0032,-0.013341873798997,13.59,2597941.96,-0.0073046018991964,286.0,308418.725,-0.015151515151515,10,-0.0055581714957952,0.8102581828832627,0.2021164583973586,0.2076746298931538,0.5902088850736618,2.0,6.0,2.0,1.2,0.2,0.6,0.2,0.017619111005245,0.036925025730346,0.005546879082216,0.013341873798997
2022-12-10,17128.56,17227.72,17092.0,17127.49,140573.97937,-6.246876561721848e-05,1263.11,1283.61,1259.6,1266.35,182278.6396,0.002573034597419,13.58,950118.11,-0.0007358351729211,288.2,148922.633,0.0076923076923076,7,-0.0638052213138767,0.8063188791275024,0.1184688049501606,0.1822740262640373,0.6992571758372443,0.0,6.0,1.0,1.2857142857142858,0.0,0.8571428571428571,0.1428571428571428,0.007924103298265,0.0189600031586844,6.246876561721848e-05,0.002573034597419
2022-12-11,17127.49,17270.99,17071.0,17085.05,155286.47871,-0.0024778878866665,1266.35,1284.75,1255.85,1263.01,180494.902,-0.0026375014806332,13.42,1210234.56,-0.011782032400589,284.4,206340.146,-0.0131852879944482,9,-0.3228410493789447,0.8368101451132033,0.1688633435923191,0.491704392971264,0.3394322466726104,2.0,2.0,5.0,0.5555555555555556,0.2222222222222222,0.2222222222222222,0.5555555555555556,0.0117055554417459,0.0228818457494399,0.0024778878866665,0.0026375014806332
2022-12-12,17085.05,17241.89,16871.85,17209.83,226227.49694,0.0073034612131659,1263.0,1278.9,1240.03,1275.4,363750.5481,0.0098098985756249,13.31,2644017.08,-0.0081967213114754,276.1,507509.835,-0.0291842475386777,15,-0.15487053313603,0.8524823466936747,0.2180855798845489,0.372956113020579,0.4089582916970054,3.0,6.0,6.0,0.8,0.2,0.4,0.4,0.0215016650367842,0.0304767131880195,0.0073034612131659,0.0098098985756249
2022-12-13,17208.93,18000.0,17080.14,17774.7,284462.9139,0.0328225206175771,1275.41,1349.0,1255.1,1320.69,659393.8825,0.0355104281009879,13.89,3963954.49,0.0435762584522914,272.2,1309642.684,-0.0141253169141616,34,-0.2599518682999426,0.7684345385607552,0.1757074607645763,0.4356593290645191,0.38863321196507,5.0,12.0,17.0,1.0,0.1470588235294117,0.3529411764705882,0.5,0.0517510844064879,0.0710991981464235,0.0328225206175771,0.0355104281009879
2022-12-14,17775.82,18387.95,17660.94,17803.15,266681.22209,0.0016005896020749,1320.69,1352.72,1301.0,1307.44,554465.5717,-0.0100326344562312,14.12,5084591.13,0.0165586753059754,267.7,580082.911,-0.0165319617927993,10,-0.0924728129990399,0.8081819415092468,0.2485167556442319,0.3409895686432719,0.4104936701245606,2.0,4.0,4.0,0.8,0.2,0.4,0.4,0.0408360318258286,0.0395582206449244,0.0016005896020749,0.0100326344562312
2022-12-15,17804.01,17854.82,17275.51,17356.34,223701.96882,-0.0250972440270402,1307.45,1311.14,1259.27,1266.54,390051.2447,-0.0312825062717984,14.04,2711381.25,-0.0056657223796033,258.8,350889.164,-0.0332461710870376,16,0.2697514540923293,0.7704721987247467,0.4073793139541521,0.1376278598618227,0.4549928501946851,7.0,8.0,1.0,1.375,0.4375,0.5,0.0625,0.0333774286514323,0.040954095409541,0.0250972440270402,0.0312825062717984
2022-12-16,17356.96,17531.73,16527.32,16632.12,253379.04116,-0.041726539120575,1266.53,1280.06,1155.32,1166.83,751422.2779,-0.0787262936819997,12.25,4522833.23,-0.1274928774928774,231.2,876900.031,-0.1066460587326121,19,-0.3712641380629257,0.7553920024319699,0.1615393376958213,0.5328034757587471,0.3056571730657627,3.0,4.0,12.0,1.105263157894737,0.1578947368421052,0.2105263157894736,0.631578947368421,0.0603897759275426,0.1069050332953386,0.041726539120575,0.0787262936819997
2022-12-17,16631.5,16796.82,16579.85,16776.52,144825.66684,0.0086819960413946,1166.82,1190.03,1161.92,1187.16,328881.6281,0.0174232750272105,12.51,2465880.45,0.0212244897959184,242.1,788798.493,0.0471453287197232,11,-0.392429263076999,0.7814403718168085,0.108423928645524,0.5008531917225231,0.3907229112969203,1.0,4.0,6.0,0.7272727272727273,0.0909090909090909,0.3636363636363636,0.5454545454545454,0.0129329562984457,0.0236783584352571,0.0086819960413946,0.0174232750272105
2022-12-18,16777.54,16863.26,16663.07,16738.21,112619.31646,-0.0022835486739801,1187.16,1199.54,1170.32,1183.06,252260.144,-0.0034536204050003,12.38,1358593.49,-0.0103916866506793,251.0,526139.427,0.0367616687319289,7,0.2605718323694808,0.7624714204243251,0.4249611012637615,0.1643892688942806,0.410649643146566,3.0,3.0,1.0,0.8571428571428571,0.4285714285714285,0.4285714285714285,0.1428571428571428,0.0119600602453905,0.0246986627897148,0.0022835486739801,0.0034536204050003
2022-12-19,16739.0,16815.99,16256.3,16438.88,179094.28305,-0.0178830352827451,1183.06,1195.0,1150.51,1167.82,296832.7228,-0.0128818487650668,11.94,2385052.59,-0.0355411954765751,240.4,408787.202,-0.0422310756972111,14,-0.1747914923554552,0.8252812666552407,0.2201791162203465,0.3949706085758017,0.384850286279938,3.0,5.0,6.0,1.0714285714285714,0.2142857142857142,0.3571428571428571,0.4285714285714285,0.0340467233777485,0.0380966244797999,0.0178830352827451,0.0128818487650668
2022-12-20,16438.88,17061.27,16397.2,16895.56,248808.92324,0.0277804813953261,1167.82,1230.47,1163.12,1216.94,465184.1943,0.0420612765665942,12.26,1699256.37,0.0268006700167504,251.4,320509.026,0.0457570715474209,9,-0.2345145195205179,0.7955334650145637,0.1512223718067009,0.3857368913272188,0.4630407190157307,1.0,5.0,3.0,1.3333333333333333,0.1111111111111111,0.5555555555555556,0.3333333333333333,0.0393044089689835,0.0553437309974198,0.0277804813953261,0.0420612765665942
2022-12-21,16896.15,16925.0,16723.0,16824.67,156810.96362,-0.0041957768786594,1216.95,1223.39,1203.02,1213.78,245723.8377,-0.0025966769109406,12.14,1549774.66,-0.0097879282218595,246.2,195051.385,-0.0206841686555291,3,-0.3267041413734357,0.935117483139038,0.3111899318173528,0.6378940731907884,0.0509160322447617,1.0,0.0,2.0,0.6666666666666666,0.3333333333333333,0.0,0.6666666666666666,0.012006179021639,0.0167822834451054,0.0041957768786594,0.0025966769109406
2022-12-22,16824.68,16868.52,16559.85,16821.43,176044.27235,-0.0001925743565845,1213.78,1237.99,1182.54,1217.71,336761.6598,0.0032378190446373,11.82,1805407.09,-0.0263591433278418,245.8,246104.196,-0.001624695369618,12,0.3407271989466001,0.7521734138329824,0.4381867107003927,0.0974595117537925,0.4643537752951185,6.0,5.0,1.0,1.25,0.5,0.4166666666666667,0.0833333333333333,0.0183498073588275,0.0455362935345854,0.0001925743565845,0.0032378190446373
2022-12-23,16821.9,16955.14,16731.13,16778.5,161612.00947,-0.002552101694089,1217.72,1231.99,1210.0,1219.99,278604.2882,0.0018723669839288,11.78,1647382.32,-0.0033840947546531,246.2,175280.013,0.0016273393002439,12,0.0182311292737722,0.7456426098942757,0.31729639818271,0.2990652689089377,0.3836383555705349,4.0,5.0,3.0,0.9166666666666666,0.3333333333333333,0.4166666666666667,0.25,0.0133510146914204,0.0180247379076877,0.002552101694089,0.0018723669839288
2022-12-24,16778.52,16869.99,16776.62,16836.12,100224.29096,0.0034341568078195,1219.98,1227.99,1214.69,1220.41,123701.5301,0.0003442651169272,11.45,2286878.14,-0.0280135823429541,244.5,96773.731,-0.0069049553208773,5,0.3768838059157133,0.906903314590454,0.5592123065143824,0.182328500598669,0.2584592200815677,3.0,1.0,1.0,1.0,0.6,0.2,0.2,0.0055458145938614,0.0108979769093992,0.0034341568078195,0.0003442651169272
2022-12-25,16835.73,16857.96,16721.0,16832.11,125441.07202,-0.0002381783926461,1220.42,1225.0,1193.18,1218.51,231652.0612,-0.0015568538442,11.38,916417.64,-0.0061135371179038,243.2,125016.877,-0.0053169734151329,4,-0.7196114496327937,0.9436291605234146,0.0238124164752661,0.7434238661080599,0.2327637020498513,0.0,1.0,3.0,0.75,0.0,0.25,0.75,0.008136828953708,0.0261138603704523,0.0002381783926461,0.0015568538442
2022-12-26,16832.11,16944.52,16791.0,16919.39,124564.00656,0.0051853273297286,1218.52,1231.09,1211.67,1228.11,162723.0857,0.007878474530369,11.32,1613225.82,-0.0052724077328647,244.3,117117.968,0.0045230263157896,7,0.2533788430903639,0.7169747395174844,0.4635349224720682,0.2101560793817043,0.326308992558292,4.0,1.0,2.0,0.2857142857142857,0.5714285714285714,0.1428571428571428,0.2857142857142857,0.0090736131739974,0.0158129157811595,0.0051853273297286,0.007878474530369
2022-12-27,16919.39,16972.83,16592.37,16706.36,173749.58616,-0.01259087945842,1228.12,1233.73,1200.58,1211.55,262437.6398,-0.0134841341573637,11.09,3052197.59,-0.0203180212014134,246.7,196642.12,0.0098239869013507,3,-0.2361358391741911,0.6925059159596761,0.2117416982849438,0.447877537459135,0.3403807456294695,0.0,1.0,2.0,0.6666666666666666,0.0,0.3333333333333333,0.6666666666666666,0.0227733629587775,0.0273616441748174,0.01259087945842,0.0134841341573637
2022-12-28,16706.06,16785.19,16465.33,16547.31,193037.56577,-0.0095203263906679,1211.55,1215.78,1181.06,1190.15,367828.8914,-0.0176633238413601,9.76,7362205.181,-0.1199278629395852,244.5,208632.342,-0.0089177138224564,7,0.233974043013794,0.8257961358342852,0.4838776045611926,0.2499035615473985,0.2662188354879617,4.0,1.0,2.0,0.7142857142857143,0.5714285714285714,0.1428571428571428,0.2857142857142857,0.019330030077396,0.0291727933453766,0.0095203263906679,0.0176633238413601
2022-12-29,16547.32,16664.41,16488.91,16633.47,160998.47158,0.0052068886121068,1190.15,1206.57,1186.77,1200.49,249130.4869,0.0086879805066588,9.64,12093989.53,-0.012295081967213,246.3,161959.266,0.007361963190184,7,-0.4019245969663773,0.7642118419919696,0.0978015929992709,0.4997261899656483,0.4024722214256014,0.0,4.0,3.0,0.7142857142857143,0.0,0.5714285714285714,0.4285714285714285,0.0105510155126981,0.0164932652500228,0.0052068886121068,0.0086879805066588
2022-12-30,16633.47,16677.35,16333.0,16607.48,164916.31174,-0.0015625122118235,1200.48,1202.15,1181.08,1199.99,266014.2115,-0.0004164965972227,9.9,12587079.51,0.0269709543568463,245.8,128406.533,-0.0020300446609825,11,-0.1530308572744781,0.7680297006260265,0.2438583950596776,0.3968892523341558,0.3592523400756445,3.0,3.0,5.0,0.7272727272727273,0.2727272727272727,0.2727272727272727,0.4545454545454545,0.020734632828099,0.0175584796539972,0.0015625122118235,0.0004164965972227
2022-12-31,16607.48,16644.09,16470.0,16542.4,114490.42864,-0.0039187161447732,1199.98,1208.46,1191.66,1196.13,139379.2811,-0.0032166934724455,9.97,3621434.65,0.007070707070707,246.3,134141.311,0.0020341741253051,7,-0.0373053895309567,0.8203171917370388,0.2429325923855815,0.2802379819165382,0.476829443393009,1.0,4.0,2.0,1.0,0.1428571428571428,0.5714285714285714,0.2857142857142857,0.010523865944482,0.0140452960798575,0.0039187161447732,0.0032166934724455
2023-01-01,16541.77,16628.0,16499.01,16616.75,96925.41374,0.0044945110745719,1196.13,1204.67,1190.57,1200.34,117762.0685,0.0035196843152498,9.99,2287512.63,0.0020060180541623,244.4,109450.117,-0.0077141697117336,4,0.0840631502214818,0.8496028780937195,0.3406828299630433,0.2566196797415613,0.4026974821463227,1.0,2.0,1.0,2.0,0.25,0.5,0.25,0.0077626491341568,0.0117466717763301,0.0044945110745719,0.0035196843152498
2023-01-02,16617.17,16799.23,16548.7,16672.87,121888.57191,0.0033773150586005,1200.33,1224.29,1193.0,1214.0,252794.14,0.0113801089691254,11.28,7628264.93,0.129129129129129,245.2,173452.9,0.0032733224222585,5,-0.2710017481818795,0.8888425230979919,0.2682068640366196,0.5392086122184991,0.1925845332443713,1.0,1.0,3.0,1.0,0.2,0.2,0.6,0.015026207245663,0.0257742998352553,0.0033773150586005,0.0113801089691254
2023-01-03,16672.78,16778.4,16605.28,16675.18,159541.53733,0.0001385484322735,1213.99,1219.89,1204.93,1214.55,205519.4944,0.0004530477759472,13.37,14986491.36,0.1852836879432624,246.1,115059.991,0.0036704730831973,4,0.2725055511109531,0.8512212485074997,0.2889974219724536,0.0164918708615004,0.6945106983184814,1.0,3.0,0.0,1.75,0.25,0.75,0.0,0.0103818969270498,0.0123173191717097,0.0001385484322735,0.0004530477759472
2023-01-04,16675.65,16991.87,16652.66,16850.36,220362.18862,0.0105054338244026,1214.56,1272.6,1212.71,1256.9,457799.6648,0.034868881478737,13.43,12612735.49,0.0044876589379208,258.9,370055.082,0.0520113774888255,4,-0.0891435733065009,0.7872752100229263,0.3248550435528158,0.4139986168593167,0.261146324686706,1.0,1.0,2.0,0.25,0.25,0.25,0.5,0.0201307271773421,0.0476489776434082,0.0105054338244026,0.034868881478737
2023-01-05,16850.36,16879.82,16753.0,16831.85,163473.56641,-0.0010984928511914,1256.91,1259.95,1242.81,1251.24,272805.33,-0.0045031426525579,13.43,5834353.76,0.0,256.7,145297.963,-0.0084974893781382,5,0.2070580914616585,0.7078924000263214,0.4010737318545579,0.1940156403928994,0.4049106325954199,2.0,3.0,0.0,0.0,0.4,0.6,0.0,0.0075345253195578,0.0136984111761133,0.0010984928511914,0.0045031426525579
2023-01-06,16831.85,17041.0,16679.0,16950.65,207401.28415,0.0070580476893509,1251.25,1276.7,1236.0,1269.14,342344.2023,0.0143058086378313,13.5,5404648.48,0.0052122114668653,259.9,199497.076,0.0124659135177249,14,-0.0337849165579038,0.7609468272754124,0.2958078993750469,0.3295928159329508,0.374599294204797,3.0,7.0,4.0,1.1428571428571428,0.2142857142857142,0.5,0.2857142857142857,0.0213561131873998,0.0320689600832059,0.0070580476893509,0.0143058086378313
2023-01-07,16950.31,16981.91,16908.0,16943.57,104526.5688,-0.0004176830976984,1269.13,1271.09,1261.3,1264.07,129474.2884,-0.0039948311455002,13.1,1904950.91,-0.0296296296296296,261.3,115152.77,0.00538668718738,6,0.5387849621474743,0.6738300422827402,0.5610866645971934,0.022301702449719,0.4166116043925285,4.0,2.0,0.0,1.1666666666666667,0.6666666666666666,0.3333333333333333,0.0,0.0043621267536888,0.0077448242581502,0.0004176830976984,0.0039948311455002
2023-01-08,16943.83,17176.99,16911.0,17127.83,135155.89695,0.0108749218730175,1264.06,1296.0,1257.77,1290.16,213636.7848,0.02063967976457,14.45,6295596.12,0.1030534351145038,274.9,237308.89,0.0520474550325296,7,-0.3494242586727653,0.7864815677915301,0.132117270225925,0.4815415288986904,0.3863411923604351,1.0,2.0,4.0,1.1428571428571428,0.1428571428571428,0.2857142857142857,0.5714285714285714,0.0155296964063749,0.0296319836299373,0.0108749218730175,0.02063967976457
2023-01-09,17127.83,17398.8,17104.66,17178.26,266211.52723,0.0029443309514396,1290.15,1344.91,1285.44,1320.39,581727.6968,0.0234312023314937,16.25,19481959.57,0.124567474048443,272.6,437828.428,-0.0083666787922879,9,0.3672536520494355,0.821804960568746,0.5637869597930047,0.1965333077435691,0.2396797440532181,5.0,2.0,2.0,0.5555555555555556,0.5555555555555556,0.2222222222222222,0.2222222222222222,0.0171228052200862,0.0450397231121108,0.0029443309514396,0.0234312023314937
2023-01-10,17179.04,17499.0,17146.34,17440.66,221382.42581,0.0152751209959565,1320.4,1347.69,1316.8,1335.62,459660.2307,0.0115344708760289,16.2,8489417.77,-0.003076923076923,277.1,259938.562,0.0165077035950109,5,0.3517618473619223,0.6711385309696197,0.554070683196187,0.2023088358342647,0.243620503693819,2.0,2.0,1.0,0.6,0.4,0.4,0.2,0.0202205650474236,0.0231278357616688,0.0152751209959565,0.0115344708760289
2023-01-11,17440.64,18000.0,17315.6,17943.26,262221.60653,0.0288177167607188,1335.63,1398.0,1321.04,1389.39,472465.9556,0.0402584567466794,16.36,6661616.67,0.0098765432098766,284.8,266107.304,0.0277878022374593,11,0.1375340887938033,0.8056050701574846,0.3080834942785176,0.1705494054847142,0.5213671044700525,2.0,7.0,2.0,1.3636363636363635,0.1818181818181818,0.6363636363636364,0.1818181818181818,0.038142455718749,0.0553912148496822,0.0288177167607188,0.0402584567466794
2023-01-12,17943.26,19117.04,17892.05,18846.62,454568.32178,0.0503453664495749,1389.4,1438.0,1361.92,1415.92,877712.4492,0.0190947106284051,16.59,9608670.96,0.0140586797066015,287.7,391553.641,0.0101825842696627,6,0.4075707662850618,0.7424903611342112,0.466671222820878,0.0591004565358161,0.4742283057421446,3.0,3.0,0.0,0.6666666666666666,0.5,0.5,0.0,0.0649978616855437,0.0537318492570201,0.0503453664495749,0.0190947106284051
2023-01-13,18846.62,20000.0,18714.12,19930.01,368615.87823,0.0574845781365571,1415.91,1464.0,1401.03,1451.2,499377.8649,0.0249166619583027,18.29,10929884.4,0.1024713682941531,293.7,313541.811,0.0208550573514076,5,0.574421600624919,0.7471967697143554,0.5905783534049988,0.0161567527800797,0.393264901638031,3.0,2.0,0.0,0.8,0.6,0.4,0.0,0.0645197869945876,0.0433916758544652,0.0574845781365571,0.0249166619583027
2023-01-14,19930.01,21258.0,19888.05,20954.92,393913.74951,0.0514254634092004,1451.21,1599.98,1449.14,1549.9,940691.7774,0.0680126791620727,24.24,25997232.06,0.3253143794423181,305.1,706402.087,0.0388151174668029,9,0.3375318293563193,0.8449154429965549,0.4707128072364462,0.1331809778801268,0.396106229060226,4.0,4.0,1.0,0.4444444444444444,0.4444444444444444,0.4444444444444444,0.1111111111111111,0.0653760548835309,0.0973224078972836,0.0514254634092004,0.0680126791620727
2023-01-15,20952.76,21050.74,20551.01,20871.5,178542.22549,-0.0039809266749765,1549.91,1566.66,1516.03,1552.52,387832.7138,0.0016904316407508,22.89,11258028.55,-0.0556930693069306,302.2,288696.868,-0.0095050803015406,6,0.3774052835069597,0.7837274372577667,0.591954740540435,0.2145494570334752,0.1934957870592673,4.0,1.0,1.0,0.6666666666666666,0.6666666666666666,0.1666666666666666,0.1666666666666666,0.0239431761013824,0.0326114961481978,0.0039809266749765,0.0016904316407508
2023-01-16,20872.99,21474.05,20611.48,21185.65,293078.08262,0.0150516254222266,1552.52,1604.5,1521.31,1576.94,574622.8953,0.0157292659675882,23.58,10043368.28,0.0301441677588465,299.0,350990.993,-0.0105890138980807,15,0.3256630588943759,0.7820179621378581,0.4916727226227522,0.1660096637283761,0.3423176015416781,6.0,7.0,2.0,1.5333333333333334,0.4,0.4666666666666667,0.1333333333333333,0.0407148234772121,0.0527540680051238,0.0150516254222266,0.0157292659675882
2023-01-17,21185.65,21647.45,20841.31,21134.81,275407.74409,-0.0023997375582056,1576.94,1609.0,1541.15,1565.57,506771.7219,-0.0072101665250422,22.86,6056942.68,-0.0305343511450381,299.4,279993.876,0.0013377926421402,5,0.2485265616327524,0.8386989593505859,0.4086566179990768,0.1601300563663244,0.4312133155763149,2.0,2.0,1.0,2.0,0.4,0.4,0.2,0.0381427606872264,0.04333884783178,0.0023997375582056,0.0072101665250422
2023-01-18,21132.29,21650.0,20407.15,20677.47,350916.01949,-0.0216391819940656,1565.56,1610.0,1501.39,1511.43,752534.8857,-0.0345816539662869,20.79,11341710.32,-0.0905511811023622,286.7,621064.665,-0.0424181696726786,10,0.1291127823293209,0.8274185299873352,0.3389177187345921,0.2098049364052712,0.4512773432768881,3.0,5.0,2.0,0.8,0.3,0.5,0.2,0.0601064830465235,0.0718591003222113,0.0216391819940656,0.0345816539662869
2023-01-19,20677.47,21192.0,20659.19,21071.59,251385.84925,0.0190603589317261,1511.44,1564.43,1509.15,1551.09,308679.4645,0.0262400508128062,21.4,6113345.07,0.0293410293410292,294.6,215522.146,0.0275549354726196,6,0.317315986379981,0.7679068446159363,0.4145481397087375,0.0972321533287564,0.4882197088251511,2.0,4.0,0.0,0.8333333333333334,0.3333333333333333,0.6666666666666666,0.0,0.0252857045908733,0.0356394535455711,0.0190603589317261,0.0262400508128062
2023-01-20,21071.59,22755.93,20861.28,22667.21,338079.13659,0.0757237588620507,1551.09,1669.9,1542.02,1658.52,440570.9974,0.0692609713169449,25.51,9652433.39,0.1920560747663553,305.1,423829.136,0.035641547861507,10,0.3033450671005994,0.77882040143013,0.4966322608292103,0.1932871937286108,0.3100805170834064,5.0,3.0,2.0,1.3,0.5,0.3,0.2,0.0835854964064832,0.0771048886959458,0.0757237588620507,0.0692609713169449
2023-01-21,22666.0,23371.8,22422.0,22783.55,346445.48432,0.0051325240292035,1658.53,1679.26,1616.21,1626.66,494248.6009,-0.0192098979813326,24.57,12782858.69,-0.0368482947863583,299.0,508000.024,-0.0199934447722058,5,-0.153505003452301,0.9101942896842956,0.2117462970316409,0.365251300483942,0.4230023957788944,1.0,2.0,2.0,1.2,0.2,0.4,0.4,0.0416879722431315,0.0387604047557571,0.0051325240292035,0.0192098979813326
2023-01-22,22783.35,23078.71,22292.37,22707.88,253577.75286,-0.0033212559061251,1626.65,1663.89,1604.0,1627.44,431729.6909,0.0004795101619268,24.21,6496779.26,-0.0146520146520146,303.0,388815.192,0.0133779264214046,10,0.2847415413707495,0.8502523183822632,0.3009413089603185,0.016199767589569,0.6828589364886284,2.0,8.0,0.0,1.0,0.2,0.8,0.0,0.0346285078131468,0.0368001278080913,0.0033212559061251,0.0004795101619268
2023-01-23,22706.02,23180.0,22500.0,22916.45,293588.37938,0.009184917306239,1627.43,1648.09,1585.29,1626.29,407267.1156,-0.0007066312736568,24.33,6100483.98,0.0049566294919454,305.1,301946.005,0.0069306930693069,13,0.2432409182477455,0.8127241180493281,0.4379301175761681,0.1946891993284225,0.3673806892564663,6.0,4.0,3.0,0.9230769230769232,0.4615384615384615,0.3076923076923077,0.2307692307692307,0.0296730078175284,0.0386154990807297,0.009184917306239,0.0007066312736568
2023-01-24,22917.81,23162.2,22462.93,22632.89,293158.78254,-0.0123736442599093,1626.28,1641.46,1535.0,1555.97,462275.3243,-0.0432395206267024,22.78,6121565.88,-0.0637073571722152,300.3,629758.279,-0.0157325467059981,8,0.1673494243295863,0.7926941737532616,0.4561548907076939,0.2888054663781076,0.2550396518781781,4.0,2.0,2.0,0.5,0.5,0.25,0.25,0.0308961869208925,0.0684203422945172,0.0123736442599093,0.0432395206267024
2023-01-25,22631.94,23816.73,22300.0,23060.94,346042.83223,0.0189127415897836,1555.97,1641.0,1518.0,1611.94,646474.9166,0.0359711305487895,24.52,8332368.29,0.0763827919227391,306.9,447238.539,0.0219780219780219,8,0.3116313387872651,0.7782385498285294,0.5049958128947765,0.1933644741075112,0.3016397310420871,4.0,3.0,1.0,1.125,0.5,0.375,0.125,0.0657705193283534,0.0763055696862166,0.0189127415897836,0.0359711305487895
2023-01-26,23060.42,23282.47,22850.01,23009.65,288924.43581,-0.0022241070832323,1611.95,1632.84,1577.43,1601.09,532777.8466,-0.0067310197650037,24.33,5450404.1,-0.0077487765089723,304.7,342344.705,-0.0071684587813619,7,0.1495651710512382,0.8392056907926287,0.3808864916541746,0.2313213206029363,0.3877921604684421,3.0,3.0,1.0,1.0,0.4285714285714285,0.4285714285714285,0.1428571428571428,0.0187947230835759,0.0346076735224127,0.0022241070832323,0.0067310197650037
2023-01-27,23009.65,23500.0,22534.88,23074.16,280833.86315,0.0028036063130034,1601.08,1621.0,1552.54,1597.62,512093.3875,-0.0021672735448975,24.43,4729055.76,0.0041101520756268,308.0,271326.79,0.0108303249097472,8,0.2379783259821124,0.8047895357012749,0.4087969032116234,0.1708185772295109,0.4203845425508916,4.0,3.0,1.0,0.875,0.5,0.375,0.125,0.0418268747378018,0.0428512412213167,0.0028036063130034,0.0021672735448975
2023-01-28,23074.16,23189.0,22878.46,23022.6,148115.71085,-0.0022345342148967,1597.61,1606.83,1555.99,1572.1,313675.6574,-0.015973760969442,24.0,3377884.1,-0.0176013098649201,306.1,229517.8,-0.006168831168831,8,0.2837011485244147,0.81179628521204,0.4336586813442408,0.1499575328198261,0.416383795440197,3.0,4.0,1.0,0.625,0.375,0.5,0.125,0.013488485227559,0.0323389097385662,0.0022345342148967,0.015973760969442
2023-01-29,23021.4,23960.54,22967.76,23742.3,295688.79204,0.0312605874227933,1572.1,1660.0,1566.33,1644.72,551767.9134,0.0461929902677946,26.07,7785906.2,0.0862499999999999,317.2,430698.673,0.036262659261679,7,0.3920436720363796,0.8417902503694806,0.4143364248531205,0.0222927528167409,0.5633708321090255,3.0,4.0,0.0,1.1428571428571428,0.4285714285714285,0.5714285714285714,0.0,0.0418148199626827,0.0569519431878982,0.0312605874227933,0.0461929902677946
2023-01-30,23743.37,23800.51,22500.0,22826.15,302405.90121,-0.0385872472338398,1644.73,1647.53,1535.0,1566.2,595055.3281,-0.0477406488642443,23.96,7532450.12,-0.0809359416954353,307.2,413716.212,-0.0315258511979823,6,0.155837116142114,0.8669411738713583,0.3745938232168555,0.2187567070747415,0.406649436801672,2.0,3.0,1.0,1.0,0.3333333333333333,0.5,0.1666666666666666,0.0569745664511973,0.0718490614225513,0.0385872472338398,0.0477406488642443
2023-01-31,22827.38,23320.0,22714.77,23125.13,264649.34909,0.0130981352527692,1566.21,1605.18,1561.63,1585.33,348856.6751,0.0122142765930275,23.92,4062387.09,-0.0016694490818029,312.0,278061.958,0.015625,4,0.3149832276394591,0.8834069222211838,0.3271003086119889,0.0121170809725298,0.6607826268300414,1.0,3.0,0.0,0.75,0.25,0.75,0.0,0.0261719609792463,0.0274706212586653,0.0130981352527692,0.0122142765930275
2023-02-01,23125.13,23812.66,22760.23,23732.66,310790.42271,0.0262714198795854,1585.32,1647.77,1555.18,1641.68,474617.1709,0.0355446500097771,25.0,7304888.31,0.0451505016722406,317.0,390978.523,0.0160256410256409,8,-0.0848483145236969,0.7877590656280518,0.2467134674079716,0.3315617819316684,0.4217247716151177,2.0,3.0,3.0,1.375,0.25,0.375,0.375,0.0443452187828924,0.0563995419326543,0.0262714198795854,0.0355446500097771
2023-02-02,23731.41,24255.0,23363.27,23488.94,364177.20751,-0.0102693924743371,1641.67,1714.68,1626.85,1643.12,629188.8874,0.0008771502363431,24.32,7246590.58,-0.0272,323.5,587655.881,0.0205047318611988,3,0.5797440729414424,0.7868948976198832,0.6126350710789362,0.0328909981374939,0.3544739112257957,2.0,1.0,0.0,1.0,0.6666666666666666,0.3333333333333333,0.0,0.037963824676635,0.0534531866205755,0.0102693924743371,0.0008771502363431
2023-02-03,23489.33,23715.7,23204.62,23431.9,332571.02904,-0.0024283769297378,1643.12,1676.0,1625.93,1663.52,464815.032,0.0124154048395734,24.69,4759274.31,0.0152138157894736,332.2,579577.162,0.0268933539412674,7,0.4655798512644001,0.8751180853162494,0.4932448997029236,0.0276650484385234,0.4790900817939213,3.0,4.0,0.0,0.8571428571428571,0.4285714285714285,0.5714285714285714,0.0,0.0218112914445692,0.0300988265845916,0.0024283769297378,0.0124154048395734
2023-02-04,23431.9,23587.78,23253.96,23326.84,166126.47295,-0.0044836312889693,1663.52,1695.29,1645.43,1666.38,308227.1295,0.0017192459363277,24.34,2034159.41,-0.0141757796678817,330.4,212109.626,-0.0054184226369656,6,0.5420533896734318,0.8118310670057932,0.5691048800945282,0.0270514904210964,0.4038436474899451,3.0,3.0,0.0,1.3333333333333333,0.5,0.5,0.0,0.0143105538512717,0.0299211464371871,0.0044836312889693,0.0017192459363277
2023-02-05,23327.66,23433.33,22743.0,22932.91,209251.33917,-0.0168874138117293,1666.39,1673.81,1609.3,1629.02,413579.6748,-0.022419856215269,23.47,4822304.59,-0.0357436318816762,327.8,396514.711,-0.007869249394673,9,0.637353715279864,0.8879500693745084,0.6561575250493156,0.0188038097694515,0.3250386505905124,6.0,3.0,0.0,1.1111111111111112,0.6666666666666666,0.3333333333333333,0.0,0.0301021545019799,0.0396004960037323,0.0168874138117293,0.022419856215269
2023-02-06,22932.91,23158.25,22628.13,22762.52,265371.6069,-0.0074299336630195,1629.01,1658.56,1605.01,1614.29,384119.4197,-0.0090422462584867,22.66,3592829.38,-0.0345121431614826,324.3,290965.0,-0.0106772422208664,3,-0.4214013994981845,0.8134600321451823,0.2079436338196198,0.6293450333178043,0.1627113297581672,1.0,0.0,2.0,0.6666666666666666,0.3333333333333333,0.0,0.6666666666666666,0.0232891613055144,0.0331724783031549,0.0074299336630195,0.0090422462584867
2023-02-07,22762.52,23350.25,22745.78,23240.46,308006.72482,0.0209967964882622,1614.28,1678.37,1613.14,1671.03,451922.4,0.0351485792515595,23.82,4900023.85,0.0511915269196823,333.0,265904.833,0.0268270120259019,5,0.3530450530350208,0.8952114462852478,0.3791336447000503,0.0260885916650294,0.5947777897119522,2.0,3.0,0.0,1.0,0.4,0.6,0.0,0.0260093819141273,0.0390358042644355,0.0209967964882622,0.0351485792515595
2023-02-08,23242.42,23452.0,22665.85,22963.0,280056.30717,-0.0119386621435203,1671.03,1697.91,1630.47,1650.43,417966.2539,-0.0123277260132971,23.22,3970029.14,-0.0251889168765743,328.2,286865.867,-0.0144144144144144,11,0.6099080287597396,0.8501405445012179,0.6280833408236504,0.0181753120639106,0.3537413616749373,8.0,3.0,0.0,1.0,0.7272727272727273,0.2727272727272727,0.0,0.0342355092975657,0.0408620783674557,0.0119386621435203,0.0123277260132971
2023-02-09,22961.85,23011.39,21688.0,21796.35,402894.6955,-0.0508056438618648,1650.42,1656.17,1524.4,1545.35,658011.6964,-0.0636682561514273,20.48,6398790.64,-0.1180017226528853,306.2,564612.572,-0.0670322973796465,4,-0.4733208899851889,0.9550237208604812,0.2483581805136054,0.7216790704987943,0.0299627440981566,1.0,0.0,3.0,0.75,0.25,0.0,0.75,0.0607161290766573,0.085268709353868,0.0508056438618648,0.0636682561514273
2023-02-10,21797.83,21938.16,21451.0,21625.19,338591.94247,-0.0078526909321973,1545.35,1555.01,1490.0,1513.06,484654.2199,-0.0208949428931957,20.11,5523024.53,-0.01806640625,305.8,295784.976,-0.001306335728282,4,-0.4241722647566348,0.925483837723732,0.0595313704106956,0.4837036351673305,0.4567649983800947,0.0,2.0,2.0,0.5,0.0,0.5,0.5,0.02252743212892,0.0429659101423605,0.0078526909321973,0.0208949428931957
2023-02-11,21625.19,21906.32,21599.78,21862.55,177021.58433,0.0109760885337886,1513.05,1543.0,1505.0,1538.51,289691.5708,0.0168202186297965,20.81,1859852.98,0.0348085529587269,310.4,154488.761,0.0150425114453889,10,0.0070175773929804,0.856862360239029,0.3180462772492319,0.3110286998562514,0.370925024151802,3.0,4.0,3.0,1.3,0.3,0.4,0.3,0.0140212372298748,0.0246992219745078,0.0109760885337886,0.0168202186297965
2023-02-12,21862.02,22090.0,21630.0,21783.54,204435.65163,-0.003613942563882,1538.5,1548.02,1493.08,1514.83,286758.374,-0.0153915151672722,21.49,4625241.81,0.0326765977895242,312.6,291500.27,0.0070876288659795,4,0.0815734064672142,0.809978574514389,0.359084602445364,0.2775111959781497,0.3634042316116392,1.0,2.0,1.0,0.75,0.25,0.5,0.25,0.0211168616303869,0.0362680960899903,0.003613942563882,0.0153915151672722
2023-02-13,21782.37,21894.99,21351.07,21773.97,295730.76791,-0.0004393225343538,1514.82,1526.1,1461.93,1505.24,643152.3904,-0.0063307433837459,20.77,6685330.04,-0.0335039553280595,294.3,1065985.594,-0.0585412667946257,11,-0.4893982505256479,0.7525211274623871,0.0954958386719226,0.5848940891975706,0.3196101014248349,0.0,4.0,7.0,0.9090909090909092,0.0,0.3636363636363636,0.6363636363636364,0.0249802860939002,0.0426310754431186,0.0004393225343538,0.0063307433837459
2023-02-14,21774.63,22319.08,21532.77,22199.84,361958.40109,0.0195586748764693,1505.25,1569.0,1482.66,1555.71,668964.3768,0.033529536818049,21.84,7639521.83,0.0515166104959075,296.2,494698.654,0.0064559972816853,10,0.1246960482560098,0.8333141148090363,0.3952380623668431,0.2705420141108333,0.3342199249193072,4.0,3.0,3.0,1.0,0.4,0.3,0.3,0.0354196246459434,0.0554987754787202,0.0195586748764693,0.033529536818049
2023-02-15,22199.84,24380.0,22047.28,24324.05,375669.16111,0.095685824762701,1555.7,1680.0,1542.55,1674.92,581207.8586,0.076627391994652,23.86,5587903.97,0.0924908424908423,317.4,465921.943,0.0715732613099255,12,0.1756121824340273,0.7512194315592448,0.3506756133089463,0.1750634308749188,0.4742609678457181,4.0,6.0,2.0,1.0833333333333333,0.3333333333333333,0.5,0.1666666666666666,0.0959017926702173,0.0820636209490602,0.095685824762701,0.076627391994652
2023-02-16,24322.87,25250.0,23505.25,23517.72,450080.68366,-0.0331494960748722,1674.92,1742.97,1633.72,1637.84,832723.6731,-0.0221383707878586,22.24,6832612.63,-0.0678960603520536,304.4,858141.89,-0.0409577819785759,8,0.1957891677739098,0.823030561208725,0.3282689948100596,0.1324798270361497,0.5392512013204396,2.0,5.0,1.0,1.25,0.25,0.625,0.125,0.0741887393846002,0.0667037073218385,0.0331494960748722,0.0221383707878586
2023-02-17,23517.72,25021.11,23339.37,24569.97,496813.21376,0.044742857726004,1637.83,1722.0,1630.51,1693.87,579934.663,0.0342096908122893,23.14,4539817.75,0.0404676258992806,313.0,508736.193,0.0282522996057819,7,0.0859155600358332,0.8653848171234131,0.4884640804624983,0.402548520426665,0.108987412814583,4.0,0.0,3.0,0.7142857142857143,0.5714285714285714,0.0,0.4285714285714285,0.0684469700207204,0.0540124094529096,0.044742857726004,0.0342096908122893
2023-02-18,24568.24,24877.0,24430.0,24631.95,216917.25213,0.0025225916026758,1693.81,1713.13,1679.77,1691.62,267305.7813,-0.0013283191744348,23.45,2647511.0,0.0133967156439065,316.5,282485.39,0.011182108626198,3,0.3682029815390705,0.8451013366381327,0.3807982206344604,0.0125952390953898,0.6066065331300099,1.0,2.0,0.0,1.3333333333333333,0.3333333333333333,0.6666666666666666,0.0,0.0181471625267183,0.0197207410647782,0.0025225916026758,0.0013283191744348
2023-02-19,24632.05,25192.0,24192.57,24271.76,300395.99542,-0.0146228780100642,1691.62,1726.59,1666.14,1679.75,401023.0477,-0.0070169423392959,24.84,8316165.25,0.059275053304904,311.5,336004.274,-0.0157977883096366,6,-0.0825465979675452,0.793973833322525,0.157607389613986,0.2401539875815311,0.602238617837429,0.0,4.0,2.0,0.6666666666666666,0.0,0.6666666666666666,0.3333333333333333,0.0411766596241887,0.035987498139604,0.0146228780100642,0.0070169423392959
2023-02-20,24272.51,25121.23,23840.83,24842.2,346938.56997,0.0235022099757085,1679.74,1719.89,1650.56,1703.27,451314.8335,0.0140020836433993,26.26,10266239.07,0.0571658615136876,315.4,514483.797,0.0125200642054574,5,0.1908124392852186,0.922999143600464,0.4086321529000997,0.217819713614881,0.3735481660813092,2.0,2.0,1.0,0.4,0.4,0.4,0.2,0.0515413288678135,0.0407040574894175,0.0235022099757085,0.0140020836433993
2023-02-21,24843.89,25250.0,24148.34,24452.16,376000.82868,-0.0157007028363027,1703.27,1716.66,1636.3,1659.76,520354.4688,-0.0255449811245427,24.98,6724448.02,-0.0487433358720488,311.5,385161.297,-0.0123652504755864,7,-0.3299961323583765,0.9029622844287328,0.2028635179490914,0.532859650307468,0.2642768358013459,1.0,2.0,4.0,0.5714285714285714,0.1428571428571428,0.2857142857142857,0.5714285714285714,0.0450536885084998,0.0484166385501519,0.0157007028363027,0.0255449811245427
2023-02-22,24450.67,24476.05,23574.69,24182.21,379425.75365,-0.0110399244892884,1659.77,1666.95,1595.07,1643.14,528875.4809,-0.0100134959271219,24.16,7174305.66,-0.032826261008807,312.4,368344.986,0.0028892455858746,9,-0.1004899075875679,0.7912821107440524,0.1311814535616172,0.2316713611491851,0.637147173182004,0.0,7.0,2.0,1.1111111111111112,0.0,0.7777777777777778,0.2222222222222222,0.0372736817685397,0.0437455116423433,0.0110399244892884,0.0100134959271219
2023-02-23,24182.21,24599.59,23608.0,23940.2,398400.45437,-0.0100077701748516,1643.15,1679.0,1628.75,1650.53,501305.9717,0.0044974865197122,23.91,4390966.09,-0.0103476821192053,308.3,300641.241,-0.0131241997439179,6,0.0657719044635692,0.8093277215957642,0.2699671710530916,0.2041952665895223,0.5258375809838375,1.0,4.0,1.0,1.3333333333333333,0.1666666666666666,0.6666666666666666,0.1666666666666666,0.0414194534715666,0.030444766226606,0.0100077701748516,0.0044974865197122
2023-02-24,23940.2,24132.35,22841.19,23185.29,343582.57453,-0.0315331534406563,1650.52,1664.66,1575.64,1607.8,512515.4982,-0.0258886539475199,23.07,4868888.31,-0.0351317440401505,302.3,328726.4,-0.0194615634122607,10,0.1785869304090738,0.8456585645675659,0.3902109230868518,0.2116239926777779,0.3981650777161121,4.0,4.0,2.0,0.3,0.4,0.4,0.2,0.0556887578287784,0.0553675830327155,0.0315331534406563,0.0258886539475199
2023-02-25,23184.04,23219.13,22722.0,23157.07,191311.8101,-0.0012171510470647,1607.8,1608.98,1557.33,1594.58,290188.0391,-0.0082224157233486,22.37,4541250.05,-0.0303424360641525,302.4,178538.408,0.0003307972213031,5,-0.2600331779569388,0.8444963693618774,0.1145606573671102,0.3745938353240489,0.5108455091714859,0.0,3.0,2.0,0.4,0.0,0.6,0.4,0.0214677418170779,0.0323909744258676,0.0012171510470647,0.0082224157233486
2023-02-26,23157.07,23689.99,23059.18,23554.85,202323.73623,0.0171774753887257,1594.58,1651.26,1587.76,1641.36,308607.9941,0.0293368786765166,23.25,2817875.05,0.0393383996423781,308.7,151419.166,0.0208333333333334,6,-0.1668044243318339,0.7810880889495214,0.1057497444562613,0.2725541687880953,0.6216961055373152,1.0,4.0,1.0,0.5,0.1666666666666666,0.6666666666666666,0.1666666666666666,0.0267804719622498,0.0386874299361505,0.0171774753887257,0.0293368786765166
2023-02-27,23554.85,23897.99,23106.77,23492.09,283706.0859,-0.0026644194295442,1641.37,1665.22,1608.0,1633.45,431861.4129,-0.0048191743432274,22.68,3670697.58,-0.024516129032258,304.6,234405.821,-0.0132815030774213,10,-0.3324631782248616,0.7925391018390655,0.111821808386594,0.4442849866114556,0.443893177807331,0.0,5.0,5.0,0.9,0.0,0.5,0.5,0.0336802728067192,0.0350301509075882,0.0026644194295442,0.0048191743432274
2023-02-28,23492.09,23600.0,23020.97,23141.57,264140.99894,-0.0149207669475129,1633.45,1647.52,1596.66,1605.23,393523.1647,-0.0172763169977654,21.89,2291715.21,-0.0348324514991181,301.4,186649.192,-0.0105055810899541,9,-0.1521118777907557,0.836303174495697,0.3121769615552491,0.4642888393460048,0.2235341922690471,3.0,1.0,5.0,0.7777777777777778,0.3333333333333333,0.1111111111111111,0.5555555555555556,0.0250212064263573,0.031683933143537,0.0149207669475129,0.0172763169977654
2023-03-01,23141.57,24000.0,23020.03,23628.97,315287.41737,0.0210616652197754,1605.24,1669.72,1595.0,1665.22,474456.8235,0.037371591609925,22.51,2445602.61,0.0283234353586112,302.7,200883.893,0.004313205043132,13,0.3703150255605578,0.7840839807803814,0.4511798119459014,0.0808647863853435,0.4679554235190153,5.0,7.0,1.0,0.8461538461538461,0.3846153846153846,0.5384615384615384,0.0769230769230769,0.0414732423800106,0.0448709479828491,0.0210616652197754,0.037371591609925
2023-03-02,23629.76,23796.93,23195.9,23465.32,239315.45219,-0.006925820296018,1665.23,1677.86,1619.18,1647.86,423023.8082,-0.0104250489424821,22.0,2231193.36,-0.0226565970679698,299.8,200964.842,-0.0095804426825238,6,0.1079057009580234,0.6736701826254526,0.3882944003368417,0.2803886993788182,0.3313169119258721,3.0,1.0,2.0,1.0,0.5,0.1666666666666666,0.3333333333333333,0.0256135437317709,0.0356098212226765,0.006925820296018,0.0104250489424821
2023-03-03,23465.32,23476.95,21971.13,22354.34,319954.19785,-0.0473456147199355,1647.86,1649.25,1544.39,1569.45,742816.5976,-0.0475829257339821,21.42,3635280.89,-0.0263636363636362,290.4,266627.564,-0.0313542361574383,8,0.1341512148501351,0.8171464279294014,0.2290294903796166,0.0948782755294814,0.6760922279208899,1.0,6.0,1.0,0.625,0.125,0.75,0.125,0.06736141617243,0.0668132148204784,0.0473456147199355,0.0475829257339821
2023-03-04,22354.34,22410.0,22157.08,22346.57,121257.38132,-0.0003475835117475,1569.45,1577.53,1549.12,1566.73,237640.2606,-0.0017330912102966,20.98,1754082.61,-0.0205415499533146,289.6,127846.865,-0.0027548209366389,5,0.1971565954387188,0.7156347870826721,0.3762413568794727,0.1790847614407539,0.4446738541126251,2.0,2.0,1.0,1.2,0.4,0.4,0.2,0.0113180680525019,0.0181333095045094,0.0003475835117475,0.0017330912102966
2023-03-05,22346.57,22662.09,22189.22,22430.24,154841.75786,0.0037441987741295,1566.74,1588.77,1553.05,1564.58,299240.7415,-0.0013722849501829,20.97,1733301.96,-0.0004766444232603,288.7,128456.559,-0.0031077348066299,2,0.0158095881342887,0.9395018815994264,0.487305392511189,0.4714958043769001,0.0411988198757171,1.0,0.0,1.0,0.5,0.5,0.0,0.5,0.0210818074171296,0.0228304081606565,0.0037441987741295,0.0013722849501829
2023-03-06,22430.24,22602.19,22258.0,22410.0,203751.82957,-0.0009023532516817,1564.57,1583.49,1554.44,1565.84,307709.3011,0.0008053279474362,20.63,2216419.88,-0.0162136385312351,287.8,205220.757,-0.0031174229303774,3,0.4119357224553823,0.7798941731452942,0.5101479465762774,0.098212224120895,0.3916398311654727,2.0,1.0,0.0,1.6666666666666667,0.6666666666666666,0.3333333333333333,0.0,0.0153587684069611,0.0185523425126449,0.0009023532516817,0.0008053279474362
2023-03-07,22409.41,22557.91,21927.0,22197.96,292519.80912,-0.0094618473895582,1565.84,1584.49,1536.14,1561.96,437947.9032,-0.0024779032340468,20.25,3104831.99,-0.0184197770237517,289.3,200611.357,0.0052119527449618,4,-0.2879246897064149,0.8671936094760895,0.2254344290122389,0.5133591187186538,0.2612064648419618,1.0,1.0,2.0,1.0,0.25,0.25,0.5,0.0284219811189857,0.0309546979436092,0.0094618473895582,0.0024779032340468
2023-03-08,22198.56,22287.0,21580.0,21705.44,301460.57272,-0.0221876244483727,1561.95,1570.89,1523.61,1532.38,460101.7658,-0.018937744884632,18.41,5826803.53,-0.0908641975308641,287.1,260938.374,-0.0076045627376425,6,0.0574682506266981,0.8021730383237203,0.2283065939942995,0.1708383433676013,0.600855078548193,1.0,4.0,1.0,0.6666666666666666,0.1666666666666666,0.6666666666666666,0.1666666666666666,0.03257247952587,0.030853965726517,0.0221876244483727,0.018937744884632
2023-03-09,21704.37,21834.99,20042.72,20362.22,443658.28584,-0.0618840253871839,1532.38,1546.45,1408.0,1437.32,718485.1364,-0.0620342212767068,17.33,7832548.96,-0.0586637696903857,277.1,318996.851,-0.0348310693138279,8,-0.3251217547804117,0.8802208378911018,0.1675433735363185,0.4926651283167302,0.3397914943052455,1.0,3.0,4.0,0.625,0.125,0.375,0.5,0.0880193809908743,0.0963251050566332,0.0618840253871839,0.0620342212767068
2023-03-10,20362.21,20367.78,19549.09,20150.69,618456.4671,-0.0103883564758656,1437.32,1439.43,1368.39,1426.44,960262.4509,-0.0075696435031864,18.17,9520202.65,0.0484708597807272,277.4,404292.972,0.0010826416456151,10,-0.8255712800193578,0.9371710658073426,0.0187381372321396,0.8443094172514976,0.136952428985387,0.0,1.0,9.0,0.9,0.0,0.1,0.9,0.0406283854299777,0.0498023050391183,0.0103883564758656,0.0075696435031864
2023-03-11,20150.69,20686.51,19765.03,20455.73,427831.82133,0.0151379431672067,1426.43,1478.07,1408.4,1471.97,1374859.6201,0.0319186225848966,18.07,6593106.41,-0.0055035773252615,276.0,370350.207,-0.0050468637346791,10,-0.1916692531667649,0.8485871970653533,0.1494040329009294,0.3410732860676944,0.5095226790755987,1.0,5.0,4.0,0.8,0.1,0.5,0.4,0.045047524581132,0.0473311276724388,0.0151379431672067,0.0319186225848966
2023-03-12,20455.73,22150.0,20270.6,21997.11,430944.94288,0.0753519918379839,1471.93,1594.19,1448.3,1580.33,1002355.0929,0.0736156307533439,20.2,6555846.63,0.117874930824571,288.1,316243.117,0.0438405797101451,3,0.318461263552308,0.6491290926933289,0.3567384233077367,0.0382771597554285,0.6049844125906626,1.0,2.0,0.0,1.3333333333333333,0.3333333333333333,0.6666666666666666,0.0,0.0854384962388241,0.0923161618143046,0.0753519918379839,0.0736156307533439
2023-03-13,21998.05,24500.0,21813.88,24113.48,687889.31259,0.0962112750265828,1580.33,1693.49,1565.0,1673.45,1228063.6053,0.0589244018654333,20.4,10652102.31,0.0099009900990099,307.9,991752.464,0.06872613675807,7,-0.3768367434718779,0.9188820379120964,0.2865659565265689,0.6634026999984469,0.0500313256468091,2.0,0.0,5.0,1.0,0.2857142857142857,0.0,0.7142857142857143,0.1113949541915973,0.0767814992978577,0.0962112750265828,0.0589244018654333
2023-03-14,24112.27,26386.87,23976.42,24670.41,699360.93423,0.0230962100866403,1673.44,1780.02,1655.24,1699.4,1283321.2355,0.0155068869700318,20.86,9812864.39,0.0225490196078432,308.4,703702.208,0.0016239038648913,3,0.6451341261466345,0.8381813565889994,0.6938981711864471,0.0487640450398126,0.257337744658192,2.0,1.0,0.0,0.6666666666666666,0.6666666666666666,0.3333333333333333,0.0,0.0977061183823049,0.0734259150288336,0.0230962100866403,0.0155068869700318
2023-03-15,24670.41,25196.97,23896.95,24285.66,581450.72984,-0.0155956062343511,1699.41,1716.9,1611.0,1649.96,963142.4833,-0.0290926209250323,19.24,7661168.72,-0.0776605944391179,306.3,413251.773,-0.0068093385214006,3,0.6021533018598954,0.8860020836194357,0.6153505941232046,0.0131972922633091,0.3714521005749702,2.0,1.0,0.0,1.0,0.6666666666666666,0.3333333333333333,0.0,0.0535303549502052,0.0641833741424035,0.0155956062343511,0.0290926209250323
2023-03-16,24285.66,25167.4,24123.0,24998.78,439421.32998,0.0293638303426795,1649.95,1691.42,1632.18,1673.73,627985.6119,0.0144064098523599,19.67,4381882.68,0.0223492723492724,329.4,1251303.89,0.0754162585700293,3,-0.0930052927384774,0.8171300292015076,0.0449323374778031,0.1379376302162805,0.8171300292015076,0.0,3.0,0.0,0.6666666666666666,0.0,1.0,0.0,0.0417780387682919,0.0353940002270378,0.0293638303426795,0.0144064098523599
2023-03-17,24998.78,27756.84,24890.0,27395.13,624460.68091,0.0958586779034817,1673.73,1800.0,1662.65,1789.27,907528.2825,0.0690314447372038,21.6,5853746.15,0.0981189628876462,338.9,726737.468,0.0288403157255616,4,0.1637127718422562,0.840071901679039,0.413771448424086,0.2500586765818297,0.3361699096858501,2.0,1.0,1.0,0.25,0.5,0.25,0.25,0.1046477968894471,0.0767631492172785,0.0958586779034817,0.0690314447372038
2023-03-18,27395.13,27724.85,26578.0,26907.49,371238.97174,-0.0178002440579767,1789.26,1841.0,1747.47,1758.84,711614.731,-0.0170069357894561,21.2,7417972.25,-0.0185185185185186,331.0,662698.511,-0.0233107111242253,2,0.4504272495396434,0.907057285308838,0.488294918090105,0.0378676685504615,0.4738374315202236,1.0,1.0,0.0,0.0,0.5,0.5,0.0,0.0426219613943923,0.0531770939937686,0.0178002440579767,0.0170069357894561
2023-03-19,26907.49,28390.1,26827.22,27972.87,372066.99054,0.0395941799105006,1758.84,1841.36,1757.92,1780.68,541131.8908,0.0124172750221738,21.86,4290990.03,0.0311320754716981,336.7,401972.619,0.0172205438066463,11,0.4504272495396434,0.8,,,,,,,,0.33,0.34,0.33,0.0558712781348498,0.0468585034930475,0.0395941799105006,0.0124172750221738
2023-03-20,27972.87,28472.0,27124.47,27717.01,477378.23373,-0.0091467196608714,1780.67,1803.05,1722.0,1732.78,682848.1248,-0.0268998360177011,22.13,10056429.13,0.0123513266239707,332.5,511504.522,-0.0124740124740124,6,0.3410043724191685,0.8365891377131144,0.3871542153259118,0.0461498429067432,0.5666959409912428,2.0,4.0,0.0,0.8333333333333334,0.3333333333333333,0.6666666666666666,0.0,0.0486174374508649,0.0467745472593173,0.0091467196608714,0.0268998360177011
2023-03-21,27717.01,28438.55,27303.1,28105.47,420929.7422,0.0140152202564418,1732.77,1835.0,1717.01,1801.23,742348.4999,0.039502995186925,22.53,6547867.38,0.0180750112968821,334.4,477443.689,0.0057142857142855,4,0.2589965546503662,0.800265908241272,0.269593833014369,0.0105972783640026,0.7198088616132736,1.0,3.0,0.0,1.0,0.25,0.75,0.0,0.0403996090440757,0.065505238087307,0.0140152202564418,0.039502995186925
2023-03-22,28107.81,28868.05,26601.8,27250.97,224113.41296,-0.0304033342975584,1801.23,1819.98,1710.12,1734.33,891287.6009,-0.037141286787362,21.42,8602292.98,-0.0492676431424766,321.1,1286215.777,-0.0397727272727271,13,0.108206453697326,0.8131383657455444,0.2989483225660828,0.1907418688687567,0.5103098111083875,3.0,7.0,3.0,1.3846153846153846,0.2307692307692307,0.5384615384615384,0.2307692307692307,0.0831621773463476,0.063344346231686,0.0304033342975584,0.037141286787362
2023-03-23,27250.97,28750.0,27105.0,28295.41,128649.60818,0.0383267091042998,1734.34,1857.16,1729.35,1813.79,732061.103,0.0458159635132875,22.16,5049411.36,0.0345471521942108,329.4,383094.591,0.0258486452818436,4,-0.3946348025929183,0.886698916554451,0.0504304890055209,0.4450652915984392,0.5045042252168058,0.0,2.0,2.0,1.25,0.0,0.5,0.5,0.0581366377090842,0.0704657099223174,0.0383267091042998,0.0458159635132875
2023-03-24,28295.42,28374.3,27000.0,27454.47,86242.06544,-0.0297200146596213,1813.78,1818.99,1726.4,1749.57,564770.1417,-0.0354065244598327,20.66,4995998.21,-0.0676895306859205,322.1,307030.002,-0.0221615057680629,5,0.5059786630794406,0.8302777886390686,0.5284235745668411,0.0224449114874004,0.4491314992308616,3.0,2.0,0.0,0.6,0.6,0.4,0.0,0.0500574223432468,0.0529215750155752,0.0297200146596213,0.0354065244598327
2023-03-25,27454.46,27787.33,27156.09,27462.95,50844.08102,0.0003088750210802,1749.57,1763.23,1713.09,1741.88,355679.3743,-0.0043953657184335,20.41,2338133.56,-0.0121006776379477,322.4,317118.332,0.0009313877677739,3,0.3879711904252569,0.7961598634719849,0.4031850397586822,0.0152138493334253,0.5816011230150858,1.0,2.0,0.0,0.6666666666666666,0.3333333333333333,0.6666666666666666,0.0,0.0229851490826732,0.0287849909293407,0.0003088750210802,0.0043953657184335
2023-03-26,27462.96,28194.4,27417.76,27968.05,49671.70353,0.0183920518371114,1741.88,1801.0,1739.31,1773.88,354933.2372,0.0183709555193238,20.94,1848599.09,0.025967662910338,328.6,204700.193,0.0192307692307693,3,-0.3810607483610511,0.7750605940818787,0.1139339419702688,0.49499469033132,0.3910713245471318,0.0,1.0,2.0,0.6666666666666666,0.0,0.3333333333333333,0.6666666666666666,0.0277688290746048,0.0347768732946986,0.0183920518371114,0.0183709555193238
2023-03-27,27968.05,28023.86,26508.14,27124.91,88039.46898,-0.0301465422151347,1773.88,1780.48,1686.13,1715.22,570563.5023,-0.0330687532414819,19.91,3556384.38,-0.0491881566380134,310.6,578039.555,-0.0547778454047473,6,-0.2059380669767657,0.7606680492560068,0.2124877877843876,0.4184258547611534,0.3690863548157115,1.0,2.0,3.0,0.8333333333333334,0.1666666666666666,0.3333333333333333,0.5,0.0558792637468659,0.0550075209011088,0.0301465422151347,0.0330687532414819
2023-03-28,27124.9,27520.0,26631.78,27261.07,78602.44341,0.0050197401576632,1715.21,1795.73,1701.13,1772.99,536511.3973,0.033680810624876,20.45,3316462.41,0.0271220492214967,313.2,329398.424,0.0083708950418543,3,-0.1356847261389097,0.7922134002049764,0.0939472789565721,0.2296320050954818,0.6764207184314728,0.0,2.0,1.0,0.3333333333333333,0.0,0.6666666666666666,0.3333333333333333,0.0325819932966681,0.0533561949023964,0.0050197401576632,0.033680810624876
2023-03-29,27261.06,28650.0,27240.1,28348.6,89486.16008,0.0398931516627922,1773.0,1827.99,1772.48,1793.07,536865.5972,0.0113255009898531,21.1,3377523.28,0.0317848410757948,313.7,327282.226,0.001596424010217,1,0.0113158095628023,0.9370746612548828,0.0371205806732177,0.0258047711104154,0.9370746612548828,0.0,1.0,0.0,2.0,0.0,1.0,0.0,0.0497343784172763,0.0309580774872146,0.0398931516627922,0.0113255009898531
2023-03-30,28348.6,29184.68,27686.0,28028.53,98865.43256,-0.011290504645732,1793.06,1829.69,1763.0,1793.61,579690.0394,0.0003011594639361,20.55,4349577.78,-0.0260663507109004,316.4,496156.738,0.0086069493146316,3,0.847719012449185,0.8589706818262736,0.8589706818262736,0.0112516693770885,0.1297776376207669,3.0,0.0,0.0,1.3333333333333333,1.0,0.0,0.0,0.0534698038034816,0.0371819960861057,0.011290504645732,0.0003011594639361
2023-03-31,28028.53,28656.69,27511.71,28465.36,78198.12139,0.015585191231934,1793.6,1847.28,1777.91,1821.52,554525.4762,0.0155607963827142,21.16,3228391.27,0.0296836982968369,316.9,266270.064,0.0015802781289506,7,0.3660324486637754,0.7482626182692391,0.4350863743041243,0.0690539256403488,0.4958596945341144,3.0,4.0,0.0,0.7142857142857143,0.4285714285714285,0.5714285714285714,0.0,0.0402236261898672,0.0380835785497825,0.015585191231934,0.0155607963827142
2023-04-01,28465.36,28819.71,28220.27,28452.73,30238.44753,-0.0004436971814163,1821.52,1842.83,1807.81,1820.79,272904.9674,-0.0004007641969344,21.08,1824463.55,-0.0037807183364839,314.9,185904.183,-0.0063111391606185,2,0.2748346352018416,0.6141664683818817,0.3303340896964073,0.0554994544945657,0.6141664683818817,0.0,2.0,0.0,1.5,0.0,1.0,0.0,0.0210679256436903,0.0192334096738228,0.0004436971814163,0.0004007641969344
2023-04-02,28452.74,28530.0,27856.43,28171.87,37365.65692,-0.0098711090289052,1820.8,1824.81,1771.7,1794.51,322122.9385,-0.0144332954376945,20.52,1822345.58,-0.0265654648956356,313.7,149805.667,-0.0038107335662114,2,-0.8708609933964908,0.884465366601944,0.0136043732054531,0.884465366601944,0.1019302392378449,0.0,0.0,2.0,1.0,0.0,0.0,1.0,0.0239093109545088,0.0295958228151416,0.0098711090289052,0.0144332954376945
2023-04-03,28171.87,28500.99,27200.24,27800.0,79180.01405,-0.0132000467132639,1794.51,1839.99,1762.77,1810.51,628503.6619,0.0089160829418615,20.45,3984085.57,-0.0034113060428849,308.8,450976.973,-0.0156200191265539,12,-0.0616259821690619,0.812633735438188,0.3174186825441817,0.3790446647132436,0.3035366596498837,3.0,3.0,6.0,0.6666666666666666,0.25,0.25,0.5,0.0467895683453237,0.042650965749982,0.0132000467132639,0.0089160829418615
2023-04-04,27800.0,28444.44,27662.79,28165.47,49722.55691,0.0131464028776979,1810.51,1891.91,1802.01,1870.37,622208.6411,0.0330625072493384,20.92,2514863.89,0.0229828850855746,310.8,305980.475,0.0064766839378238,4,-0.0059256501263007,0.8995959013700485,0.4575321315787732,0.463457781705074,0.0790100628510116,2.0,0.0,2.0,1.0,0.5,0.0,0.5,0.0277520666262625,0.0480653560525458,0.0131464028776979,0.0330625072493384
2023-04-05,28165.47,28775.0,27805.1,28170.01,60737.64732,0.000161190280155,1870.38,1942.98,1864.58,1908.69,548595.5155,0.0204879248490941,20.97,2603072.26,0.0023900573613764,313.9,320350.363,0.0099742599742598,6,0.389012342163672,0.769436905781428,0.4254614586631457,0.0364491164994736,0.5380894442399343,3.0,3.0,0.0,1.3333333333333333,0.5,0.5,0.0,0.0344302327191222,0.0410752924780871,0.000161190280155,0.0204879248490941
2023-04-06,28170.01,28182.05,27711.0,28033.82,40118.94963,-0.0048345740736336,1908.68,1909.91,1853.7,1872.41,396241.4352,-0.0190078011620535,20.62,1674280.5,-0.0166905102527419,312.3,232647.147,-0.0050971647021342,1,0.2328449338674545,0.6597455739974976,0.2865496873855591,0.0537047535181045,0.6597455739974976,0.0,1.0,0.0,2.0,0.0,1.0,0.0,0.0168029187602688,0.0300201344790938,0.0048345740736336,0.0190078011620535
2023-04-07,28033.83,28100.0,27766.94,27906.33,24762.09387,-0.0045477212880726,1872.41,1882.61,1841.46,1863.72,284256.4873,-0.0046410775417777,20.44,1220862.47,-0.0087293889427739,310.3,179863.362,-0.0064040986231187,7,0.3982258392497897,0.8165459718023028,0.54061842496906,0.1423925857192703,0.3169889870498861,4.0,2.0,1.0,0.5714285714285714,0.5714285714285714,0.2857142857142857,0.1428571428571428,0.0119349265919238,0.0220794969201381,0.0045477212880726,0.0046410775417777
2023-04-08,27906.34,28154.99,27859.02,27938.38,19479.96735,0.001148484949472,1863.73,1879.38,1847.0,1848.82,197905.5407,-0.0079947631618484,20.04,1608993.48,-0.0195694716242662,310.5,165372.944,0.0006445375443118,3,0.2865149447073539,0.9328307509422302,0.615848119991521,0.3293331752841671,0.0548187252134084,2.0,0.0,1.0,1.6666666666666667,0.6666666666666666,0.0,0.3333333333333333,0.0105936707854929,0.0175138737140446,0.001148484949472,0.0079947631618484
2023-04-09,27938.38,28530.0,27800.0,28323.76,32531.16101,0.0137939279228072,1848.82,1873.99,1824.01,1858.92,287131.3079,0.0054629439318052,20.28,1051608.84,0.0119760479041917,312.8,163948.725,0.0074074074074075,1,0.728834718465805,0.7934908866882324,0.7934908866882324,0.0646561682224273,0.1418528407812118,1.0,0.0,0.0,0.0,1.0,0.0,0.0,0.0257734142642078,0.026886579304112,0.0137939279228072,0.0054629439318052
2023-04-10,28323.76,29770.0,28170.0,29637.34,67754.0622,0.0463773171358605,1858.91,1918.79,1846.4,1910.2,434739.7984,0.0275859100983366,20.89,1615129.64,0.0300788954635107,318.5,271539.24,0.0182225063938619,2,-0.2318206317722797,0.6917125433683395,0.0413035415112972,0.2731241732835769,0.6855722665786743,0.0,1.0,1.0,2.0,0.0,0.5,0.5,0.0539859515057694,0.0378965553345198,0.0463773171358605,0.0275859100983366
2023-04-11,29637.35,30550.0,29590.0,30200.42,67990.07621,0.0189990059836677,1910.21,1937.37,1881.11,1889.86,405203.4892,-0.0106480996754266,22.98,8297859.99,0.1000478697941598,322.3,661117.672,0.0119309262166404,2,0.4321889951825142,0.8877162039279938,0.501183059066534,0.0689940638840198,0.4298228742554784,1.0,1.0,0.0,1.0,0.5,0.5,0.0,0.0317876373904733,0.0297694009080037,0.0189990059836677,0.0106480996754266
2023-04-12,30200.43,30486.0,29637.4,29888.07,62049.48451,-0.0103425713947024,1889.86,1933.0,1852.65,1917.39,630844.4186,0.0145672166192205,23.8,10374263.08,0.0356832027850304,319.9,354216.724,-0.0074464784362395,6,-0.0912411843116084,0.8294496834278107,0.2541488312805692,0.3453900155921777,0.4004611472288767,2.0,2.0,2.0,0.8333333333333334,0.3333333333333333,0.3333333333333333,0.3333333333333333,0.028392599455234,0.0419059241990413,0.0103425713947024,0.0145672166192205
2023-04-13,29888.07,30595.0,29854.59,30373.84,51934.11731,0.0162529731762539,1917.4,2023.0,1899.55,2012.01,676164.5188,0.0493483328900223,24.43,6063385.78,0.026470588235294,324.7,348151.945,0.0150046889653017,12,-0.0951371640743067,0.8335940192143122,0.1597561446639398,0.2548933087382465,0.5853505507111549,1.0,8.0,3.0,0.9166666666666666,0.0833333333333333,0.6666666666666666,0.25,0.0243765687841906,0.0613565538938673,0.0162529731762539,0.0493483328900223
2023-04-14,30373.84,31000.0,29966.0,30466.93,75984.19452,0.0030648084009134,2012.0,2128.76,2009.22,2099.99,896307.3934,0.0437274168617451,24.71,6432126.81,0.0114613180515759,328.9,679955.061,0.0129350169387125,4,0.730046923737973,0.7894264608621597,0.7428281083703041,0.0127811846323311,0.2443906981498002,3.0,1.0,0.0,1.25,0.75,0.25,0.0,0.033938437512411,0.05692408059086,0.0030648084009134,0.0437274168617451
2023-04-15,30466.93,30595.6,30202.0,30295.09,25429.81247,-0.0056402138318498,2099.99,2111.85,2071.13,2090.6,321823.7851,-0.0044714498640469,24.05,2861426.92,-0.0267098340752731,333.0,418311.143,0.0124657950744908,11,0.730046923737973,0.8,,,,,,,,0.33,0.34,0.33,0.012992204347305,0.0194776619152395,0.0056402138318498,0.0044714498640469
2023-04-16,30295.1,30549.99,30120.0,30304.65,26431.99322,0.0003155626868909,2090.61,2141.54,2072.72,2118.67,319880.4393,0.0134267674351862,25.34,3471417.67,0.0536382536382535,347.7,632598.777,0.0441441441441441,4,0.0231267935596406,0.7228339239954948,0.3498556618578732,0.3267288682982325,0.3234154433012008,1.0,1.0,2.0,1.25,0.25,0.25,0.5,0.0141889116026748,0.0324826424124569,0.0003155626868909,0.0134267674351862
2023-04-17,30304.66,30316.06,29240.65,29430.27,56441.81127,-0.0288529978072672,2118.66,2120.51,2056.25,2074.0,426972.7071,-0.0210839819320611,24.58,5631537.5,-0.0299921073401736,340.0,556356.468,-0.0221455277538107,4,-0.2938981689512729,0.7422202229499817,0.0964428577572107,0.3903410267084836,0.5132161378860474,0.0,2.0,2.0,1.0,0.0,0.5,0.5,0.0365409491656039,0.0309836065573771,0.0288529978072672,0.0210839819320611
2023-04-18,29430.27,30485.0,29096.78,30380.01,62004.89434,0.0322708558229332,2073.99,2125.0,2051.0,2103.5,414244.6135,0.0142237222757954,24.82,3477504.6,0.0097640358014647,343.1,391677.437,0.0091176470588236,7,0.1043738115445843,0.8181203263146537,0.3748293343399252,0.2704555227953408,0.3547151493174689,2.0,3.0,2.0,1.0,0.2857142857142857,0.4285714285714285,0.2857142857142857,0.0456951791655105,0.035179462800095,0.0322708558229332,0.0142237222757954
2023-04-19,30380.01,30413.53,28520.0,28797.1,86575.48656,-0.0521036694852964,2103.51,2104.6,1923.03,1933.73,775389.0602,-0.0807083432374613,22.66,6650547.99,-0.0870265914585012,322.4,537444.082,-0.0603322646458759,2,-0.2867167005315423,0.8298496007919312,0.1531209275126456,0.439837628044188,0.4070414649322629,0.0,1.0,1.0,1.5,0.0,0.5,0.5,0.0657541905261293,0.0938962523206445,0.0521036694852964,0.0807083432374613
2023-04-20,28797.1,29088.3,28010.0,28243.65,76879.09372,-0.0192189491302943,1933.74,1982.99,1914.43,1942.98,625336.2495,0.0047835013161092,22.2,5486212.56,-0.0203000882612534,318.1,367453.933,-0.0133374689826301,8,0.2697491901926696,0.7517047449946404,0.4056436682585627,0.135894478065893,0.4584618555381894,4.0,3.0,1.0,0.5,0.5,0.375,0.125,0.0381784932188296,0.0352860039732781,0.0192189491302943,0.0047835013161092
2023-04-21,28243.65,28374.02,27125.0,27262.84,77684.7679,-0.0347267438875641,1942.98,1957.27,1825.0,1848.78,688876.6186,-0.0484822283296791,21.25,4194496.37,-0.0427927927927928,321.2,910773.894,0.0097453630933668,5,0.4162990911863744,0.75395947098732,0.5263686243444681,0.1100695331580936,0.363561836630106,3.0,2.0,0.0,0.6,0.6,0.4,0.0,0.0458140091054343,0.0715444779800733,0.0347267438875641,0.0484822283296791
2023-04-22,27262.84,27882.72,27140.35,27816.85,36023.69686,0.0203210670641795,1848.77,1887.31,1841.64,1874.16,331007.5879,0.013727971959887,21.79,1831214.09,0.0254117647058822,332.2,381882.032,0.0342465753424656,9,-0.0101370868376559,0.8044293191697862,0.2895096681184238,0.2996467549560798,0.4108435455709696,2.0,4.0,3.0,0.8888888888888888,0.2222222222222222,0.4444444444444444,0.3333333333333333,0.0266877809672915,0.0243682503094718,0.0203210670641795,0.013727971959887
2023-04-23,27816.85,27816.85,27311.25,27590.6,34812.09581,-0.0081335593354388,1874.17,1882.01,1836.37,1862.0,344514.3444,-0.0064882400648824,21.47,2754139.65,-0.0146856356126663,330.7,384622.154,-0.0045153521974714,1,0.933602349832654,0.9491065740585328,0.9491065740585328,0.0155042242258787,0.0353892743587493,1.0,0.0,0.0,0.0,1.0,0.0,0.0,0.0183250817307343,0.0245112781954887,0.0081335593354388,0.0064882400648824
2023-04-24,27590.59,28000.0,26942.82,27510.93,53111.56874,-0.0028875776532586,1862.01,1890.0,1806.0,1841.84,447864.0517,-0.0108270676691729,21.38,3120614.16,-0.0041918956683745,331.2,442775.294,0.0015119443604474,3,0.4567632113272945,0.7891945242881775,0.4940110631287098,0.0372478518014152,0.4687410605450471,2.0,1.0,0.0,1.0,0.6666666666666666,0.3333333333333333,0.0,0.0384276358523685,0.0456065673456977,0.0028875776532586,0.0108270676691729
2023-04-25,27510.93,28399.99,27192.0,28300.79,52325.14637,0.0287107705919065,1841.84,1877.86,1801.66,1866.1,457870.6047,0.013171610997698,21.93,3314599.54,0.0257249766136575,338.4,436704.883,0.0217391304347824,3,-0.0404970770080884,0.7977303465207418,0.0808862994114557,0.1213833764195442,0.7977303465207418,0.0,3.0,0.0,0.3333333333333333,0.0,1.0,0.0,0.0426839674793531,0.0408338245538823,0.0287107705919065,0.013171610997698
2023-04-26,28300.8,30036.0,27235.0,28415.29,129228.40403,0.0040458234558116,1866.1,1964.72,1785.0,1866.01,897709.7298,-4.822892663836065e-05,21.28,6657868.13,-0.0296397628818968,330.6,679551.584,-0.0230496453900708,5,0.5912637365981936,0.8924757599830627,0.602247853577137,0.0109841169789433,0.3867680616676807,3.0,2.0,0.0,1.6,0.6,0.4,0.0,0.0985736904321581,0.096312452773565,0.0040458234558116,4.822892663836065e-05
2023-04-27,28415.29,29890.0,28378.86,29472.77,95430.82431,0.037215175351017,1866.01,1940.96,1861.19,1908.68,727472.9466,0.0228669728458046,22.33,4703115.03,0.0493421052631577,330.9,482850.957,0.0009074410163338,9,0.3009796994220879,0.6964626577165391,0.3146871046887503,0.0137074052666623,0.6716054909759097,1.0,8.0,0.0,0.5555555555555556,0.1111111111111111,0.8888888888888888,0.0,0.0512724117889156,0.0417932812205293,0.037215175351017,0.0228669728458046
2023-04-28,29472.77,29599.54,28891.0,29311.7,54298.16578,-0.00546504451397,1908.68,1923.88,1873.94,1890.94,387630.7791,-0.0092943814573422,23.34,4422324.38,0.0452306314375281,324.1,991210.156,-0.020550015110305,6,0.5205303189965585,0.7937100827693939,0.5507300073901812,0.0301996883936226,0.419070307786266,4.0,2.0,0.0,0.8333333333333334,0.6666666666666666,0.3333333333333333,0.0,0.0241726000197873,0.0264101452187801,0.00546504451397,0.0092943814573422
2023-04-29,29311.69,29448.88,29031.0,29230.45,20466.83058,-0.0027719306624999,1890.93,1918.0,1883.05,1907.8,182046.1406,0.0089162004082625,23.19,3194699.55,-0.0064267352185088,321.9,226488.689,-0.0067880283863006,3,0.2788988774021466,0.8808741569519043,0.3358057936032613,0.0569069162011146,0.6072872579097748,1.0,2.0,0.0,2.0,0.3333333333333333,0.6666666666666666,0.0,0.014296050864766,0.0183195303490932,0.0027719306624999,0.0089162004082625
2023-04-30,29230.45,29969.39,29079.59,29233.21,39752.5372,9.442208382015592e-05,1907.79,1939.0,1866.16,1870.09,355336.4888,-0.0197662228745151,22.74,3110943.4,-0.0194049159120311,337.5,711720.726,0.0484622553588072,5,0.4501000798307359,0.8116570711135864,0.5451948314905166,0.0950947516597807,0.3597104102373123,3.0,2.0,0.0,0.8,0.6,0.4,0.0,0.0304379847440633,0.038949997058965,9.442208382015592e-05,0.0197662228745151
2023-05-01,29233.2,29337.34,27666.95,28068.26,64433.65958,-0.0398502251377799,1870.08,1886.49,1806.12,1830.73,445519.1779,-0.0210471153794736,21.96,3758634.21,-0.0343007915567281,328.5,719404.912,-0.0266666666666666,3,0.6509361661349734,0.7307366331418356,0.7017636795838674,0.0508275134488939,0.2474088035523891,2.0,1.0,0.0,1.0,0.6666666666666666,0.3333333333333333,0.0,0.059511704679948,0.0439005205573733,0.0398502251377799,0.0210471153794736
2023-05-02,28068.26,28879.88,27872.0,28669.86,50824.5224,0.0214334625659018,1830.73,1881.87,1822.94,1870.08,373753.2027,0.0214941580680929,22.25,2566813.09,0.0132058287795993,321.5,437446.281,-0.0213089802130898,3,-0.113105971366167,0.7864121198654175,0.2117775498578945,0.3248835212240616,0.4633389177421729,1.0,1.0,1.0,0.6666666666666666,0.3333333333333333,0.3333333333333333,0.3333333333333333,0.0351546885823649,0.0315120208761121,0.0214334625659018,0.0214941580680929
2023-05-03,28669.85,29266.66,28113.69,29026.16,64615.79213,0.0124276853810936,1870.09,1916.52,1842.64,1905.12,465185.2501,0.0187371663244353,22.24,4181975.28,-0.0004494382022472,325.9,608765.389,0.0136858475894245,6,0.570615918841213,0.7781111200650533,0.6288195687035719,0.0582036498623589,0.3129767489929994,5.0,1.0,0.0,0.3333333333333333,0.8333333333333334,0.1666666666666666,0.0,0.0397217544449559,0.0387797094146299,0.0124276853810936,0.0187371663244353
2023-05-04,29026.16,29379.83,28663.64,28838.16,42575.47501,-0.0064769159957775,1905.12,1918.26,1866.71,1877.07,354528.6144,-0.0147234819853867,21.74,2529635.56,-0.0224820143884891,323.8,195370.268,-0.0064436943847805,4,0.1458647875115275,0.8351639658212662,0.4150179345160723,0.2691531470045447,0.3158289091661572,2.0,1.0,1.0,1.25,0.5,0.25,0.25,0.0248348022203913,0.0274630141656943,0.0064769159957775,0.0147234819853867
2023-05-05,28838.16,29677.0,28800.0,29505.61,58415.83048,0.0231446805205326,1877.07,1998.36,1875.65,1993.3,546608.875,0.0619209725796054,22.82,3636404.07,0.0496780128794849,326.5,284536.108,0.0083384805435453,4,0.1579435800667852,0.760585330426693,0.4688595230691135,0.3109159430023282,0.2202245201915502,2.0,1.0,1.0,0.75,0.5,0.25,0.25,0.0297231611208851,0.0615612301209049,0.0231446805205326,0.0619209725796054
2023-05-06,29505.6,29820.0,28300.0,28848.2,49249.28459,-0.0222808476083022,1993.3,2019.0,1860.0,1896.33,608106.9915,-0.0486479707018512,21.91,2849745.66,-0.0398773006134969,321.9,275367.716,-0.0140888208269526,6,0.4989969690019886,0.7993557155132294,0.6097087313731512,0.1107117623711625,0.2795795096705357,4.0,1.0,1.0,0.6666666666666666,0.6666666666666666,0.1666666666666666,0.1666666666666666,0.0526895958846652,0.0838461660154087,0.0222808476083022,0.0486479707018512
2023-05-07,28848.19,29138.29,28395.23,28430.1,30003.41028,-0.0144931052890648,1896.33,1933.33,1867.59,1870.4,413268.8357,-0.0136737804074184,21.66,2954384.97,-0.0114103149246919,321.0,203577.219,-0.0027958993476233,5,-0.0198905708268284,0.7503057360649109,0.3507171783596277,0.3706077491864562,0.278675103187561,2.0,1.0,2.0,0.6,0.4,0.2,0.4,0.0261363836215842,0.0351475620188195,0.0144931052890648,0.0136737804074184
2023-05-08,28430.09,28631.01,27262.0,27668.79,68244.36179,-0.0267783089049985,1870.41,1883.97,1810.73,1847.56,625316.6168,-0.0122112917023097,20.62,5254424.55,-0.0480147737765466,313.8,379192.119,-0.022429906542056,4,-0.3882354261586442,0.8667091578245163,0.2545162313617765,0.6427516575204208,0.1027321219444274,1.0,0.0,3.0,0.75,0.25,0.0,0.75,0.0494784918314099,0.0396414730780055,0.0267783089049985,0.0122112917023097
2023-05-09,27668.8,27818.0,27353.0,27628.27,40113.31069,-0.0014644659199046,1847.55,1861.88,1830.99,1846.52,304396.186,-0.0005629045876723,20.65,2375473.6,0.0014548981571289,312.1,260672.045,-0.0054174633524537,3,0.524830869709452,0.7007867097854614,0.6751936078071594,0.1503627380977074,0.1744436385730901,2.0,1.0,0.0,1.0,0.6666666666666666,0.3333333333333333,0.0,0.0168305869314292,0.0167287654615168,0.0014644659199046,0.0005629045876723
2023-05-10,27628.28,28331.42,26777.0,27598.75,71155.11355,-0.0010684708090662,1846.53,1887.47,1790.51,1840.84,639933.3855,-0.0030760565821112,20.91,5057170.3,0.012590799031477,314.3,360146.811,0.0070490227491188,9,-0.4421660352187852,0.7983859909905328,0.1894734719147284,0.6316395071335137,0.1788870350768168,2.0,1.0,6.0,0.3333333333333333,0.2222222222222222,0.1111111111111111,0.6666666666666666,0.0563221160378639,0.052671606440538,0.0010684708090662,0.0030760565821112
2023-05-11,27598.74,27630.14,26702.05,26968.62,47635.31365,-0.0228318311517732,1840.83,1842.02,1772.68,1794.3,522096.0725,-0.0252819365072466,20.17,3721715.1,-0.0353897656623624,307.5,291854.667,-0.0216353802099904,9,0.2562668626714084,0.7861348191897074,0.4181446571730905,0.161877794501682,0.4199775687108437,4.0,4.0,1.0,0.8888888888888888,0.4444444444444444,0.4444444444444444,0.1111111111111111,0.0344137000706747,0.038644596778688,0.0228318311517732,0.0252819365072466
2023-05-12,26968.61,27091.12,25811.46,26795.01,67207.93494,-0.0064374817843849,1794.31,1818.63,1740.0,1807.45,565539.8309,0.0073287633060246,20.9,3076452.18,0.0361923648983637,308.5,327008.927,0.0032520325203251,5,0.1611918641254305,0.7381646752357482,0.3627234328538179,0.2015315687283873,0.4357449799776077,2.0,2.0,1.0,0.4,0.4,0.4,0.2,0.0477573996053742,0.0435032780989792,0.0064374817843849,0.0073287633060246
2023-05-13,26795.01,27045.45,26692.03,26775.28,22814.90421,-0.0007363311303112,1807.45,1817.03,1785.23,1795.11,212895.4373,-0.0068272981271958,20.84,1835421.61,-0.0028708133971291,310.7,151642.554,0.0071312803889789,4,0.0261562513187527,0.8927251547574997,0.0667155496776103,0.0405592983588575,0.8927251547574997,0.0,4.0,0.0,0.75,0.0,1.0,0.0,0.0131994884834071,0.0177147918511957,0.0007363311303112,0.0068272981271958
2023-05-14,26775.27,27200.0,26560.53,26917.62,21594.8036,0.005316097534741,1795.12,1824.0,1789.82,1799.21,218101.0977,0.0022839825971667,20.93,1553375.08,0.0043186180422265,312.1,192884.821,0.0045059542967493,2,0.9008237654343249,0.9210646152496338,0.9210646152496338,0.020240849815309,0.0586945265531539,2.0,0.0,0.0,0.5,1.0,0.0,0.0,0.0237565579720644,0.018997226560546,0.005316097534741,0.0022839825971667
2023-05-15,26917.61,27663.59,26726.0,27162.14,40430.08333,0.0090840126281594,1799.2,1846.7,1785.05,1816.2,388171.9261,0.0094430333312953,20.99,2858317.83,0.0028666985188723,313.4,202895.171,0.0041653316244791,6,0.5399547043877343,0.8219952980677286,0.595467374039193,0.0555126696514586,0.3490200073768694,4.0,2.0,0.0,0.3333333333333333,0.6666666666666666,0.3333333333333333,0.0,0.0345182669701282,0.0339444995044599,0.0090840126281594,0.0094430333312953
2023-05-16,27162.15,27296.89,26852.11,27033.84,33270.45451,-0.0047234864410535,1816.21,1832.64,1796.2,1824.21,311238.6786,0.004410307234886,20.67,2722401.44,-0.0152453549309193,311.4,182668.214,-0.0063816209317166,4,0.2207625033333897,0.6890040934085846,0.4317977083846926,0.2110352050513028,0.3571670614182948,2.0,1.0,1.0,0.5,0.5,0.25,0.25,0.0164527126002076,0.0199757703334594,0.0047234864410535,0.004410307234886
2023-05-17,27033.85,27500.0,26544.71,27405.61,42958.97785,0.0137520233899439,1824.21,1837.5,1783.68,1822.12,352097.9913,-0.0011457014269191,21.06,2614414.01,0.0188679245283016,314.3,221274.514,0.0093127809890816,6,0.1057945216695467,0.8495976428190867,0.419478596188128,0.3136840745185812,0.2668373142369091,3.0,1.0,2.0,1.0,0.5,0.1666666666666666,0.3333333333333333,0.0348574616656954,0.0295370228085965,0.0137520233899439,0.0011457014269191
2023-05-18,27405.62,27485.33,26361.2,26821.28,49198.65143,-0.0213215469387473,1822.12,1831.92,1771.12,1800.56,293755.311,-0.0118323710842315,20.34,2624370.52,-0.0341880341880341,309.3,236575.286,-0.0159083678014635,1,-0.4528523981571197,0.4876517057418823,0.0347993075847625,0.4876517057418823,0.4775490462779999,0.0,0.0,1.0,1.0,0.0,0.0,1.0,0.0419118699778683,0.033767272404141,0.0213215469387473,0.0118323710842315
2023-05-19,26821.28,27183.6,26630.0,26880.26,28754.13544,0.0021990001968585,1800.56,1829.54,1796.81,1812.32,243116.4676,0.0065313013729062,20.36,1214543.49,0.0009832841691248,308.9,191704.812,-0.001293242806337,9,-0.0924357758421036,0.7753847241401672,0.2443832866847515,0.3368190625268552,0.4187976693113645,2.0,3.0,4.0,0.8888888888888888,0.2222222222222222,0.3333333333333333,0.4444444444444444,0.0205950388872726,0.0180597245519555,0.0021990001968585,0.0065313013729062
2023-05-20,26880.26,27150.0,26825.11,27102.43,14434.54718,0.0082651730303204,1812.31,1828.87,1807.06,1819.42,127754.4349,0.0039176304405403,20.28,856718.98,-0.0039292730844793,310.6,104485.905,0.0055033991583037,2,0.7180660180747509,0.7316273152828217,0.7316273152828217,0.0135612972080707,0.2548113465309142,2.0,0.0,0.0,1.0,1.0,0.0,0.0,0.0119874859929533,0.0119873366237591,0.0082651730303204,0.0039176304405403
2023-05-21,27102.42,27277.55,26666.03,26747.78,21347.87279,-0.0130855425140845,1819.42,1828.98,1797.21,1804.91,161517.8053,-0.0079750689780259,19.61,1976334.78,-0.0330374753451677,306.4,143182.429,-0.0135222150676111,1,0.2575206384062767,0.7242852449417114,0.2666177153587341,0.0090970769524574,0.7242852449417114,0.0,1.0,0.0,2.0,0.0,1.0,0.0,0.0228624581180195,0.0176019856945775,0.0130855425140845,0.0079750689780259
2023-05-22,26747.78,27099.89,26538.21,26849.27,26458.83828,0.0037943335858154,1804.91,1828.27,1792.01,1817.35,237498.9423,0.0068923104199101,19.53,2054927.32,-0.0040795512493624,309.0,222082.435,0.0084856396866841,5,0.1344704832881689,0.7253102421760558,0.3568111535161733,0.2223406702280044,0.420848173648119,2.0,1.0,2.0,1.0,0.4,0.2,0.4,0.0209197494010079,0.0199521280986051,0.0037943335858154,0.0068923104199101
2023-05-23,26849.28,27495.83,26798.11,27219.61,38700.83858,0.0137932986632411,1817.36,1872.5,1815.24,1854.05,396869.6097,0.0201942388642804,20.02,2466255.33,0.0250896057347669,313.5,225830.19,0.0145631067961164,4,0.1447058838093653,0.8463463932275772,0.3975887299748137,0.2528828461654483,0.3495284467935561,2.0,1.0,1.0,0.25,0.5,0.25,0.25,0.0256329903330724,0.0308837409994336,0.0137932986632411,0.0201942388642804
2023-05-24,27219.61,27219.61,26080.5,26329.01,54393.0657,-0.0327190580614491,1854.06,1854.09,1777.6,1799.89,420846.1445,-0.0292117256816158,19.22,2780601.57,-0.03996003996004,306.0,292692.62,-0.0239234449760765,7,0.0287019849887915,0.7919921278953552,0.2043669005589825,0.1756649155701909,0.6199681905231306,1.0,5.0,1.0,1.4285714285714286,0.1428571428571428,0.7142857142857143,0.1428571428571428,0.0432644448082172,0.0424970414858685,0.0327190580614491,0.0292117256816158
2023-05-25,26329.0,26631.98,25871.89,26473.79,37435.44895,0.0054988774739348,1799.89,1818.81,1761.41,1805.6,350633.0089,0.0031724160920945,19.25,1692742.89,0.0015608740894901,304.5,287322.502,-0.0049019607843137,5,-0.0960262443870306,0.6960984230041504,0.3220802152529358,0.4181064596399665,0.2598133374005555,1.0,1.0,3.0,0.6,0.2,0.2,0.6,0.0287110383515167,0.0317899867080194,0.0054988774739348,0.0031724160920945
2023-05-26,26473.8,26932.16,26327.24,26705.92,35061.18713,0.0087682949815646,1805.61,1838.2,1796.99,1827.79,275690.6854,0.0122895436420027,19.35,1034272.52,0.0051948051948051,306.8,398588.895,0.0075533661740558,11,-0.0960262443870306,0.8,,,,,,,,0.33,0.34,0.33,0.0226511574961655,0.0225463537933789,0.0087682949815646,0.0122895436420027
2023-05-27,26705.93,26895.0,26551.0,26854.27,15095.6867,0.0055549481163728,1827.8,1836.12,1812.18,1829.89,138824.9406,0.0011489284874084,20.43,1565995.03,0.0558139534883719,307.4,144742.086,0.0019556714471966,3,0.383482859780391,0.8255373239517212,0.3943505535523096,0.0108676937719185,0.5947817414999008,1.0,2.0,0.0,0.6666666666666666,0.3333333333333333,0.6666666666666666,0.0,0.0128098808867267,0.0130827536081402,0.0055549481163728,0.0011489284874084
2023-05-28,26854.28,28261.32,26764.36,28065.0,43916.00855,0.0450851950174031,1829.89,1918.65,1823.6,1908.64,378392.4371,0.043035373710988,20.81,2874459.57,0.018600097895252,314.1,257233.179,0.0217957059206248,8,0.1937702127033844,0.8190410658717155,0.364935015561059,0.1711648028576746,0.4639001796022057,3.0,4.0,1.0,0.875,0.375,0.5,0.125,0.0533390343844646,0.0497998574901501,0.0450851950174031,0.043035373710988
2023-05-29,28065.01,28447.14,27524.6,27736.4,42385.41945,-0.011708533760912,1908.64,1927.62,1873.65,1892.6,313593.4942,-0.0084038896806103,20.57,2222352.38,-0.0115329168668908,311.6,461485.115,-0.0079592486469277,3,0.5193473442147175,0.6953683098157247,0.5394585132598877,0.0201111690451701,0.4404302984476089,1.0,2.0,0.0,1.0,0.3333333333333333,0.6666666666666666,0.0,0.0332609855640963,0.0285163267462748,0.011708533760912,0.0084038896806103
2023-05-30,27736.39,28038.59,27554.0,27694.4,32686.75371,-0.0015142556351941,1892.6,1917.0,1881.19,1900.59,272665.8402,0.0042217055901934,21.25,3192653.91,0.0330578512396693,311.5,291304.59,-0.0003209242618742,3,-0.0612433745215336,0.729441245396932,0.1046576816588639,0.1659010561803976,0.729441245396932,0.0,3.0,0.0,1.6666666666666667,0.0,1.0,0.0,0.0174977612802588,0.0188415176339978,0.0015142556351941,0.0042217055901934
2023-05-31,27694.39,27835.51,26839.01,27210.35,46588.80573,-0.0174782627534809,1900.58,1907.13,1846.95,1873.63,319255.5681,-0.0141850688470421,20.81,2050625.96,-0.0207058823529412,306.8,437132.418,-0.0150882825040128,3,0.4364739805459976,0.8170395493507385,0.6393908845881621,0.2029169040421644,0.1576921821882326,2.0,0.0,1.0,1.0,0.6666666666666666,0.0,0.3333333333333333,0.0366220941663741,0.0321194686250754,0.0174782627534809,0.0141850688470421
2023-06-01,27210.36,27350.0,26605.05,26817.93,39217.8088,-0.0144217182064911,1873.63,1889.2,1840.0,1861.78,270496.6097,-0.0063246211898828,20.49,1732297.47,-0.0153772224891879,304.9,255618.722,-0.0061929595827902,8,0.3969889029394835,0.8970722407102585,0.5208451133221388,0.1238562103826552,0.3552986895665526,4.0,3.0,1.0,0.5,0.5,0.375,0.125,0.0277780574414207,0.0264263231960811,0.0144217182064911,0.0063246211898828
2023-06-02,26817.93,27300.0,26505.0,27242.59,36380.90269,0.0158349283483103,1861.78,1910.0,1847.51,1906.68,313004.0658,0.0241167055183748,21.26,2068166.11,0.0375793069790142,307.2,300583.675,0.0075434568711052,7,0.4350817750341126,0.6825278145926339,0.512198731303215,0.0771169562691024,0.410684272646904,4.0,3.0,0.0,1.0,0.5714285714285714,0.4285714285714285,0.0,0.02918224735607,0.0327742463339417,0.0158349283483103,0.0241167055183748
2023-06-03,27242.59,27333.29,26914.93,27069.22,16595.34117,-0.0063639323573859,1906.69,1907.92,1881.6,1892.06,148818.2427,-0.0076677785470031,21.19,1130915.88,-0.0032925682031984,306.6,158805.926,-0.0019531249999998,2,0.854102446231991,0.8744470775127411,0.8744470775127411,0.02034463128075,0.1052082907408475,2.0,0.0,0.0,0.5,1.0,0.0,0.0,0.0154551922811222,0.0139107639292623,0.0063639323573859,0.0076677785470031
2023-06-04,27069.22,27455.02,26951.0,27115.21,19258.41049,0.0016989776580189,1892.05,1914.63,1884.22,1890.01,172683.0119,-0.0010834751540648,21.82,2800007.16,0.0297310051911279,305.0,187805.427,-0.005218525766471,9,0.2088801080567969,0.8251046737035116,0.4100083791547351,0.2011282710979381,0.3888633754104376,3.0,4.0,2.0,1.0,0.3333333333333333,0.4444444444444444,0.2222222222222222,0.0185880913332406,0.0160898619584023,0.0016989776580189,0.0010834751540648
2023-06-05,27115.2,27129.33,25388.0,25728.2,65805.60305,-0.0511524712513751,1890.0,1890.63,1778.0,1810.5,555361.2683,-0.0420685604838069,20.0,6215040.24,-0.0834097158570119,276.9,1096020.019,-0.0921311475409837,5,-0.7814093178138137,0.902920663356781,0.0193714940920471,0.8007808119058609,0.1798477035015821,0.0,1.0,4.0,0.6,0.0,0.2,0.8,0.0676817655335391,0.0622093344380006,0.0511524712513751,0.0420685604838069
2023-06-06,25728.2,27355.33,25351.02,27230.08,68392.60438,0.0583748571606252,1810.49,1898.29,1797.18,1884.64,491407.2174,0.0409500138083402,20.38,4383534.14,0.0189999999999999,281.2,708685.58,0.0155290718671001,4,-0.0178711272310465,0.769108772277832,0.1655104779638349,0.1833816051948815,0.6511079035699368,0.0,3.0,1.0,0.5,0.0,0.75,0.25,0.073606467553529,0.0536495033534255,0.0583748571606252,0.0409500138083402
2023-06-07,27230.07,27391.77,26125.01,26339.34,59619.44364,-0.0327116189155523,1884.65,1897.8,1821.18,1832.13,429196.7064,-0.027862085066644,18.64,3842270.95,-0.085377821393523,259.3,1188263.837,-0.0778805120910383,6,0.0836920219783981,0.7118363877137502,0.4179261364042759,0.3342341144258777,0.2478397494802871,3.0,0.0,3.0,0.5,0.5,0.0,0.5,0.0480938398608318,0.0418201765158585,0.0327116189155523,0.027862085066644
2023-06-08,26339.34,26810.0,26210.0,26498.61,31075.51083,0.0060468485542917,1832.12,1861.28,1828.31,1845.64,189270.4853,0.0073739308891835,18.89,2669714.01,0.0134120171673819,262.0,579854.02,0.0104126494408021,4,0.3849418108584359,0.7621025741100311,0.5301682818681002,0.1452264710096641,0.3246052549220621,2.0,1.0,1.0,0.0,0.5,0.25,0.25,0.0226426971075086,0.0178637220693093,0.0060468485542917,0.0073739308891835
2023-06-09,26498.62,26783.33,26269.91,26477.81,27934.7097,-0.0007849468330602,1845.65,1855.0,1827.0,1840.37,198324.3252,-0.0028553780802323,17.4,4755455.49,-0.0788777130757015,260.5,509660.501,-0.0057251908396946,6,-0.0446642311289906,0.8428039848804474,0.2097909410173694,0.25445517214636,0.5357538616905609,1.0,4.0,1.0,1.1666666666666667,0.1666666666666666,0.6666666666666666,0.1666666666666666,0.0193905764864995,0.0152143319006504,0.0007849468330602,0.0028553780802323
2023-06-10,26477.8,26533.87,25358.0,25841.21,64944.60108,-0.0240427739303213,1840.37,1844.99,1715.03,1751.53,652324.6695,-0.0482729016447779,15.61,17211734.83,-0.1028735632183908,238.7,1603602.202,-0.0836852207293666,8,-0.4294454623013735,0.8429233804345131,0.1177971371216699,0.5472425994230434,0.3349602897651493,0.0,3.0,5.0,1.25,0.0,0.375,0.625,0.0455036741700562,0.0741979869028792,0.0240427739303213,0.0482729016447779
2023-06-11,25841.22,26206.88,25634.7,25925.55,30014.29595,0.0032637790567857,1751.52,1778.25,1738.72,1752.76,219956.2434,0.0007022431816754,15.55,6064017.28,-0.0038436899423445,235.4,402562.359,-0.0138248847926266,10,-0.4124755728989839,0.8099752724170685,0.0858433532528578,0.4983189261518418,0.4158377267420292,0.0,4.0,6.0,1.0,0.0,0.4,0.6,0.0220701200167402,0.0225530021223669,0.0032637790567857,0.0007022431816754
2023-06-12,25925.54,26106.48,25602.11,25905.19,29900.50893,-0.0007853256729365,1752.77,1759.33,1720.0,1742.57,302132.4819,-0.0058136881261553,15.19,5195357.99,-0.0231511254019293,231.3,1579141.84,-0.0174171622769753,12,-0.0618453541149695,0.8832647899786631,0.2021755329333245,0.2640208870482941,0.5338035644963384,2.0,7.0,3.0,1.25,0.1666666666666666,0.5833333333333334,0.25,0.0194698436876934,0.0225701119610689,0.0007853256729365,0.0058136881261553
2023-06-13,25905.2,26433.21,25712.57,25934.25,41065.60853,0.0011217829323004,1742.57,1770.13,1724.22,1740.12,284268.0018,-0.0014059693441296,15.04,4814274.27,-0.0098749177090191,244.2,1230681.021,0.0557717250324252,12,-0.013771509208406,0.7783803592125574,0.1039240633447964,0.1176955725532024,0.7783803592125574,0.0,12.0,0.0,1.3333333333333333,0.0,1.0,0.0,0.0277871926120863,0.0263832379376135,0.0011217829323004,0.0014059693441296
2023-06-14,25934.24,26098.0,24820.56,25128.6,45077.31608,-0.0310650973133983,1740.12,1750.03,1630.43,1650.95,415847.327,-0.0512435923959266,14.48,3978891.53,-0.0372340425531914,237.9,970411.718,-0.0257985257985257,7,-0.3761193524780018,0.8188182371003287,0.0754145648596541,0.451533917337656,0.4730515275150537,0.0,4.0,3.0,0.8571428571428571,0.0,0.5714285714285714,0.4285714285714285,0.0508360991061976,0.0724431387988733,0.0310650973133983,0.0512435923959266
2023-06-15,25128.6,25759.01,24800.0,25598.49,48664.86063,0.0186994102337576,1650.95,1680.91,1626.01,1666.96,370774.7696,0.0096974469244979,14.77,4700648.85,0.0200276243093922,236.4,602141.969,-0.0063051702395964,4,-0.2887762719765305,0.7069597467780113,0.1889648176729678,0.4777410896494984,0.3332940996624529,0.0,2.0,2.0,0.25,0.0,0.5,0.5,0.0374635378883675,0.0329342035801699,0.0186994102337576,0.0096974469244979
2023-06-16,25598.49,26518.0,25175.56,26345.0,51596.91662,0.0291622669930922,1666.96,1729.5,1649.86,1717.92,311734.5904,0.0305706195709556,15.31,2809890.09,0.036560595802302,239.3,562586.529,0.0122673434856175,2,-0.9271082659251988,0.9384281039237976,0.0113198379985987,0.9384281039237976,0.0502520333975553,0.0,0.0,2.0,1.5,0.0,0.0,1.0,0.050956158663883,0.0463583868864674,0.0291622669930922,0.0305706195709556
2023-06-17,26345.01,26839.99,26181.0,26516.99,27842.2195,0.0065283735054091,1717.91,1770.0,1714.26,1727.76,210914.9216,0.0057278569432801,15.64,2500321.4,0.0215545395166558,244.5,491313.272,0.0217300459674048,6,0.477167797818159,0.8031813502311707,0.5501254585882027,0.0729576607700436,0.3769168574362993,3.0,3.0,0.0,1.3333333333333333,0.5,0.5,0.0,0.0248516140029468,0.0322614251979441,0.0065283735054091,0.0057278569432801
2023-06-18,26516.99,26700.0,26255.85,26339.97,21538.31022,-0.0066757199817928,1727.75,1747.84,1712.0,1720.95,156535.0128,-0.0039415196555077,15.45,1603688.44,-0.012148337595908,244.1,359878.981,-0.0016359918200409,6,-0.3651660773127029,0.8383804460366567,0.2094995743439843,0.5746656516566873,0.2158347653845945,2.0,1.0,3.0,1.5,0.3333333333333333,0.1666666666666666,0.5,0.0168622059934009,0.0208257067317469,0.0066757199817928,0.0039415196555077
2023-06-19,26339.98,27068.09,26256.61,26844.35,35872.65974,0.019148844892382,1720.95,1752.19,1698.0,1737.11,245162.7589,0.0093901624102965,16.1,1890318.27,0.0420711974110032,243.1,425074.269,-0.0040966816878328,11,-0.3651660773127029,0.8,,,,,,,,0.33,0.34,0.33,0.0302290798622428,0.0311954913620899,0.019148844892382,0.0093901624102965
2023-06-20,26844.35,28402.74,26652.0,28307.99,69666.95525,0.0545232050692232,1737.1,1796.99,1714.72,1791.99,328855.6846,0.031592702822504,16.64,3005581.72,0.0335403726708074,247.7,639069.672,0.0189222542163718,6,-0.116646899531285,0.776245524485906,0.2786888241147001,0.3953357236459851,0.3259754416843255,1.0,2.0,3.0,1.3333333333333333,0.1666666666666666,0.3333333333333333,0.5,0.0618461430853975,0.0459098544076696,0.0545232050692232,0.031592702822504
2023-06-21,28308.0,30800.0,28257.99,29993.89,108926.40412,0.0595556236949355,1791.99,1901.0,1787.38,1889.11,613755.8869,0.0541967310085436,17.23,4146918.99,0.0354567307692308,248.8,1006328.557,0.0044408558740411,7,0.1543000928525413,0.815153249672481,0.3062269677008901,0.1519268748483487,0.54184618805136,2.0,4.0,1.0,0.8571428571428571,0.2857142857142857,0.5714285714285714,0.1428571428571428,0.0847509276055889,0.0601447242352218,0.0595556236949355,0.0541967310085436
2023-06-22,29993.89,30500.0,29525.61,29884.92,59054.5646,-0.0036330732692558,1889.1,1933.17,1865.98,1872.01,416714.5719,-0.0090518815738628,16.62,3547312.43,-0.0354033662217062,240.8,1032630.471,-0.0321543408360128,12,0.4613552830802898,0.8148083587487539,0.5418501831591129,0.0804949000788231,0.3776549375616014,7.0,4.0,1.0,1.3333333333333333,0.5833333333333334,0.3333333333333333,0.0833333333333333,0.0326047384433352,0.0358919022868467,0.0036330732692558,0.0090518815738628
2023-06-23,29884.92,31431.94,29800.0,30688.5,73931.89635,0.0268891467669982,1872.0,1936.42,1861.01,1892.63,401147.9324,0.011014898424688,17.13,4851596.52,0.0306859205776171,244.3,638290.193,0.0145348837209302,3,0.1136087328195571,0.8511426647504171,0.3668485383192697,0.2532398054997126,0.3799116934339204,1.0,1.0,1.0,1.0,0.3333333333333333,0.3333333333333333,0.3333333333333333,0.0531775746615181,0.0398440265662068,0.0268891467669982,0.011014898424688
2023-06-24,30688.51,30800.0,30250.0,30527.43,30513.30135,-0.0052485458722322,1892.63,1906.0,1864.77,1874.96,226910.2941,-0.0093362146853849,16.64,2908701.89,-0.0286047869235258,236.4,791496.05,-0.0323372902169464,6,-0.0269029829651117,0.7753113806247711,0.3217778410762548,0.3486808240413665,0.3295413308466474,2.0,2.0,2.0,1.1666666666666667,0.3333333333333333,0.3333333333333333,0.3333333333333333,0.0180165837740025,0.0219898024491189,0.0052485458722322,0.0093362146853849
2023-06-25,30527.44,31046.01,30277.49,30462.66,30223.44801,-0.0021216984200767,1874.95,1930.0,1868.83,1898.8,338757.6158,0.0127149379186755,16.96,2723041.25,0.0192307692307691,238.8,513198.598,0.0101522842639594,3,0.5451715057715774,0.8650458653767904,0.5923918019980192,0.0472202962264418,0.3603878567616145,2.0,1.0,0.0,0.0,0.6666666666666666,0.3333333333333333,0.0,0.0252282630604155,0.0322150832104487,0.0021216984200767,0.0127149379186755
2023-06-26,30462.67,30666.0,29930.0,30267.99,45180.41489,-0.0063904465335593,1898.8,1909.1,1837.18,1858.97,458743.861,-0.0209764061512534,16.27,3056592.4,-0.040683962264151,236.1,526248.09,-0.0113065326633166,9,0.2601859747535652,0.7576343615849813,0.4952069446444511,0.2350209698908858,0.2697720668382115,5.0,2.0,2.0,0.8888888888888888,0.5555555555555556,0.2222222222222222,0.2222222222222222,0.024316117456098,0.0386880907169022,0.0063904465335593,0.0209764061512534
2023-06-27,30267.99,30994.97,30226.17,30692.44,42699.64157,0.0140230652910879,1858.97,1912.53,1855.19,1889.58,366634.5707,0.0164661075757004,16.63,2951107.45,0.0221266133988935,237.5,360259.85,0.0059296908089792,3,0.1030841550479332,0.7877228061358134,0.5200097002089024,0.4169255451609691,0.0630647658059994,2.0,0.0,1.0,0.3333333333333333,0.6666666666666666,0.0,0.3333333333333333,0.02504851357533,0.0303453677536806,0.0140230652910879,0.0164661075757004
2023-06-28,30692.44,30709.74,29858.8,30077.41,40463.51937,-0.0200384850471321,1889.58,1890.19,1816.56,1828.02,337836.5792,-0.0325786682754897,15.97,4040252.29,-0.0396873120865903,230.6,643304.047,-0.0290526315789474,3,0.0592774786055087,0.751381496588389,0.4330912120640278,0.3738137334585189,0.1930950625489155,2.0,0.0,1.0,0.3333333333333333,0.6666666666666666,0.0,0.3333333333333333,0.0282916647410798,0.040278552751064,0.0200384850471321,0.0325786682754897
2023-06-29,30077.4,30843.98,30049.98,30447.31,36330.62903,0.0122982663733346,1828.03,1880.0,1827.84,1851.99,241844.8281,0.0131125480027571,17.99,7948251.73,0.1264871634314337,233.1,352025.974,0.0108412836079792,7,0.3305281064739184,0.7866057753562927,0.4820545202653323,0.1515264137914137,0.3664190827735832,4.0,2.0,1.0,0.7142857142857143,0.5714285714285714,0.2857142857142857,0.1428571428571428,0.0260778374181495,0.0281642989432988,0.0122982663733346,0.0131125480027571
2023-06-30,30447.31,31282.0,29500.0,30472.0,89419.07618,0.0008109090753829,1851.99,1948.6,1825.01,1933.79,716538.1035,0.0441687050146057,18.86,11454016.49,0.0483602001111729,240.3,843439.594,0.030888030888031,13,-0.2614639053980891,0.8275293065951421,0.2609640126331494,0.5224279180312386,0.2166080840218525,3.0,3.0,7.0,1.2307692307692308,0.2307692307692307,0.2307692307692307,0.5384615384615384,0.0584799159884484,0.0639107659052947,0.0008109090753829,0.0441687050146057
2023-07-01,30471.99,30661.6,30320.57,30585.9,17501.75075,0.0037378577054345,1933.8,1944.56,1909.44,1924.5,178373.3688,-0.0048040376669648,18.7,3515091.93,-0.0084835630965005,247.9,723099.401,0.0316271327507282,3,-0.635377524420619,0.7499650716781616,0.0509191074719031,0.6862966318925222,0.2627842705696821,0.0,1.0,2.0,1.6666666666666667,0.0,0.3333333333333333,0.6666666666666666,0.0111499089449713,0.0182488958170952,0.0037378577054345,0.0048040376669648
2023-07-02,30585.9,30791.0,30155.0,30617.03,23286.41019,0.0010177892427556,1924.5,1959.2,1885.75,1937.48,255852.7832,0.0067446089893479,19.45,4872775.08,0.0401069518716576,246.5,598172.063,-0.0056474384832594,9,0.0557169004653891,0.7903512782520719,0.3343121864729457,0.2785952860075566,0.387092523690727,3.0,3.0,3.0,1.2222222222222223,0.3333333333333333,0.3333333333333333,0.3333333333333333,0.0207727529417451,0.0379100687490967,0.0010177892427556,0.0067446089893479
2023-07-03,30617.02,31380.0,30570.27,31156.2,43761.64311,0.0176101339679257,1937.49,1976.16,1933.55,1955.54,322102.4295,0.009321386543345,19.26,3065186.84,-0.0097686375321335,246.5,873992.727,0.0,9,-0.0947245518780417,0.7882662018140157,0.182913270054592,0.2776378219326336,0.5394488846262295,1.0,6.0,2.0,0.7777777777777778,0.1111111111111111,0.6666666666666666,0.2222222222222222,0.0259893696920676,0.0217893778700513,0.0176101339679257,0.009321386543345
2023-07-04,31156.2,31350.69,30620.0,30766.51,33206.11943,-0.0125076228808391,1955.55,1967.08,1931.58,1936.2,205525.0984,-0.0098898513965451,19.13,3096292.18,-0.0067497403946003,242.5,488909.055,-0.0162271805273833,2,-0.2300372645258903,0.573837623000145,0.1837829798460006,0.413820244371891,0.4023968130350112,0.0,1.0,1.0,0.5,0.0,0.5,0.5,0.0237495250517526,0.0183348827600454,0.0125076228808391,0.0098898513965451
2023-07-05,30766.52,30878.07,30200.0,30504.81,33215.67122,-0.0085060021432393,1936.19,1942.5,1894.51,1910.36,267633.4783,-0.0133457287470303,19.0,2415908.51,-0.0067956089911134,238.9,520015.694,-0.0148453608247421,5,-0.2820287302136421,0.848799192905426,0.1059783294796943,0.3880070596933364,0.5060145922005177,0.0,3.0,2.0,0.6,0.0,0.6,0.4,0.0222282977668111,0.0251209196172449,0.0085060021432393,0.0133457287470303
2023-07-06,30504.8,31500.0,29850.45,29895.43,71319.6261,-0.0199765217354247,1910.35,1958.0,1846.0,1846.17,456362.741,-0.0336009966707844,19.61,9598016.99,0.0321052631578946,232.2,673275.441,-0.0280452071996651,3,0.2944626674676935,0.7753932476043701,0.3163859111567338,0.0219232436890403,0.6616908212502798,1.0,2.0,0.0,0.6666666666666666,0.3333333333333333,0.6666666666666666,0.0,0.0551773297791668,0.060666135837978,0.0199765217354247,0.0336009966707844
2023-07-07,29895.42,30449.0,29701.02,30344.7,34070.53895,0.0150280494376564,1846.17,1878.0,1826.0,1870.91,232944.3466,0.0134007160770677,21.5,9794096.48,0.0963793982661906,235.6,431534.586,0.0146425495262705,6,0.4925439873089393,0.6814280847708384,0.5563693971683582,0.0638254098594188,0.3798051811754703,5.0,1.0,0.0,0.8333333333333334,0.8333333333333334,0.1666666666666666,0.0,0.0246494445488009,0.027793961227424,0.0150280494376564,0.0134007160770677
2023-07-08,30344.7,30386.81,30044.47,30284.63,13094.59042,-0.0019795878687217,1870.92,1876.0,1842.8,1865.24,125819.8273,-0.003030610772298,21.81,6473021.26,0.0144186046511627,236.3,259727.721,0.0029711375212224,5,-0.1559688093140721,0.820725965499878,0.2325623767450451,0.3885311860591173,0.378906406648457,1.0,2.0,2.0,1.4,0.2,0.4,0.4,0.0113040839528169,0.0177993180502241,0.0019795878687217,0.003030610772298
2023-07-09,30284.63,30445.52,30061.12,30160.71,15388.50196,-0.004091844608965,1865.24,1879.36,1856.15,1862.8,135046.3743,-0.0013081426518839,21.32,3867361.76,-0.0224667583677211,234.1,235123.329,-0.0093101988997038,3,0.4425168139860034,0.7575397888819376,0.5533139978845915,0.110797183898588,0.3358887781699498,2.0,1.0,0.0,0.6666666666666666,0.6666666666666666,0.3333333333333333,0.0,0.0127450580573203,0.0124597380287737,0.004091844608965,0.0013081426518839
2023-07-10,30160.71,31045.78,29950.0,30411.57,41262.87652,0.0083174434554094,1862.81,1905.5,1846.63,1880.4,247868.1494,0.0094481425810608,21.3,5671089.94,-0.0009380863039399,246.2,1193826.524,0.0516873131140538,7,0.3132856811529823,0.8610224042619977,0.539418363943696,0.2261326827907136,0.2344489595187561,4.0,2.0,1.0,0.7142857142857143,0.5714285714285714,0.2857142857142857,0.1428571428571428,0.0360316813633758,0.0313071686875132,0.0083174434554094,0.0094481425810608
2023-07-11,30411.57,30813.63,30300.0,30622.1,28476.83311,0.0069226942245994,1880.41,1891.99,1862.38,1878.3,177771.6117,-0.0011167836630504,22.07,4616810.71,0.0361502347417839,248.6,660141.384,0.0097481722177092,5,0.253366426192224,0.7192131340503692,0.3940325856208801,0.140666159428656,0.4653012633323669,2.0,3.0,0.0,0.8,0.4,0.6,0.0,0.0167731801542023,0.0157642549113559,0.0069226942245994,0.0011167836630504
2023-07-12,30622.1,30983.25,30210.0,30380.0,38108.99669,-0.0079060547774318,1878.31,1902.0,1864.37,1871.82,264406.8673,-0.0034499281264973,21.94,6086113.95,-0.0058903488898957,243.9,599390.712,-0.0189058728881736,3,0.3195358750720818,0.9155980547269186,0.3433529362082481,0.0238170611361662,0.6328299815456072,1.0,2.0,0.0,1.0,0.3333333333333333,0.6666666666666666,0.0,0.0254526003949967,0.0201034287484908,0.0079060547774318,0.0034499281264973
2023-07-13,30380.0,31804.2,30251.0,31454.23,70772.51836,0.0353597761685318,1871.82,2012.63,1862.59,2004.49,548861.4207,0.0708775416439615,26.01,16102139.02,0.1855059252506836,256.1,1037831.391,0.050020500205002,20,0.2536209478741512,0.8064662173390389,0.367370004300028,0.1137490564258768,0.5188809469342232,6.0,13.0,1.0,1.4,0.3,0.65,0.05,0.0493796859754634,0.0748519573557364,0.0353597761685318,0.0708775416439615
2023-07-14,31454.23,31630.0,29900.0,30312.01,60749.48424,-0.0363137167878533,2004.49,2029.11,1898.39,1937.83,498724.0359,-0.0332553417577539,26.67,19571913.81,0.0253748558246829,248.1,1071118.696,-0.0312377977352598,12,0.1210742848925292,0.8038985282182693,0.4015173267107457,0.2804430418182164,0.3180396317814787,4.0,4.0,4.0,1.0833333333333333,0.3333333333333333,0.3333333333333333,0.3333333333333333,0.0570730875319716,0.0674568976638816,0.0363137167878533,0.0332553417577539
2023-07-15,30312.0,30390.9,30200.0,30289.52,14118.55329,-0.0007419501379155,1937.82,1946.37,1926.23,1931.41,135181.7663,-0.0033129841110932,27.46,11042658.65,0.0296212973378326,251.1,383772.673,0.0120918984280531,4,0.0078187109902501,0.8775797337293625,0.2370200944133102,0.2292013834230601,0.5337785370647907,1.0,2.0,1.0,2.0,0.25,0.5,0.25,0.0063025099110187,0.0104276150584287,0.0007419501379155,0.0033129841110932
2023-07-16,30289.52,30441.46,30064.29,30231.99,15760.1281,-0.001899336800319,1931.41,1943.55,1914.0,1922.11,148667.1051,-0.0048151350567721,27.42,6708916.61,-0.0014566642388929,242.3,433016.609,-0.0350457984866586,4,-0.6418368178419769,0.8766493946313858,0.0389556889422237,0.6807925067842007,0.2802517917007208,0.0,1.0,3.0,0.75,0.0,0.25,0.75,0.0124758575270763,0.0153737299113994,0.001899336800319,0.0048151350567721
2023-07-17,30232.0,30336.96,29659.2,30138.0,30882.76839,-0.0031089584245033,1922.12,1936.18,1873.26,1911.2,277159.0349,-0.0056760539199108,26.8,8662837.64,-0.0226112326768782,244.1,792745.158,0.0074288072637225,13,0.3326728663478906,0.8225645262461442,0.4351002871273802,0.1024274207794895,0.4624722883678399,5.0,7.0,1.0,1.0,0.3846153846153846,0.5384615384615384,0.0769230769230769,0.0224885526577741,0.0329217245709502,0.0031089584245033,0.0056760539199108
2023-07-18,30138.01,30239.78,29512.0,29859.13,30003.8601,-0.0092531023956466,1911.21,1917.19,1875.73,1897.21,215780.5006,-0.0073200083717036,25.54,6327315.88,-0.0470149253731343,240.2,932504.771,-0.0159770585825481,7,0.393129812686571,0.7866028887884957,0.5189870867346015,0.1258572740480303,0.3551556353590318,4.0,2.0,1.0,1.1428571428571428,0.5714285714285714,0.2857142857142857,0.1428571428571428,0.024373784500754,0.0218531422457187,0.0092531023956466,0.0073200083717036
2023-07-19,29859.14,30189.09,29761.96,29909.21,25657.36137,0.001677208947481,1897.21,1922.04,1882.17,1888.63,218045.0005,-0.0045224303055538,26.31,4966905.24,0.0301487862176976,240.8,444676.507,0.0024979184013322,17,0.3705143590512521,0.8148909070912529,0.415476096136605,0.0449617370853528,0.5395621723111939,7.0,10.0,0.0,1.1176470588235294,0.4117647058823529,0.5882352941176471,0.0,0.0142808853861402,0.0211105404446608,0.001677208947481,0.0045224303055538
2023-07-20,29909.21,30417.46,29570.96,29800.0,37540.68193,-0.0036513836373478,1888.64,1929.05,1878.0,1891.59,292907.5164,0.0015672736322094,25.38,4977278.58,-0.0353477765108324,242.8,449387.8,0.0083056478405316,15,0.0702789186810453,0.7606224219004313,0.3737141435345014,0.303435224853456,0.3228506299356619,6.0,3.0,6.0,0.9333333333333332,0.4,0.2,0.4,0.0284060402684563,0.0269878779228056,0.0036513836373478,0.0015672736322094
2023-07-21,29800.0,30061.7,29726.34,29901.72,23881.40865,0.003413422818792,1891.59,1905.74,1884.64,1891.73,165554.0428,7.401181017030467e-05,25.5,3295444.38,0.0047281323877068,243.7,295187.787,0.0037067545304776,7,0.1125227884788598,0.7586631604603359,0.3360017679099525,0.2234789794310927,0.440519243478775,2.0,4.0,1.0,1.0,0.2857142857142857,0.5714285714285714,0.1428571428571428,0.0112154083444029,0.0111538115904489,0.003413422818792,7.401181017030467e-05
2023-07-22,29901.72,29999.0,29625.1,29794.0,14660.40467,-0.003602468352991,1891.73,1897.35,1851.18,1866.52,131901.6487,-0.0133264260756027,24.52,2382898.21,-0.0384313725490196,241.1,184432.523,-0.0106688551497743,9,-0.0865104645490646,0.7933866580327352,0.1203041399518648,0.2068146045009294,0.6728812667230765,1.0,7.0,1.0,1.2222222222222223,0.1111111111111111,0.7777777777777778,0.1111111111111111,0.0125495066120695,0.0247358721042366,0.003602468352991,0.0133264260756027
2023-07-23,29793.99,30350.0,29730.0,30083.75,18292.78637,0.009725112438746,1866.52,1905.25,1857.82,1888.73,153501.0178,0.0118991492188671,24.76,2341589.79,0.0097879282218598,242.5,171931.133,0.0058067192036499,9,0.2750530419871211,0.7887465291553073,0.3368050973448488,0.0617520553577277,0.601442831257979,2.0,7.0,0.0,1.4444444444444444,0.2222222222222222,0.7777777777777778,0.0,0.0206091328374953,0.0251121123718054,0.009725112438746,0.0118991492188671
2023-07-24,30083.75,30099.58,28861.9,29176.5,39628.99691,-0.0301574770432542,1888.74,1890.86,1833.19,1850.0,276504.5547,-0.020505842550285,23.37,4042066.22,-0.0561389337641357,238.9,463451.698,-0.0148453608247421,10,0.2027903219684958,0.8636524975299835,0.4443689448758959,0.2415786229074001,0.3140524251386523,4.0,3.0,3.0,0.5,0.4,0.3,0.3,0.0424204411084263,0.0311729729729728,0.0301574770432542,0.020505842550285
2023-07-25,29176.5,29376.0,29047.65,29228.91,21565.7478,0.0017963086730758,1850.0,1868.71,1845.45,1857.66,152251.21,0.0041405405405405,23.27,2522195.44,-0.0042789901583226,237.7,307201.312,-0.0050230221850147,16,0.4184452675981447,0.8904390819370747,0.4470664983382448,0.0286212307401,0.5243122744141147,7.0,9.0,0.0,1.375,0.4375,0.5625,0.0,0.0112337408408318,0.0125211287318454,0.0017963086730758,0.0041405405405405
2023-07-26,29228.91,29690.0,29096.94,29351.96,33931.63366,0.00420987303324,1857.66,1888.0,1848.35,1872.0,272090.5333,0.0077193889086268,25.17,6033716.58,0.081650193382037,239.0,318667.814,0.0054690786705933,11,0.6094796729528091,0.8333908752961592,0.7457519856874238,0.1362723127346146,0.1179756999693133,10.0,0.0,1.0,1.4545454545454546,0.9090909090909092,0.0,0.0909090909090909,0.0202051242915294,0.0211805555555556,0.00420987303324,0.0077193889086268
2023-07-27,29351.95,29567.49,29083.85,29222.78,22476.47626,-0.0044010689575756,1871.99,1886.11,1854.84,1861.28,163766.4259,-0.0057264957264957,25.1,4207657.06,-0.0027810885975367,240.6,310179.989,0.0066945606694559,8,0.2441438988316804,0.8325872123241425,0.3181432096753269,0.0739993108436464,0.6078575123101473,2.0,6.0,0.0,0.625,0.25,0.75,0.0,0.0165501023516586,0.0168002664832803,0.0044010689575756,0.0057264957264957
2023-07-28,29222.78,29542.22,29123.12,29314.14,23993.61627,0.0031263281590594,1861.29,1883.39,1856.52,1874.19,138695.7147,0.0069360869938968,24.82,2736684.18,-0.0111553784860558,241.9,232739.179,0.0054031587697422,7,-0.0283706197515129,0.7816273825509208,0.3083400556019374,0.3367106753534504,0.3549492428345339,2.0,2.0,3.0,1.2857142857142858,0.2857142857142857,0.2857142857142857,0.4285714285714285,0.0142968546919678,0.0143368601902689,0.0031263281590594,0.0069360869938968
2023-07-29,29314.14,29406.92,29256.18,29352.9,10851.36844,0.0013222287947045,1874.2,1886.58,1869.54,1880.46,72867.0269,0.0033454452323402,25.17,1768964.07,0.0141015310233683,242.4,102406.899,0.0020669698222406,6,0.7695253980346024,0.795209268728892,0.795209268728892,0.0256838706942895,0.1791068480039636,6.0,0.0,0.0,1.3333333333333333,1.0,0.0,0.0,0.0051354380657447,0.0090616125841549,0.0013222287947045,0.0033454452323402
2023-07-30,29352.9,29449.0,29033.24,29281.09,15706.97441,-0.0024464362976061,1880.45,1885.3,1848.17,1861.79,158657.5902,-0.0099284217691416,24.25,2774658.63,-0.0365514501390544,242.5,255246.532,0.0004125412541253,6,-0.0638291991005341,0.7633266448974609,0.2498498482940097,0.3136790473945438,0.4364711077262957,2.0,2.0,2.0,0.8333333333333334,0.3333333333333333,0.3333333333333333,0.3333333333333333,0.0141989249717137,0.0199431729679501,0.0024464362976061,0.0099284217691416
2023-07-31,29281.09,29530.0,29101.8,29232.25,22605.48964,-0.0016679706937139,1861.79,1877.4,1851.02,1856.14,168204.4534,-0.0030347139043608,23.73,3167365.08,-0.0214432989690721,241.0,333099.771,-0.0061855670103092,10,0.0651977292262017,0.8245928198099136,0.3497559399344027,0.2845582107082008,0.365685830079019,4.0,3.0,3.0,0.8,0.4,0.3,0.3,0.0146482053211778,0.0142122900212269,0.0016679706937139,0.0030347139043608
2023-08-01,29232.26,29739.25,28585.7,29705.99,44719.65162,0.016206073771263,1856.13,1875.62,1813.8,1873.47,358476.0966,0.0093365802148543,24.05,3598080.21,0.0134850400337125,247.7,813075.175,0.0278008298755185,9,0.1928390340051717,0.8324143489201864,0.3332417625933885,0.1404027285882167,0.5263555167863766,3.0,5.0,1.0,1.3333333333333333,0.3333333333333333,0.5555555555555556,0.1111111111111111,0.0388322355188296,0.0329975927023117,0.016206073771263,0.0093365802148543
2023-08-02,29705.99,30047.5,28927.5,29186.01,48181.65141,-0.0175042137966114,1873.48,1879.74,1821.21,1839.9,254213.0553,-0.0179186215952216,23.15,3308680.67,-0.0374220374220375,240.7,630364.599,-0.0282599919257166,7,0.2538257551246455,0.7731874585151672,0.4358744605311325,0.1820487054064869,0.3820768243500164,3.0,3.0,1.0,1.1428571428571428,0.4285714285714285,0.4285714285714285,0.1428571428571428,0.038374549998441,0.0318115114951899,0.0175042137966114,0.0179186215952216
2023-08-03,29186.0,29433.33,28968.0,29193.64,26476.91994,0.0002614266218643,1839.9,1859.12,1826.0,1835.81,171148.052,-0.002222946899288,22.65,2981853.02,-0.0215982721382289,241.1,303966.677,0.0016618196925632,9,0.294170249460472,0.753220839632882,0.3646773451732265,0.0705070957127544,0.5648155597349008,3.0,5.0,1.0,1.1111111111111112,0.3333333333333333,0.5555555555555556,0.1111111111111111,0.0159394306431127,0.0180410826828483,0.0002614266218643,0.002222946899288
2023-08-04,29193.65,29333.08,28807.54,29113.99,23551.95217,-0.0027283339795927,1835.81,1851.31,1815.74,1830.23,187699.4552,-0.0030395302346103,22.8,3225053.92,0.0066225165562914,241.7,274715.344,0.0024885939444214,11,0.0443562972782687,0.8257858482274142,0.1899655520577322,0.1456092547794634,0.6644251895221797,1.0,8.0,2.0,1.181818181818182,0.0909090909090909,0.7272727272727273,0.1818181818181818,0.0180511156320381,0.0194347158553842,0.0027283339795927,0.0030395302346103
2023-08-05,29114.0,29152.23,28978.64,29072.13,11645.52018,-0.0014377967430778,1830.24,1839.0,1827.5,1836.48,93657.3255,0.0034148713549662,22.65,1781301.39,-0.0065789473684211,243.2,176422.282,0.0062060405461314,10,0.4004422347992659,0.8411247432231903,0.5341781241819262,0.1337358893826603,0.3320859806612133,6.0,3.0,1.0,1.3,0.6,0.3,0.1,0.0059710107240164,0.0062619794389266,0.0014377967430778,0.0034148713549662
2023-08-06,29072.13,29205.09,28991.88,29088.42,13178.1972,0.0005603304608226,1836.48,1838.58,1825.86,1830.28,90403.9915,-0.0033760236975083,23.2,2662470.7,0.0242825607064018,243.2,278149.257,0.0,7,0.2766861193148153,0.8344179732458932,0.3288249623562608,0.0521388430414454,0.6190362099025931,2.0,5.0,0.0,1.8571428571428568,0.2857142857142857,0.7142857142857143,0.0,0.0073297208992444,0.0069497563214371,0.0005603304608226,0.0033760236975083
2023-08-07,29088.43,29276.78,28701.03,29211.06,30966.87746,0.0042161107409752,1830.28,1847.0,1802.0,1829.1,224092.9059,-0.0006447100990012,23.12,3303008.9,-0.0034482758620688,242.1,302098.545,-0.0045230263157894,15,0.1771948071817556,0.7806148370107014,0.3268349247674146,0.149640117585659,0.5235249755283197,4.0,9.0,2.0,1.4,0.2666666666666666,0.6,0.1333333333333333,0.0197100002533287,0.0246022634082335,0.0042161107409752,0.0006447100990012
2023-08-08,29211.06,30244.0,29146.45,29770.42,45700.53392,0.0191489114054743,1829.1,1876.51,1826.33,1856.3,236336.03,0.0148707014378657,24.22,4652753.86,0.0475778546712801,245.2,377607.574,0.0128046261875258,12,0.1634496086432288,0.817187728981177,0.3266501793793092,0.1632005707360803,0.510149233819296,3.0,7.0,2.0,0.9166666666666666,0.25,0.5833333333333334,0.1666666666666666,0.036867131871166,0.0270322684910844,0.0191489114054743,0.0148707014378657
2023-08-09,29770.41,30160.0,29376.67,29581.99,38003.88725,-0.0063294370721003,1856.3,1871.99,1846.28,1855.35,191926.8343,-0.0005117707267144,24.38,3857674.95,0.0066061106523533,243.8,294212.606,-0.0057096247960847,8,0.3574830722063779,0.7653594091534615,0.3902018088847398,0.0327187366783618,0.5770794441923499,3.0,5.0,0.0,1.375,0.375,0.625,0.0,0.0264799629774738,0.0138572237044223,0.0063294370721003,0.0005117707267144
2023-08-10,29581.99,29738.0,29320.2,29455.75,23463.45373,-0.0042674613844437,1855.36,1865.95,1845.38,1852.47,127321.4553,-0.0015522677661895,24.62,2556841.66,0.0098441345365054,241.5,261873.92,-0.0094339622641509,17,0.2153725134866202,0.8103242165902081,0.3125657361439046,0.0971932226572842,0.5902410377474392,5.0,11.0,1.0,1.411764705882353,0.2941176470588235,0.6470588235294118,0.0588235294117647,0.014183987846176,0.0111040934536051,0.0042674613844437,0.0015522677661895
2023-08-11,29455.76,29564.52,29252.45,29426.03,20637.0443,-0.0010089710837443,1852.47,1857.26,1838.05,1848.84,113209.3103,-0.0019595459035774,24.62,2415119.74,0.0,239.7,287357.204,-0.0074534161490683,17,0.3231892860768472,0.8579617142677307,0.5132097622708363,0.1900204761939889,0.2967697686570532,8.0,6.0,3.0,0.8235294117647058,0.4705882352941176,0.3529411764705882,0.1764705882352941,0.0106052362483148,0.0103902987819389,0.0010089710837443,0.0019595459035774
2023-08-12,29426.02,29481.35,29381.56,29430.17,8971.48068,0.0001406917616817,1848.84,1854.01,1846.08,1849.93,63292.6476,0.0005895588585276,24.91,1814019.36,0.0117790414297318,240.3,114025.156,0.002503128911139,16,0.2208818774670362,0.8277316279709339,0.456290720438119,0.2354088429710827,0.3083004304207861,7.0,5.0,4.0,1.3125,0.4375,0.3125,0.25,0.0033907381438842,0.0042866486840042,0.0001406917616817,0.0005895588585276
2023-08-13,29430.18,29474.65,29272.32,29303.84,11101.70947,-0.0042925338181871,1849.94,1862.0,1834.51,1840.73,120674.1364,-0.004973161146638,24.23,2013530.94,-0.0272982737856282,240.2,132878.878,-0.0004161464835623,10,0.1461454416625201,0.8642355084419251,0.3180927576497196,0.1719473159871995,0.5099599367007613,3.0,6.0,1.0,1.3,0.3,0.6,0.1,0.0069045558534308,0.0149342923731345,0.0042925338181871,0.004973161146638
2023-08-14,29303.85,29695.32,29102.45,29430.93,31443.11532,0.0043369742668537,1840.73,1856.5,1835.0,1845.5,150196.1203,0.0025913632091616,25.18,2935003.9,0.0392075938918694,240.4,201261.953,0.0008326394671107,15,0.2365089273701111,0.8352042396863302,0.3997010088215271,0.1631920814514159,0.4371069102237622,5.0,8.0,2.0,1.4666666666666666,0.3333333333333333,0.5333333333333333,0.1333333333333333,0.020144453471229,0.0116499593606068,0.0043369742668537,0.0025913632091616
2023-08-15,29430.92,29499.26,29059.6,29200.0,27503.87691,-0.0078465070590701,1845.5,1847.36,1814.0,1828.98,186081.6989,-0.0089515036575453,23.9,3856498.57,-0.0508339952343129,236.7,397828.347,-0.0153910149750416,14,0.2474459734346185,0.8145748163972583,0.4105687501973339,0.1631227767627154,0.4263084887393883,6.0,6.0,2.0,1.0,0.4285714285714285,0.4285714285714285,0.1428571428571428,0.0150568493150684,0.0182396745727126,0.0078465070590701,0.0089515036575453
2023-08-16,29200.01,29259.85,28723.08,28730.51,32996.69854,-0.0160784246575342,1828.98,1831.52,1798.17,1807.81,205430.7368,-0.0115747575151177,22.82,4333224.4,-0.0451882845188283,232.0,427014.475,-0.0198563582594,20,-0.0504586036084219,0.8483071774244308,0.2890463699121027,0.3395049735205248,0.3714486399665474,6.0,7.0,7.0,0.9,0.3,0.35,0.35,0.0186829262689731,0.0184477351049058,0.0160784246575342,0.0115747575151177
2023-08-17,28730.51,28783.48,25166.0,26623.41,100271.54033,-0.0733401530289576,1807.81,1809.99,1550.0,1681.49,812138.2159,-0.0698745996537246,21.66,6294552.09,-0.0508326029798422,218.1,1023773.861,-0.0599137931034483,10,-0.1562538605649024,0.8112011432647706,0.2344152773730456,0.3906691379379481,0.3749155849218368,2.0,3.0,5.0,0.7,0.2,0.3,0.5,0.1358759077067888,0.1546188202130253,0.0733401530289576,0.0698745996537246
2023-08-18,26623.41,26832.6,25619.0,26054.0,69790.65711,-0.0213875683092436,1681.49,1699.4,1641.02,1661.59,538083.1018,-0.0118347418063741,21.34,3890112.81,-0.0147737765466297,216.1,674545.267,-0.0091701054562127,9,-0.3272809549752209,0.8305325110753378,0.095083323928217,0.4223642789034379,0.4825523790592949,0.0,5.0,4.0,1.0,0.0,0.5555555555555556,0.4444444444444444,0.0465801796269286,0.0351350212748031,0.0213875683092436,0.0118347418063741
2023-08-19,26054.0,26281.0,25801.09,26100.01,26160.75343,0.0017659476471942,1661.6,1696.72,1654.31,1669.67,231919.0485,0.004862812125735,21.9,1694233.32,0.0262417994376755,216.8,323294.673,0.0032392410920871,6,-0.1263660291830698,0.7520305116971334,0.2624228183800975,0.3887888475631674,0.3487883446117242,1.0,3.0,2.0,1.0,0.1666666666666666,0.5,0.3333333333333333,0.0183873492768776,0.0254002287877245,0.0017659476471942,0.004862812125735
2023-08-20,26100.01,26299.0,25971.05,26189.99,19056.91209,0.0034475082576597,1669.68,1694.75,1662.03,1685.24,195623.5263,0.0093251959968136,21.77,1053613.37,-0.0059360730593607,216.5,190457.433,-0.0013837638376383,6,0.1477773049846291,0.812025581796964,0.3910637389247616,0.2432864339401324,0.3656498215471704,2.0,3.0,1.0,1.0,0.3333333333333333,0.5,0.1666666666666666,0.0125219597258342,0.0194156321948209,0.0034475082576597,0.0093251959968136
2023-08-21,26190.0,26258.42,25812.0,26126.92,30267.24233,-0.0024081719771562,1685.23,1688.59,1649.4,1667.55,250835.1518,-0.010497021195794,21.2,2646392.48,-0.026182820395039,210.4,782096.622,-0.0281755196304849,10,-0.0742495574988425,0.8435331225395203,0.2852048581466078,0.3594544156454503,0.3553407378494739,2.0,4.0,4.0,1.1,0.2,0.4,0.4,0.0170865911481337,0.0235015441815836,0.0024081719771562,0.010497021195794
2023-08-22,26126.92,26139.42,25300.0,26056.0,34247.06688,-0.0027144416563451,1667.56,1669.38,1580.0,1634.99,402012.045,-0.0195256514047554,20.59,3635900.71,-0.0287735849056604,210.9,875925.591,0.0023764258555132,8,0.0281171750975772,0.8298257514834404,0.3208443762268871,0.2927272011293098,0.3864284567534923,2.0,4.0,2.0,0.75,0.25,0.5,0.25,0.0322159963156278,0.054667001021413,0.0027144416563451,0.0195256514047554
2023-08-23,26055.99,26819.27,25812.82,26432.72,44023.69978,0.0144580902671169,1635.0,1702.11,1629.05,1679.61,374761.1088,0.0272906867931912,21.74,3704350.5,0.0558523555123846,216.6,646096.521,0.0270270270270269,9,-0.0037581404257151,0.7850524584452311,0.290959080784685,0.2947172212104003,0.4143237219088607,3.0,4.0,2.0,0.8888888888888888,0.3333333333333333,0.4444444444444444,0.2222222222222222,0.0380759150023153,0.0434981930329064,0.0144580902671169,0.0272906867931912
2023-08-24,26432.71,26577.87,25864.0,26180.05,30205.22116,-0.009558985984038,1679.61,1683.37,1635.28,1661.16,231539.7805,-0.0109846928751315,21.06,2719332.54,-0.031278748850046,219.0,368866.011,0.0110803324099724,7,0.0060806511901318,0.83963372026171,0.3315324024962527,0.3254517513061208,0.3430158243115458,2.0,3.0,2.0,1.2857142857142858,0.2857142857142857,0.4285714285714285,0.2857142857142857,0.0272677095727471,0.0289496496424185,0.009558985984038,0.0109846928751315
2023-08-25,26180.05,26314.05,25777.15,26060.01,27753.33772,-0.0045851707693453,1661.16,1677.22,1635.51,1653.8,236261.6898,-0.0044306388306967,20.42,2321828.3,-0.0303893637226969,218.4,380692.105,-0.0027397260273972,6,0.1027658740058541,0.819270114103953,0.4133584884305795,0.3105926144247253,0.2760488918672005,3.0,1.0,2.0,0.3333333333333333,0.5,0.1666666666666666,0.3333333333333333,0.0206024479652923,0.0252207038335953,0.0045851707693453,0.0044306388306967
2023-08-26,26060.0,26125.77,25985.92,26017.37,10022.22322,-0.001636223470367,1653.79,1655.59,1644.0,1647.04,79175.425,-0.0040875559317934,20.29,743690.27,-0.0063663075416259,216.5,146835.271,-0.0086996336996337,6,0.0667281465915342,0.8891363243261973,0.2404363138290742,0.17370816723754,0.5858555311957995,1.0,4.0,1.0,0.6666666666666666,0.1666666666666666,0.6666666666666666,0.1666666666666666,0.0053752550699783,0.0070368661356129,0.001636223470367,0.0040875559317934
2023-08-27,26017.38,26182.23,25966.11,26101.77,12099.64216,0.0032439866135585,1647.03,1660.24,1646.32,1658.33,87789.9196,0.0068547211968137,20.79,1103526.81,0.0246426811237061,218.4,186853.184,0.0087759815242494,6,0.3129456842628618,0.8963760038216909,0.4732321724295615,0.1602864881666997,0.366481343905131,3.0,2.0,1.0,1.0,0.5,0.3333333333333333,0.1666666666666666,0.0082798982597731,0.0083939867215813,0.0032439866135585,0.0068547211968137
2023-08-28,26101.78,26253.99,25864.5,26120.0,22692.62655,0.0006984200688304,1658.33,1664.34,1621.75,1653.08,214351.0143,-0.0031658355092171,20.56,1622343.78,-0.0110630110630111,218.8,310319.442,0.0018315018315018,4,0.355204158113338,0.8157222270965576,0.5937358532100916,0.2385316950967534,0.1677324706688522,3.0,0.0,1.0,1.0,0.75,0.0,0.25,0.0149115620214395,0.025764028359184,0.0006984200688304,0.0031658355092171
2023-08-29,26120.0,28142.85,25922.0,27716.34,74251.99488,0.0611156202143952,1653.08,1745.84,1640.0,1729.42,494371.0823,0.0461804631354805,21.79,5271801.95,0.0598249027237354,226.9,666199.649,0.0370201096892137,5,0.1992625122889876,0.8832329034805297,0.2328271605074405,0.0335646482184528,0.7336082085967064,1.0,4.0,0.0,0.8,0.2,0.8,0.0,0.0801278235149373,0.0611997085728162,0.0611156202143952,0.0461804631354805
2023-08-30,27716.34,27768.57,27017.24,27299.99,35448.25848,-0.0150218246709341,1729.41,1730.93,1694.34,1705.23,202841.4402,-0.0139873483595657,20.82,2462706.77,-0.0445158329508948,223.8,305094.438,-0.013662406346408,5,0.0442431015893816,0.7376698613166809,0.3550854481756687,0.3108423465862869,0.3340722095221281,2.0,2.0,1.0,0.8,0.4,0.4,0.2,0.0275212555022913,0.0214575159949098,0.0150218246709341,0.0139873483595657
2023-08-31,27299.99,27587.51,25655.01,25940.78,51032.80401,-0.0497879303252493,1705.23,1729.0,1630.0,1645.76,330518.2668,-0.0348750608422324,19.74,3342646.88,-0.0518731988472623,216.7,452017.913,-0.0317247542448615,8,0.0171117924619466,0.7149644121527672,0.2153237566817551,0.1982119642198085,0.5864642672240734,2.0,4.0,2.0,1.125,0.25,0.5,0.25,0.0744966034174762,0.0601545790394711,0.0497879303252493,0.0348750608422324
2023-09-01,25940.77,26156.0,25333.75,25805.05,41032.15056,-0.0052323021898339,1645.77,1654.53,1602.33,1629.12,302406.1686,-0.0101108302547151,19.33,2517375.38,-0.0207700101317123,213.7,461833.238,-0.0138440239963082,7,0.1116589867909039,0.8286310008593968,0.2653281116592033,0.1536691248682992,0.5810027617428984,2.0,4.0,1.0,1.4285714285714286,0.2857142857142857,0.5714285714285714,0.1428571428571428,0.0318639181090523,0.0320418385385975,0.0052323021898339,0.0101108302547151
2023-09-02,25805.04,25987.5,25752.47,25869.51,16250.77698,0.0024979606704889,1629.13,1645.0,1628.03,1637.03,102145.9476,0.0048553820467491,19.5,1419243.59,0.0087946197620281,214.4,207729.726,0.0032756200280767,7,-0.011842476736222,0.7484318103109088,0.2298839233283485,0.2417264000645705,0.5283896571823529,2.0,3.0,2.0,0.8571428571428571,0.2857142857142857,0.4285714285714285,0.2857142857142857,0.0090852126692774,0.0103663341539251,0.0024979606704889,0.0048553820467491
2023-09-03,25869.52,26135.0,25800.0,25971.21,17474.47667,0.0039312688953134,1637.02,1647.5,1625.14,1635.84,116767.2862,-0.0007269262017189,19.57,1032117.62,0.0035897435897436,214.4,168458.242,0.0,7,0.3008932690801365,0.7926153455461774,0.5295604318380356,0.228667162757899,0.2417723781296184,4.0,1.0,2.0,1.1428571428571428,0.5714285714285714,0.1428571428571428,0.2857142857142857,0.0128988984340737,0.0136688184663536,0.0039312688953134,0.0007269262017189
2023-09-04,25971.21,26108.02,25631.21,25826.02,21777.59609,-0.0055904210855018,1635.84,1644.82,1616.32,1630.51,168010.9056,-0.0032582648669796,19.52,2206040.45,-0.0025549310168625,215.2,305315.445,0.0037313432835819,10,0.0237781197298318,0.7841438770294189,0.2231920946389436,0.1994139749091118,0.577393913269043,2.0,6.0,2.0,1.1,0.2,0.6,0.2,0.0184623879327903,0.017479193626534,0.0055904210855018,0.0032582648669796
2023-09-05,25826.03,25915.49,25562.62,25792.1,21323.39337,-0.0013134040785224,1630.52,1648.02,1609.69,1634.45,204365.4907,0.0024164218557383,20.26,4197171.75,0.0379098360655738,214.6,242764.079,-0.0027881040892192,14,0.4959223578750555,0.874638272183282,0.596025676233694,0.1001033183586384,0.3038710168163691,9.0,4.0,1.0,0.3571428571428571,0.6428571428571429,0.2857142857142857,0.0714285714285714,0.0136813210246549,0.0234513138976413,0.0013134040785224,0.0024164218557383
2023-09-06,25792.11,26040.0,25372.51,25759.95,27262.52386,-0.0012465057129895,1634.46,1670.0,1609.2,1633.15,219541.0193,-0.0007953745908408,19.64,3429947.48,-0.0306021717670287,215.2,300823.424,0.0027958993476233,7,0.2339502956186022,0.7894125751086644,0.4218336434236595,0.1878833478050572,0.3902830284621034,3.0,2.0,2.0,0.4285714285714285,0.4285714285714285,0.2857142857142857,0.2857142857142857,0.0259119291768812,0.0372286685240179,0.0012465057129895,0.0007953745908408
2023-09-07,25759.95,26443.14,25615.38,26255.0,27687.49567,0.0192178168047685,1633.15,1660.0,1623.4,1648.11,228558.2782,0.0091602118605147,19.92,2375627.15,0.0142566191446029,217.1,247735.496,0.0088289962825278,11,-0.0393617441031066,0.8833733201026917,0.2983218497512015,0.3376835938543081,0.3639945474199273,3.0,4.0,4.0,1.4545454545454546,0.2727272727272727,0.3636363636363636,0.3636363636363636,0.0315277090078079,0.0222072555836685,0.0192178168047685,0.0091602118605147
2023-09-08,26255.0,26445.5,25647.26,25910.5,28999.76471,-0.0131213102266235,1648.11,1658.93,1616.21,1636.44,221570.0458,-0.0070808380508581,19.61,1972054.86,-0.015562248995984,214.7,235244.296,-0.011054813450023,11,-0.0076474221846596,0.8146687258373607,0.3503180119124325,0.3579654340970922,0.2917165681719779,4.0,3.0,4.0,1.3636363636363635,0.3636363636363636,0.2727272727272727,0.3636363636363636,0.0308075876575134,0.0261054484124074,0.0131213102266235,0.0070808380508581
2023-09-09,25910.5,25945.09,25796.64,25901.61,10980.62277,-0.0003431041469674,1636.43,1637.52,1629.74,1635.54,58519.6229,-0.000549974334531,19.44,646379.52,-0.0086690464048954,214.1,94752.246,-0.0027945971122496,4,0.1433130442164838,0.8643738925457001,0.4790181263815611,0.3357050821650773,0.1852767597883939,2.0,1.0,1.0,1.0,0.5,0.25,0.25,0.005731303961414,0.0047568387199334,0.0003431041469674,0.000549974334531
2023-09-10,25901.6,26033.66,25570.57,25841.61,18738.26914,-0.0023164583205445,1635.53,1635.7,1600.0,1617.42,207957.8428,-0.0110789097178912,18.24,5630975.71,-0.0617283950617285,212.4,281482.379,-0.0079402148528724,3,0.2768267644569277,0.764961322148641,0.4412903847793738,0.164463620322446,0.3942459598183632,1.0,1.0,1.0,0.3333333333333333,0.3333333333333333,0.3333333333333333,0.3333333333333333,0.0179203230758455,0.0220721890418073,0.0023164583205445,0.0110789097178912
2023-09-11,25841.6,25900.69,24901.0,25162.52,41682.32,-0.0262789354068883,1617.42,1619.0,1531.01,1551.85,417424.8189,-0.0405398721420534,17.72,4755172.77,-0.0285087719298245,206.1,580093.123,-0.0296610169491525,12,-0.1630402876374622,0.8650022397438685,0.143088817053164,0.3061291046906262,0.5507820734443764,1.0,7.0,4.0,0.8333333333333334,0.0833333333333333,0.5833333333333334,0.3333333333333333,0.0397293275872209,0.0567000676611786,0.0262789354068883,0.0405398721420534
2023-09-12,25162.53,26567.0,25131.48,25840.1,56434.38537,0.0269281455116576,1551.84,1626.0,1549.67,1592.97,329739.9685,0.0264974063214873,17.92,4818249.11,0.0112866817155756,210.7,523734.999,0.022319262493935,8,0.2275356773752719,0.7863808237016201,0.4144399306969716,0.1869042533216997,0.3986558364704251,3.0,3.0,2.0,0.75,0.375,0.375,0.25,0.0555539645744405,0.0479167843713314,0.0269281455116576,0.0264974063214873
2023-09-13,25840.1,26405.22,25764.17,26222.0,31610.82753,0.0147793545690613,1592.97,1619.3,1581.88,1607.62,223409.2889,0.0091966578152757,18.4,4063710.36,0.0267857142857141,212.5,301454.875,0.0085429520645468,9,0.1333356984477076,0.81006744172838,0.3480690380351411,0.2147333395874334,0.4371976154959864,3.0,4.0,2.0,1.3333333333333333,0.3333333333333333,0.4444444444444444,0.2222222222222222,0.024447029212112,0.0232766449782907,0.0147793545690613,0.0091966578152757
2023-09-14,26222.0,26860.49,26126.77,26522.73,38333.1725,0.0114686141407978,1607.61,1644.29,1607.05,1626.47,275301.1505,0.0117254077456117,18.85,4397747.38,0.0244565217391306,212.2,354022.553,-0.0014117647058824,8,0.1300654967199079,0.7632134333252907,0.2825404460309073,0.1524749493109993,0.5649846158921719,2.0,5.0,1.0,1.125,0.25,0.625,0.125,0.0276638189206013,0.0228962108123728,0.0114686141407978,0.0117254077456117
2023-09-15,26522.73,26888.0,26224.0,26600.0,26227.29369,0.0029133501717206,1626.48,1654.08,1611.42,1641.29,181340.024,0.0091117573641075,19.14,2087888.26,0.0153846153846153,214.1,312856.997,0.0089538171536287,8,0.1112250618170946,0.7604465335607529,0.2831608306150883,0.1719357687979936,0.5449034068733454,2.0,5.0,1.0,1.25,0.25,0.625,0.125,0.0249624060150375,0.0259917503914602,0.0029133501717206,0.0091117573641075
2023-09-16,26599.99,26777.0,26445.0,26559.67,13960.93351,-0.0015161654135339,1641.3,1653.17,1631.31,1634.4,99555.4671,-0.004197917491729,19.12,1416418.73,-0.0010449320794148,214.9,288697.085,0.0037365716954693,3,-0.2628315382947524,0.744042694568634,0.2245685067027807,0.4874000449975331,0.2880314663052558,1.0,1.0,1.0,1.3333333333333333,0.3333333333333333,0.3333333333333333,0.3333333333333333,0.0125001553106646,0.0133749388154675,0.0015161654135339,0.004197917491729
2023-09-17,26559.67,26623.25,26399.0,26527.51,12998.10277,-0.0012108584180451,1634.4,1635.0,1612.0,1622.48,120227.4117,-0.0072931962799804,18.81,1073239.72,-0.016213389121339,216.5,333002.468,0.0074453234062354,4,0.3274007369764149,0.8151020407676697,0.3614998864941299,0.0340991495177149,0.6044009737670422,1.0,3.0,0.0,1.5,0.25,0.75,0.0,0.0084534884729098,0.0141758295942014,0.0012108584180451,0.0072931962799804
2023-09-18,26527.5,27409.0,26377.35,26762.51,43000.43256,0.0088587281655911,1622.48,1669.5,1603.88,1636.66,279041.6978,0.0087397071150339,19.64,3731851.86,0.0441254651780969,216.0,600156.61,-0.0023094688221708,6,0.1965782673408587,0.8904672761758169,0.3824066699792941,0.1858284026384353,0.4317649115497867,2.0,3.0,1.0,1.5,0.3333333333333333,0.5,0.1666666666666666,0.0385483274924512,0.0400938496694486,0.0088587281655911,0.0087397071150339
2023-09-19,26762.5,27483.57,26667.79,27210.26,36190.52187,0.0167304935149954,1636.66,1661.04,1626.32,1643.12,184282.4258,0.0039470629208264,20.03,3110481.29,0.0198574338085539,217.2,347261.748,0.0055555555555555,6,-0.2259588359544674,0.8452980220317841,0.0664731630434592,0.2924319989979267,0.6410948584477106,0.0,4.0,2.0,1.5,0.0,0.6666666666666666,0.3333333333333333,0.0299806029049336,0.0211305321583329,0.0167304935149954,0.0039470629208264
2023-09-20,27210.25,27388.63,26800.0,27125.0,34207.21867,-0.0031333768953327,1643.13,1649.34,1604.51,1622.26,232844.2347,-0.0126953600467403,20.29,2588399.2,0.0129805292061906,214.4,368825.746,-0.012891344383057,7,0.1497236358534012,0.803394751889365,0.1869000318859304,0.0371763960325291,0.7759235543864114,1.0,6.0,0.0,0.8571428571428571,0.1428571428571428,0.8571428571428571,0.0,0.0217006451612903,0.0276342879686363,0.0031333768953327,0.0126953600467403
2023-09-21,27125.01,27159.6,26377.7,26568.08,34476.82662,-0.0205316129032256,1622.27,1625.3,1567.77,1583.94,240627.544,-0.0236213677215735,19.46,2959370.24,-0.0409068506653522,210.8,412312.209,-0.0167910447761193,7,0.3328940945544413,0.7579581907817295,0.4410456791520118,0.1081515845975704,0.4508027476923806,2.0,4.0,1.0,1.2857142857142858,0.2857142857142857,0.5714285714285714,0.1428571428571428,0.0294300529055918,0.0363208202330896,0.0205316129032256,0.0236213677215735
2023-09-22,26568.08,26743.38,26468.77,26580.14,18198.2292,0.0004539281724533,1583.94,1602.68,1576.58,1593.08,124886.091,0.0057704205967397,19.43,1857771.33,-0.0015416238437822,211.1,237677.235,0.0014231499051231,7,0.1135429108648427,0.8049495390483311,0.2376444129539387,0.1241015020890959,0.6382540570838111,1.0,5.0,1.0,1.4285714285714286,0.1428571428571428,0.7142857142857143,0.1428571428571428,0.0103313978030213,0.0163833580234515,0.0004539281724533,0.0057704205967397
2023-09-23,26580.14,26632.81,26509.0,26575.96,9440.7026,-0.0001572602702619,1593.07,1598.24,1587.45,1593.86,64537.1341,0.0004896175961031,19.49,897913.0,0.0030880082346884,210.5,117618.21,-0.0028422548555187,3,-0.2364085568115115,0.8261797626813253,0.122685539536178,0.3590940963476896,0.5182203849156698,0.0,2.0,1.0,1.0,0.0,0.6666666666666666,0.3333333333333333,0.0046587216416641,0.0067697288344019,0.0001572602702619,0.0004896175961031
2023-09-24,26575.97,26738.54,26122.08,26248.38,15706.65771,-0.0123261774927414,1593.85,1601.12,1570.01,1580.71,137517.8533,-0.0082504109520282,19.36,1091026.97,-0.0066700872242174,208.3,185179.502,-0.0104513064133016,6,-0.1417574896477162,0.9044550855954488,0.2045553284697234,0.3463128181174397,0.4491318513949712,1.0,3.0,2.0,0.3333333333333333,0.1666666666666666,0.5,0.3333333333333333,0.0234856398756799,0.0196810294108343,0.0123261774927414,0.0082504109520282
2023-09-25,26248.39,26446.15,25990.46,26304.81,26266.2039,0.002149846961984,1580.71,1597.5,1563.01,1588.33,176706.9277,0.0048206185827885,19.39,1702995.14,0.0015495867768595,209.9,272401.465,0.0076812289966394,7,-0.5549211170790451,0.848999696118491,0.1618334458076527,0.7167545628866979,0.1214120239019393,1.0,0.0,6.0,0.5714285714285714,0.1428571428571428,0.0,0.8571428571428571,0.0173234476888448,0.0217146310905164,0.002149846961984,0.0048206185827885
2023-09-26,26304.8,26397.46,26088.34,26221.67,18495.35066,-0.0031606386816709,1588.34,1599.78,1580.05,1594.01,125583.0161,0.0035760830557882,19.03,1977195.6,-0.0185662712738524,212.6,280709.589,0.0128632682229632,9,0.1240703793656494,0.7995873689651489,0.2635341219397054,0.1394637425740559,0.5970021378662851,2.0,6.0,1.0,1.5555555555555556,0.2222222222222222,0.6666666666666666,0.1111111111111111,0.0117887228387817,0.0123775885973111,0.0031606386816709,0.0035760830557882
2023-09-27,26221.68,26850.0,26112.06,26372.99,34771.57978,0.0057707994952267,1594.02,1634.1,1583.5,1598.64,274404.4328,0.0029046241867993,19.14,2446438.2,0.0057803468208093,212.0,409367.397,-0.0028222013170272,6,0.0374337866281469,0.7313089966773987,0.2587897637858986,0.2213559771577516,0.5198542376359304,1.0,4.0,1.0,1.3333333333333333,0.1666666666666666,0.6666666666666666,0.1666666666666666,0.0279809001558032,0.0316519041185006,0.0057707994952267,0.0029046241867993
2023-09-28,26373.0,27308.48,26342.4,27021.39,44517.83491,0.0245857599005647,1598.63,1668.21,1598.14,1652.99,331409.7015,0.0339976480008006,19.96,2804835.46,0.0428422152560084,215.0,394085.543,0.0141509433962263,8,0.0461665743496269,0.7690749764442444,0.2647674018517136,0.2186008275020867,0.5166317643597722,2.0,4.0,2.0,1.625,0.25,0.5,0.25,0.0357524168815889,0.0423898511182765,0.0245857599005647,0.0339976480008006
2023-09-29,27021.39,27244.89,26665.16,26906.96,28478.76219,-0.0042347932508283,1653.0,1688.0,1648.37,1667.45,251975.6728,0.0087477843181145,20.28,2724984.42,0.0160320641282565,215.2,371923.961,0.0009302325581395,13,0.1412693881787932,0.7291490252201374,0.302322912388123,0.1610535242093296,0.5366235742202172,4.0,6.0,3.0,1.5384615384615383,0.3076923076923077,0.4615384615384615,0.2307692307692307,0.021545726458879,0.0237668295900927,0.0042347932508283,0.0087477843181145
2023-09-30,26906.96,27094.99,26886.31,26962.56,12804.62307,0.0020663798511613,1667.45,1694.32,1666.19,1670.89,136924.9141,0.0020630303757234,21.37,3565357.52,0.0537475345167652,214.6,179075.156,-0.0027881040892192,8,-0.0242071752436459,0.8316388800740242,0.260035186773166,0.2842423620168119,0.4557224563322961,2.0,3.0,3.0,0.75,0.25,0.375,0.375,0.007739621163569,0.0168353392503395,0.0020663798511613,0.0020630303757234
2023-10-01,26962.57,28065.51,26954.09,27992.57,24602.81468,0.0382014912530559,1670.89,1751.0,1668.0,1733.79,225611.5868,0.0376446085619039,23.87,6416328.5,0.1169864295741693,218.2,415044.578,0.0167753960857408,9,0.2931292211740381,0.7858784165647295,0.3706217567539877,0.0774925355799495,0.5518857337948349,4.0,4.0,1.0,1.3333333333333333,0.4444444444444444,0.4444444444444444,0.1111111111111111,0.0397041071970168,0.0478720029530681,0.0382014912530559,0.0376446085619039
2023-10-02,27992.58,28580.0,27281.44,27494.51,57071.14241,-0.0177925785306601,1733.8,1744.0,1636.79,1662.4,378575.6898,-0.0411756902508376,23.37,6313085.51,-0.0209467951403434,214.6,565949.136,-0.0164986251145737,15,0.4534973194201787,0.815093316634496,0.5563022011270126,0.1028048817068338,0.3408929324398437,9.0,4.0,2.0,1.0666666666666669,0.6,0.2666666666666666,0.1333333333333333,0.0472297924203777,0.0644910972088546,0.0177925785306601,0.0411756902508376
2023-10-03,27494.51,27676.52,27160.5,27426.46,28928.96555,-0.0024750395624435,1662.41,1670.65,1643.0,1656.88,198287.1164,-0.0033205004812318,23.6,5894722.26,0.009841677364142,213.5,294511.083,-0.005125815470643,16,-0.0155436894274316,0.7972554545849562,0.2974493028596043,0.312992992287036,0.3895577244693413,4.0,7.0,5.0,1.25,0.25,0.4375,0.3125,0.0188146775048621,0.0166879918883685,0.0024750395624435,0.0033205004812318
2023-10-04,27426.45,27839.72,27202.0,27778.57,29816.142,0.0128383320341014,1656.88,1657.66,1625.0,1646.58,222861.7167,-0.0062165033074212,23.13,3945261.33,-0.0199152542372882,213.4,328882.49,-0.0004683840749414,20,0.1205710342619567,0.8107798218727111,0.3541355047840624,0.2335644705221056,0.412300024414435,8.0,8.0,4.0,1.0,0.4,0.4,0.2,0.0229572652587948,0.0198350520472737,0.0128383320341014,0.0062165033074212
2023-10-05,27778.57,28120.39,27352.0,27410.39,30681.49619,-0.0132541019930111,1646.58,1655.47,1606.73,1611.79,237378.7449,-0.0211286423981829,22.7,3287722.78,-0.0185905750108084,210.6,259374.039,-0.0131208997188378,8,-0.0986280010547488,0.795359943062067,0.3029219033196568,0.4015499043744057,0.2955282037146389,2.0,3.0,3.0,1.25,0.25,0.375,0.375,0.0280328007007561,0.0302396714212149,0.0132541019930111,0.0211286423981829
2023-10-06,27410.39,28295.0,27175.94,27931.09,37983.24277,0.0189964462380871,1611.79,1662.0,1611.68,1645.03,220507.9286,0.0206230340180793,23.41,4366362.12,0.0312775330396475,213.4,258866.553,0.01329534662868,7,0.1150361535006335,0.6487671903201512,0.300024096720985,0.1849879432203514,0.5149879647152764,2.0,3.0,2.0,1.5714285714285714,0.2857142857142857,0.4285714285714285,0.2857142857142857,0.0400650314756782,0.0305891077974261,0.0189964462380871,0.0206230340180793
2023-10-07,27931.1,28029.67,27842.08,27956.67,13348.83825,0.0009158253401495,1645.03,1647.71,1630.03,1633.57,101241.5732,-0.006966438302037,23.3,2949841.72,-0.0046988466467321,212.3,125590.792,-0.0051546391752577,13,0.1912802515121606,0.7344513489649847,0.3436298983601423,0.1523496468479816,0.5040204567978015,5.0,6.0,2.0,0.8461538461538461,0.3846153846153846,0.4615384615384615,0.1538461538461538,0.0067100266233423,0.0108229215766695,0.0009158253401495,0.006966438302037
2023-10-08,27956.67,28095.14,27687.5,27917.05,19693.56921,-0.001417193106332,1633.56,1641.4,1616.17,1632.84,149424.6635,-0.000446874024376,23.22,1934466.13,-0.0034334763948498,211.4,225258.305,-0.0042392840320302,4,0.003717467887327,0.79963119328022,0.1020431220531463,0.0983256541658192,0.79963119328022,0.0,4.0,0.0,1.25,0.0,1.0,0.0,0.0146018293480149,0.0154516057911369,0.001417193106332,0.000446874024376
2023-10-09,27917.06,27987.93,27260.0,27590.12,31534.74639,-0.0117107645686059,1632.85,1636.0,1546.0,1580.13,340141.0988,-0.0322811788050266,22.1,4186290.48,-0.0482342807924202,205.8,572318.205,-0.0264900662251655,13,-0.0189585763817796,0.7877200383406419,0.3268022618901271,0.3457608382719067,0.3274368966141572,4.0,4.0,5.0,1.0769230769230769,0.3076923076923077,0.3076923076923077,0.3846153846153846,0.0263837199693223,0.0569573389531241,0.0117107645686059,0.0322811788050266
2023-10-10,27590.12,27735.0,27298.0,27390.12,22776.84383,-0.0072489717333595,1580.13,1594.9,1550.55,1567.63,240659.3287,-0.0079107415212672,22.11,2334716.24,0.0004524886877828,208.6,577725.014,0.0136054421768707,10,0.1400779989548027,0.81899995803833,0.4455996017903089,0.3055216028355062,0.2488787798210978,5.0,2.0,3.0,0.6,0.5,0.2,0.3,0.0159546581029948,0.0282911146125043,0.0072489717333595,0.0079107415212672
2023-10-11,27390.12,27477.39,26538.66,26875.52,37349.44706,-0.0187877964755174,1567.62,1578.43,1544.26,1566.87,260253.9671,-0.0004848082774635,22.01,2734211.94,-0.0045228403437357,206.6,397200.817,-0.0095877277085331,9,0.1554212218357457,0.8055041763517592,0.3879875962932904,0.2325663744575447,0.3794460023442904,4.0,3.0,2.0,1.0,0.4444444444444444,0.3333333333333333,0.2222222222222222,0.0349288125401852,0.0218078079228015,0.0187877964755174,0.0004848082774635
2023-10-12,26875.52,26947.04,26555.0,26759.63,23428.64112,-0.0043121026123401,1566.86,1568.56,1521.0,1539.61,237221.4977,-0.0173977419951878,21.28,2921129.02,-0.0331667423898228,205.1,355516.958,-0.0072604065827686,12,-0.1054397301049903,0.8659657140572866,0.2562392602364221,0.3616789903414125,0.3820817292047043,3.0,5.0,4.0,0.8333333333333334,0.25,0.4166666666666667,0.3333333333333333,0.0146504267809383,0.0308909399133546,0.0043121026123401,0.0173977419951878
2023-10-13,26759.63,27130.0,26685.0,26862.0,24115.76499,0.0038255386939205,1539.61,1575.36,1537.76,1552.16,192205.8736,0.008151414968726,21.84,2403623.09,0.026315789473684,206.1,331300.92,0.0048756704046806,11,0.0396210098300467,0.811556420542977,0.3261671335521069,0.2865461237220601,0.3872867351905866,4.0,4.0,3.0,1.181818181818182,0.3636363636363636,0.3636363636363636,0.2727272727272727,0.0165661529297892,0.0242243067724976,0.0038255386939205,0.008151414968726
2023-10-14,26862.0,26989.58,26789.0,26852.48,10417.25576,-0.0003544039907676,1552.16,1561.72,1544.55,1554.94,100314.6754,0.0017910524688176,22.0,1303774.54,0.0073260073260073,206.5,142741.132,0.0019408054342553,11,-0.285057167861272,0.7791017673232339,0.123996117575602,0.4090532854368741,0.4669505953788757,0.0,6.0,5.0,1.0,0.0,0.5454545454545454,0.4545454545454545,0.0074697011225779,0.0110422267097123,0.0003544039907676,0.0017910524688176
2023-10-15,26852.48,27293.33,26808.25,27154.15,15274.6917,0.0112343440903783,1554.94,1567.62,1547.44,1557.77,120311.2738,0.0018200059166268,21.93,1455965.78,-0.0031818181818181,209.7,365630.554,0.0154963680387407,7,-0.4973637625308973,0.7653642211641584,0.1460819879014576,0.6434457504323551,0.2104722745716571,1.0,1.0,5.0,1.0,0.1428571428571428,0.1428571428571428,0.7142857142857143,0.0178639360834348,0.0129544156069251,0.0112343440903783,0.0018200059166268
2023-10-16,27154.14,30000.0,27112.66,28500.78,78399.22445,0.0495920513070744,1557.78,1639.43,1555.06,1599.42,418510.8644,0.0267369380588919,23.95,6973642.82,0.092111263109895,214.6,773179.81,0.0233667143538387,21,0.2542964510530943,0.8415577156203133,0.3640774768289356,0.1097810257758412,0.5261415032935994,8.0,11.0,2.0,1.0476190476190477,0.3809523809523809,0.5238095238095238,0.0952380952380952,0.1013074028149405,0.0527503720098536,0.0495920513070744,0.0267369380588919
2023-10-17,28500.77,28613.65,28069.32,28395.91,38428.44532,-0.0036795484193765,1599.41,1600.53,1551.08,1565.01,234817.0699,-0.0215140488427055,23.93,4456015.31,-0.0008350730688935,211.4,372808.016,-0.0149114631873251,9,0.3660293359102474,0.8555244737201266,0.402851913538244,0.0368225776279965,0.5603254909316698,3.0,6.0,0.0,0.8888888888888888,0.3333333333333333,0.6666666666666666,0.0,0.0191693099463972,0.0315972421901457,0.0036795484193765,0.0215140488427055
2023-10-18,28395.91,28982.36,28142.87,28320.0,32162.47591,-0.0026732723128084,1565.01,1585.42,1555.88,1563.44,177750.2253,-0.0010031884780288,23.42,2982409.96,-0.0213121604680316,210.2,260942.338,-0.0056764427625355,9,0.1871600578435593,0.7751766906844245,0.4759001756707827,0.2887401178272234,0.2353597178848253,5.0,1.0,3.0,0.4444444444444444,0.5555555555555556,0.1111111111111111,0.3333333333333333,0.0296430084745763,0.0188942332292892,0.0026732723128084,0.0010031884780288
2023-10-19,28320.0,28916.89,28100.66,28713.71,35895.50179,0.0139021892655366,1563.45,1574.45,1541.61,1566.57,216217.6675,0.0020019955994472,24.93,5889168.99,0.0644748078565327,211.2,274491.489,0.0047573739295909,15,-0.0780271035929521,0.8384192665417989,0.3289435895780722,0.4069706931710243,0.2640857042123873,5.0,3.0,7.0,1.2,0.3333333333333333,0.2,0.4666666666666667,0.02842649034207,0.0209629955890896,0.0139021892655366,0.0020019955994472
2023-10-20,28713.71,30207.55,28578.29,29669.04,59422.0992,0.0332708660775638,1566.57,1630.4,1561.19,1603.89,315995.792,0.0238227465098912,27.03,7266627.01,0.0842358604091457,212.1,344927.206,0.0042613636363637,10,0.1012413792312145,0.7893773734569549,0.4028006341308354,0.301559254899621,0.2956401210278273,4.0,3.0,3.0,1.0,0.4,0.3,0.3,0.0549144832458346,0.0431513383087369,0.0332708660775638,0.0238227465098912
2023-10-21,29669.05,30379.99,29464.77,29909.8,27517.51897,0.008114856429463,1603.88,1644.53,1592.36,1628.94,176419.4092,0.015618278061463,29.32,9576358.72,0.0847206807251201,214.2,263182.512,0.0099009900990099,17,0.2731796689331531,0.8101973673876595,0.3742935562177616,0.1011138872846083,0.5245925613185939,5.0,11.0,1.0,0.3529411764705882,0.2941176470588235,0.6470588235294118,0.0588235294117647,0.0305993353349069,0.0320269623190541,0.008114856429463,0.015618278061463
2023-10-22,29909.8,30248.0,29640.0,29992.46,22852.54563,0.0027636426856749,1628.94,1667.8,1621.1,1663.7,228650.9225,0.0213390302896361,29.05,5567480.03,-0.0092087312414733,217.8,291845.069,0.0168067226890757,11,0.2468868156217716,0.8624932549216531,0.4539821823550896,0.2070953667333179,0.338922457261519,5.0,4.0,2.0,1.0909090909090908,0.4545454545454545,0.3636363636363636,0.1818181818181818,0.0202717616360912,0.0280699645368756,0.0027636426856749,0.0213390302896361
2023-10-23,29992.46,34741.91,29883.6,33069.99,93513.64246,0.1026101226774995,1663.69,1800.0,1657.07,1765.46,610931.9663,0.0611648734747851,31.88,12178546.11,0.0974182444061961,228.5,841393.165,0.0491276400367308,23,0.2834439740475753,0.8042273482550746,0.4343381035344108,0.1508941294868354,0.4147677628080482,10.0,10.0,3.0,1.0,0.4347826086956521,0.4347826086956521,0.1304347826086956,0.1469099325400462,0.0809590701573527,0.1026101226774995,0.0611648734747851
2023-10-24,33069.99,35280.0,32832.34,33922.73,115265.02418,0.025785916475935,1765.47,1854.38,1756.21,1784.98,674055.1375,0.011056608475978,30.17,11152278.09,-0.053638644918444,225.2,1011409.17,-0.0144420131291028,15,0.4217141066677868,0.782650093237559,0.5997197739779949,0.178005667310208,0.2222745299339294,11.0,2.0,2.0,1.1333333333333333,0.7333333333333333,0.1333333333333333,0.1333333333333333,0.0721539805316377,0.0549978151015698,0.025785916475935,0.011056608475978
2023-10-25,33922.73,35132.85,33679.05,34496.05,54887.02529,0.0169007624091575,1784.98,1817.69,1760.0,1787.15,354410.8294,0.0012156998957972,32.44,10582632.89,0.0752403049386807,222.1,624789.777,-0.0137655417406749,12,0.2401322328175107,0.8565586109956106,0.4655224477561812,0.2253902149386703,0.3090873419617613,5.0,4.0,3.0,0.8333333333333334,0.4166666666666667,0.3333333333333333,0.25,0.0421439556123091,0.0322804465209971,0.0169007624091575,0.0012156998957972
2023-10-26,34496.05,34824.13,33751.0,34151.66,39744.66255,-0.0099834618746204,1787.15,1865.54,1762.21,1803.38,431169.0453,0.0090814984752258,32.77,6940180.71,0.0101726263871764,223.2,726200.668,0.004952723998199,9,0.4815462255436513,0.7360408968395658,0.5922331164280573,0.110686890884406,0.2970799956884649,6.0,2.0,1.0,0.7777777777777778,0.6666666666666666,0.2222222222222222,0.1111111111111111,0.0314224842950532,0.0572979627144583,0.0099834618746204,0.0090814984752258
2023-10-27,34151.66,34245.0,33390.95,33892.02,32330.40106,-0.0076025587043209,1803.39,1803.91,1744.66,1779.4,274532.6921,-0.0132972529361532,31.73,6273331.35,-0.031736344217272,224.1,970917.489,0.0040322580645162,13,0.4609179052237708,0.8258835352384127,0.5138412874478561,0.0529233822240852,0.4332353173253628,7.0,5.0,1.0,1.3846153846153846,0.5384615384615384,0.3846153846153846,0.0769230769230769,0.0251991471738775,0.0332977408115095,0.0076025587043209,0.0132972529361532
2023-10-28,33892.01,34493.33,33860.0,34081.0,16880.13144,0.0055759438357467,1779.41,1803.23,1770.0,1776.2,122919.7382,-0.0017983589974148,31.63,2594478.41,-0.0031515915537346,225.7,347691.437,0.0071396697902721,11,0.4482468749311837,0.8613963668996637,0.4811292046850378,0.032882329753854,0.4859884557398882,5.0,6.0,0.0,1.0,0.4545454545454545,0.5454545454545454,0.0,0.0185830814823509,0.0187084787749127,0.0055759438357467,0.0017983589974148
2023-10-29,34081.01,34750.11,33930.0,34525.89,20685.52176,0.0130539010005574,1776.21,1811.3,1762.66,1795.14,144110.6508,0.0106632136020718,32.83,3483834.9,0.0379386658235851,227.1,269033.796,0.0062029242357111,12,0.3619540456372003,0.8236950586239496,0.4884789784749348,0.1265249328377345,0.3849960947409272,6.0,4.0,2.0,0.75,0.5,0.3333333333333333,0.1666666666666666,0.0237534789110432,0.0270953797475405,0.0130539010005574,0.0106632136020718
2023-10-30,34525.88,34856.0,34062.84,34474.73,33657.95976,-0.0014817865665446,1795.14,1829.84,1777.77,1809.04,277686.192,0.0077431286696301,34.94,7627255.13,0.0642704843131283,228.0,397120.276,0.0039630118890356,18,0.2840860664792772,0.7933500359455744,0.4362154950698216,0.1521294285905443,0.4116550601190991,7.0,7.0,4.0,1.2222222222222223,0.3888888888888889,0.3888888888888889,0.2222222222222222,0.0230069967190461,0.0287832220404191,0.0014817865665446,0.0077431286696301
2023-10-31,34474.74,34720.49,34025.0,34639.77,32737.89822,0.0047872746211499,1809.03,1819.41,1780.99,1814.67,258074.5796,0.0031121478795383,38.4,9267665.69,0.0990269032627362,226.2,465273.268,-0.0078947368421052,19,0.263526069637584,0.8020624392911008,0.3855396373883674,0.1220135677507833,0.4924467968705453,6.0,12.0,1.0,0.631578947368421,0.3157894736842105,0.631578947368421,0.0526315789473684,0.0200777892001014,0.021171893512319,0.0047872746211499,0.0031121478795383
2023-11-01,34639.78,35582.0,34097.39,35421.43,53473.28165,0.0225653923221778,1814.67,1857.66,1783.19,1846.99,471921.6184,0.0178104007891242,41.15,19486359.98,0.0716145833333332,227.9,578647.208,0.0075154730327144,27,0.510263622014059,0.7927059696780311,0.6236289004208865,0.1133652784068274,0.2630058275880637,18.0,7.0,2.0,0.925925925925926,0.6666666666666666,0.2592592592592592,0.074074074074074,0.0419127629799248,0.040319655222822,0.0225653923221778,0.0178104007891242
2023-11-02,35421.43,35984.99,34300.0,34941.59,48015.57732,-0.0135466015911837,1846.99,1875.0,1785.01,1800.8,368738.2193,-0.02500825667708,40.23,14743830.91,-0.0223572296476306,231.9,829216.687,0.0175515577007459,26,0.3553929295605765,0.7903354993233314,0.5135268676452912,0.1581339380847146,0.3283391850642286,14.0,8.0,4.0,1.0769230769230769,0.5384615384615384,0.3076923076923077,0.1538461538461538,0.048223048808025,0.0499722345624167,0.0135466015911837,0.02500825667708
2023-11-03,34941.58,34946.5,34120.0,34716.78,39071.20644,-0.006433880083877,1800.79,1834.58,1777.11,1832.71,315000.2678,0.0177199022656597,39.45,10290073.48,-0.0193885160328112,230.2,501371.786,-0.0073307460112117,27,0.4872268911589075,0.8334054858596237,0.5398114493323697,0.0525845581734621,0.4076039942188395,14.0,13.0,0.0,0.8518518518518519,0.5185185185185185,0.4814814814814814,0.0,0.0238069314032004,0.0313579344249772,0.006433880083877,0.0177199022656597
2023-11-04,34716.78,35255.0,34585.18,35062.07,18377.55545,0.0099459108822881,1832.7,1869.9,1824.03,1855.54,171538.0364,0.0124569626400248,42.41,7452581.71,0.0750316856780732,237.1,391480.947,0.0299739357080799,14,0.26935473942597,0.8495546536786216,0.4083853936088936,0.1390306541829236,0.4525839505451066,5.0,7.0,2.0,0.6428571428571429,0.3571428571428571,0.5,0.1428571428571428,0.0191038349989033,0.0247205665197193,0.0099459108822881,0.0124569626400248
2023-11-05,35062.06,35380.0,34448.0,35011.88,24528.73376,-0.0014314614054447,1855.54,1912.67,1846.11,1891.71,383106.7628,0.0194929777854424,41.15,4117962.39,-0.029709974062721,244.0,613299.473,0.0291016448755798,10,0.1967882764991372,0.8111543595790863,0.4339157622307539,0.2371274857316165,0.3289567500352859,5.0,3.0,2.0,1.6,0.5,0.3,0.2,0.0266195359974957,0.0351850970814766,0.0014314614054447,0.0194929777854424
2023-11-06,35011.89,35276.33,34725.9,35046.09,22346.47086,0.0009770969168179,1891.71,1914.23,1868.48,1900.95,328746.2394,0.0048844696068637,42.16,4866558.59,0.0245443499392465,255.1,844924.324,0.0454918032786884,16,0.2375445768993813,0.7683748155832291,0.4199283244088292,0.1823837475094478,0.3976879172259941,6.0,7.0,3.0,1.125,0.375,0.4375,0.1875,0.0157058890164352,0.0240669139114653,0.0009770969168179,0.0048844696068637
2023-11-07,35046.09,35888.0,34523.06,35399.12,38688.73692,0.0100733063231877,1900.95,1906.99,1850.32,1885.27,332419.4406,-0.0082485073252847,42.93,8826660.47,0.0182637571157495,246.2,865045.808,-0.0348882791062328,28,0.6929993534826541,0.849817618727684,0.7632005103597683,0.0702011568771142,0.1665983285222734,25.0,2.0,1.0,1.0357142857142858,0.8928571428571429,0.0714285714285714,0.0357142857142857,0.0385585856371571,0.0300593548934635,0.0100733063231877,0.0082485073252847
2023-11-08,35399.13,36106.0,35100.0,35624.72,33401.34137,0.0063730397817798,1885.26,1904.69,1872.51,1888.12,247881.0997,0.001511719806712,43.13,4580371.01,0.0046587467971115,246.7,500403.192,0.0020308692120227,34,0.2550603649715948,0.8020741737940732,0.442372841267463,0.1873124762958682,0.3703146850525894,15.0,13.0,6.0,1.1176470588235294,0.4411764705882353,0.3823529411764705,0.1764705882352941,0.0282388184384326,0.0170434082579497,0.0063730397817798,0.001511719806712
2023-11-09,35624.72,37972.24,35534.05,36701.09,82537.88885,0.0302141322093196,1888.11,2132.0,1882.07,2121.32,1100330.3237,0.1235090989979452,45.29,12546941.33,0.0500811500115927,251.6,1320420.474,0.0198621807863801,24,0.3554402498994022,0.837019570171833,0.5096980706633379,0.1542578207639356,0.3360441184292237,13.0,8.0,3.0,1.4583333333333333,0.5416666666666666,0.3333333333333333,0.125,0.0664337217232511,0.1178181509626082,0.0302141322093196,0.1235090989979452
2023-11-10,36701.1,37526.0,36324.71,37301.63,43414.04898,0.0163630017528089,2121.33,2136.99,2064.61,2077.72,555573.6495,-0.0205532404352009,56.67,14708555.35,0.251269595937293,251.0,814936.218,-0.0023847376788552,19,0.5165090570226312,0.8680878030626398,0.6426135767251253,0.1261045197024941,0.2312818762209069,13.0,4.0,2.0,1.4210526315789471,0.6842105263157895,0.2105263157894736,0.1052631578947368,0.03220475888051,0.0348362628265597,0.0163630017528089,0.0205532404352009
2023-11-11,37301.63,37408.26,36666.93,37130.0,22984.97235,-0.0046011394140148,2077.72,2089.6,2030.3,2053.17,370966.0372,-0.0118158365901082,56.34,13790858.3,-0.0058231868713605,251.5,738756.911,0.0019920318725099,16,0.389730891387444,0.8136318363249302,0.5317252385430038,0.1419943471555597,0.3262804052792489,9.0,5.0,2.0,0.8125,0.5625,0.3125,0.125,0.0199657958524104,0.0288821675750181,0.0046011394140148,0.0118158365901082
2023-11-12,37129.99,37222.22,36731.1,37064.13,17687.18874,-0.0017740371667116,2053.16,2066.5,2012.1,2044.68,281907.559,-0.0041350691856981,56.28,10246085.39,-0.0010649627263046,247.4,637126.209,-0.0163021868787276,19,0.5120291244238615,0.8648177353959334,0.589035672380736,0.0770065479568744,0.3339577761331671,11.0,7.0,1.0,1.4210526315789471,0.5789473684210527,0.3684210526315789,0.0526315789473684,0.0132505470922965,0.0266056302208659,0.0017740371667116,0.0041350691856981
2023-11-13,37064.13,37417.99,36333.0,36462.93,32798.18252,-0.0162205345167955,2044.69,2118.0,2028.49,2053.65,529143.5815,0.0043869945419332,51.6,11066863.24,-0.0831556503198294,241.1,953917.532,-0.0254648342764753,31,0.0757702464658406,0.77770142882101,0.3736402672985869,0.2978700208327462,0.3284897080832911,12.0,10.0,9.0,0.935483870967742,0.3870967741935484,0.3225806451612903,0.2903225806451613,0.0297559740810735,0.0435858106298541,0.0162205345167955,0.0043869945419332
2023-11-14,36462.93,36744.0,34800.0,35551.19,45503.68416,-0.0250045731377044,2053.65,2064.96,1936.6,1979.39,481909.733,-0.0361600077910062,56.81,12213778.24,0.1009689922480621,242.3,992864.124,0.0049771878888429,26,0.3248020687964387,0.8220863365210019,0.475468242361855,0.1506661735654163,0.3738655810459302,13.0,9.0,4.0,1.0384615384615383,0.5,0.3461538461538461,0.1538461538461538,0.0546817138891834,0.064848261333037,0.0250045731377044,0.0361600077910062
2023-11-15,35551.2,37980.0,35360.0,37858.2,53569.13385,0.0648926238474716,1979.4,2062.4,1967.01,2058.48,421870.8032,0.0399567543536139,65.43,12800109.28,0.1517338496743532,253.7,911316.433,0.0470491126702434,23,0.4098726486301292,0.7854909391506858,0.5453704024624565,0.1354977538323272,0.3191318345134672,13.0,6.0,4.0,1.0869565217391304,0.5652173913043478,0.2608695652173913,0.1739130434782608,0.0692056146356667,0.0463400178772687,0.0648926238474716,0.0399567543536139
2023-11-16,37858.2,37929.54,35500.0,36163.51,47490.39566,-0.0447641462087472,2058.49,2090.4,1939.1,1961.77,545286.1297,-0.0469812677315301,57.8,13868327.04,-0.1166131743848388,242.7,1090149.24,-0.043358297201419,24,0.3781691858312115,0.7889538755019506,0.5277345487847924,0.1495653629535809,0.3227000917152812,15.0,6.0,3.0,1.0,0.625,0.25,0.125,0.0671820849248317,0.0771242296497551,0.0447641462087472,0.0469812677315301
2023-11-17,36163.51,36800.0,35861.1,36613.92,38283.61112,0.0124548197893399,1961.77,1991.5,1904.0,1960.82,401100.5069,-0.0004842565642252,58.51,11968303.78,0.0122837370242214,244.9,757117.698,0.0090646889163577,22,0.4294909590389579,0.8403787856752222,0.5760899704288353,0.1465990113898772,0.2773110218007455,14.0,5.0,3.0,0.8636363636363636,0.6363636363636364,0.2272727272727272,0.1363636363636363,0.0256432526208611,0.0446241878397813,0.0124548197893399,0.0004842565642252
2023-11-18,36613.91,36845.49,36178.58,36568.1,17102.24186,-0.0012514366120863,1960.82,1971.22,1916.0,1962.6,279368.2208,0.0009077834783406,58.56,7374946.5,0.0008545547769611,244.8,485737.217,-0.0004083299305839,16,0.1270188088237773,0.8315051347017288,0.2944111318793147,0.1673923230555373,0.538196548470296,4.0,10.0,2.0,0.9375,0.25,0.625,0.125,0.0182374802081594,0.0281361459288698,0.0012514366120863,0.0009077834783406
2023-11-19,36568.11,37500.0,36384.02,37359.86,21246.34648,0.0216516581391978,1962.59,2015.75,1942.89,2011.47,251132.6192,0.0249006420055029,61.1,7009650.09,0.0433743169398908,246.4,379101.104,0.0065359477124182,11,0.3394709013995122,0.7893927991390228,0.4577826391905546,0.1183117377910424,0.4239056313579732,5.0,4.0,2.0,1.0,0.4545454545454545,0.3636363636363636,0.1818181818181818,0.0298710969473655,0.0362222653084559,0.0216516581391978,0.0249006420055029
2023-11-20,37359.85,37750.0,36677.0,37448.78,36022.70291,0.0023800945720888,2011.47,2066.4,1990.0,2021.4,421717.679,0.0049366880937822,56.57,7127562.28,-0.0741407528641571,253.1,1523794.58,0.0271915584415582,21,0.3668128502156053,0.8016582429409027,0.5231398461120469,0.1563269958964415,0.3205331492991674,12.0,6.0,3.0,1.3333333333333333,0.5714285714285714,0.2857142857142857,0.1428571428571428,0.0286524687853649,0.0377955872167804,0.0023800945720888,0.0049366880937822
2023-11-21,37448.79,37649.44,35735.0,35741.65,47646.54804,-0.0455857306967009,2021.41,2034.6,1931.43,1933.01,490163.9863,-0.0437271198179479,51.65,10741088.9,-0.086971893229627,225.5,4050392.778,-0.1090478071908336,21,0.2376241895059744,0.8535939341499692,0.402192537628469,0.1645683481224945,0.4332391182404189,8.0,10.0,3.0,1.1904761904761905,0.3809523809523809,0.4761904761904761,0.1428571428571428,0.0535632798150058,0.0533727192306298,0.0455857306967009,0.0437271198179479
2023-11-22,35741.65,37861.1,35632.01,37408.34,45051.30697,0.0466315908750714,1933.01,2092.46,1928.41,2063.21,466120.5109,0.06735609231199,57.56,7891464.65,0.1144240077444338,236.1,1791363.245,0.0470066518847005,19,0.1869989519840792,0.7487978652903908,0.3598049853095098,0.1728060333254305,0.4673889975406621,5.0,12.0,2.0,0.9473684210526316,0.2631578947368421,0.631578947368421,0.1052631578947368,0.0595880490821029,0.0795120225280024,0.0466315908750714,0.06735609231199
2023-11-23,37408.35,37653.44,36870.0,37294.28,23827.92882,-0.0030490526978742,2063.22,2088.94,2040.35,2062.2,250960.6958,-0.0004895284532355,56.51,4925635.15,-0.0182418346073662,233.8,718114.377,-0.0097416349004658,19,0.4244833985147507,0.7984567912001359,0.5757562008833415,0.1512728023685906,0.2729709925816247,11.0,6.0,2.0,1.0526315789473684,0.5789473684210527,0.3157894736842105,0.1052631578947368,0.021006974796135,0.0235622151100766,0.0030490526978742,0.0004895284532355
2023-11-24,37294.27,38414.0,37251.51,37713.57,44680.80646,0.0112427428549364,2062.21,2133.02,2059.37,2080.84,426932.5402,0.0090388905052858,56.86,3905651.92,0.0061935940541497,232.7,616904.315,-0.0047048759623611,23,0.1962712095726443,0.7781018200127975,0.4200072088076368,0.2237359992349925,0.3562567924837703,11.0,8.0,4.0,1.0869565217391304,0.4782608695652174,0.3478260869565217,0.1739130434782608,0.0308241834437842,0.0353943599700121,0.0112427428549364,0.0090388905052858
2023-11-25,37713.57,37888.0,37591.1,37780.67,11396.14464,0.0017792004310384,2080.84,2090.54,2065.3,2083.09,138847.393,0.0010812940927702,58.82,4095129.28,0.0344706296166021,234.4,313338.264,0.0073055436183928,17,0.1749836717020063,0.7747349809197819,0.3273523457567481,0.1523686740547418,0.5202789782162975,6.0,9.0,2.0,1.0,0.3529411764705882,0.5294117647058824,0.1176470588235294,0.0078585160083185,0.0121166152206576,0.0017792004310384,0.0010812940927702
2023-11-26,37780.67,37814.63,37150.0,37447.43,21264.53723,-0.008820383545342,2083.1,2094.99,2036.42,2062.33,241262.9136,-0.0099659640245981,57.57,3097837.47,-0.0212512750765045,231.7,437624.722,-0.011518771331058,16,0.2927059915091377,0.8429691568017006,0.523970537353307,0.2312645458441693,0.2447649032692424,10.0,2.0,4.0,1.0,0.625,0.125,0.25,0.0177483474833919,0.0283999165991862,0.008820383545342,0.0099659640245981
2023-11-27,37447.42,37569.23,36707.0,37242.7,30001.07376,-0.0054671308551749,2062.34,2071.24,1985.78,2027.5,326073.2298,-0.0168886647626713,55.06,4618869.6,-0.0435990967517804,227.2,831147.034,-0.0194216659473457,25,0.196320798844099,0.8410363531112671,0.4168971716612577,0.2205763728171586,0.3625264443457127,10.0,10.0,5.0,1.2,0.4,0.4,0.2,0.0231516511960734,0.0421504315659678,0.0054671308551749,0.0168886647626713
2023-11-28,37242.7,38377.0,36868.41,37818.87,37544.46667,0.0154706828452289,2027.5,2075.0,1995.15,2048.14,283775.9279,0.0101800246609125,58.18,5642915.95,0.0566654558663275,229.6,547422.862,0.0105633802816902,26,0.140868234483955,0.7894127437701592,0.3396824586133544,0.1988142241293994,0.461503307442539,7.0,14.0,5.0,1.3076923076923077,0.2692307692307692,0.5384615384615384,0.1923076923076923,0.0398898750808788,0.0389865927133886,0.0154706828452289,0.0101800246609125
2023-11-29,37818.88,38450.0,37570.0,37854.64,32994.19107,0.0009458241348827,2048.14,2075.7,2019.31,2028.81,254843.7319,-0.0094378313982442,59.31,7574392.84,0.019422481952561,227.3,416529.001,-0.0100174216027874,18,0.1678461211009158,0.8473412957456377,0.4156278750031358,0.24778175390222,0.3365903541238771,8.0,6.0,4.0,1.4444444444444444,0.4444444444444444,0.3333333333333333,0.2222222222222222,0.0232468199406994,0.0277946185202162,0.0009458241348827,0.0094378313982442
2023-11-30,37854.65,38145.85,37500.0,37723.96,24740.29147,-0.0034521527611939,2028.8,2054.75,2020.85,2051.96,243680.0921,0.0114106298766272,59.3,4597104.01,-0.0001686056314281,227.6,360874.419,0.0013198416190056,21,0.1921889891936665,0.7743813140051705,0.3973165239163098,0.2051275347226432,0.3975559375470593,10.0,7.0,4.0,1.1428571428571428,0.4761904761904761,0.3333333333333333,0.1904761904761904,0.0171204189591972,0.016520789878945,0.0034521527611939,0.0114106298766272
2023-12-01,37723.97,38999.0,37615.86,38682.52,43415.66324,0.0254098456259628,2051.95,2110.87,2045.04,2087.24,372645.586,0.0171933176085301,59.75,5422494.06,0.0075885328836424,228.5,425879.275,0.0039543057996485,21,0.2144500278379945,0.8616852845464434,0.4416744503236952,0.2272244224857006,0.3311011228000833,9.0,7.0,5.0,1.4761904761904765,0.4285714285714285,0.3333333333333333,0.238095238095238,0.0357562020261347,0.0315392575841781,0.0254098456259628,0.0171933176085301
2023-12-02,38682.51,39717.14,38641.61,39450.35,26696.92161,0.0198495341048101,2087.24,2186.6,2086.25,2164.74,320979.9768,0.0371303731243173,63.66,4898503.76,0.0654393305439329,229.0,456196.933,0.0021881838074397,10,0.6737038539722562,0.8716473340988159,0.7153074994683266,0.0416036454960703,0.2430888416245579,8.0,2.0,0.0,1.3,0.8,0.2,0.0,0.027262875994763,0.0463566063360957,0.0198495341048101,0.0371303731243173
2023-12-03,39450.35,40250.0,39274.86,39972.26,26710.65335,0.0132295404223283,2164.75,2217.27,2149.0,2192.95,257879.1136,0.0130315880891007,62.98,4675198.65,-0.0106817467797675,228.1,594689.614,-0.0039301310043667,14,0.2440616417277072,0.7916362243039268,0.3581762388348579,0.1141145971071506,0.5277091671845743,4.0,9.0,1.0,0.8571428571428571,0.2857142857142857,0.6428571428571429,0.0714285714285714,0.0243954182225373,0.031131580747395,0.0132295404223283,0.0130315880891007
2023-12-04,39972.26,42420.0,39972.26,41991.1,79272.33059,0.0505060259289815,2192.96,2274.28,2191.0,2243.37,565307.7134,0.0229918602795322,61.64,7696216.19,-0.0212765957446807,233.5,1475825.971,0.0236738272687417,17,0.5206343651037005,0.8453277454656714,0.6047455171013579,0.0841111519976573,0.3111433418577208,12.0,4.0,1.0,1.1176470588235294,0.7058823529411765,0.2352941176470588,0.0588235294117647,0.0582918761356572,0.0371227216197061,0.0505060259289815,0.0229918602795322
2023-12-05,41991.1,44488.0,41414.0,44073.32,67490.74644,0.0495871744250566,2243.36,2309.72,2188.33,2293.33,529829.7214,0.0222700669082673,61.03,6032438.26,-0.0098961713173264,231.2,861796.38,-0.0098501070663812,17,0.3938881265109076,0.8202276685658623,0.459139224689673,0.0652510981787653,0.4756096822812277,7.0,9.0,1.0,1.2352941176470589,0.4117647058823529,0.5294117647058824,0.0588235294117647,0.0697474118128609,0.0529317629822135,0.0495871744250566,0.0222700669082673
2023-12-06,44073.82,44297.21,43335.28,43762.69,51431.10492,-0.0070480281494563,2293.33,2312.23,2220.0,2232.7,408338.9056,-0.0264375384266547,61.85,11121135.68,0.0134360150745536,229.4,858794.132,-0.0077854671280276,20,0.5025158206000924,0.84086973965168,0.6040483535267412,0.1015325329266488,0.2944191056769341,13.0,5.0,2.0,1.0,0.65,0.25,0.1,0.0219805957997554,0.0413087293411564,0.0070480281494563,0.0264375384266547
2023-12-07,43762.69,44047.33,42821.1,43273.14,47103.26845,-0.0111864695703121,2232.7,2382.8,2222.0,2355.73,485190.0609,0.0551036861199445,67.74,10648583.32,0.0952303961196441,232.6,793571.247,0.013949433304272,16,0.4430174145090859,0.7903119251132011,0.5401781125692651,0.097160698060179,0.3626611870713532,8.0,7.0,1.0,1.4375,0.5,0.4375,0.0625,0.0283369776263059,0.0682590959065768,0.0111864695703121,0.0551036861199445
2023-12-08,43273.15,44700.0,43081.1,44170.99,42900.37556,0.0207484365590293,2355.74,2392.0,2336.34,2358.72,378569.8126,0.001269245626621,74.94,11314830.348,0.1062887511071746,238.9,764638.52,0.027085124677558,5,0.3789412540383637,0.8974047183990479,0.5852206805720925,0.2062794265337288,0.2084999158978462,3.0,1.0,1.0,1.0,0.6,0.2,0.2,0.0366507519980874,0.0235975444308777,0.0207484365590293,0.001269245626621
2023-12-09,44171.0,44358.02,43584.51,43713.6,24925.97008,-0.0103549863835969,2358.71,2403.0,2328.01,2340.49,287771.0664,-0.0077287681454347,72.3,8809964.3,-0.0352281825460368,237.7,838098.223,-0.0050230221850147,6,0.6537139552334944,0.7425831804672877,0.7270335704088211,0.0733196151753266,0.1996468091383576,5.0,0.0,1.0,0.8333333333333334,0.8333333333333334,0.0,0.1666666666666666,0.0176949507704694,0.032040299253575,0.0103549863835969,0.0077287681454347
2023-12-10,43713.59,44049.0,43563.0,43789.51,18956.61758,0.0017365305076681,2340.48,2377.47,2320.0,2352.39,200037.2102,0.0050844054022876,74.87,5886808.01,0.0355463347164592,239.8,433591.534,0.0088346655448043,6,0.7218612528716525,0.7999164859453837,0.7999164859453837,0.0780552330737312,0.1220282781869172,6.0,0.0,0.0,0.8333333333333334,1.0,0.0,0.0,0.0110985484879826,0.0244304728382622,0.0017365305076681,0.0050844054022876
2023-12-11,43789.5,43804.5,40222.0,41253.4,76663.89804,-0.0579159255264559,2352.39,2355.0,2156.62,2225.12,640414.9166,-0.0541024234927031,70.25,12970688.47,-0.0617069587284627,246.4,2010717.772,0.0275229357798165,5,0.1104437252506613,0.8070732235908509,0.2683368705213069,0.1578931452706455,0.5737699650228023,1.0,3.0,1.0,0.6,0.2,0.6,0.2,0.0868413270178942,0.0891547422161501,0.0579159255264559,0.0541024234927031
2023-12-12,41253.41,42104.12,40680.0,41492.39,42722.69773,0.005793219467971,2225.11,2244.12,2166.0,2203.46,361588.9087,-0.0097343064643703,68.6,7763463.64,-0.0234875444839858,254.6,1877670.629,0.0332792207792207,6,-0.0879755495116114,0.8302470544974009,0.3502670973539352,0.4382426468655466,0.211490257953604,2.0,1.0,3.0,0.6666666666666666,0.3333333333333333,0.1666666666666666,0.5,0.0343224384037651,0.0354533324861807,0.005793219467971,0.0097343064643703
2023-12-13,41492.38,43475.2,40555.0,42869.03,45865.99773,0.033178132182793,2203.47,2284.02,2144.32,2260.16,418916.6154,0.0257322574496472,70.62,8271925.44,0.0294460641399418,252.0,1149182.339,-0.0102120974076983,7,0.1175172332940356,0.8186186637197223,0.2819365354787025,0.1644193021846668,0.5536441563495568,1.0,5.0,1.0,1.5714285714285714,0.1428571428571428,0.7142857142857143,0.1428571428571428,0.0681191060306239,0.0618097833781678,0.033178132182793,0.0257322574496472
2023-12-14,42869.03,43420.0,41400.0,43022.26,42047.05709,0.003574375254117,2260.16,2332.11,2228.2,2315.32,409508.0931,0.0244053518334985,75.68,7493589.41,0.0716510903426792,253.3,818946.787,0.0051587301587301,1,0.6103748483583331,0.6237152218818665,0.6237152218818665,0.0133403735235333,0.3629444539546966,1.0,0.0,0.0,2.0,1.0,0.0,0.0,0.0469524381099458,0.0448793255359951,0.003574375254117,0.0244053518334985
2023-12-15,43022.26,43080.81,41666.0,41940.3,33421.7932,-0.0251488415531866,2315.32,2317.81,2200.0,2220.5,333552.6328,-0.0409533023512949,72.51,8834567.44,-0.0418868921775898,244.9,655654.892,-0.0331622581918673,4,0.2881523806136101,0.6665708273649216,0.4597363816574216,0.1715840010438114,0.3686796678230166,2.0,1.0,1.0,0.75,0.5,0.25,0.25,0.0337339027140959,0.0530556181040306,0.0251488415531866,0.0409533023512949
2023-12-16,41940.29,42724.43,41605.0,42278.03,24118.85747,0.0080526367241053,2220.51,2263.4,2210.0,2228.96,199285.923,0.0038099527133528,73.72,5513079.61,0.016687353468487,244.4,444080.33,-0.0020416496529195,5,0.2149323455989361,0.760125744342804,0.3435260728001594,0.1285937272012233,0.5278802186250686,2.0,2.0,1.0,0.4,0.4,0.4,0.2,0.0264778183846314,0.0239573612805972,0.0080526367241053,0.0038099527133528
2023-12-17,42278.02,42424.07,41252.0,41374.65,27722.11452,-0.021367599199868,2228.96,2248.68,2191.5,2196.52,225925.7675,-0.0145538726581007,70.87,5108641.26,-0.0386597938144329,238.8,464957.446,-0.0229132569558101,3,-0.0367490624388058,0.6051315565903982,0.1874377503991126,0.2241868128379185,0.5883753995100657,0.0,2.0,1.0,1.3333333333333333,0.0,0.6666666666666666,0.3333333333333333,0.0283282154652667,0.0260320871196255,0.021367599199868,0.0145538726581007
2023-12-18,41374.64,42757.81,40542.93,42657.8,46734.0925,0.0310129511669585,2196.53,2224.0,2116.6,2219.43,364103.1181,0.0104301349407243,74.42,7219822.33,0.0500917172287285,241.7,876189.244,0.0121440536013399,13,-0.2339051668173991,0.8578594281123235,0.2647778802336408,0.49868304705104,0.2365390655512992,3.0,3.0,7.0,0.8461538461538461,0.2307692307692307,0.2307692307692307,0.5384615384615384,0.0519220400489476,0.0483908030440248,0.0310129511669585,0.0104301349407243
2023-12-19,42657.8,43497.0,41811.1,42275.99,40927.86444,-0.0089505319074121,2219.44,2255.0,2135.55,2177.91,383551.4049,-0.0187075059812654,73.0,6086806.16,-0.0190808922332706,252.9,1569167.394,0.0463384360777825,9,0.4555219778170188,0.7861991392241584,0.5024968890680207,0.0469749112510018,0.4505282027853859,4.0,5.0,0.0,0.7777777777777778,0.4444444444444444,0.5555555555555556,0.0,0.0398784274478256,0.0548461598504987,0.0089505319074121,0.0187075059812654
2023-12-20,42275.99,44283.0,42206.0,43668.93,48710.2947,0.0329487257424367,2177.9,2266.0,2156.0,2202.17,416841.6272,0.0111391196146766,82.21,10701294.29,0.1261643835616437,260.3,1116951.002,0.0292605773032819,8,0.3118240186595358,0.8456411883234978,0.4442375445505604,0.1324135258910245,0.4233489227481186,3.0,4.0,1.0,1.25,0.375,0.5,0.125,0.0475624202379128,0.0499507304159079,0.0329487257424367,0.0111391196146766
2023-12-21,43668.92,44242.35,43286.72,43861.8,34624.29384,0.0044166413053858,2202.17,2279.31,2182.98,2239.61,453069.7252,0.0170014122433781,93.84,12129644.35,0.1414669748205814,272.1,1286767.653,0.0453323088743757,6,0.3364413764017324,0.7813914914925894,0.4240777113785346,0.0876363349768022,0.4882859401404857,2.0,4.0,0.0,1.3333333333333333,0.3333333333333333,0.6666666666666666,0.0,0.0217872955510261,0.0430119529739552,0.0044166413053858,0.0170014122433781
2023-12-22,43861.79,44398.26,43412.54,43969.04,32783.19638,0.002444952099549,2239.6,2343.15,2230.59,2324.54,591357.488,0.0379217810243746,97.9,11975121.56,0.0432651321398125,271.1,967819.921,-0.0036751194413818,9,0.4018081681181987,0.8049600852860345,0.5770510708292326,0.1752429027110337,0.2477060316337479,5.0,2.0,2.0,1.2222222222222223,0.5555555555555556,0.2222222222222222,0.2222222222222222,0.0224185017457738,0.0484224835881507,0.002444952099549,0.0379217810243746
2023-12-23,43969.04,43988.68,43291.1,43702.16,16557.1293,-0.0060697254249807,2324.54,2330.65,2265.0,2308.2,255626.9352,-0.0070293477419188,107.88,8336420.6,0.10194075587334,271.0,408213.412,-0.00036886757654,9,0.6785177476704121,0.815393070379893,0.7046994575195842,0.0261817098491721,0.2691188413235876,6.0,3.0,0.0,1.0,0.6666666666666666,0.3333333333333333,0.0,0.0159621400864397,0.0284420760765965,0.0060697254249807,0.0070293477419188
2023-12-24,43702.15,43946.0,42500.0,42991.5,25144.33496,-0.016261438793872,2308.2,2326.19,2245.0,2264.05,307951.076,-0.0191274586257688,112.45,12261699.03,0.042361883574342,264.5,572645.135,-0.0239852398523985,9,0.417614980497294,0.8925277723206414,0.6357963282821907,0.2181813477848966,0.1460223175171348,6.0,1.0,2.0,1.4444444444444444,0.6666666666666666,0.1111111111111111,0.2222222222222222,0.0336345556679808,0.0358605154479804,0.016261438793872,0.0191274586257688
2023-12-25,42991.5,43802.32,42720.43,43576.13,27021.23992,0.0135987346335904,2264.04,2304.8,2253.1,2271.35,286277.1616,0.0032243104171727,120.91,11114497.92,0.075233437083148,266.9,469743.423,0.0090737240075613,3,0.8932268004864454,0.9063953359921774,0.9063953359921774,0.0131685355057318,0.0804361253976821,3.0,0.0,0.0,0.0,1.0,0.0,0.0,0.0248275833581366,0.0227617936469501,0.0135987346335904,0.0032243104171727
2023-12-26,43576.12,43592.68,41637.6,42508.93,41010.04282,-0.0244904721920005,2271.36,2274.99,2178.45,2230.88,410413.1591,-0.017817597464063,112.49,12300095.38,-0.0696385741460591,297.7,2356245.345,0.1153990258523791,7,0.2674731968769005,0.8231508987290519,0.4241467187447206,0.1566735218678201,0.4191797809409244,3.0,3.0,1.0,0.7142857142857143,0.4285714285714285,0.4285714285714285,0.1428571428571428,0.0459922185761909,0.0432744029261995,0.0244904721920005,0.017817597464063
2023-12-27,42508.93,43677.0,42098.69,43428.85,36191.21136,0.0216406293924593,2230.88,2392.44,2211.88,2378.35,541537.3574,0.0661039589758301,106.91,8972638.9,-0.0496044092808249,324.1,2126454.61,0.0886798790728922,3,-0.1018664566799998,0.8180332183837891,0.342150492593646,0.4440169492736458,0.2138325634102026,1.0,1.0,1.0,0.6666666666666666,0.3333333333333333,0.3333333333333333,0.3333333333333333,0.0363424313561146,0.075918178569176,0.0216406293924593,0.0661039589758301
2023-12-28,43428.86,43787.57,42241.79,42563.76,35150.52485,-0.0199197077518745,2378.35,2445.8,2335.0,2344.15,580459.982,-0.0143797170307145,101.8,10194201.02,-0.0477972126087362,322.6,2249136.219,-0.0046282011724776,7,0.2385287842314158,0.9007916109902518,0.5393741839964475,0.3008453997650316,0.1597804051956959,4.0,1.0,2.0,0.8571428571428571,0.5714285714285714,0.1428571428571428,0.2857142857142857,0.0363168103569797,0.0472665998336284,0.0199197077518745,0.0143797170307145
2023-12-29,42563.76,43111.0,41300.0,42066.95,42597.18912,-0.0116721361082762,2344.15,2385.41,2255.34,2299.2,450201.2069,-0.0191753940660794,106.17,9432538.67,0.0429273084479371,313.7,1407022.74,-0.0275883446993181,4,0.6851212764158845,0.7372868061065674,0.7107455283403397,0.0256242519244551,0.2636302206665277,3.0,1.0,0.0,1.0,0.75,0.25,0.0,0.0430504231944555,0.0565718510786359,0.0116721361082762,0.0191753940660794
2023-12-30,42066.94,42612.32,41520.3,42140.28,22906.57818,0.0017431736790995,2299.2,2322.84,2268.0,2291.68,210539.1327,-0.0032707028531663,101.9,4178339.62,-0.0402185174719789,317.1,561853.413,0.0108383806184253,11,0.519439298405566,0.8254419348456643,0.6460592706095089,0.1266199722039428,0.2273207672617651,7.0,3.0,1.0,1.181818181818182,0.6363636363636364,0.2727272727272727,0.0909090909090909,0.0259139236853669,0.0239300425888431,0.0017431736790995,0.0032707028531663
2023-12-31,42140.29,42899.0,41965.84,42283.58,23585.91603,0.0034005469351414,2291.68,2321.34,2258.88,2281.87,222175.8779,-0.0042807023668225,101.72,3821990.67,-0.0017664376840039,311.8,667097.557,-0.0167139703563544,2,0.5704822083935142,0.6946956217288971,0.5798283070325851,0.0093460986390709,0.4108256548643112,1.0,1.0,0.0,2.0,0.5,0.5,0.0,0.0220690868653979,0.0273722867648025,0.0034005469351414,0.0042807023668225
2024-01-01,42283.58,44184.1,42180.77,44179.55,27174.29903,0.0448393915557765,2281.87,2352.37,2265.24,2352.04,216702.6914,0.0307510944970572,109.91,4403310.37,0.080515139598899,313.5,619455.158,0.0054522129570238,4,0.4799512710887939,0.8008392751216888,0.5290303602814674,0.0490790891926735,0.421890546567738,2.0,2.0,0.0,1.25,0.5,0.5,0.0,0.0453451879885603,0.0370444380197616,0.0448393915557765,0.0307510944970572
2024-01-02,44179.55,45879.63,44148.34,44946.91,65146.40661,0.0173691221390892,2352.05,2431.3,2341.0,2355.34,458041.6642,0.0014030373633102,106.73,7831366.05,-0.0289327631698661,312.2,937764.737,-0.00414673046252,3,0.592075981820623,0.7591335773468018,0.7398384610811869,0.1477624792605638,0.1123990478614965,2.0,0.0,1.0,1.3333333333333333,0.6666666666666666,0.0,0.3333333333333333,0.0385185544456782,0.0383384139869403,0.0173691221390892,0.0014030373633102
2024-01-03,44946.91,45500.0,40750.0,42845.23,81194.55173,-0.046759165424275,2355.35,2385.45,2100.0,2209.72,798729.4869,-0.0618254689344215,98.52,12221060.38,-0.0769230769230769,315.8,2132158.122,0.0115310698270341,8,-0.1760071259923279,0.8772713169455528,0.2721542700892314,0.4481613960815593,0.2796842965763061,2.0,2.0,4.0,0.875,0.25,0.25,0.5,0.1108641498715259,0.1291792625309993,0.046759165424275,0.0618254689344215
2024-01-04,42845.23,44729.58,42613.77,44151.1,48038.06334,0.0304787720826797,2209.72,2294.69,2201.91,2267.11,448844.055,0.0259716163133791,104.91,7235482.95,0.0648599269183922,323.7,1133774.957,0.0250158328055731,5,0.5127667954191566,0.7665976762771607,0.5301801890134812,0.0174133935943245,0.4524064287543297,3.0,2.0,0.0,2.0,0.6,0.4,0.0,0.0479220223278696,0.0409243486200494,0.0304787720826797,0.0259716163133791
2024-01-05,44151.1,44357.46,42450.0,44145.11,48075.25327,-0.0001356704589465,2267.11,2277.21,2206.17,2268.78,405568.0006,0.0007366206315528,99.94,6703567.21,-0.0473739395672481,317.5,1157056.276,-0.0191535372258263,7,-0.1940928943056081,0.8379618184907096,0.10786161897704,0.3019545132826481,0.5901839155703783,0.0,5.0,2.0,1.2857142857142858,0.0,0.7142857142857143,0.2857142857142857,0.0432088627709841,0.031311982651469,0.0001356704589465,0.0007366206315528
2024-01-06,44145.12,44214.42,43397.05,43968.32,17835.06144,-0.0040047470716462,2268.78,2270.0,2216.4,2240.78,194067.8656,-0.0123414346036195,93.77,5151478.03,-0.0617370422253352,307.5,909358.183,-0.031496062992126,7,0.7201831825077534,0.8796989492007664,0.75422970152327,0.0340465190155164,0.2117237845169646,6.0,1.0,0.0,0.8571428571428571,0.8571428571428571,0.1428571428571428,0.0,0.0185899756915887,0.0239202420585688,0.0040047470716462,0.0123414346036195
2024-01-07,43968.32,44480.59,43572.09,43929.02,23023.8508,-0.00089382537245,2240.77,2258.01,2203.46,2221.42,207138.6927,-0.0086398486241399,89.44,5547334.15,-0.0461768156126692,302.4,498367.089,-0.0165853658536586,4,-0.0721102682873606,0.6825701743364334,0.3902776204049586,0.4623878886923194,0.1473344829864799,1.0,0.0,3.0,0.5,0.25,0.0,0.75,0.0206810896304993,0.0245563648477101,0.00089382537245,0.0086398486241399
2024-01-08,43929.01,47248.99,43175.0,46951.04,72814.57589,0.0687932487453624,2221.42,2358.2,2166.38,2330.44,539407.5547,0.0490767166947267,97.88,9677497.13,0.0943649373881931,303.7,984590.842,0.0042989417989418,5,0.397822293639183,0.8316327333450317,0.5452988997101783,0.1474766060709953,0.3072245370596647,3.0,1.0,1.0,0.4,0.6,0.2,0.2,0.0867710278622155,0.0823106366179775,0.0687932487453624,0.0490767166947267
2024-01-09,46951.04,47972.0,44748.67,46110.0,69927.66617,-0.0179131282288954,2330.43,2371.72,2226.78,2344.29,551454.9931,0.005943083709514,99.36,8574930.67,0.0151205557825908,301.1,1401490.155,-0.0085610800131707,6,0.1522089941427111,0.8268956542015076,0.238553541402022,0.0863445472593108,0.6751019091655811,1.0,5.0,0.0,1.1666666666666667,0.1666666666666666,0.8333333333333334,0.0,0.069905226631967,0.0618268217669314,0.0179131282288954,0.005943083709514
2024-01-10,46110.0,47695.93,44300.36,46653.99,89911.41203,0.0117976577748861,2344.3,2643.1,2339.59,2584.38,1038388.666,0.1024148036292438,102.0,8634280.07,0.0265700483091786,305.8,1032565.477,0.0156094320823645,21,-0.1475073212225522,0.8267139622143337,0.1836908974551728,0.3311982186777251,0.4851108742434354,3.0,11.0,7.0,0.4761904761904761,0.1428571428571428,0.5238095238095238,0.3333333333333333,0.072781984992066,0.1174401597288323,0.0117976577748861,0.1024148036292438
2024-01-11,46654.0,48969.48,45606.06,46339.16,87470.3296,-0.0067481902405345,2584.37,2689.39,2566.01,2618.01,838712.2577,0.0130127922364358,99.9,8986682.95,-0.0205882352941175,308.2,1179601.543,0.0078482668410724,11,0.5047152143141086,0.8066925569014116,0.5330622978508472,0.0283470835367386,0.4385906288569624,7.0,4.0,0.0,0.7272727272727273,0.6363636363636364,0.3636363636363636,0.0,0.0725826708986525,0.0471273982910682,0.0067481902405345,0.0130127922364358
2024-01-12,46339.16,46515.53,41500.0,42782.73,86327.93707,-0.0767478305605885,2618.01,2717.32,2458.0,2522.54,887457.7627,-0.0364666292336546,92.12,6462190.24,-0.0778778778778779,296.6,1003340.774,-0.0376378974691757,11,0.4087584890763868,0.8343714421445673,0.6063569691878828,0.1975984801114959,0.1960445600138468,8.0,1.0,2.0,1.0,0.7272727272727273,0.0909090909090909,0.1818181818181818,0.1172325842694002,0.1028011448777819,0.0767478305605885,0.0364666292336546
2024-01-13,42782.74,43257.0,42436.12,42847.99,36118.47464,0.001525381853846,2522.55,2590.0,2497.5,2578.19,422061.232,0.0220610971481125,95.85,4054010.92,0.0404906643508466,302.2,436784.239,0.0188806473364799,9,0.0709669061212075,0.7992789480421278,0.4028088493893544,0.3318419432681467,0.2653491861290401,4.0,2.0,3.0,1.1111111111111112,0.4444444444444444,0.2222222222222222,0.3333333333333333,0.0191579581679326,0.0358778833212447,0.001525381853846,0.0220610971481125
2024-01-14,42847.99,43079.0,41720.0,41732.35,28228.40894,-0.0260371606696137,2578.18,2578.69,2470.0,2472.87,306207.7463,-0.0408503640150649,93.81,5767904.66,-0.0212832550860718,299.5,393054.947,-0.0089344804765055,8,-0.147569595137611,0.716979119926691,0.2599980642553419,0.4075676593929529,0.3324342886917293,3.0,2.0,3.0,1.0,0.375,0.25,0.375,0.0325646650619962,0.043952977714154,0.0260371606696137,0.0408503640150649
2024-01-15,41732.35,43400.43,41718.05,42511.1,40269.89303,0.0186605834562396,2472.87,2553.82,2470.92,2511.78,315247.8819,0.0157347535454757,94.36,3605978.31,0.0058629144014497,317.5,1704540.89,0.0601001669449081,3,-0.5026749167591333,0.7092080513636271,0.0683165298153956,0.570991446574529,0.3606920291980107,0.0,1.0,2.0,0.3333333333333333,0.0,0.3333333333333333,0.6666666666666666,0.0395750756861148,0.033004482876685,0.0186605834562396,0.0157347535454757
2024-01-16,42511.1,43578.01,42050.0,43137.95,45045.74589,0.0147455605712389,2511.79,2614.43,2500.05,2587.4,381077.6247,0.0301061398689375,97.61,3768288.08,0.034442560406952,315.2,951149.445,-0.0072440944881889,12,0.0967925966639692,0.7554911325375239,0.3871446606547882,0.2903520639908189,0.3225032704261442,4.0,4.0,4.0,1.4166666666666667,0.3333333333333333,0.3333333333333333,0.3333333333333333,0.0354214792311642,0.0442065393831644,0.0147455605712389,0.0301061398689375
2024-01-17,43137.94,43198.0,42200.69,42776.1,33266.21388,-0.0083882057445937,2587.41,2592.97,2506.75,2530.19,366281.3477,-0.0221109994589162,102.1,6932306.54,0.0459993853088822,309.4,1071343.496,-0.0184010152284264,9,-0.1325679041652216,0.7895858287811279,0.1376802894390291,0.2702481936042507,0.5920715154045157,1.0,6.0,2.0,0.5555555555555556,0.1111111111111111,0.6666666666666666,0.2222222222222222,0.0233146546786639,0.0340764922792358,0.0083882057445937,0.0221109994589162
2024-01-18,42776.09,42930.0,40683.28,41327.5,43907.51641,-0.0338647048234878,2530.2,2550.0,2428.56,2470.81,452090.1074,-0.0234685932676993,94.4,6216673.0,-0.0754162585700293,313.0,921121.889,0.0116354234001294,14,0.0595937545211719,0.8092598702226367,0.3271395955899996,0.2675458410688276,0.4053145458123514,4.0,6.0,4.0,0.9285714285714286,0.2857142857142857,0.4285714285714285,0.2857142857142857,0.0543638013429314,0.0491498739279831,0.0338647048234878,0.0234685932676993
2024-01-19,41327.51,42196.86,40280.0,41659.03,48342.74559,0.0080220192365858,2470.81,2504.2,2415.2,2492.0,424209.0029,0.0085761349516959,93.62,6357442.75,-0.0082627118644067,314.7,835724.4,0.0054313099041534,9,0.0879483943184216,0.78194969230228,0.3550826356642776,0.2671342413458559,0.3777831536200311,4.0,3.0,2.0,1.2222222222222223,0.4444444444444444,0.3333333333333333,0.2222222222222222,0.04601307327607,0.0357142857142857,0.0080220192365858,0.0085761349516959
2024-01-20,41659.03,41872.56,41456.3,41696.04,15923.99493,0.0008884028264701,2491.99,2492.0,2454.2,2472.01,136620.9577,-0.0080216693418939,92.88,2799385.87,-0.0079042939542833,317.2,326090.187,0.0079440737210041,11,-0.1766953450542959,0.8221527283841913,0.2493909678675911,0.426086312921887,0.3245227182791991,3.0,3.0,5.0,0.7272727272727273,0.2727272727272727,0.2727272727272727,0.4545454545454545,0.0099832022417475,0.015291200278316,0.0008884028264701,0.0080216693418939
2024-01-21,41696.05,41881.39,41500.98,41580.33,11730.16301,-0.002775083677011,2472.02,2482.18,2452.13,2457.05,122572.1687,-0.0060517554540636,91.09,2013751.83,-0.0192721791558999,318.6,359764.313,0.0044136191677175,13,0.5445984860595602,0.8287619994236872,0.6264887081029323,0.081890222043372,0.2916210574599412,9.0,3.0,1.0,0.9230769230769232,0.6923076923076923,0.2307692307692307,0.0769230769230769,0.0091487970393692,0.0122301133473066,0.002775083677011,0.0060517554540636
2024-01-22,41580.32,41689.65,39431.58,39568.02,55426.19911,-0.0483957198030896,2457.06,2466.1,2303.59,2314.2,526337.6492,-0.0581388250137361,83.84,7065444.82,-0.0795916126907454,305.9,704437.647,-0.0398618957940993,8,-0.0087337460136041,0.7966945245862007,0.3374949977733194,0.3462287437869236,0.3162762532010674,3.0,2.0,3.0,0.625,0.375,0.25,0.375,0.0570680564759116,0.0702229712211562,0.0483957198030896,0.0581388250137361
2024-01-23,39568.02,40176.74,38555.0,39897.6,57956.63351,0.0083294539378013,2314.19,2352.23,2168.07,2242.6,700105.3314,-0.0309394175092904,84.35,8284305.33,0.0060830152671753,298.8,928195.378,-0.0232101994115723,5,0.2917402293533087,0.7018483281135559,0.4271441824734211,0.1354039531201123,0.4374518506228924,2.0,2.0,1.0,0.4,0.4,0.4,0.2,0.0406475577478344,0.0821189690537768,0.0083294539378013,0.0309394175092904
2024-01-24,39897.59,40555.0,39484.19,40084.88,39293.82861,0.0046940166827076,2242.6,2264.6,2196.12,2235.02,359851.1496,-0.0033800053509319,88.77,6058894.15,0.0524007113218731,293.1,802312.815,-0.0190763052208835,2,0.2616293234750628,0.7114661931991577,0.275081556290388,0.0134522328153252,0.7114661931991577,0.0,2.0,0.0,0.5,0.0,1.0,0.0,0.026713563817579,0.0306395468496926,0.0046940166827076,0.0033800053509319
2024-01-25,40084.89,40300.24,39550.0,39961.09,31022.11853,-0.0030881968462921,2235.02,2242.89,2171.3,2218.64,330426.6061,-0.0073287934783581,86.91,4002698.2,-0.0209530246704967,292.1,1004156.719,-0.0034118048447628,6,0.0738375619985163,0.7072065869967142,0.3248596116900444,0.2510220496915281,0.42411836485068,2.0,3.0,1.0,0.6666666666666666,0.3333333333333333,0.5,0.1666666666666666,0.0187742626640063,0.0322675152345579,0.0030881968462921,0.0073287934783581
2024-01-26,39961.09,42246.82,39822.52,41823.51,47384.96726,0.0466058358268006,2218.64,2282.36,2195.84,2267.68,363566.4255,0.0221036310532578,92.28,4693818.55,0.0617880566102866,302.2,709942.404,0.0345771995891817,4,-0.1766420984640717,0.895696371793747,0.2894827886484563,0.4661248871125281,0.2443923084065317,1.0,1.0,2.0,0.75,0.25,0.25,0.5,0.0579650058065428,0.0381535313624497,0.0466058358268006,0.0221036310532578
2024-01-27,41823.51,42200.0,41394.34,42120.63,16224.41667,0.0071041383183763,2267.67,2282.94,2251.4,2267.94,145109.3836,0.0001146546249912,94.28,2735837.45,0.0216731686172517,305.6,285357.667,0.0112508272667108,6,0.0856756620729963,0.8331716557343801,0.3999178288504481,0.3142421667774517,0.285840043798089,2.0,2.0,2.0,1.1666666666666667,0.3333333333333333,0.3333333333333333,0.3333333333333333,0.0191274442001461,0.0139068934804271,0.0071041383183763,0.0001146546249912
2024-01-28,42120.63,42842.68,41620.81,42031.06,27294.99838,-0.002126511403082,2267.94,2308.24,2239.89,2256.9,209326.9087,-0.0048678536469218,95.98,5618408.23,0.0180313958421722,305.3,409403.057,-0.0009816753926702,7,0.3925263245723077,0.8880666579519,0.553526290825435,0.1609999662531273,0.2854737538312162,4.0,2.0,1.0,1.2857142857142858,0.5714285714285714,0.2857142857142857,0.1428571428571428,0.0290706444234335,0.030284904071957,0.002126511403082,0.0048678536469218
2024-01-29,42031.05,43333.0,41804.88,43302.7,31542.74207,0.0302547687353114,2256.9,2322.34,2233.8,2317.6,305528.0776,0.0268952988612698,101.68,5772519.82,0.0593873723692435,310.7,442799.505,0.0176875204716671,5,0.1831005366519093,0.774014163017273,0.4659287087619305,0.2828281721100211,0.2512430950999259,2.0,2.0,1.0,1.0,0.4,0.4,0.2,0.0352892544806675,0.0382033137728684,0.0302547687353114,0.0268952988612698
2024-01-30,43302.71,43882.36,42683.99,42941.1,37619.24546,-0.0083505185588889,2317.61,2391.98,2297.0,2343.01,372879.5791,0.010963928201588,101.4,6990527.25,-0.0027537372147915,307.6,386375.467,-0.0099774702285161,10,0.3476096708327532,0.7828808188438415,0.4861526805907488,0.1385430097579955,0.3753042861819267,5.0,4.0,1.0,1.3,0.5,0.4,0.1,0.0279072962732673,0.0405375990712801,0.0083505185588889,0.010963928201588
2024-01-31,42941.1,43745.11,42276.84,42580.0,39871.13688,-0.008409193057467,2343.0,2351.6,2263.57,2283.14,397116.1859,-0.0255526011412671,96.96,8609956.87,-0.0437869822485208,300.5,459007.698,-0.0230819245773732,5,0.3632142551243305,0.813350522518158,0.5689857425168157,0.2057714873924851,0.225242755562067,3.0,1.0,1.0,1.0,0.6,0.2,0.2,0.0344826209488023,0.0385565493136644,0.008409193057467,0.0255526011412671
2024-02-01,42580.0,43285.13,41884.28,43082.94,35231.04664,0.0118116486613433,2283.15,2311.72,2240.0,2304.28,310997.4538,0.0092591781493909,97.81,6556006.07,0.008766501650165,300.2,373269.789,-0.0009983361064892,3,0.2536083782712618,0.8195785880088806,0.3378624692559242,0.0842540909846623,0.5778834546605746,1.0,2.0,0.0,1.3333333333333333,0.3333333333333333,0.6666666666666666,0.0,0.0325151904675028,0.0311246897078479,0.0118116486613433,0.0092591781493909
2024-02-02,43082.95,43488.0,42546.79,43200.0,29672.14418,0.0027170847671955,2304.28,2324.74,2281.94,2309.06,238230.511,0.0020744006804727,100.58,5487861.84,0.0283202126571924,301.4,309501.649,0.0039973351099267,5,0.0855593673884868,0.7903453707695007,0.3889887418597936,0.3034293744713068,0.3075818672776221,2.0,1.0,2.0,0.4,0.4,0.2,0.4,0.0217872685185184,0.0185356811862834,0.0027170847671955,0.0020744006804727
2024-02-03,43199.99,43380.01,42880.0,43011.09,12033.40998,-0.0043729166666667,2309.07,2329.98,2292.75,2296.49,133232.845,-0.0054437736568128,97.96,2787373.11,-0.0260489162855438,299.7,198730.962,-0.0056403450564034,5,0.3291355162858963,0.7750882029533386,0.4598481200635433,0.1307126037776469,0.4094392918050289,2.0,2.0,1.0,1.0,0.4,0.4,0.2,0.0116251413298291,0.0162116969810449,0.0043729166666667,0.0054437736568128
2024-02-04,43011.1,43119.04,42222.0,42582.88,17066.89404,-0.0099558044216038,2296.5,2311.0,2266.0,2289.79,171232.0444,-0.0029174958305935,95.49,2914876.34,-0.0252143732135565,304.7,503405.323,0.0166833500166834,6,0.4221609034575522,0.7954046229521433,0.4666478695968787,0.0444869661393264,0.488865169386069,3.0,3.0,0.0,0.8333333333333334,0.5,0.5,0.0,0.0210657428525266,0.0196524572122334,0.0099558044216038,0.0029174958305935
2024-02-05,42582.88,43569.76,42258.1,42708.7,29467.75905,0.0029547085589325,2289.79,2338.41,2269.11,2301.83,236610.412,0.0052581241074509,95.66,3891146.06,0.0017802911299613,301.2,488672.271,-0.0114867082376107,7,-0.0803281416052154,0.819455053125109,0.2292370750967945,0.3095652167020099,0.4611977264285087,2.0,3.0,2.0,0.8571428571428571,0.2857142857142857,0.4285714285714285,0.2857142857142857,0.0307117753525629,0.0301064804959531,0.0029547085589325,0.0052581241074509
2024-02-06,42708.7,43399.98,42574.0,43098.95,24675.85433,0.0091374825269792,2301.84,2392.4,2299.0,2372.64,368942.7498,0.0307624802874235,96.88,4279238.07,0.012753501986201,302.7,260762.321,0.0049800796812748,13,-0.6383650206172695,0.8981728324523339,0.080993187183944,0.7193582078012136,0.1996486015044725,1.0,2.0,10.0,0.9230769230769232,0.0769230769230769,0.1538461538461538,0.7692307692307693,0.0191647360318523,0.0393654325982871,0.0091374825269792,0.0307624802874235
2024-02-07,43098.96,44396.5,42788.0,44349.6,34392.59915,0.0290181083297853,2372.63,2444.44,2354.0,2425.1,342791.7013,0.0221103917998517,101.14,4577672.06,0.0439719240297276,307.3,352421.789,0.015196564255038,4,-0.1094701037509366,0.848279744386673,0.3785195073578506,0.4879896111087873,0.1334908832795917,2.0,0.0,2.0,1.0,0.5,0.0,0.5,0.0362686472933239,0.0372933074924745,0.0290181083297853,0.0221103917998517
2024-02-08,44349.6,45614.3,44331.1,45288.65,45439.62231,0.0211738099103486,2425.09,2463.15,2411.01,2419.55,338040.0539,-0.0022885654199825,102.76,5082811.46,0.0160174016215148,319.2,921496.502,0.0387243735763096,6,0.4441165480141838,0.732255424062411,0.5336089233557383,0.0894923753415544,0.3768987084428469,2.0,3.0,1.0,1.5,0.3333333333333333,0.5,0.1666666666666666,0.028333809906014,0.021549461676758,0.0211738099103486,0.0022885654199825
2024-02-09,45288.66,48200.0,45242.12,47132.77,73503.481,0.0407192530578852,2419.56,2525.0,2419.16,2486.56,492384.385,0.0276952325845714,106.94,6686758.45,0.040677306344881,324.0,739178.081,0.0150375939849625,12,0.3413936727059384,0.7916481792926788,0.4819782270739476,0.1405845543680091,0.3774372342353065,6.0,5.0,1.0,1.4166666666666667,0.5,0.4166666666666667,0.0833333333333333,0.0627563370453295,0.0425648285181134,0.0407192530578852,0.0276952325845714
2024-02-10,47132.78,48170.0,46800.0,47751.09,24802.35936,0.0131186857891016,2486.56,2516.45,2471.57,2500.24,185099.59,0.0055015764751302,109.01,3939526.49,0.0193566485879932,323.0,321477.064,-0.0030864197530864,7,0.1402710342247571,0.8909339904785156,0.3976800050586462,0.2574089708338891,0.3449109925755432,3.0,2.0,2.0,0.8571428571428571,0.4285714285714285,0.2857142857142857,0.2857142857142857,0.0286904445532028,0.0179502767734296,0.0131186857891016,0.0055015764751302
2024-02-11,47751.08,48592.66,47557.16,48299.99,29958.80837,0.0114950255585788,2500.24,2539.63,2493.45,2507.21,219975.1471,0.0027877323776919,107.46,2755398.4,-0.0142188790019265,320.7,280308.105,-0.0071207430340557,6,0.5273961348769566,0.79746742049853,0.6116486918181181,0.0842525569411615,0.3040987489124139,4.0,2.0,0.0,1.3333333333333333,0.6666666666666666,0.3333333333333333,0.0,0.0214389278341465,0.0184188799502236,0.0114950255585788,0.0027877323776919
2024-02-12,48300.0,50334.82,47710.01,49917.27,59009.96705,0.033484064903533,2507.22,2665.58,2472.0,2659.99,449501.776,0.0609362598266598,111.64,6169652.05,0.0388981946770892,327.8,576734.162,0.0221390707826629,5,0.4787915222346782,0.7692505478858948,0.5327816933393478,0.0539901711046695,0.4132281258702278,3.0,2.0,0.0,1.4,0.6,0.4,0.0,0.052583204169619,0.0727747096793596,0.033484064903533,0.0609362598266598
2024-02-13,49917.28,50368.61,48300.95,49699.59,55551.56706,-0.0043608154051694,2659.99,2686.12,2590.0,2639.99,502447.745,-0.0075188252587415,112.48,5622825.56,0.0075241848799714,324.7,441545.83,-0.0094569859670531,5,0.4285187967121601,0.7155541598796844,0.5969967007637024,0.1684779040515422,0.2345254033803939,3.0,2.0,0.0,1.0,0.6,0.4,0.0,0.0416031601065522,0.0364092288228364,0.0043608154051694,0.0075188252587415
2024-02-14,49699.6,52043.71,49225.01,51795.17,57046.37401,0.042164935364658,2639.99,2786.0,2618.4,2774.81,461670.6944,0.0510683752589973,116.97,4884824.42,0.0399182076813655,333.9,452466.98,0.0283338466276563,10,0.4474294701125473,0.8256332457065583,0.6011207293719053,0.153691259259358,0.2451880186796187,7.0,1.0,2.0,1.2,0.7,0.1,0.2,0.0544201322246842,0.0604005319283121,0.042164935364658,0.0510683752589973
2024-02-15,51795.17,52816.62,51314.0,51880.0,53816.03055,0.0016377975011956,2774.8,2867.65,2759.25,2822.59,481689.1874,0.0172191969900643,113.5,4927735.5,-0.0296657262545951,354.2,1361590.403,0.0607966457023061,7,0.5571511610011969,0.7806331515312195,0.5885211830692632,0.0313700220680662,0.3801087886095047,5.0,2.0,0.0,1.1428571428571428,0.7142857142857143,0.2857142857142857,0.0,0.0289633770239013,0.0384044441452708,0.0016377975011956,0.0172191969900643
2024-02-16,51880.01,52572.08,51566.0,52124.11,37772.25318,0.0047052814186585,2822.58,2857.4,2740.0,2801.8,378070.8037,-0.007365575588378,110.33,3947132.77,-0.0279295154185021,360.4,1061855.986,0.0175042348955392,10,0.5931515284813941,0.7321406006813049,0.6262004688382149,0.0330489403568207,0.3407506052404642,7.0,3.0,0.0,0.8,0.7,0.3,0.0,0.0193016245265387,0.0419016346634306,0.0047052814186585,0.007365575588378
2024-02-17,52124.1,52162.82,50625.0,51642.64,25674.00622,-0.0092369922479251,2801.81,2804.21,2719.01,2785.93,243302.8759,-0.0056642158612322,108.92,2897705.67,-0.0127798422913079,352.9,630266.52,-0.0208102108768035,7,0.7568025865725109,0.8094007883753095,0.7705912462302617,0.0137886596577507,0.2156201276396001,6.0,1.0,0.0,1.1428571428571428,0.8571428571428571,0.1428571428571428,0.0,0.0297781058443177,0.0305822472208561,0.0092369922479251,0.0056642158612322
2024-02-18,51642.64,52377.0,51163.28,52137.67,21992.10363,0.0095856834584753,2785.92,2895.0,2764.25,2881.2,367987.8833,0.0341968391165607,112.24,3083833.73,0.0304810870363569,349.8,495667.634,-0.0087843581751203,10,0.600844512367621,0.8770044207572937,0.6481085050851106,0.0472639927174895,0.3046275088563561,7.0,3.0,0.0,1.3,0.7,0.3,0.0,0.0232791377136723,0.0453803970567819,0.0095856834584753,0.0341968391165607
2024-02-19,52137.68,52488.77,51677.0,51774.73,29534.99432,-0.0069611856456185,2881.2,2984.52,2856.93,2944.8,446451.0401,0.0220741357767597,111.53,3746704.95,-0.0063257305773342,351.6,830917.534,0.0051457975986277,12,0.5449104121265312,0.8889065633217493,0.6427818665591379,0.0978714544326066,0.2593466839753091,8.0,3.0,1.0,0.9166666666666666,0.6666666666666666,0.25,0.0833333333333333,0.0156788842742395,0.0433272208638957,0.0069611856456185,0.0220741357767597
2024-02-20,51774.74,52985.0,50760.37,52258.82,49614.47318,0.0093499280440476,2944.8,3033.09,2874.56,3014.81,634681.7471,0.023774110296115,108.31,5676734.13,-0.0288711557428494,354.6,972650.558,0.0085324232081911,9,0.1624081406949294,0.7592736879984537,0.3525824070804648,0.1901742663855353,0.4572433311906125,2.0,5.0,2.0,1.1111111111111112,0.2222222222222222,0.5555555555555556,0.2222222222222222,0.0425694648290948,0.0525837449126147,0.0093499280440476,0.023774110296115
2024-02-21,52258.82,52366.8,50625.0,51849.39,43079.40049,-0.007834658340927,3014.81,3017.15,2868.0,2967.9,595955.0033,-0.0155598528597158,105.03,4752688.01,-0.0302834456652202,379.2,1701415.313,0.0693739424703889,4,-0.4963805295992642,0.8094857782125473,0.0314469968434422,0.5278275264427066,0.4407254997640848,0.0,2.0,2.0,0.5,0.0,0.5,0.5,0.0335934521119728,0.0502543886249537,0.007834658340927,0.0155598528597158
2024-02-22,51849.38,52065.78,50940.78,51288.42,35309.44574,-0.0108192208240058,2967.91,3036.02,2906.51,2971.4,563525.9936,0.0011792850163414,101.76,3905642.33,-0.0311339617252213,382.6,1409647.481,0.0089662447257385,10,0.2421726884320378,0.7187170207500457,0.3588515797629952,0.1166788913309573,0.5244695141911506,4.0,5.0,1.0,1.2,0.4,0.5,0.1,0.0219347759201784,0.0435855152453388,0.0108192208240058,0.0011792850163414
2024-02-23,51288.42,51548.54,50521.0,50744.15,30545.79544,-0.0106119471022892,2971.4,2993.8,2906.05,2922.24,428826.5787,-0.0165443898499024,99.9,3546853.99,-0.0182783018867924,375.5,1027891.295,-0.0185572399372713,12,0.0447444021701812,0.7842178146044413,0.3126233044701318,0.2678789022999505,0.4194977606336276,4.0,5.0,3.0,1.3333333333333333,0.3333333333333333,0.4166666666666667,0.25,0.0202494277665504,0.0300283344283837,0.0106119471022892,0.0165443898499024
2024-02-24,50744.15,51698.0,50585.0,51568.22,16560.4211,0.0162397044782502,2922.25,3007.48,2906.4,2992.62,243854.0783,0.0240842641261498,104.01,2334116.02,0.041141141141141,381.7,444587.481,0.0165113182423435,10,0.4100415678229183,0.732701775431633,0.4880889136344194,0.0780473458115011,0.4338637571781873,6.0,3.0,1.0,0.7,0.6,0.3,0.1,0.0215830602646358,0.0337764233347367,0.0162397044782502,0.0240842641261498
2024-02-25,51568.21,51958.55,51279.8,51728.85,18721.63159,0.0031149029382824,2992.62,3122.0,2983.61,3112.59,412306.2237,0.0400886180002808,103.47,1967184.81,-0.0051918084799539,388.5,643002.671,0.0178150379879487,5,0.5807212047278881,0.8521212220191956,0.6162058800458908,0.0354846753180026,0.3483094550669193,3.0,2.0,0.0,0.2,0.6,0.4,0.0,0.0131213046491464,0.044461364972579,0.0031149029382824,0.0400886180002808
2024-02-26,51728.85,54910.0,50901.44,54476.47,51256.72199,0.053115814482634,3112.6,3196.0,3036.59,3175.94,546722.7747,0.0203528251391926,109.9,5392138.71,0.0621436165072002,401.6,1196262.204,0.0337194337194337,10,0.0754280920140445,0.843262666463852,0.3455637272447347,0.2701356352306902,0.3843006636947393,3.0,4.0,3.0,1.1,0.3,0.4,0.3,0.0735833287288988,0.0501930137219216,0.053115814482634,0.0203528251391926
2024-02-27,54476.48,57588.15,54450.13,57037.34,67194.98562,0.0470087360653139,3175.95,3288.14,3160.02,3242.36,625939.1221,0.0209134933279595,108.36,6198163.52,-0.0140127388535032,394.6,915873.073,-0.0174302788844621,11,0.7051447284492579,0.8745270317251032,0.724541995335709,0.0193972668864509,0.2560607450590892,9.0,2.0,0.0,1.0,0.8181818181818182,0.1818181818181818,0.0,0.0550169415333885,0.0395144277624939,0.0470087360653139,0.0209134933279595
2024-02-28,57037.35,64000.0,56691.85,62432.1,118763.46984,0.0945829521502932,3242.35,3488.0,3176.16,3383.1,947538.766,0.0434066544122182,119.03,11832282.01,0.098468069398302,414.6,1348008.995,0.05068423720223,10,0.6383019907400012,0.8170208036899567,0.7279872015118599,0.0896852107718586,0.1823275823146104,8.0,1.0,1.0,0.8,0.8,0.1,0.1,0.1170575713455097,0.092175815080843,0.0945829521502932,0.0434066544122182
2024-02-29,62432.11,63676.35,60364.7,61130.98,78425.07603,-0.020840561185672,3383.11,3522.81,3300.0,3340.09,759698.1123,-0.0127131920428008,125.68,13847087.32,0.0558682685037386,399.4,1146024.362,-0.0366618427399905,11,0.4163984724066474,0.8033185492862355,0.4572422511198304,0.0408437787131829,0.5019139725376259,5.0,6.0,0.0,1.2727272727272727,0.4545454545454545,0.5454545454545454,0.0,0.0541730232363361,0.0667077833232038,0.020840561185672,0.0127131920428008
2024-03-01,61130.99,63114.23,60777.0,62387.9,47737.93473,0.0205610968448404,3340.1,3450.0,3338.54,3433.43,412788.5773,0.0279453547658894,129.43,8376631.09,0.0298376830044557,407.4,586580.611,0.0200300450676014,7,-0.0046383228951267,0.7971102510179792,0.3668488872104457,0.3714872101055723,0.261663886851498,3.0,1.0,3.0,0.4285714285714285,0.4285714285714285,0.1428571428571428,0.4285714285714285,0.0374628734097477,0.0324631636584989,0.0205610968448404,0.0279453547658894
2024-03-02,62387.9,62433.19,61561.12,61987.28,25534.73659,-0.0064214374902825,3433.42,3460.04,3390.01,3421.4,283984.9448,-0.0035037848448926,130.02,4693251.94,0.0045584485822451,410.9,590018.543,0.0085910652920961,10,0.5490525260567665,0.8614064991474152,0.6029112106189132,0.0538586845621466,0.3432301137596368,6.0,4.0,0.0,1.2,0.6,0.4,0.0,0.0140685314793615,0.0204682293797859,0.0064214374902825,0.0035037848448926
2024-03-03,61987.28,63231.88,61320.0,63113.97,28994.90903,0.0181761483968969,3421.39,3491.8,3360.0,3487.81,341631.531,0.0194101829660373,130.16,5228370.86,0.001076757421935,414.5,838274.346,0.0087612557799952,5,0.3294590283185243,0.8049776673316955,0.5376835126429796,0.2082244843244552,0.2540920168161392,3.0,1.0,1.0,1.0,0.6,0.2,0.2,0.0302925010104735,0.0377887556948343,0.0181761483968969,0.0194101829660373
2024-03-04,63113.97,68499.0,62300.0,68245.71,84835.16005,0.0813090984452413,3487.8,3640.94,3423.78,3627.76,715360.6361,0.0401254655500156,133.27,8053684.79,0.0238936693300553,418.4,1045414.001,0.0094089264173702,12,0.4503920398031671,0.745267778635025,0.5318373621751865,0.0814453223720192,0.3867172839430471,7.0,4.0,1.0,1.0,0.5833333333333334,0.3333333333333333,0.0833333333333333,0.0908335483651646,0.0598606302511742,0.0813090984452413,0.0401254655500156
2024-03-05,68245.71,69000.0,59005.0,63724.01,132696.7813,-0.0662561793261438,3627.75,3822.04,3200.0,3553.65,1392904.864,-0.0204285840298146,125.31,17035242.52,-0.0597283709762137,394.1,2073303.79,-0.058078393881453,11,0.378628866916353,0.7371774559671228,0.4378499324348839,0.0592210655185308,0.5029289974746379,3.0,8.0,0.0,1.0,0.2727272727272727,0.7272727272727273,0.0,0.1568482586077053,0.1750425618730038,0.0662561793261438,0.0204285840298146
2024-03-06,63724.01,67641.1,62779.14,66074.04,78738.85491,0.0368782504428077,3553.66,3900.0,3499.4,3818.59,969494.71,0.0745543314620178,130.79,9581617.48,0.043731545766499,429.4,1804741.112,0.0895711748287235,9,0.3505559506722622,0.803246451748742,0.372712088541852,0.0221561378695898,0.6051317966646619,2.0,7.0,0.0,1.6666666666666667,0.2222222222222222,0.7777777777777778,0.0,0.0735835132829778,0.1049078324721952,0.0368782504428077,0.0745543314620178
2024-03-07,66074.04,67980.0,65551.0,66823.17,53059.8869,0.0113377356674422,3818.58,3933.81,3735.0,3868.76,540780.675,0.0131383573517973,143.82,10952975.3,0.0996253536203073,474.6,1672134.41,0.1052631578947369,13,0.4194351480557368,0.8067235809106094,0.5062697383646781,0.0868345903089412,0.4068956704666981,6.0,6.0,1.0,1.1538461538461535,0.4615384615384615,0.4615384615384615,0.0769230769230769,0.0363496673384396,0.051388558607926,0.0113377356674422,0.0131383573517973
2024-03-08,66823.18,69990.0,66082.66,68124.19,74261.932842,0.0194695941542433,3868.76,3993.75,3820.0,3883.36,646399.2589,0.0037738190014371,144.79,8096745.65,0.0067445417883464,485.8,1660311.361,0.0235988200589969,18,0.4995510552285446,0.8069834080007341,0.5373641154211428,0.0378130601925982,0.4248228317333591,10.0,8.0,0.0,1.2222222222222223,0.5555555555555556,0.4444444444444444,0.0,0.0573561315004258,0.0447421820279345,0.0194695941542433,0.0037738190014371
2024-03-09,68124.2,68541.1,67861.1,68313.27,19872.89743,0.0027755192392011,3883.37,3942.0,3870.01,3905.21,254839.1386,0.0056265708046638,144.29,3686876.81,-0.0034532771600248,488.3,852029.241,0.0051461506792918,5,0.5664011649787426,0.9185547351837158,0.5970954209566116,0.030694255977869,0.372210331261158,3.0,2.0,0.0,1.2,0.6,0.4,0.0,0.0099541421454426,0.018434347960801,0.0027755192392011,0.0056265708046638
2024-03-10,68313.28,69887.61,68094.75,68955.88,38404.66835,0.0094068107118865,3905.2,3964.67,3791.26,3878.47,356664.68,-0.0068472630153052,144.39,4489519.25,0.000693048721325,528.9,1944137.084,0.0831456072086831,10,0.3590448427945375,0.7611501395702363,0.4405037652701139,0.0814589224755763,0.4780373275279999,5.0,5.0,0.0,1.4,0.5,0.5,0.0,0.0260001032544287,0.0447109298254208,0.0094068107118865,0.0068472630153052
2024-03-11,68955.88,72800.0,67024.96,72078.1,75292.825726,0.0452785172199963,3878.47,4086.23,3722.95,4064.8,721554.5139,0.0480421403285316,148.83,7743384.35,0.0307500519426555,523.0,1608146.397,-0.011155227831348,18,0.3001616684099038,0.8533986078368293,0.3744893355502022,0.0743276671402983,0.5511829944120513,6.0,11.0,1.0,0.8333333333333334,0.3333333333333333,0.6111111111111112,0.0555555555555555,0.0801219787979981,0.0893721708325133,0.0452785172199963,0.0480421403285316
2024-03-12,72078.1,73000.0,68620.82,71452.01,68783.546691,-0.0086862722519046,4064.8,4093.92,3828.98,3979.96,632787.3941,-0.0208718756150364,151.05,8930538.0,0.0149163475105824,537.5,1924767.687,0.0277246653919693,15,0.587716971958677,0.8113450944423676,0.6575725550452868,0.0698555830866098,0.2725718741615612,11.0,3.0,1.0,1.3333333333333333,0.7333333333333333,0.2,0.0666666666666666,0.0612884088215292,0.0665685082262133,0.0086862722519046,0.0208718756150364
2024-03-13,71452.0,73650.25,71333.31,73072.41,52659.711647,0.0226781583891062,3979.97,4083.0,3932.23,4004.79,482305.7766,0.0062387561684036,163.9,7627285.95,0.0850711684872558,630.5,2526002.564,0.1730232558139535,19,0.6392771993812761,0.7963267000097978,0.6902731835449997,0.0509959841637234,0.2587308238603566,15.0,3.0,1.0,1.263157894736842,0.7894736842105263,0.1578947368421052,0.0526315789473684,0.031707452922382,0.0376474172178815,0.0226781583891062,0.0062387561684036
2024-03-14,73072.4,73777.0,68555.0,71388.94,71757.628746,-0.0230383806966267,4004.79,4010.98,3723.0,3881.7,648237.5245,-0.0307356940064273,176.65,10423585.86,0.0777913361805979,603.2,2119540.3,-0.0432989690721649,13,0.0662808796534171,0.7846295879437373,0.4330555863965016,0.3667747067430845,0.2001697113021061,7.0,2.0,4.0,0.7692307692307693,0.5384615384615384,0.1538461538461538,0.3076923076923077,0.0731485857613238,0.0741891439317824,0.0230383806966267,0.0307356940064273
2024-03-15,71388.94,72419.71,65600.0,69499.85,103334.03546,-0.0264619421439791,3881.69,3934.02,3570.0,3742.19,947537.4071,-0.0359404384676815,183.95,17484961.6,0.0413246532691762,632.7,3066312.788,0.0489058355437665,18,0.0297133113361067,0.8006600009070503,0.288035563348482,0.2583222520123753,0.4536421963324149,4.0,9.0,5.0,1.1111111111111112,0.2222222222222222,0.5,0.2777777777777778,0.0981255355227386,0.0972745905472464,0.0264619421439791,0.0359404384676815
2024-03-16,69499.84,70043.0,64780.0,65300.63,55926.95336,-0.0604205620587671,3742.19,3781.12,3468.8,3523.09,548288.1569,-0.0585486038923731,182.05,13017058.01,-0.0103288937211197,576.4,1811838.042,-0.088983720562668,6,0.3997994268623491,0.8667441109816233,0.6014047597224513,0.2016053328601021,0.1969899094353119,4.0,1.0,1.0,0.6666666666666666,0.6666666666666666,0.1666666666666666,0.1666666666666666,0.0805964659146473,0.088649452611202,0.0604205620587671,0.0585486038923731
2024-03-17,65300.64,68904.4,64533.0,68393.48,49742.21589,0.0473632490222528,3523.09,3678.68,3412.0,3644.71,517790.9936,0.0345208325645951,201.86,10524537.06,0.1088162592694315,571.7,1712920.341,-0.008154059680777,13,0.3837797121288112,0.8508861706807063,0.5656652778673631,0.1818855657385518,0.25244916903858,8.0,3.0,2.0,0.3846153846153846,0.6153846153846154,0.2307692307692307,0.1538461538461538,0.0639154492504255,0.0731690587179775,0.0473632490222528,0.0345208325645951
2024-03-18,68393.47,68956.0,66565.2,67609.99,55691.08088,-0.0114556241325926,3644.7,3645.02,3454.09,3520.46,570901.2851,-0.0340905037712191,195.92,11583736.08,-0.0294263350837215,555.4,2284301.814,-0.0285114570578975,13,0.392179736115325,0.8258417432124798,0.4863609554819189,0.0941812193665939,0.4194578201724933,7.0,5.0,1.0,0.3076923076923077,0.5384615384615384,0.3846153846153846,0.0769230769230769,0.0353616381247801,0.054234389824057,0.0114556241325926,0.0340905037712191
2024-03-19,67610.0,68124.11,61555.0,61937.4,101005.32487,-0.0839016541786207,3520.47,3548.09,3150.88,3158.64,1049629.6936,-0.1027763417280697,169.82,16935298.87,-0.1332176398530011,507.7,2551361.512,-0.0858840475333093,11,0.277489342726767,0.8154662955891002,0.389670110815628,0.1121807680888608,0.4981491304934025,3.0,7.0,1.0,1.181818181818182,0.2727272727272727,0.6363636363636364,0.0909090909090909,0.1060604739624201,0.1257534888432996,0.0839016541786207,0.1027763417280697
2024-03-20,61937.41,68100.0,60775.0,67840.51,90420.58592,0.0953076816269329,3158.65,3535.24,3056.56,3516.53,1207322.8201,0.1133050933313073,191.77,12365784.68,0.1292545047697564,556.8,1425296.579,0.096710655899153,15,-0.043477734302481,0.8248840649922689,0.182605518400669,0.22608325270315,0.5913112377127011,2.0,10.0,3.0,1.0666666666666669,0.1333333333333333,0.6666666666666666,0.2,0.1079738345127417,0.1361228256263986,0.0953076816269329,0.1133050933313073
2024-03-21,67840.51,68240.47,64529.01,65501.27,53357.48002,-0.034481462477213,3516.53,3587.32,3412.0,3492.85,602755.2072,-0.0067339109861142,179.46,8064316.56,-0.0641914793763362,553.8,953921.372,-0.0053879310344827,12,0.2092467525120203,0.7873933240771294,0.4001295818015933,0.1908828292895729,0.4089875680704911,5.0,5.0,2.0,0.75,0.4166666666666667,0.4166666666666667,0.1666666666666666,0.0566624128051257,0.0501939676768255,0.034481462477213,0.0067339109861142
2024-03-22,65501.28,66649.62,62260.0,63796.64,51482.37821,-0.0260243809013168,3492.84,3542.52,3250.0,3336.35,558848.888,-0.0448058175988089,175.21,6152106.89,-0.0236821575838627,553.8,1181298.51,0.0,9,-0.1079646452433533,0.7873589131567214,0.3047241488885548,0.4126887941319081,0.2825870445619026,2.0,2.0,5.0,0.8888888888888888,0.2222222222222222,0.2222222222222222,0.5555555555555556,0.0688064449789204,0.0876766526293704,0.0260243809013168,0.0448058175988089
2024-03-23,63796.64,65999.0,63000.0,63990.01,26410.11409,0.0030310373712472,3336.35,3435.48,3270.08,3329.53,323675.9448,-0.0020441500442098,172.65,3504716.61,-0.0146110381827521,551.9,608753.329,-0.0034308414590104,7,0.4304690388297396,0.7781720757484436,0.5492424281047923,0.1187733892750526,0.3319841516869409,4.0,2.0,1.0,1.1428571428571428,0.5714285714285714,0.2857142857142857,0.1428571428571428,0.0468666905974854,0.0496766810931272,0.0030310373712472,0.0020441500442098
2024-03-24,63990.02,67628.69,63772.29,67209.99,31395.78015,0.0503200421440783,3329.53,3471.22,3298.76,3454.98,260824.1408,0.0376779905872599,183.88,3578259.38,0.0650448885027512,567.7,442930.35,0.0286283747055626,4,0.7285955077968538,0.9059432446956636,0.7430284805595875,0.0144329727627336,0.2425385187380015,3.0,1.0,0.0,0.5,0.75,0.25,0.0,0.0573783748517147,0.049916352627222,0.0503200421440783,0.0376779905872599
2024-03-25,67210.0,71150.0,66385.06,69880.01,53431.14486,0.0397265347011654,3454.99,3666.0,3420.12,3590.42,548577.6942,0.0392013846679286,188.99,5240091.85,0.0277898629541006,587.0,802695.512,0.0339968293112558,9,0.604017967875633,0.8496156533559164,0.690277551404304,0.0862595835286709,0.2234628792438241,7.0,1.0,1.0,0.8888888888888888,0.7777777777777778,0.1111111111111111,0.1111111111111111,0.0681874544665921,0.0684822388467087,0.0397265347011654,0.0392013846679286
2024-03-26,69880.0,71561.1,69280.0,69988.0,38934.38417,0.0015453632591067,3590.43,3678.86,3542.62,3587.33,499013.8384,-0.00086062354822,190.46,4465611.36,0.0077781893221864,580.4,569324.079,-0.011243611584327,14,0.1186944606181766,0.7582548175539289,0.3443324909146343,0.2256380302964576,0.4300294703404818,6.0,5.0,3.0,1.2142857142857142,0.4285714285714285,0.3571428571428571,0.2142857142857142,0.032592730182317,0.0379781062796007,0.0015453632591067,0.00086062354822
2024-03-27,69987.99,71769.54,68359.18,69469.99,49119.35685,-0.007401411670572,3587.32,3665.84,3460.02,3501.19,443195.3297,-0.0240122876902877,186.33,5173929.09,-0.0216843431691693,574.3,531668.402,-0.0105099931082013,13,0.1823464284579341,0.78646032168315,0.3457594255988414,0.1634129971409073,0.4908275813437425,5.0,6.0,2.0,0.9230769230769232,0.3846153846153846,0.4615384615384615,0.1538461538461538,0.0490911255349252,0.0587857271384872,0.007401411670572,0.0240122876902877
2024-03-28,69469.99,71552.06,68903.62,70780.6,35439.03239,0.0188658440860578,3501.2,3611.78,3465.0,3560.49,404654.0311,0.016937098529357,189.63,3602194.14,0.0177105136048945,583.4,503901.624,0.0158453769806721,13,0.4055454396427824,0.8022425770759583,0.4883411786017509,0.0827957389589685,0.4288630817945187,6.0,6.0,1.0,1.0,0.4615384615384615,0.4615384615384615,0.0769230769230769,0.0374175974772748,0.0412246628975225,0.0188658440860578,0.016937098529357
2024-03-29,70780.6,70916.16,69009.0,69850.54,25445.08353,-0.0131400411977294,3560.49,3584.37,3445.91,3509.74,323086.179,-0.0142536560978966,192.01,3580115.76,0.0125507567368032,612.5,1042401.169,0.0498800137127186,7,0.3581350634672812,0.8215300525937762,0.5078195583607469,0.1496844948934657,0.3424959464796951,3.0,3.0,1.0,0.7142857142857143,0.4285714285714285,0.4285714285714285,0.1428571428571428,0.0273034396011828,0.0394502156854923,0.0131400411977294,0.0142536560978966
2024-03-30,69850.53,70321.1,69540.0,69582.18,13644.61142,-0.003841917328055,3509.74,3565.81,3485.0,3505.64,216025.2634,-0.0011681776997726,194.2,3491334.38,0.0114056559554189,600.7,501020.148,-0.0192653061224489,5,0.3233900820836425,0.7871350526809693,0.5109494846314192,0.1875594025477766,0.3014911197125911,3.0,1.0,1.0,1.2,0.6,0.2,0.2,0.0112255752837868,0.0230514257025821,0.003841917328055,0.0011681776997726
2024-03-31,69582.17,71366.0,69562.99,71280.01,19396.34433,0.024400356528065,3505.65,3655.32,3505.09,3645.29,243464.9877,0.0398358074417224,202.45,2398135.45,0.0424819773429454,606.7,325136.967,0.0099883469285833,4,-0.11757343262434,0.7901091575622559,0.2422325983643531,0.3598060309886932,0.3979613333940505,1.0,1.0,2.0,1.0,0.25,0.25,0.5,0.0252947495377735,0.0412120846352416,0.024400356528065,0.0398358074417224
2024-04-01,71280.0,71288.23,68062.86,69649.8,41445.32039,-0.0228705074536323,3645.29,3645.95,3413.71,3503.8,408854.1225,-0.0388144701793272,192.24,4599776.65,-0.0504322054828352,575.8,723114.09,-0.0509312675127742,6,0.5236377826270958,0.6970850179592768,0.6150961990157763,0.0914584163886805,0.2934453828881184,4.0,1.0,1.0,1.3333333333333333,0.6666666666666666,0.1666666666666666,0.1666666666666666,0.0463083885380861,0.0662823220503452,0.0228705074536323,0.0388144701793272
2024-04-02,69649.81,69674.23,64550.0,65463.99,71799.82793,-0.0600979471584987,3503.8,3505.6,3212.0,3278.96,623264.6476,-0.0641703293566985,181.53,5766777.4,-0.0557116104868914,551.4,998260.814,-0.0423758249392149,5,-0.1219271130859852,0.8805606126785278,0.23959646448493,0.3615235775709152,0.3988799408078193,1.0,2.0,2.0,0.8,0.2,0.4,0.4,0.078275552712262,0.0895405860394759,0.0600979471584987,0.0641703293566985
2024-04-03,65463.99,66903.63,64493.07,65963.28,39887.21778,0.0076269411626148,3278.96,3367.4,3202.79,3310.83,410484.1933,0.0097195452216556,185.05,5010275.57,0.0193907343138874,561.5,683925.233,0.018317011244106,12,0.1508878071326762,0.7592336758971214,0.3617159435525536,0.2108281364198773,0.4274559328332543,4.0,5.0,3.0,0.5,0.3333333333333333,0.4166666666666667,0.25,0.0365439680986149,0.0497186506102699,0.0076269411626148,0.0097195452216556
2024-04-04,65963.27,69309.91,65064.52,68487.79,41510.48453,0.0382714443551017,3310.83,3443.93,3250.92,3327.4,356338.5716,0.0050047873191918,184.0,3773747.36,-0.0056741421237503,585.5,879640.68,0.0427426536064114,9,0.5705169039881892,0.7525294224421183,0.583958763215277,0.0134418592270877,0.4025993790063593,7.0,2.0,0.0,0.6666666666666666,0.7777777777777778,0.2222222222222222,0.0,0.0619875455172375,0.058006251127006,0.0382714443551017,0.0050047873191918
2024-04-05,68487.8,68756.67,65952.56,67820.62,37915.23073,-0.0097414444238892,3327.39,3350.0,3210.0,3317.85,344556.7983,-0.0028701087936527,174.37,5000847.22,-0.052336956521739,577.8,634206.619,-0.0131511528608028,21,-0.0344552294838996,0.8074537104084378,0.2956960312578649,0.3301512607417645,0.3741526985097498,8.0,6.0,7.0,0.7142857142857143,0.3809523809523809,0.2857142857142857,0.3333333333333333,0.041345980027903,0.04219600042196,0.0097414444238892,0.0028701087936527
2024-04-06,67820.63,69692.0,67447.83,68896.0,20134.28919,0.0158562395920296,3317.85,3398.42,3306.68,3351.59,183312.2125,0.0101692361016925,178.68,2641869.38,0.0247175546252222,585.4,226975.996,0.0131533402561441,12,-0.0921942446536073,0.8023638874292374,0.2929488448426127,0.3851430894962201,0.3219080568912129,3.0,3.0,6.0,0.6666666666666666,0.25,0.25,0.5,0.0325732988852763,0.0273720831008566,0.0158562395920296,0.0101692361016925
2024-04-07,68896.0,70326.29,68824.0,69360.39,21534.74433,0.0067404493729679,3351.59,3459.94,3344.08,3454.2,210459.0752,0.0306153198929461,179.52,2235798.23,0.0047011417058429,583.9,263849.216,-0.0025623505295524,10,0.2705324848182499,0.8191558420658112,0.5030854281038046,0.2325529432855546,0.2643616268411278,6.0,2.0,2.0,0.7,0.6,0.2,0.2,0.0216591919393762,0.0335417752301546,0.0067404493729679,0.0306153198929461
2024-04-08,69360.38,72797.99,69043.24,71620.0,45723.87624,0.0325778156668381,3454.2,3730.71,3406.36,3694.61,496841.3532,0.069599328353888,180.68,3690701.97,0.0064616755793225,586.4,483568.312,0.0042815550607981,16,0.2726941140426788,0.8079142868518829,0.4402883062139153,0.1675941921712364,0.3921174972783773,7.0,6.0,3.0,0.5,0.4375,0.375,0.1875,0.0524259983244903,0.0877900509120042,0.0325778156668381,0.069599328353888
2024-04-09,71620.0,71758.19,68210.0,69146.0,39293.90242,-0.0345434236246858,3694.61,3727.34,3450.46,3506.39,457592.252,-0.0509444839915445,172.42,3401885.89,-0.045716183307505,580.5,596275.792,-0.0100613915416097,6,0.2658051170098285,0.7870519409577051,0.4996723228444655,0.233867205834637,0.2664604615420103,3.0,1.0,2.0,1.0,0.5,0.1666666666666666,0.3333333333333333,0.0513144650449773,0.078964404986325,0.0345434236246858,0.0509444839915445
2024-04-10,69146.0,71172.08,67518.0,70631.08,42006.02377,0.0214774535041795,3506.4,3562.95,3411.82,3545.64,389404.9055,0.0111938489443559,173.31,4653467.65,0.0051618141746898,609.7,816050.7,0.0503014642549526,14,0.0966196616313287,0.8482412568160466,0.4549415359007461,0.3583218742694173,0.1867365823792559,6.0,2.0,6.0,1.2857142857142858,0.4285714285714285,0.1428571428571428,0.4285714285714285,0.0517347320754546,0.042624180683882,0.0214774535041795,0.0111938489443559
2024-04-11,70631.08,71305.89,69567.21,70006.23,31917.25595,-0.0088466720316325,3545.64,3618.3,3474.52,3502.52,338139.5534,-0.0121614151464897,172.37,3761197.49,-0.0054238070509491,604.6,579678.194,-0.0083647695587995,9,0.2905190922837291,0.7915387683444552,0.5169357010163367,0.2264166087326075,0.256647710998853,5.0,2.0,2.0,0.5555555555555556,0.5555555555555556,0.2222222222222222,0.2222222222222222,0.0248360753035836,0.04105044368055,0.0088466720316325,0.0121614151464897
2024-04-12,70006.22,71227.46,65086.86,67116.52,56072.86229,-0.0412778976956763,3502.52,3552.4,3100.0,3237.43,697327.1174,-0.0756855064353665,153.16,6842096.22,-0.11144630736207,595.6,1517722.658,-0.0148858749586503,14,0.267105113116226,0.7085532205445426,0.4307578720285424,0.1636527589123163,0.4055893811663346,4.0,8.0,2.0,1.5,0.2857142857142857,0.5714285714285714,0.1428571428571428,0.091491632760459,0.1397404731530875,0.0412778976956763,0.0756855064353665
2024-04-13,67116.52,67929.0,60660.57,63924.51,71395.22019,-0.0475592298289602,3237.42,3301.9,2852.0,3007.01,994971.2354,-0.071173739663869,138.47,15444420.06,-0.0959127709584748,553.1,1761628.473,-0.0713566151779717,7,-0.4636883295274207,0.8534928900854928,0.1734944882669618,0.6371828177943826,0.1893226943377937,1.0,1.0,5.0,1.1428571428571428,0.1428571428571428,0.1428571428571428,0.7142857142857143,0.1137033353873185,0.1496170614663736,0.0475592298289602,0.071173739663869
2024-04-14,63924.52,65840.0,62134.0,65661.84,61599.17818,0.0271778383596525,3007.01,3174.23,2906.73,3155.11,737580.4666,0.0492515821364079,151.25,12428370.68,0.0922943597891239,566.4,965488.003,0.0240462845778339,8,0.267247206706088,0.8065335378050804,0.4639643626287579,0.1967171559226699,0.3393184863962233,4.0,3.0,1.0,1.125,0.5,0.375,0.125,0.0564406967578124,0.0847830978951605,0.0271778383596525,0.0492515821364079
2024-04-15,65661.85,66867.07,62274.4,63419.99,52389.53069,-0.0341423572656507,3155.11,3277.85,3023.19,3101.99,605430.8863,-0.016836180038097,138.51,9332424.74,-0.0842314049586777,552.7,698443.303,-0.0241878531073445,19,0.3173252743619837,0.7719466184314928,0.4409085164140713,0.1235832420520876,0.4355082590329019,7.0,10.0,2.0,1.0526315789473684,0.3684210526315789,0.5263157894736842,0.1052631578947368,0.0724167569247489,0.0820956869622403,0.0341423572656507,0.016836180038097
2024-04-16,63419.99,64365.0,61600.0,63793.39,53435.29331,0.0058877335048459,3102.0,3128.01,2986.0,3084.22,526113.855,-0.005728580685302,136.22,9794711.9,-0.0165331023030828,537.6,623668.813,-0.0273204269947531,12,0.2042530791368335,0.8561263084411621,0.4677099632875373,0.2634568841507037,0.2688331759224335,6.0,3.0,3.0,0.8333333333333334,0.5,0.25,0.25,0.0433430485509548,0.0460440565199629,0.0058877335048459,0.005728580685302
2024-04-17,63793.4,64499.0,59678.16,61277.37,50610.54509,-0.0394401363526847,3084.21,3123.75,2914.47,2985.41,491897.5661,-0.0320372736056442,131.84,9559485.27,-0.0321538687417413,534.1,657909.358,-0.0065104166666666,9,-0.0160992617408434,0.7809677322705587,0.2543718207420574,0.2704710824829008,0.4751570994655291,2.0,5.0,2.0,0.4444444444444444,0.2222222222222222,0.5555555555555556,0.2222222222222222,0.0786724364965401,0.0701009241611705,0.0394401363526847,0.0320372736056442
2024-04-18,61277.38,64117.09,60803.35,63470.08,43601.60918,0.0357833568901537,2985.41,3094.4,2950.98,3064.4,389060.7133,0.0264586773675978,142.07,7805067.82,0.0775940533980581,552.1,589697.296,0.0337015540161018,16,0.3776671035448088,0.7957938201725483,0.4297787758987397,0.0521116723539307,0.5181095479056239,6.0,9.0,1.0,0.8125,0.375,0.5625,0.0625,0.0522094820110514,0.046801984075186,0.0357833568901537,0.0264586773675978
2024-04-19,63470.09,65450.0,59600.01,63818.01,69774.30271,0.0054817955168797,3064.4,3128.89,2865.18,3056.46,607850.4019,-0.0025910455554105,142.5,11145361.53,0.003026676990216,554.0,545504.183,0.003441405542474,13,0.2082198842500265,0.8464498932545002,0.4761092442159469,0.2678893599659204,0.2560014031254328,6.0,3.0,4.0,0.6923076923076923,0.4615384615384615,0.2307692307692307,0.3076923076923077,0.0916667567666243,0.086279552161651,0.0054817955168797,0.0025910455554105
2024-04-20,63818.01,65419.0,63090.07,64940.59,23137.42975,0.0175903322588717,3056.45,3171.88,3018.75,3155.79,242577.6371,0.0324983804793781,151.22,4855973.67,0.0611929824561403,570.9,242132.859,0.0305054151624548,13,0.2604434133435671,0.7406965677554791,0.4283680782581751,0.1679246649146079,0.4037072611256287,7.0,4.0,2.0,1.0,0.5384615384615384,0.3076923076923077,0.1538461538461538,0.035862470605826,0.0485235075844717,0.0175903322588717,0.0324983804793781
2024-04-21,64940.58,65695.56,64237.5,64941.15,19316.42152,8.623266280816111e-06,3155.79,3197.18,3116.49,3147.67,219970.5072,-0.0025730482700052,148.8,3646801.53,-0.0160031741833089,579.6,277755.724,0.0152390961639516,16,0.3814559006132185,0.8015803769230843,0.4910887038568035,0.1096328032435848,0.399278481840156,8.0,7.0,1.0,1.0625,0.5,0.4375,0.0625,0.0224520200212037,0.0256348346554753,8.623266280816111e-06,0.0025730482700052
2024-04-22,64941.15,67232.35,64500.0,66819.32,31397.99371,0.0289211078029878,3147.66,3235.0,3129.15,3200.2,290879.9569,0.0166885346939162,156.95,4967360.16,0.054771505376344,604.5,522892.157,0.0429606625258798,9,0.3113743496230907,0.8853175375196668,0.5755920010722345,0.2642176514491438,0.1601903337157434,6.0,1.0,2.0,1.0,0.6666666666666666,0.1111111111111111,0.2222222222222222,0.0408916163768204,0.0330760577463908,0.0289211078029878,0.0166885346939162
2024-04-23,66819.32,67183.01,65765.81,66414.0,22599.90004,-0.0060659102786441,3200.19,3263.61,3152.0,3219.46,253914.2263,0.0060183738516343,154.75,4102272.11,-0.0140172029308696,606.2,556883.344,0.0028122415219189,8,0.3153246882138774,0.7736235037446022,0.4756144325947389,0.1602897443808614,0.3640958259347826,3.0,4.0,1.0,1.125,0.375,0.5,0.125,0.0213388743337247,0.0346673044547843,0.0060659102786441,0.0060183738516343
2024-04-24,66414.0,67070.43,63606.06,64289.59,33595.69637,-0.0319873821784564,3219.46,3293.56,3104.9,3140.8,393314.3414,-0.0244326688326613,147.78,6491963.0,-0.0450403877221324,608.8,656953.677,0.0042890135268887,16,0.1784343277686275,0.7771334666758776,0.3416546859079972,0.1632203581393695,0.4951249668374657,6.0,8.0,2.0,0.875,0.375,0.5,0.125,0.0538869512155855,0.060067498726439,0.0319873821784564,0.0244326688326613
2024-04-25,64289.58,65297.94,62794.0,64498.34,31341.46338,0.0032470264626045,3140.79,3191.64,3072.2,3155.8,352288.5502,0.0047758532857871,144.84,5417465.27,-0.0198944376776288,613.2,453745.517,0.0072273324572931,6,0.043293139586846,0.8533105353514353,0.3459592141831913,0.3026660745963453,0.3513747062534094,2.0,2.0,2.0,1.6666666666666667,0.3333333333333333,0.3333333333333333,0.3333333333333333,0.0388217743278354,0.0378477723556626,0.0032470264626045,0.0047758532857871
2024-04-26,64498.33,64820.01,63297.48,63770.01,27085.19346,-0.0112922286061935,3155.81,3167.7,3102.0,3131.3,252522.655,-0.0077634831104632,139.23,3749353.51,-0.0387323943661972,598.0,302119.884,-0.0247879973907372,9,0.4684861077823573,0.8440678715705872,0.5993692688643932,0.1308831610820359,0.2697475695361693,5.0,3.0,1.0,1.1111111111111112,0.5555555555555556,0.3333333333333333,0.1111111111111111,0.0238753294848158,0.0209817008910036,0.0112922286061935,0.0077634831104632
2024-04-27,63770.0,63923.41,62391.24,63461.98,20933.06052,-0.004830326982856,3131.3,3285.0,3066.74,3255.56,323811.1919,0.0396831986714782,141.31,3821061.91,0.0149393090569562,596.2,268783.912,-0.0030100334448159,7,-0.3247772163844535,0.8675620044980731,0.0891808340592043,0.4139580504436577,0.4968611087117876,0.0,4.0,3.0,1.2857142857142858,0.0,0.5714285714285714,0.4285714285714285,0.0241431168709202,0.067042229293885,0.004830326982856,0.0396831986714782
2024-04-28,63461.98,64370.0,62781.0,63118.62,16949.20005,-0.0054104835682718,3255.55,3357.4,3250.45,3263.45,304766.009,0.002423546179459,137.99,2951913.56,-0.0234944448375911,600.2,258059.431,0.0067091580006708,4,0.6256835588719696,0.8691540062427521,0.6571263168007135,0.0314427579287439,0.3114308919757604,3.0,1.0,0.0,1.25,0.75,0.25,0.0,0.0251748216294969,0.0327720663714781,0.0054104835682718,0.002423546179459
2024-04-29,63118.62,64228.35,61765.53,63866.0,28150.22947,0.0118408799178435,3263.44,3286.95,3115.13,3216.73,421831.2912,-0.0143161378295973,137.77,4267883.497,-0.0015943184288716,592.8,330474.005,-0.012329223592136,5,0.1679600310511887,0.883937394618988,0.3706711636856198,0.202711132634431,0.4266177039593458,2.0,2.0,1.0,1.2,0.4,0.4,0.2,0.0385623023204835,0.0534144923571452,0.0118408799178435,0.0143161378295973
2024-04-30,63866.0,64734.0,59191.6,60672.0,54947.65535,-0.0500109604484388,3216.74,3250.95,2921.0,3014.05,561717.4866,-0.0630080858511593,126.77,6026555.488,-0.0798432169557959,578.4,766513.446,-0.0242914979757085,8,-0.0915093953954055,0.7973238676786423,0.3251629081787541,0.4166723035741597,0.25816480233334,3.0,2.0,3.0,0.875,0.375,0.25,0.375,0.0913502109704641,0.1094706458087954,0.0500109604484388,0.0630080858511593
2024-05-01,60672.01,60841.63,56552.82,58364.97,81166.46823,-0.0380246242088607,3014.04,3023.24,2817.0,2972.46,624963.7773,-0.0137987093777476,134.64,7991325.271,0.0620809339749151,561.8,669027.318,-0.0286998616874135,5,-0.2402619695290923,0.9173198461532592,0.354745670966804,0.5950076404958963,0.0502466540783643,2.0,0.0,3.0,1.0,0.4,0.0,0.6,0.0734826043772488,0.0693836081898494,0.0380246242088607,0.0137987093777476
2024-05-02,58364.97,59625.0,56911.84,59060.61,47583.81961,0.0119187930705695,2972.46,3016.72,2893.26,2986.19,365939.7191,0.0046190697267582,137.58,5743465.621,0.0218360071301249,560.5,359794.315,-0.0023139907440369,6,0.3887620875611901,0.864840547243754,0.5632812399417162,0.174519152380526,0.2621996024002631,4.0,1.0,1.0,0.5,0.6666666666666666,0.1666666666666666,0.1666666666666666,0.0459385705633586,0.0413436519444508,0.0119187930705695,0.0046190697267582
2024-05-03,59060.6,63333.0,58811.32,62882.01,43628.40143,0.0647030228776845,2986.19,3126.99,2958.32,3102.61,355825.8391,0.0389861328314675,143.69,4524855.556,0.0444105247855792,587.0,342906.433,0.047279214986619,3,-0.2411684378360708,0.8464928269386292,0.313973647231857,0.5551420850679278,0.1308842375874519,1.0,0.0,2.0,0.0,0.3333333333333333,0.0,0.6666666666666666,0.0719073706454358,0.0543639065174158,0.0647030228776845,0.0389861328314675
2024-05-04,62882.01,64540.0,62541.03,63892.04,24368.69282,0.0160623046241683,3102.61,3168.0,3092.85,3117.23,196263.9488,0.0047121616961203,146.05,2808003.24,0.0164242466420767,585.7,197129.251,-0.0022146507666097,5,0.1234429558739065,0.8632287979125977,0.2531221717596054,0.1296792158856987,0.6171986158937216,1.0,3.0,1.0,1.0,0.2,0.6,0.2,0.0312866829733406,0.0241079419869563,0.0160623046241683,0.0047121616961203
2024-05-05,63892.03,64646.0,62822.17,64012.0,18526.75029,0.0018775421789631,3117.24,3171.93,3072.99,3136.41,218760.2662,0.0061528985669969,145.73,2131850.263,-0.0021910304690175,592.0,180458.236,0.0107563599112172,5,-0.0153925808146596,0.7652407288551331,0.3334593499079346,0.3488519307225942,0.3176887288689613,2.0,1.0,2.0,1.2,0.4,0.2,0.4,0.0284920014997188,0.0315456206299559,0.0018775421789631,0.0061528985669969
2024-05-06,64012.0,65500.0,62700.0,63165.19,34674.91949,-0.0132289258264075,3136.4,3221.4,3046.35,3062.6,355135.3027,-0.0235332753052056,152.82,4787441.567,0.0486516160021959,588.2,278669.005,-0.0064189189189188,3,-0.4405964783703287,0.839538037776947,0.2085610612606008,0.6491575396309296,0.1422814192871252,1.0,0.0,2.0,0.3333333333333333,0.3333333333333333,0.0,0.6666666666666666,0.0443282130553236,0.0571573173120878,0.0132289258264075,0.0235332753052056
2024-05-07,63165.18,64422.41,62261.0,62312.08,25598.79472,-0.0135060149427239,3062.59,3129.85,2998.0,3005.69,298796.6829,-0.0185822503754978,148.03,4486379.596,-0.0313440649129694,576.5,289488.709,-0.0198911934716083,4,0.5927036122884601,0.8228063881397247,0.6346439197659492,0.041940307477489,0.3234158102422952,3.0,1.0,0.0,0.5,0.75,0.25,0.0,0.0346868536566265,0.0438667993039867,0.0135060149427239,0.0185822503754978
2024-05-08,62312.07,63020.22,60888.0,61193.03,26121.19004,-0.0179587970743394,3005.69,3038.15,2936.48,2974.21,266934.8125,-0.010473468654452,142.18,4533265.341,-0.0395190164155914,588.6,297016.617,0.0209887250650477,9,0.0800567764478425,0.7714198231697083,0.3665528300528724,0.2864960536050299,0.3469511347098482,2.0,4.0,3.0,1.2222222222222223,0.2222222222222222,0.4444444444444444,0.3333333333333333,0.0348441644416039,0.0341838673126645,0.0179587970743394,0.010473468654452
2024-05-09,61193.03,63429.03,60630.0,63074.01,30660.8061,0.0307384680902385,2974.2,3059.0,2950.77,3036.23,238561.7462,0.020852596151583,152.57,3912139.908,0.0730763820509212,596.8,464857.601,0.0139313625552155,6,0.3542115758173167,0.8401696880658468,0.3769003053506215,0.0226887295333047,0.600410974274079,2.0,4.0,0.0,1.0,0.3333333333333333,0.6666666666666666,0.0,0.0443769153094911,0.0356461796372475,0.0307384680902385,0.020852596151583
2024-05-10,63074.0,63469.13,60187.12,60799.99,36529.34025,-0.0360532016277386,3036.24,3053.89,2878.03,2909.99,327855.8758,-0.0415778778287547,146.01,4124775.208,-0.0429966572720718,585.6,296215.516,-0.0187667560321714,16,0.0938532068394124,0.8294216096401215,0.3403026406886056,0.2464494338491931,0.4132479160325601,5.0,7.0,4.0,1.0625,0.3125,0.4375,0.25,0.0539804365099401,0.0604331973649392,0.0360532016277386,0.0415778778287547
2024-05-11,60799.99,61515.0,60487.09,60825.99,13374.56936,0.0004276316492815,2909.98,2945.67,2886.46,2912.45,138163.1087,0.0008453637297722,145.42,2017032.814,-0.0040408191219779,592.2,210698.305,0.0112704918032786,11,0.0938532068394124,0.8,,,,,,,,0.33,0.34,0.33,0.0168991906255862,0.0203299627461415,0.0004276316492815,0.0008453637297722
2024-05-12,60825.99,61888.0,60610.0,61483.99,12753.13236,0.0108177441912578,2912.45,2955.2,2901.17,2929.29,107670.6323,0.0057820735119917,143.43,1422547.627,-0.0136845000687662,594.8,191190.562,0.0043904086457275,2,-0.3094787765294313,0.6571157574653625,0.1542735677212476,0.463752344250679,0.3819740340113639,0.0,1.0,1.0,2.0,0.0,0.5,0.5,0.0207858988982335,0.0184447425826735,0.0108177441912578,0.0057820735119917
2024-05-13,61484.0,63450.0,60749.21,62940.08,32733.41839,0.02368242529478,2929.3,2996.4,2864.76,2950.99,368664.7648,0.007407938442421,147.54,4407929.923,0.0286550930767621,591.7,389810.286,-0.0052118359112305,6,0.2425390405890842,0.8361525336901346,0.4208025032033522,0.1782634626142679,0.4009340079501271,2.0,3.0,1.0,1.3333333333333333,0.3333333333333333,0.5,0.1666666666666666,0.0429104951884395,0.0446087584166669,0.02368242529478,0.007407938442421
2024-05-14,62940.09,63118.36,61142.77,61577.49,29088.72041,-0.0216490033060016,2950.99,2960.6,2862.0,2881.93,269675.3037,-0.0234023158329915,142.03,3389933.371,-0.0373458045275857,567.1,453308.316,-0.0415751225283083,7,0.0898616897341395,0.8194563984870911,0.3779295994234936,0.288067909689354,0.334002495344196,2.0,3.0,2.0,0.5714285714285714,0.2857142857142857,0.4285714285714285,0.2857142857142857,0.0320829900666624,0.0342131835263174,0.0216490033060016,0.0234023158329915
2024-05-15,61577.49,66444.16,61319.47,66206.5,43559.74719,0.0751737363767182,2881.93,3041.36,2863.75,3032.55,350254.3188,0.0522635872488228,158.52,4885274.203,0.1161022319228333,581.0,402812.993,0.0245106683124669,3,0.2942304629832507,0.8997544447580973,0.6043630652129649,0.3101326022297143,0.0855043667058149,2.0,0.0,1.0,1.3333333333333333,0.6666666666666666,0.0,0.3333333333333333,0.0774046354965147,0.0585678719229691,0.0751737363767182,0.0522635872488228
2024-05-16,66206.51,66752.01,64602.77,65235.21,31106.3671,-0.0146706139125312,3032.55,3041.24,2922.8,2944.7,293874.1513,-0.0289690194720615,159.37,4200112.765,0.0053620994196315,569.2,411937.056,-0.0203098106712563,10,0.5706444930285215,0.7394925117492676,0.624579182267189,0.0539346892386674,0.3214861378073692,8.0,2.0,0.0,0.8,0.8,0.2,0.0,0.0329460118239827,0.0402214147451351,0.0146706139125312,0.0289690194720615
2024-05-17,65235.21,67451.2,65106.38,67024.0,26292.23409,0.0274206214711349,2944.7,3120.0,2933.06,3092.01,357724.7731,0.0500254694875541,169.44,4097186.841,0.0631862960406599,580.9,236919.616,0.0205551651440616,5,0.0692218642681836,0.8124035716056823,0.3724486783146857,0.3032268140465021,0.3243245162069797,2.0,1.0,2.0,0.6,0.4,0.2,0.4,0.0349847815707806,0.0604590541427744,0.0274206214711349,0.0500254694875541
2024-05-18,67024.0,67400.01,66600.0,66915.2,14441.25774,-0.0016232991167343,3092.0,3146.98,3083.61,3122.94,199976.5456,0.0100032018007703,172.4,2874473.997,0.0174693106704437,580.3,168074.711,-0.0010328800137717,8,0.6002504967618734,0.8550466522574425,0.6186724260915071,0.0184219293296336,0.3629056471399962,5.0,3.0,0.0,1.125,0.625,0.375,0.0,0.0119555795992539,0.0202917763389626,0.0016232991167343,0.0100032018007703
2024-05-19,66915.2,67700.0,65857.25,66274.01,18025.30409,-0.0095821278274592,3122.94,3136.64,3053.38,3071.19,166145.0102,-0.0165709235528059,169.93,2696984.074,-0.0143271461716937,574.5,142157.485,-0.0099948302602101,12,0.3982768792581434,0.7852977166573206,0.5285048919419447,0.1302280126838013,0.341267088893801,7.0,4.0,1.0,0.9166666666666666,0.5833333333333334,0.3333333333333333,0.0833333333333333,0.0278050173816251,0.0271100127312213,0.0095821278274592,0.0165709235528059
2024-05-20,66274.0,71515.56,66060.31,71446.62,50816.7011,0.078048845995587,3071.2,3694.0,3047.67,3661.78,847107.8828,0.1923000530738898,186.7,5690568.998,0.0986876949332076,599.6,469252.806,0.0436901653611836,16,0.1732603089185431,0.7771790735423565,0.3253726355032995,0.1521123265847563,0.5225150474580005,4.0,11.0,1.0,0.875,0.25,0.6875,0.0625,0.0763542068190209,0.1765070539464413,0.078048845995587,0.1923000530738898
2024-05-21,71446.62,71979.0,69162.94,70148.34,49607.4336,-0.0181713284687224,3661.79,3841.54,3624.28,3789.6,952437.2694,0.0349065208723624,178.15,4727780.064,-0.0457953936796999,618.5,1023559.613,0.0315210140093396,16,0.0852223531110212,0.7933719884604216,0.2505137479165568,0.1652913948055356,0.5841948564630002,4.0,10.0,2.0,1.6875,0.25,0.625,0.125,0.0401443569441557,0.0573305889803672,0.0181713284687224,0.0349065208723624
2024-05-22,70148.34,70666.0,68842.19,69166.62,27673.18026,-0.0139949142060952,3789.59,3813.69,3653.15,3737.73,574938.3099,-0.013687460417986,176.95,4272900.127,-0.0067358967162504,614.8,404848.487,-0.0059822150363784,14,-0.0392091934170041,0.7757625813995089,0.3134796759113669,0.3526888693283711,0.3338314490392804,4.0,4.0,6.0,1.5714285714285714,0.2857142857142857,0.2857142857142857,0.4285714285714285,0.026368355140095,0.0429512030028921,0.0139949142060952,0.013687460417986
2024-05-23,69166.62,70096.12,66312.16,67969.65,40513.17374,-0.0173056020375146,3737.72,3949.29,3498.0,3783.61,1127866.076,0.0122748299101327,176.16,5598921.63,-0.0044645380050861,599.3,607671.947,-0.0252114508783344,25,0.4139925768971443,0.8040018033981323,0.4370339611172676,0.0230413842201232,0.5399246557056904,11.0,14.0,0.0,1.64,0.44,0.56,0.0,0.0556713180073752,0.1192749781293526,0.0173056020375146,0.0122748299101327
2024-05-24,67969.66,69250.0,66600.12,68549.99,28095.83664,0.0085382225743402,3783.6,3829.61,3626.1,3728.28,479418.4318,-0.0146236002124954,167.7,4819660.642,-0.048024523160763,600.3,251965.176,0.0016686133822794,9,0.3287797593511641,0.7921631071302626,0.414728071540594,0.0859483121894299,0.4993236172530386,4.0,5.0,0.0,1.4444444444444444,0.4444444444444444,0.5555555555555556,0.0,0.0386561690235112,0.0545854925059277,0.0085382225743402,0.0146236002124954
2024-05-25,68549.99,69610.0,68500.0,69290.57,12130.39418,0.0108035026700952,3728.28,3779.43,3709.03,3749.26,158711.8992,0.0056272597551685,168.35,1911443.135,0.003875968992248,602.4,121538.958,0.0034982508745626,6,-0.0947731477208435,0.7974062263965607,0.2473652757083376,0.3421384234291811,0.410496293567121,2.0,2.0,2.0,0.8333333333333334,0.3333333333333333,0.3333333333333333,0.3333333333333333,0.0160194958707945,0.0187770386689639,0.0108035026700952,0.0056272597551685
2024-05-26,69290.56,69562.23,68128.01,68507.67,11872.11797,-0.0112987957813019,3749.25,3884.2,3731.17,3826.47,292208.2937,0.0205933970970271,163.41,3126117.989,-0.0293436293436293,600.2,122983.66,-0.0036520584329348,9,0.2882758184439606,0.773685140742196,0.4910766261940201,0.2028008077500594,0.3061225683324867,4.0,4.0,1.0,1.3333333333333333,0.4444444444444444,0.4444444444444444,0.1111111111111111,0.0209351741199197,0.0399924734807798,0.0112987957813019,0.0205933970970271
2024-05-27,68507.67,70687.56,68250.0,69436.43,23136.92737,0.0135570221553293,3826.47,3977.0,3823.37,3894.22,363717.6473,0.0177056137902558,170.15,3260017.055,0.041245945780552,603.9,229302.377,0.0061646117960678,15,0.60753400058796,0.7759168346722921,0.6281674946347873,0.020633494046827,0.3511990120013555,11.0,4.0,0.0,1.4666666666666666,0.7333333333333333,0.2666666666666666,0.0,0.035104915388075,0.0394507757651083,0.0135570221553293,0.0177056137902558
2024-05-28,69436.43,69591.81,67277.91,68398.39,32622.97042,-0.0149495012920449,3894.21,3931.09,3773.9,3844.69,416249.8344,-0.0127188499879307,168.68,3779251.343,-0.0086394357919482,601.7,284862.985,-0.0036429872495444,8,0.1326198633760213,0.8305998891592026,0.3914966695010662,0.2588768061250447,0.3496265120338648,3.0,3.0,2.0,1.625,0.375,0.375,0.25,0.0338297436533227,0.0408849608160866,0.0149495012920449,0.0127188499879307
2024-05-29,68398.4,68935.68,67124.65,67652.42,23159.83149,-0.0109062508635071,3844.69,3888.55,3742.59,3767.43,334759.6348,-0.0200952482514845,168.32,2946277.294,-0.0021342186388428,595.7,212706.254,-0.0099717467176333,11,0.3493073905225504,0.7898018847812306,0.4895210877399553,0.1402136972174048,0.3702652312137863,6.0,3.0,2.0,1.4545454545454546,0.5454545454545454,0.2727272727272727,0.1818181818181818,0.0267696262750098,0.0387425911032189,0.0109062508635071,0.0200952482514845
2024-05-30,67652.41,69500.0,67128.0,68352.17,28478.2184,0.0103433107049237,3767.44,3825.35,3702.58,3747.91,277034.2894,-0.0051812508792465,166.88,3307767.047,-0.0085551330798478,595.1,225452.344,-0.0010072183985228,4,0.5526508518960327,0.7540581971406937,0.5628418996930122,0.0101910477969795,0.4269670452922582,2.0,2.0,0.0,1.75,0.5,0.5,0.0,0.0347026290460127,0.0327569231918589,0.0103433107049237,0.0051812508792465
2024-05-31,68352.17,69044.1,66670.0,67540.01,26690.32184,-0.0118819929199029,3747.9,3849.94,3723.75,3762.29,273406.766,0.0038368050460122,165.65,2592736.388,-0.0073705656759347,593.7,168608.054,-0.0023525457906233,12,0.2777043698200335,0.8328871428966522,0.4324480425566435,0.1547436727366099,0.4128082770233353,5.0,5.0,2.0,1.0,0.4166666666666667,0.4166666666666667,0.1666666666666666,0.0351510164123458,0.033540742473334,0.0118819929199029,0.0038368050460122
2024-06-01,67540.01,67900.0,67428.44,67766.85,8837.66133,0.0033586018124664,3762.29,3833.3,3752.67,3815.82,132687.2006,0.0142280366478926,166.14,1070498.928,0.0029580440688197,601.9,156464.894,0.0138116894054234,6,0.3711370547922949,0.8387037416299185,0.5390292542676131,0.1678921994753181,0.2930785482749342,3.0,2.0,1.0,0.8333333333333334,0.5,0.3333333333333333,0.1666666666666666,0.0069585645488907,0.021130451646042,0.0033586018124664,0.0142280366478926
2024-06-02,67766.84,68460.0,67257.47,67765.63,15426.32529,-1.8002902599123516e-05,3815.82,3838.59,3752.62,3780.91,210295.4407,-0.0091487543961717,163.15,1669577.986,-0.017996870109546,602.9,198299.996,0.0016614055490944,11,0.4566707799041813,0.8034941256046295,0.5127898000858047,0.0561190201816233,0.4310911829498681,6.0,5.0,0.0,1.0,0.5454545454545454,0.4545454545454545,0.0,0.0177454264056867,0.0227379123015359,1.8002902599123516e-05,0.0091487543961717
2024-06-03,67765.62,70288.0,67612.48,68809.9,29633.374,0.0154100242261452,3780.92,3849.99,3758.43,3767.06,248848.702,-0.0036631392971533,164.89,2378016.532,0.0106650321789762,626.4,654161.467,0.0389782716868469,6,0.3499198562155167,0.8390325903892517,0.5600412497296929,0.2101213935141762,0.2298373741408188,4.0,1.0,1.0,0.5,0.6666666666666666,0.1666666666666666,0.1666666666666666,0.038882777042257,0.0243054265129835,0.0154100242261452,0.0036631392971533
2024-06-04,68809.89,71063.45,68567.32,70537.84,29619.78489,0.0251117935064577,3767.07,3831.65,3730.0,3810.23,232063.7468,0.0114598652530089,171.78,2124954.015,0.0417854327127176,685.7,736322.6803,0.0946679438058748,9,0.6018741972123584,0.8241673608620962,0.630890328851011,0.0290161316386527,0.3400935665186908,7.0,2.0,0.0,1.2222222222222223,0.7777777777777778,0.2222222222222222,0.0,0.0353871057009966,0.0266781795324691,0.0251117935064577,0.0114598652530089
2024-06-05,70537.83,71758.0,70383.66,71108.0,28703.18082,0.0080830374165128,3810.23,3887.47,3777.33,3865.99,273738.6035,0.0146342871690159,173.54,2560223.589,0.010245663057399,698.8,673820.5652,0.0191045646784306,5,0.3741249479353428,0.8802835702896118,0.5744569435715675,0.2003319956362247,0.2252110589295625,3.0,1.0,1.0,1.6,0.6,0.2,0.2,0.0193275018282049,0.0284894684155933,0.0080830374165128,0.0146342871690159
2024-06-06,71108.0,71700.0,70117.64,70799.06,21842.00449,-0.0043446588288238,3866.0,3878.6,3760.0,3813.46,237504.1905,-0.0135877226790549,170.15,2116238.234,-0.0195344012907686,711.2,544042.9592,0.0177447052089296,6,-0.4425724991597235,0.8735194603602091,0.1831423914991319,0.6257148906588554,0.1911427347610393,1.0,1.0,4.0,0.5,0.1666666666666666,0.1666666666666666,0.6666666666666666,0.0223500142516016,0.0311003655472982,0.0043446588288238,0.0135877226790549
2024-06-07,70799.06,71997.02,68420.0,69355.6,35598.45045,-0.0203881237971237,3813.47,3841.39,3600.0,3678.32,362223.3594,-0.0354376340646027,162.5,3538852.091,-0.0449603291213634,684.0,594753.99,-0.0382452193475816,8,0.4521557279513217,0.8441523760557175,0.6046070952434093,0.1524513672920874,0.2429415236692875,5.0,2.0,1.0,0.5,0.625,0.25,0.125,0.0515750710829407,0.0656250679658104,0.0203881237971237,0.0354376340646027
2024-06-08,69355.6,69582.2,69168.02,69310.46,9773.82967,-0.0006508486697541,3678.31,3709.5,3660.08,3681.57,140550.8394,0.0008835555362229,157.83,1789882.65,-0.0287384615384614,682.7,216849.473,-0.0019005847953216,9,-0.0435396837484505,0.737089541223314,0.236793282131354,0.2803329658798045,0.4828737309823434,1.0,5.0,3.0,1.0,0.1111111111111111,0.5555555555555556,0.3333333333333333,0.0059757214134777,0.0134236209008656,0.0006508486697541,0.0008835555362229
2024-06-09,69310.46,69857.14,69130.24,69648.14,9890.56709,0.0048719919042521,3681.58,3721.52,3666.36,3706.4,103451.102,0.0067444052401557,162.12,1444905.0,0.0271811442691503,673.0,173565.78,-0.01420829061081,8,-0.2903943565906957,0.864195816218853,0.1525976333068683,0.442991989897564,0.404410385992378,1.0,3.0,4.0,0.875,0.125,0.375,0.5,0.0104367467673938,0.0148823656378156,0.0048719919042521,0.0067444052401557
2024-06-10,69648.15,70195.94,69172.29,69540.0,17122.66941,-0.0015526617078359,3706.4,3713.67,3642.74,3667.85,156363.1846,-0.0104009281243255,159.05,1760276.954,-0.0189365901801134,625.1,692122.616,-0.0711738484398216,25,0.2192846946045756,0.8192705702781677,0.306513548977673,0.0872288543730973,0.6062575995922088,7.0,16.0,2.0,0.8,0.28,0.64,0.08,0.014720304860512,0.0193383044562891,0.0015526617078359,0.0104009281243255
2024-06-11,69540.0,69590.01,66051.0,67314.24,41436.01588,-0.0320069025021569,3667.85,3673.0,3432.0,3497.33,439568.5978,-0.0464904508090571,149.31,3646582.777,-0.0612386042125118,602.5,640655.92,-0.0361542153255479,9,0.3540529976081517,0.7257090542051527,0.418951291590929,0.0648982939827772,0.5161504116323259,4.0,5.0,0.0,0.7777777777777778,0.4444444444444444,0.5555555555555556,0.0,0.0525744626991256,0.0689097111224848,0.0320069025021569,0.0464904508090571
2024-06-12,67314.23,69999.0,66905.0,68263.99,37175.32356,0.0141091988857038,3497.33,3659.01,3462.07,3560.12,387043.774,0.0179536961053146,155.22,3851856.394,0.039582077556761,619.4,454148.661,0.0280497925311202,6,0.3124804513839384,0.833535889784495,0.5342667324778935,0.221786281093955,0.243946977580587,4.0,1.0,1.0,1.0,0.6666666666666666,0.1666666666666666,0.1666666666666666,0.0453240427346833,0.055318360055279,0.0141091988857038,0.0179536961053146
2024-06-13,68263.98,68449.3,66251.78,66773.01,29079.55571,-0.0218413837222232,3560.13,3561.65,3428.0,3469.4,300230.8299,-0.0254822871139174,147.29,2573289.111,-0.0510887772194305,599.8,313465.472,-0.0316435259928964,8,0.5618570931837894,0.7044004946947098,0.6738973371684551,0.1120402439846656,0.2140624308958649,7.0,0.0,1.0,0.375,0.875,0.0,0.125,0.0329103031299623,0.0385225110970196,0.0218413837222232,0.0254822871139174
2024-06-14,66773.01,67370.24,65078.0,66043.99,28408.18797,-0.0109178843367999,3469.4,3532.61,3362.26,3481.8,322316.4214,0.0035741050325706,143.05,3183461.493,-0.028786747233349,603.3,279802.085,0.0058352784261419,16,0.1580286507378332,0.7582260947674513,0.3440617251908406,0.1860330744530073,0.4699052069336176,5.0,8.0,3.0,0.9375,0.3125,0.5,0.1875,0.0347077758324414,0.0489258429547934,0.0109178843367999,0.0035741050325706
2024-06-15,66043.99,66478.48,65857.1,66228.25,11451.80242,0.0027899586321176,3481.8,3594.39,3473.1,3568.74,246649.5894,0.0249698431845595,145.52,1346924.922,0.0172666899685425,608.2,122650.197,0.0081219956903697,7,0.2457674500931586,0.8431247217314584,0.3942677777792726,0.1485003276861139,0.457231893869383,3.0,3.0,1.0,1.1428571428571428,0.4285714285714285,0.4285714285714285,0.1428571428571428,0.0093824010146725,0.0339867852519376,0.0027899586321176,0.0249698431845595
2024-06-16,66228.25,66998.7,66034.5,66676.87,9392.52223,0.0067738465080988,3568.75,3653.79,3541.05,3624.41,149839.982,0.0155993431855501,151.3,1405879.427,0.0397196261682242,610.8,104827.154,0.0042749095692204,14,0.2274505792717848,0.8141668311187199,0.4054475527788911,0.1779969735071062,0.4165554847568273,5.0,7.0,2.0,0.6428571428571429,0.3571428571428571,0.5,0.1428571428571428,0.0144607867765838,0.0311057523845259,0.0067738465080988,0.0155993431855501
2024-06-17,66676.86,67298.81,65130.0,66504.33,27386.16851,-0.0025877039519101,3624.41,3638.37,3463.39,3511.46,337805.6402,-0.0311636928493188,143.27,3412959.812,-0.0530733641771314,604.3,235509.028,-0.010641781270465,10,0.2025335274636745,0.728559872508049,0.3729057371616363,0.1703722096979617,0.4567220563068986,4.0,5.0,1.0,1.1,0.4,0.5,0.1,0.0326115607810799,0.0498311243756158,0.0025877039519101,0.0311636928493188
2024-06-18,66504.33,66588.23,64060.0,65175.32,42350.10244,-0.0199838115803888,3511.47,3517.2,3355.0,3483.42,449913.3014,-0.0079852824750957,137.41,6557976.71,-0.0409017938158722,588.6,459142.573,-0.0259804732748634,13,-0.0007093164783257,0.8624009719261756,0.2937384151065578,0.2944477315848836,0.4118138540966006,4.0,6.0,3.0,0.8461538461538461,0.3076923076923077,0.4615384615384615,0.2307692307692307,0.0387912172889982,0.0465634347853545,0.0199838115803888,0.0079852824750957
2024-06-19,65175.32,65727.54,64666.0,64974.37,20060.79576,-0.0030832222994838,3483.42,3590.01,3465.65,3560.51,321500.0027,0.0221305498619173,135.62,3536777.468,-0.0130267083909467,599.3,260529.062,0.0181787291879034,15,0.4183373243547976,0.7815856059392293,0.5390296681473653,0.1206923437925676,0.3402779856075843,9.0,5.0,1.0,1.1333333333333333,0.6,0.3333333333333333,0.0666666666666666,0.0163378267461461,0.0349275805994085,0.0030832222994838,0.0221305498619173
2024-06-20,64974.37,66482.94,64559.15,64869.99,24265.29031,-0.0016064796011104,3560.51,3625.96,3486.0,3513.08,329117.8453,-0.0133211253444029,133.55,3507680.508,-0.0152632355109865,587.7,289498.772,-0.01935591523444,22,0.3635823685591193,0.7648051055994901,0.433125595816157,0.0695432272570376,0.4973311737518419,10.0,11.0,1.0,1.0909090909090908,0.4545454545454545,0.5,0.0454545454545454,0.0296560859651743,0.0398396848349596,0.0016064796011104,0.0133211253444029
2024-06-21,64869.99,65066.66,63379.35,64143.56,25993.56442,-0.0111982443653837,3513.08,3547.55,3446.82,3518.5,342155.102,0.0015428057431086,134.6,3230074.027,0.0078622238861847,586.1,191182.614,-0.0027224774544836,10,0.0936373755801469,0.8631568431854248,0.3528820472303778,0.2592446716502308,0.3878732657060027,3.0,4.0,3.0,0.6,0.3,0.4,0.3,0.0263052128693824,0.0286286769930368,0.0111982443653837,0.0015428057431086
2024-06-22,64143.56,64546.81,63943.82,64262.01,7308.95542,0.0018466390078755,3518.5,3521.19,3475.09,3495.75,115774.6157,-0.0064658235043342,133.69,1399215.891,-0.0067607726597325,591.1,100439.584,0.0085309674117044,9,0.1259956771714819,0.8052655789587233,0.409503233515554,0.283507556344072,0.3069892372522089,4.0,2.0,3.0,1.0,0.4444444444444444,0.2222222222222222,0.3333333333333333,0.0093833043815467,0.013187441893728,0.0018466390078755,0.0064658235043342
2024-06-23,64262.01,64521.0,63178.32,63210.01,8224.45447,-0.016370480786393,3495.76,3521.45,3406.38,3420.91,133411.4304,-0.0214088536079525,128.69,1492401.231,-0.0373999551200538,577.5,141025.834,-0.0230079512772797,10,0.3470290686935186,0.8800499618053437,0.4771588775329292,0.1301298088394104,0.3927112827077507,5.0,4.0,1.0,1.1,0.5,0.4,0.1,0.0212415723395709,0.0336372485683633,0.016370480786393,0.0214088536079525
2024-06-24,63210.01,63369.8,58402.0,60293.3,52161.35414,-0.0461431662485103,3420.91,3435.76,3240.0,3352.73,543370.4229,-0.0199303694046321,132.33,5583497.777,0.0282850260315488,568.1,356915.248,-0.0162770562770562,4,-0.2992408922873438,0.8887053579092026,0.1888891118578612,0.4881300041452049,0.3229808760806917,1.0,1.0,2.0,1.25,0.25,0.25,0.5,0.0823938978294437,0.0583882388382005,0.0461431662485103,0.0199303694046321
2024-06-25,60293.3,62420.0,60257.06,61806.01,31189.24361,0.025089189014368,3352.74,3430.88,3336.76,3394.91,240036.2236,0.0125807923692036,136.58,3963661.704,0.0321166780019648,578.2,177300.699,0.0177785601126563,15,0.2188539242992798,0.7730087141195933,0.4073668242742617,0.1885128999749819,0.404120268051823,6.0,7.0,2.0,1.2,0.4,0.4666666666666667,0.1333333333333333,0.0349956258299152,0.0277238571861993,0.025089189014368,0.0125807923692036
2024-06-26,61806.01,62487.81,60712.0,60864.99,22485.66463,-0.0152253801855192,3394.91,3426.75,3325.01,3371.44,206949.3418,-0.0069132907794314,136.81,2503428.066,0.0016839947283642,573.0,154770.344,-0.0089934278796265,13,-0.1968957230878564,0.7823668397389926,0.1713276426666057,0.3682233657544622,0.4604489817642249,1.0,7.0,5.0,0.8461538461538461,0.0769230769230769,0.5384615384615384,0.3846153846153846,0.0291762144378894,0.030177016349097,0.0152253801855192,0.0069132907794314
2024-06-27,60864.98,62389.22,60606.63,61706.47,18344.28631,0.0138253534585317,3371.77,3477.0,3361.74,3450.44,201041.6609,0.0234321239589019,149.71,4450967.436,0.0942913529712741,581.7,199582.231,0.0151832460732985,24,0.3420264859645006,0.8154344546298186,0.4047736138260613,0.0627471278615605,0.5324792598063747,8.0,14.0,2.0,0.6666666666666666,0.3333333333333333,0.5833333333333334,0.0833333333333333,0.0288882186908439,0.0334044353763578,0.0138253534585317,0.0234321239589019
2024-06-28,61706.46,62225.31,60063.0,60427.84,24821.19255,-0.02072116586802,3450.44,3487.7,3365.22,3380.15,221634.3435,-0.0203713149627293,140.03,3339031.267,-0.0646583394562821,567.4,210308.565,-0.0245831184459344,17,0.3219377800603123,0.815488247310414,0.4263018055216354,0.104364025461323,0.469334170441417,8.0,8.0,1.0,0.4705882352941176,0.4705882352941176,0.4705882352941176,0.0588235294117647,0.0357833409236537,0.0362350783249264,0.02072116586802,0.0203713149627293
2024-06-29,60427.84,61224.0,60383.77,60986.68,11509.55904,0.0092480552010465,3380.15,3408.32,3371.86,3378.8,88329.7651,-0.0003993905595904,140.28,1468985.543,0.0017853317146325,570.0,99951.169,0.0045823052520268,12,-0.0516759728003914,0.8272108336289724,0.3911410562383632,0.4428170290387546,0.1660419267912705,5.0,2.0,5.0,1.1666666666666667,0.4166666666666667,0.1666666666666666,0.4166666666666667,0.0137772707089483,0.0107908133064993,0.0092480552010465,0.0003993905595904
2024-06-30,60986.68,63058.76,60712.21,62772.01,17326.30136,0.0292740972290999,3378.8,3460.0,3352.66,3438.16,141221.6185,0.0175683674677398,146.61,2086670.189,0.0451240376390078,582.2,169894.148,0.0214035087719299,7,-0.0169317365757056,0.8628344365528652,0.2813725423599992,0.2983042789357049,0.4203231975968395,2.0,3.0,2.0,1.2857142857142858,0.2857142857142857,0.4285714285714285,0.2857142857142857,0.0373821070888124,0.0312201875421737,0.0292740972290999,0.0175683674677398
2024-07-01,62772.01,63861.76,62497.2,62899.99,24547.10538,0.0020388067866552,3438.16,3524.94,3423.78,3442.2,224273.2122,0.0011750471182259,146.67,2280252.836,0.0004092490280334,576.9,188481.951,-0.0091034008931639,20,0.2957389967050403,0.774384680390358,0.492415272211656,0.1966762755066156,0.310908444225788,10.0,6.0,4.0,0.9,0.5,0.3,0.2,0.0216941210960447,0.0293881819766428,0.0020388067866552,0.0011750471182259
2024-07-02,62900.0,63288.83,61806.28,62135.47,18573.11875,-0.0121545329339479,3442.2,3464.12,3402.0,3421.35,137932.7014,-0.0060571727383649,154.03,2776061.292,0.0501806777118702,580.1,144561.934,0.0055468885422085,22,0.3930835748218338,0.8182890821586956,0.5157592776231468,0.1226757028013128,0.3615650054575367,11.0,9.0,2.0,0.4090909090909091,0.5,0.4090909090909091,0.0909090909090909,0.0238599627555726,0.0181565756207344,0.0121545329339479,0.0060571727383649
2024-07-03,62135.46,62285.94,59400.0,60208.58,32160.11127,-0.031011111688702,3421.35,3432.1,3251.0,3295.48,310408.451,-0.0367895713680271,140.84,4189341.933,-0.085632668960592,556.7,288318.808,-0.040337872780555,16,0.4997830978827551,0.8072903752326965,0.6042121971258894,0.1044290992431342,0.2913586994400248,12.0,3.0,1.0,0.625,0.75,0.1875,0.0625,0.0479323711005973,0.0549540582858945,0.031011111688702,0.0367895713680271
2024-07-04,60208.57,60498.19,56771.0,57050.01,54568.77276,-0.0524604632761642,3295.49,3313.45,3050.34,3059.7,450402.5692,-0.0715464818478643,127.86,5230812.158,-0.092161317807441,513.6,511359.494,-0.0774205137416921,6,0.5436847945675254,0.8360788623491923,0.5847956128418446,0.0411108182743191,0.3740935853372018,4.0,2.0,0.0,1.1666666666666667,0.6666666666666666,0.3333333333333333,0.0,0.0653319780312046,0.085992090727849,0.0524604632761642,0.0715464818478643
2024-07-05,57050.02,57546.0,53485.93,56628.79,81348.24756,-0.0073833466462144,3059.7,3110.0,2810.0,2981.78,886994.3753,-0.0254665490080725,134.32,7669471.231,0.0505240106366338,497.7,992708.164,-0.0309579439252336,9,0.005266878236499,0.7723722325430976,0.2571851246886782,0.2519182464521792,0.4908966442777051,1.0,5.0,3.0,1.0,0.1111111111111111,0.5555555555555556,0.3333333333333333,0.0716962167123825,0.100611044409715,0.0073833466462144,0.0254665490080725
2024-07-06,56628.79,58475.0,56018.0,58230.13,21651.31558,0.0282778424190239,2981.79,3081.78,2955.06,3066.83,214487.9713,0.0285232310901542,143.05,2873919.136,0.0649940440738536,526.0,226597.141,0.056861563190677,5,-0.3030801020562649,0.8264395594596863,0.2515964195132255,0.5546765215694904,0.1937270570546388,1.0,1.0,3.0,0.8,0.2,0.2,0.6,0.0421946507761531,0.0413195384158888,0.0282778424190239,0.0285232310901542
2024-07-07,58230.13,58449.46,55724.37,55857.81,19118.93918,-0.0407404208096392,3066.83,3073.08,2922.24,2931.0,179892.7612,-0.0442900323787102,131.64,2590805.369,-0.07976232086683,490.7,279027.459,-0.0671102661596958,10,0.1983455158770084,0.7712658792734146,0.4986477233469486,0.3003022074699401,0.2010500608012079,5.0,2.0,3.0,1.0,0.5,0.2,0.3,0.0487861948042717,0.0514636642784033,0.0407404208096392,0.0442900323787102
2024-07-08,55857.81,58236.73,54260.16,56714.62,48090.2049,0.0153391262564717,2930.99,3097.06,2822.8,3019.01,500445.0105,0.030027294438758,139.81,5708358.008,0.0620632026739593,510.6,580970.096,0.0405543101691461,20,0.2109018734656274,0.7964866131544113,0.391385363601148,0.1804834901355206,0.4281311487779021,7.0,9.0,4.0,1.15,0.35,0.45,0.2,0.0701154305538853,0.090844349637795,0.0153391262564717,0.030027294438758
2024-07-09,56714.61,58296.0,56289.45,58050.0,27732.20788,0.0235456042903927,3019.01,3115.2,3004.0,3066.65,280358.1424,0.0157800073534037,141.42,3363673.606,0.0115156283527644,516.9,203358.601,0.0123384253819036,25,0.3381303212419152,0.8005484914779664,0.4879221358895302,0.1497918146476149,0.3622860415279865,13.0,9.0,3.0,1.08,0.52,0.36,0.12,0.0345658914728682,0.0362610666362316,0.0235456042903927,0.0157800073534037
2024-07-10,58050.0,59470.0,57157.79,57725.85,24951.73799,-0.0055839793281653,3066.65,3151.51,3024.0,3101.05,270827.0844,0.0112174522687622,141.98,2700825.893,0.0039598359496535,524.7,205460.208,0.0150899593731863,13,0.2664417163110696,0.8002564815374521,0.4220006678683253,0.1555589515572557,0.4224403981979077,5.0,6.0,2.0,0.9230769230769232,0.3846153846153846,0.4615384615384615,0.1538461538461538,0.0400550186788067,0.0411183308879251,0.0055839793281653,0.0112174522687622
2024-07-11,57725.85,59650.0,57050.0,57339.89,29761.05735,-0.0066860860429079,3101.06,3217.24,3054.76,3099.57,289229.32,-0.000477257703036,135.73,3363094.13,-0.0440202845471193,524.8,262788.577,0.0001905850962453,19,0.1189565509067554,0.8518071676555433,0.3585790881494942,0.2396225372427387,0.4017983640691167,7.0,7.0,5.0,1.2105263157894737,0.3684210526315789,0.3684210526315789,0.2631578947368421,0.0453436516882051,0.0524201744112891,0.0066860860429079,0.000477257703036
2024-07-12,57339.89,58526.68,56542.47,57889.1,23652.4569,0.0095781488244919,3099.57,3157.89,3045.58,3133.88,185745.1825,0.0110692773513745,139.46,2929528.431,0.0274810285124882,533.8,207870.778,0.0171493902439023,13,0.4304667766420887,0.8322033010996305,0.5828762731443231,0.1524094965022343,0.264714238162224,8.0,3.0,2.0,0.6153846153846154,0.6153846153846154,0.2307692307692307,0.1538461538461538,0.0342760554232143,0.0358373645449091,0.0095781488244919,0.0110692773513745
2024-07-13,57889.09,59850.0,57756.63,59204.02,15357.74519,0.0227144661084728,3133.89,3201.8,3113.37,3175.93,119302.4769,0.0134178717755624,141.9,1357177.621,0.0174960562168362,532.4,161128.431,-0.0026227051330085,13,0.2850887995356551,0.7842348447212806,0.4389604249109442,0.1538716253752891,0.4071679407587418,6.0,6.0,1.0,0.9230769230769232,0.4615384615384615,0.4615384615384615,0.0769230769230769,0.0353585786911092,0.0278438126784911,0.0227144661084728,0.0134178717755624
2024-07-14,59204.01,61420.69,59194.01,60797.91,21178.33907,0.0269219894189618,3175.93,3268.72,3163.67,3245.08,165430.7716,0.0217731499119944,147.66,2997466.757,0.0405919661733613,544.8,148566.273,0.0232907588279489,8,0.3332553738728165,0.80068514123559,0.4619646051432937,0.1287092312704771,0.4093261621892452,3.0,4.0,1.0,1.0,0.375,0.5,0.125,0.0366242852755958,0.0323720832768374,0.0269219894189618,0.0217731499119944
2024-07-15,60797.91,64900.0,60632.3,64724.14,38690.9782,0.0645783711972993,3245.2,3493.63,3233.22,3483.39,314296.8452,0.0734373266606678,159.38,3428848.522,0.0793715291886767,585.3,335372.772,0.074339207048458,8,0.7808961553964764,0.8165007829666138,0.8165007829666138,0.0356046275701373,0.147894584108144,8.0,0.0,0.0,1.25,1.0,0.0,0.0,0.0659367586807642,0.0747576355217188,0.0645783711972993,0.0734373266606678
2024-07-16,64724.06,65388.97,62373.24,65043.99,42530.52915,0.0049417419837483,3483.2,3498.59,3346.55,3444.13,376128.7869,-0.0112706300471666,160.62,3988105.454,0.007780148073786,576.2,347825.03,-0.0155475824363572,14,0.5956338171714118,0.8363278252737862,0.6237190175535423,0.0280852003821304,0.3481957816651889,9.0,5.0,0.0,1.0714285714285714,0.6428571428571429,0.3571428571428571,0.0,0.0463644681084294,0.0441446751429243,0.0049417419837483,0.0112706300471666
2024-07-17,65044.0,66128.63,63854.0,64087.99,29567.52954,-0.014697745325894,3444.14,3517.0,3376.0,3387.05,297812.5162,-0.0165731258692325,155.5,2840583.09,-0.0318764786452496,568.9,198271.205,-0.0126692120791392,18,-0.0294367631431669,0.8041418294111887,0.2264499538060691,0.255886716949236,0.5176633362554841,4.0,10.0,4.0,1.1666666666666667,0.2222222222222222,0.5555555555555556,0.2222222222222222,0.0354922973867647,0.0416291463072585,0.014697745325894,0.0165731258692325
2024-07-18,64087.99,65133.3,63238.48,63987.92,22568.7225,-0.0015614470043451,3387.05,3489.98,3367.2,3426.5,241950.3457,0.0116473037008606,159.22,2584704.124,0.0239228295819935,571.9,153121.784,0.0052733345051854,16,0.0929986837727483,0.8332055155187845,0.3495772943133488,0.2565786105406004,0.3938440927304327,5.0,7.0,4.0,1.1875,0.3125,0.4375,0.25,0.029612151793651,0.035832482124617,0.0015614470043451,0.0116473037008606
2024-07-19,63987.92,67386.0,63300.67,66660.0,35634.72739,0.0417591320361718,3426.49,3540.27,3377.0,3503.53,299511.6422,0.0224806654020137,169.13,4685513.24,0.0622409245069714,593.4,331877.529,0.037593984962406,11,0.0119261441921645,0.7601172436367382,0.2928701043128967,0.2809439601207321,0.426185930994424,3.0,5.0,3.0,1.181818181818182,0.2727272727272727,0.4545454545454545,0.2727272727272727,0.0612860786078608,0.0466015704161231,0.0417591320361718,0.0224806654020137
2024-07-20,66660.01,67598.0,66222.46,67139.96,14386.92434,0.0072001200120013,3503.53,3539.65,3480.0,3517.5,147510.8165,0.0039874069866676,173.6,2047796.046,0.0264293738544314,593.1,144679.404,-0.0005055611729017,7,0.3883553469287498,0.8737803612436567,0.5287357884060059,0.1403804414772561,0.3308837443057979,4.0,2.0,1.0,0.7142857142857143,0.5714285714285714,0.2857142857142857,0.1428571428571428,0.0204876499777478,0.0169580668088131,0.0072001200120013,0.0039874069866676
2024-07-21,67139.97,68366.66,65777.0,68165.34,21819.11191,0.0152722760037389,3517.5,3547.0,3411.4,3535.92,218890.9656,0.0052366737739872,184.49,3684536.411,0.0627304147465439,602.5,243931.763,0.0158489293542403,9,0.5881435780061616,0.883227162890964,0.6181292117883762,0.0299856337822145,0.3518851475997103,6.0,3.0,0.0,0.6666666666666666,0.6666666666666666,0.3333333333333333,0.0,0.0379908616314391,0.0383492839204506,0.0152722760037389,0.0052366737739872
2024-07-22,68165.35,68474.55,66559.97,67532.01,21451.04303,-0.0092910854695362,3535.93,3562.82,3422.34,3439.6,207859.5043,-0.0272404353039662,178.9,3345609.525,-0.0302997452436446,587.2,212452.69,-0.0253941908713691,12,0.4158828159173329,0.8585312614838282,0.5526905655860901,0.136807749668757,0.3105016932822763,8.0,3.0,1.0,0.5,0.6666666666666666,0.25,0.0833333333333333,0.0283507036144785,0.040841958367252,0.0092910854695362,0.0272404353039662
2024-07-23,67532.0,67750.98,65441.08,65936.01,31406.15316,-0.0236332370382578,3439.61,3541.0,3389.0,3482.51,500568.7811,0.0124752878241656,173.03,3895827.332,-0.032811626607043,581.9,214355.311,-0.0090258855585831,16,0.3815354132966603,0.7995282746851444,0.4650393852498382,0.0835039719531777,0.4514566564466804,7.0,8.0,1.0,1.375,0.4375,0.5,0.0625,0.0350324504015331,0.043646680124393,0.0236332370382578,0.0124752878241656
2024-07-24,65936.0,67102.01,65111.0,65376.0,23082.56277,-0.0084932345769783,3482.51,3487.82,3300.0,3335.81,275479.0506,-0.0421247893042662,178.06,3845177.713,0.0290701034502687,574.9,160535.208,-0.0120295583433579,16,0.4501460025203414,0.7790156714618206,0.5036512699443847,0.0535052674240432,0.4428434622241184,8.0,7.0,1.0,0.8125,0.5,0.4375,0.0625,0.030454754038179,0.0563041660046585,0.0084932345769783,0.0421247893042662
2024-07-25,65376.01,66175.49,63456.7,65799.95,35126.42934,0.0064847956436613,3335.82,3342.5,3087.53,3175.48,494282.6398,-0.0480632889762906,171.85,4859387.428,-0.0348758845333034,570.6,286997.522,-0.0074795616628978,14,0.077905595768243,0.8000171588999885,0.3551747562762882,0.2772691605080451,0.3675560941919684,6.0,5.0,3.0,0.8571428571428571,0.4285714285714285,0.3571428571428571,0.2142857142857142,0.0413190283579244,0.0802933729703855,0.0064847956436613,0.0480632889762906
2024-07-26,65799.95,68200.0,65722.63,67907.99,24244.36023,0.0320371064111753,3175.47,3286.36,3171.0,3274.61,260237.4641,0.0312173277740688,183.06,3030603.246,0.0652313063718359,580.9,155492.92,0.0180511742025937,17,0.4644805518088533,0.7884285239612355,0.5806940853157464,0.116213533506893,0.3030923847109079,10.0,5.0,2.0,0.7647058823529411,0.5882352941176471,0.2941176470588235,0.1176470588235294,0.0364812741475634,0.0352286226451394,0.0320371064111753,0.0312173277740688
2024-07-27,67908.0,69399.99,66650.0,67896.5,31710.21921,-0.000169199530129,3274.6,3327.59,3191.01,3249.01,231991.9037,-0.0078177248588381,183.92,3518852.056,0.0046979132524853,581.6,184468.855,0.0012050266827337,16,0.2910416424274444,0.7372038289904594,0.3758263698546216,0.084784727427177,0.5393889046972618,5.0,10.0,1.0,0.6875,0.3125,0.625,0.0625,0.040502676868469,0.0420374206296687,0.000169199530129,0.0078177248588381
2024-07-28,67896.49,68318.43,67066.66,68249.88,10868.69394,0.0052046865449619,3249.0,3284.3,3198.11,3270.16,103529.8329,0.0065096752549236,184.9,1901473.957,0.0053284036537626,583.9,92606.642,0.0039546079779917,10,0.2378280526027083,0.7596396803855896,0.3897852793335914,0.1519572267308831,0.4582574933767319,4.0,4.0,2.0,0.8,0.4,0.4,0.2,0.0183409846288372,0.0263565085500403,0.0052046865449619,0.0065096752549236
2024-07-29,68249.88,70079.99,66428.0,66784.69,36467.29633,-0.02146802309396,3270.16,3396.77,3258.0,3317.66,318471.5055,0.0145252831665729,182.57,4024560.314,-0.0126014061654948,574.3,213824.089,-0.0164411714334646,16,0.5675689567578956,0.8710038270801306,0.711136611585971,0.1435676548280753,0.1452957354485988,13.0,1.0,2.0,1.125,0.8125,0.0625,0.125,0.0546830418768134,0.04182767372184,0.02146802309396,0.0145252831665729
2024-07-30,66784.68,67000.0,65302.67,66188.0,23132.25441,-0.0089345327499461,3317.66,3366.4,3233.18,3279.21,197277.1641,-0.0115894937998468,179.16,3074498.493,-0.01867776743167,588.2,165024.413,0.0242033780254224,15,0.3934546909605463,0.8226499120394389,0.5039752359191576,0.1105205449586112,0.3855042265107234,8.0,6.0,1.0,0.7333333333333333,0.5333333333333333,0.4,0.0666666666666666,0.0256440744545839,0.0406256384921978,0.0089345327499461,0.0115894937998468
2024-07-31,66188.0,66849.24,64530.0,64628.0,22625.43905,-0.0235692270502205,3279.2,3350.0,3213.75,3232.74,233711.3352,-0.0141710960871673,171.71,3250862.527,-0.0415829426211207,576.5,194701.723,-0.0198911934716083,13,0.0730131803653561,0.7968816482103788,0.3300387619349819,0.2570255815696257,0.4129356602923228,4.0,6.0,3.0,0.6923076923076923,0.3076923076923077,0.4615384615384615,0.2307692307692307,0.0358859936869469,0.042146909432865,0.0235692270502205,0.0141710960871673
2024-08-01,64628.01,65659.78,62302.0,65354.02,35542.26854,0.0112338305378474,3232.74,3242.57,3080.02,3203.4,323285.6105,-0.0090758922771394,167.37,5523497.615,-0.025275173257236,575.1,280418.865,-0.0024284475281872,19,0.1258716445269161,0.8147616511897037,0.3901933600733939,0.2643217155464777,0.3454849262182649,8.0,6.0,5.0,1.1578947368421053,0.4210526315789473,0.3157894736842105,0.2631578947368421,0.0513783237817658,0.0507429606043579,0.0112338305378474,0.0090758922771394
2024-08-02,65354.02,65596.14,61230.01,61498.33,38820.42937,-0.0589969828940897,3203.4,3218.6,2967.0,2989.61,385704.0395,-0.0667384653805331,152.77,5553017.934,-0.0872318814602377,542.9,283605.001,-0.0559902625630326,26,0.272645149523249,0.8112597958399699,0.4885132627991529,0.2158681132759038,0.2956186159012409,13.0,8.0,5.0,0.6538461538461539,0.5,0.3076923076923077,0.1923076923076923,0.0709959115962985,0.0841581343385926,0.0589969828940897,0.0667384653805331
2024-08-03,61498.34,62198.22,59850.0,60697.99,28034.71567,-0.0130140119252019,2989.61,3018.02,2859.0,2903.64,344595.3157,-0.0287562591776185,142.52,5444954.693,-0.0670943248019899,529.6,245777.525,-0.0244980659421624,5,-0.2361131580546497,0.7948743820190429,0.2327958149835467,0.4689089730381965,0.2982952196151017,1.0,2.0,2.0,0.4,0.2,0.4,0.4,0.0386869482828014,0.0547657423096527,0.0130140119252019,0.0287562591776185
2024-08-04,60697.99,61117.63,57122.77,58161.0,31616.52003,-0.0417969359446663,2903.65,2935.46,2630.0,2688.92,512064.2612,-0.0739485611163918,138.33,7037715.285,-0.0293993825428009,496.9,390238.285,-0.0617447129909366,8,-0.03046655934304,0.8171237707138062,0.2808931830804794,0.3113597424235195,0.4077470795018598,2.0,4.0,2.0,1.5,0.25,0.5,0.25,0.0686862330427606,0.1135995120717611,0.0417969359446663,0.0739485611163918
2024-08-05,58161.0,58305.59,49000.0,54018.81,162065.59186,-0.0712193738071904,2688.91,2697.44,2111.0,2419.59,2670604.1003,-0.1001628906772978,129.78,24267557.819,-0.0618087182823683,464.2,2114679.75,-0.0658080096598913,3,-0.1928698470195134,0.8006563981374105,0.1527323282013336,0.3456021752208471,0.5016654878854752,0.0,2.0,1.0,0.3333333333333333,0.0,0.6666666666666666,0.3333333333333333,0.1722657348431036,0.2423716414764485,0.0712193738071904,0.1001628906772978
2024-08-06,54018.82,57040.99,53950.0,56022.01,55884.77676,0.0370833789193061,2419.76,2556.23,2414.19,2461.33,642283.8038,0.0172508565500766,144.4,8362643.634,0.1126521806133455,484.8,458815.007,0.044377423524343,8,0.0162943073082715,0.8938504830002785,0.3919404224725439,0.3756461151642725,0.2324134653899818,3.0,2.0,3.0,0.625,0.375,0.25,0.375,0.0551745644256605,0.0577086372002128,0.0370833789193061,0.0172508565500766
2024-08-07,56022.0,57736.05,54558.62,55134.16,44269.37684,-0.0158482353632081,2461.33,2551.32,2309.04,2342.8,630115.4228,-0.0481568907866883,144.77,8372307.587,0.002562326869806,475.0,322182.487,-0.0202145214521451,13,0.3884862926072226,0.8531251137073224,0.6271322150356494,0.2386459224284268,0.1342218676581978,8.0,2.0,3.0,0.5384615384615384,0.6153846153846154,0.1538461538461538,0.2307692307692307,0.0576308771186502,0.1034147174321325,0.0158482353632081,0.0481568907866883
2024-08-08,55133.76,62745.14,54730.0,61685.99,48349.52949,0.1188343125205859,2342.79,2724.1,2320.4,2682.5,586502.8754,0.1449974389619257,163.13,7303133.96,0.1268218553567726,517.1,286744.608,0.0886315789473684,16,0.3080354912672192,0.8042455390095711,0.5234785902430303,0.2154430989758111,0.2610783036798238,10.0,2.0,4.0,0.8125,0.625,0.125,0.25,0.1299345280832811,0.15049394221808,0.1188343125205859,0.1449974389619257
2024-08-09,61686.0,61744.37,59535.0,60837.99,30972.48017,-0.0137470436966319,2682.5,2707.98,2552.61,2598.78,406739.9611,-0.0312096924510716,156.28,4098735.233,-0.041991050082756,508.7,195125.106,-0.0162444401469735,16,0.2814555585500784,0.7926387451589108,0.4957900905865244,0.2143345320364459,0.2898753751069307,9.0,4.0,3.0,0.8125,0.5625,0.25,0.1875,0.0363156310719667,0.0597857456190981,0.0137470436966319,0.0312096924510716
2024-08-10,60837.99,61470.58,60242.0,60923.51,9995.20621,0.0014057006156844,2598.79,2644.7,2576.49,2609.92,171012.3619,0.0042866268018069,154.01,1885839.233,-0.0145252111594574,523.1,126212.238,0.0283074503636722,15,-0.1093583736258248,0.7638349930445353,0.2405039778600136,0.3498623514858385,0.4096336572741468,2.0,7.0,6.0,0.8666666666666667,0.1333333333333333,0.4666666666666667,0.4,0.0201659425072521,0.026134900686611,0.0014057006156844,0.0042866268018069
2024-08-11,60923.51,61858.0,58286.73,58712.59,19189.84512,-0.0362900955640934,2609.92,2720.0,2540.0,2555.38,297098.9145,-0.0208971922511034,141.57,3468314.255,-0.0807739757158626,503.4,206038.714,-0.0376601032307398,4,-0.3615458467975259,0.8662706166505814,0.0534325665794312,0.4149784133769572,0.5315890144556761,0.0,2.0,2.0,1.0,0.0,0.5,0.5,0.0608263065894384,0.0704396215044337,0.0362900955640934,0.0208971922511034
2024-08-12,58712.59,60711.09,57642.21,59346.64,37009.91743,0.0107992169992841,2555.38,2750.0,2510.05,2722.3,483414.2506,0.065321009008445,146.29,4946945.239,0.0333403969767605,518.2,285951.347,0.0294000794596742,9,-0.0170461632725265,0.890576183795929,0.420039552056955,0.4370857153294814,0.1428747233003377,4.0,1.0,4.0,0.7777777777777778,0.4444444444444444,0.1111111111111111,0.4444444444444444,0.051711099398382,0.0881423796054805,0.0107992169992841,0.065321009008445
2024-08-13,59346.64,61578.1,58392.88,60587.15,27858.95851,0.0209027840497795,2722.3,2738.4,2611.37,2702.44,325668.6964,-0.0072953017668883,146.65,2865655.423,0.0024608654043338,524.2,255029.497,0.0115785411038209,11,0.1145899669182571,0.7822839373892004,0.3510704161599278,0.2364804492416706,0.4124491199512373,4.0,5.0,2.0,0.7272727272727273,0.3636363636363636,0.4545454545454545,0.1818181818181818,0.0525725339449041,0.0470056689510221,0.0209027840497795,0.0072953017668883
2024-08-14,60587.16,61800.0,58433.18,58683.39,28422.76326,-0.0314218444009992,2702.44,2780.0,2632.2,2661.45,338808.7141,-0.0151677743076628,143.71,3927148.647,-0.0200477326968974,523.4,220850.011,-0.0015261350629531,12,-0.1736497677241762,0.8475647916396459,0.3163353016134351,0.4899850693376113,0.1936796340160071,4.0,2.0,6.0,0.9166666666666666,0.3333333333333333,0.1666666666666666,0.5,0.0573726228154167,0.055533637678709,0.0314218444009992,0.0151677743076628
2024-08-15,58683.39,59849.38,56078.54,57541.06,37686.17622,-0.0194659851791111,2661.45,2675.6,2515.71,2569.89,356546.8059,-0.0344022994983936,142.58,4229038.816,-0.0078630575464476,519.2,229628.306,-0.0080244554833778,16,0.4075778627884574,0.800206370651722,0.5547970731277019,0.1472192103392444,0.2979837259044871,10.0,4.0,2.0,1.375,0.625,0.25,0.125,0.0655330298051512,0.0622166707524446,0.0194659851791111,0.0344022994983936
2024-08-16,57541.05,59817.76,57098.62,58874.6,27610.84344,0.0231754507129344,2569.9,2630.97,2550.04,2592.73,270684.1373,0.0088875399336159,139.04,4035320.605,-0.0248281666432881,519.7,174036.141,0.0009630200308166,14,0.5788127084129623,0.8200425973960331,0.6313401593693665,0.0525274509564041,0.3161323874124458,10.0,4.0,0.0,0.7142857142857143,0.7142857142857143,0.2857142857142857,0.0,0.0461852819382212,0.0312142027901092,0.0231754507129344,0.0088875399336159
2024-08-17,58874.59,59700.0,58785.05,59491.99,7721.72931,0.0104865255984754,2592.72,2629.69,2587.5,2614.51,89348.676,0.0084004119210254,141.93,1561594.103,0.0207853855005755,541.6,196365.586,0.042139695978449,12,0.231930589225764,0.8194640030463537,0.4851062785989294,0.2531756893731653,0.2617180468514561,5.0,4.0,3.0,0.75,0.4166666666666667,0.3333333333333333,0.25,0.0153793813251161,0.0161368669463876,0.0104865255984754,0.0084004119210254
2024-08-18,59491.99,60284.99,58408.92,58427.35,13634.85717,-0.0178955183714647,2614.51,2689.16,2594.53,2612.15,174074.0585,-0.0009026547995609,142.42,2352046.743,0.0034524061156906,531.2,148890.018,-0.0192023633677991,5,0.2126497583463787,0.747326922416687,0.2326614126563072,0.0200116543099283,0.747326922416687,0.0,5.0,0.0,0.4,0.0,1.0,0.0,0.0321094487427548,0.0362268629290047,0.0178955183714647,0.0009026547995609
2024-08-19,58427.35,59617.63,57787.3,59438.5,22809.31251,0.0173061074993132,2612.15,2648.08,2563.58,2636.36,224867.1336,0.0092682273223207,144.29,2940357.953,0.013130178345738,558.4,233275.352,0.0512048192771084,16,-0.0359393855906091,0.863472543656826,0.3159175463370047,0.3518569319276139,0.3322254959493875,4.0,6.0,6.0,1.0,0.25,0.375,0.375,0.0307936774985908,0.0320517683472666,0.0173061074993132,0.0092682273223207
2024-08-20,59438.5,61400.0,58548.23,59013.8,31477.44548,-0.0071452005013584,2636.36,2695.0,2555.0,2572.82,281315.8751,-0.0241014125536724,142.27,3021467.596,-0.013999584170767,569.4,422053.693,0.0196991404011461,15,0.2665351768334706,0.883058488368988,0.5313731551170349,0.2648379782835642,0.2037888575345277,9.0,2.0,4.0,0.8666666666666667,0.6,0.1333333333333333,0.2666666666666666,0.0483237818950821,0.0544149998833964,0.0071452005013584,0.0241014125536724
2024-08-21,59013.8,61820.93,58783.47,61156.03,27983.6422,0.036300492427195,2572.81,2663.74,2536.22,2630.71,245286.6218,0.0225006024517844,142.79,2519581.859,0.0036550221409994,570.1,345601.77,0.0012293642430629,25,0.1247939654812216,0.801477563381195,0.3598010698705912,0.2350071043893694,0.4051918214559555,10.0,9.0,6.0,0.92,0.4,0.36,0.24,0.0496673835760758,0.0484736059846961,0.036300492427195,0.0225006024517844
2024-08-22,61156.03,61400.0,59724.87,60375.84,21241.20588,-0.0127573683249223,2630.71,2644.69,2584.2,2622.88,199063.1196,-0.002976382801601,143.22,1825402.718,0.0030114153652216,582.9,365020.284,0.0224522013681809,24,0.4687527333541463,0.814608725408713,0.5890988655931627,0.1203461322390163,0.290555016331685,16.0,5.0,3.0,0.875,0.6666666666666666,0.2083333333333333,0.125,0.027745038412716,0.0230624351857501,0.0127573683249223,0.002976382801601
2024-08-23,60375.83,64955.0,60342.14,64037.24,38118.07089,0.0606434626830865,2622.89,2799.13,2621.4,2762.48,401786.4447,0.0532239370463001,153.26,3781090.162,0.070101941069683,591.7,387772.663,0.0150969291473668,7,0.245343982641186,0.8088984148842948,0.3306041407798017,0.0852601581386157,0.5841356907039881,2.0,5.0,0.0,1.2857142857142858,0.2857142857142857,0.7142857142857143,0.0,0.0720340227030396,0.0643371173727954,0.0606434626830865,0.0532239370463001
2024-08-24,64037.24,64494.5,63531.0,64157.01,15857.15616,0.0018703179587378,2762.49,2820.0,2731.26,2768.0,263542.9441,0.0019982045118878,160.67,3739086.949,0.0483492104919744,580.5,325168.897,-0.0189285110697989,8,0.4992117114597931,0.7649863101541996,0.6519855242222548,0.1527738127624615,0.1952406505588441,5.0,1.0,2.0,0.75,0.625,0.125,0.25,0.0150178445036637,0.0320592485549132,0.0018703179587378,0.0019982045118878
2024-08-25,64157.02,65000.0,63773.27,64220.0,12305.47977,0.000981810093706,2768.01,2792.28,2733.21,2746.13,154527.2352,-0.0079010115606935,158.92,2629083.703,-0.0108918902097466,573.9,195984.559,-0.0113695090439276,12,0.1973988348230098,0.77303413550059,0.41824520782878,0.2208463730057701,0.3609084083388249,5.0,4.0,3.0,0.8333333333333334,0.4166666666666667,0.3333333333333333,0.25,0.0191019931485519,0.0215102708174777,0.000981810093706,0.0079010115606935
2024-08-26,64219.99,64481.0,62800.0,62834.0,19470.05276,-0.0215820616630333,2746.12,2762.0,2666.66,2680.49,211708.1247,-0.0239027285671109,157.12,3318398.041,-0.0113264535615402,548.2,280985.576,-0.0447813207875935,16,0.1812103213742375,0.7582011446356773,0.412275108974427,0.2310647876001894,0.3566600839840248,8.0,5.0,3.0,1.375,0.5,0.3125,0.1875,0.0267530317980711,0.0355681237385702,0.0215820616630333,0.0239027285671109
2024-08-27,62834.0,63212.0,58034.01,59415.0,35135.94178,-0.0544132157748989,2680.49,2699.98,2392.96,2457.33,412660.7197,-0.0832534350062861,146.79,3650375.766,-0.0657459266802444,533.3,298073.974,-0.0271798613644657,8,0.3580155298113823,0.8669606894254684,0.5318172774277627,0.1738017476163804,0.2943809404969215,4.0,3.0,1.0,1.0,0.5,0.375,0.125,0.0871495413616089,0.1249404841840534,0.0544132157748989,0.0832534350062861
2024-08-28,59415.0,60234.98,57860.0,59034.9,36868.54275,-0.0063973744004038,2457.33,2554.6,2418.8,2528.33,451266.634,0.0288931482544061,143.95,4270867.034,-0.019347366986852,537.0,269794.777,0.0069379336208514,12,-0.3471149681524063,0.8188577195008596,0.211172433453612,0.5582874016060183,0.2305401748356719,3.0,2.0,7.0,0.9166666666666666,0.25,0.1666666666666666,0.5833333333333334,0.0402301011774391,0.0537113430604389,0.0063973744004038,0.0288931482544061
2024-08-29,59034.9,61166.99,58713.09,59359.01,27020.90743,0.0054901422717748,2528.33,2595.4,2505.88,2527.61,237002.9632,-0.0002847729528976,140.0,2921816.829,-0.0274400833622785,536.4,166187.113,-0.0011173184357542,8,-0.1088138336781412,0.8844584822654724,0.1537520647980272,0.2625658984761684,0.5836820774711668,1.0,5.0,2.0,1.125,0.125,0.625,0.25,0.0413399751781574,0.0354168562396888,0.0054901422717748,0.0002847729528976
2024-08-30,59359.0,59944.07,57701.1,59123.99,28519.32195,-0.0039592978386937,2527.6,2552.17,2431.14,2526.0,338379.1941,-0.0006369653546235,137.99,4038797.169,-0.0143571428571428,535.2,197825.895,-0.0022371364653243,7,-0.2251485072608505,0.8949301157678876,0.1864050179719924,0.411553525232843,0.4020414477480309,1.0,3.0,3.0,1.1428571428571428,0.1428571428571428,0.4285714285714285,0.4285714285714285,0.0379367157054184,0.0479136975455266,0.0039592978386937,0.0006369653546235
2024-08-31,59123.99,59462.38,58744.0,58973.99,8798.409,-0.002537041224721,2525.99,2533.95,2491.92,2513.01,97946.1147,-0.0051425178147267,135.35,1230210.745,-0.0191318211464599,532.9,95954.072,-0.0042974588938715,4,0.5615520176943392,0.794197216629982,0.6432839510962367,0.0817319334018975,0.2749840803444385,3.0,1.0,0.0,0.75,0.75,0.25,0.0,0.0121813022995391,0.0167249632910333,0.002537041224721,0.0051425178147267
2024-09-01,58974.0,59076.59,57201.0,57301.86,20705.15741,-0.0283536860911055,2513.0,2516.28,2400.0,2425.72,223127.776,-0.0347352378223725,128.5,2928444.741,-0.0506095308459548,512.4,203698.867,-0.0384687558641396,2,-0.4768890561535955,0.9518976211547852,0.0228015752509236,0.499690631404519,0.4775077728554606,0.0,1.0,1.0,0.5,0.0,0.5,0.5,0.0327317472766153,0.0479362828356117,0.0283536860911055,0.0347352378223725
2024-09-02,57301.77,59425.69,57128.0,59132.13,22895.01461,0.0319408479934157,2425.71,2564.83,2423.52,2538.01,262632.8385,0.0462914103853702,134.94,3146315.554,0.0501167315175097,526.3,262984.426,0.0271272443403589,12,0.1972153798366586,0.7938309361537298,0.3375474247150123,0.1403320448783536,0.5221205134876072,4.0,7.0,1.0,0.8333333333333334,0.3333333333333333,0.5833333333333334,0.0833333333333333,0.0388568786546333,0.0556774796001591,0.0319408479934157,0.0462914103853702
2024-09-03,59132.12,59809.65,57415.0,57487.73,22828.18447,-0.0278089086254798,2538.0,2553.6,2411.12,2425.29,224793.1299,-0.0444127485707307,127.54,2627381.925,-0.0548391877871645,518.7,224481.65,-0.0144404332129962,10,-0.3121180170215666,0.7397700518369674,0.1772658085450529,0.4893838255666196,0.3333503713831305,1.0,4.0,5.0,0.8,0.1,0.4,0.5,0.041654975766133,0.0587476136874353,0.0278089086254798,0.0444127485707307
2024-09-04,57487.74,58519.0,55606.0,57970.9,35560.82146,0.008404750022309,2425.28,2490.0,2306.65,2450.71,384179.3854,0.0104812208024607,133.64,3814059.109,0.0478281323506348,507.6,435892.306,-0.0213996529786003,6,0.1061741611144194,0.8340175648530325,0.3876039853009085,0.2814298241864889,0.3309662031630674,2.0,2.0,2.0,1.0,0.3333333333333333,0.3333333333333333,0.3333333333333333,0.0502493492424647,0.0748150535967127,0.008404750022309,0.0104812208024607
2024-09-05,57970.9,58327.07,55643.65,56180.0,27806.91413,-0.0308930860138448,2450.71,2466.0,2348.04,2368.81,278549.0969,-0.0334188867715886,129.41,2762037.052,-0.0316521999401375,502.4,177237.32,-0.0102442868400316,3,-0.1188413957133888,0.808100422223409,0.2244699786727626,0.3433113743861515,0.4322186335921287,1.0,1.0,1.0,1.6666666666666667,0.3333333333333333,0.3333333333333333,0.3333333333333333,0.0477646849412602,0.0497971555337912,0.0308930860138448,0.0334188867715886
2024-09-06,56180.0,57008.0,52550.0,53962.97,54447.76826,-0.0394629761480953,2368.81,2408.83,2150.55,2225.23,643027.111,-0.06061271271229,125.05,5494252.37,-0.0336913685186616,487.2,357704.727,-0.0302547770700636,5,-0.9416702335700392,0.95343177318573,0.0117615396156906,0.95343177318573,0.0348067026585339,0.0,0.0,5.0,1.0,0.0,0.0,1.0,0.0826122061109683,0.1160689007428444,0.0394629761480953,0.06061271271229
2024-09-07,53962.97,54850.0,53745.54,54160.86,16694.04774,0.0036671443399056,2225.24,2311.27,2220.98,2273.58,219453.2076,0.0217280910287924,127.71,2111596.965,0.0212714914034386,493.5,140367.312,0.0129310344827586,8,-0.3653488813433796,0.8232224509119987,0.24726880970411,0.6126176910474896,0.1401134880725294,2.0,1.0,5.0,1.0,0.25,0.125,0.625,0.0203922168148733,0.0397126997950368,0.0036671443399056,0.0217280910287924
2024-09-08,54160.86,55318.0,53629.01,54869.95,16274.14779,0.0130922958018022,2273.58,2333.58,2240.94,2297.3,192775.6493,0.01043288558133,130.15,1971919.866,0.0191057865476471,503.1,135677.173,0.019452887537994,11,0.1787397020750425,0.7888993675058539,0.3779941003092311,0.1992543982341885,0.4227514918893575,3.0,6.0,2.0,1.0,0.2727272727272727,0.5454545454545454,0.1818181818181818,0.030781693805079,0.0403255996169415,0.0130922958018022,0.01043288558133
2024-09-09,54869.95,58088.0,54591.96,57042.0,32384.51737,0.0395854197060505,2297.3,2381.41,2272.8,2359.5,321698.99,0.0270752622643972,135.08,3664956.878,0.0378793699577411,518.7,207528.54,0.0310077519379845,7,0.3211926396803131,0.8020109023366656,0.530315926032407,0.2091232863520936,0.2605607783687966,4.0,2.0,1.0,1.1428571428571428,0.5714285714285714,0.2857142857142857,0.1428571428571428,0.0612888748641352,0.0460309387582113,0.0395854197060505,0.0270752622643972
2024-09-10,57042.01,58044.36,56386.4,57635.99,23626.78126,0.0104132043055993,2359.51,2400.0,2320.41,2388.52,224382.1729,0.0122992159355794,135.63,2305171.22,0.0040716612377849,517.0,161417.812,-0.0032774243300559,4,0.0919869560748338,0.8403135240077972,0.4244308867491781,0.3324439306743443,0.2431252147071063,2.0,1.0,1.0,2.0,0.5,0.25,0.25,0.0287660539881417,0.0333218897057592,0.0104132043055993,0.0122992159355794
2024-09-11,57635.99,57981.71,55545.19,57338.0,33026.56757,-0.0051702070182189,2388.52,2389.32,2277.68,2340.55,282898.3125,-0.0200835663925778,132.42,3139383.418,-0.0236673302366733,530.1,204079.602,0.0253384912959382,6,-0.3342999201267957,0.9217322071393332,0.2999373494337002,0.634237269560496,0.0658253758835295,2.0,0.0,4.0,1.0,0.3333333333333333,0.0,0.6666666666666666,0.0424939830478914,0.0476981905962275,0.0051702070182189,0.0200835663925778
2024-09-12,57338.0,58588.0,57324.0,58132.32,31074.40631,0.0138532910111968,2340.54,2391.93,2315.39,2361.76,202611.1308,0.0090619726132745,136.05,2273359.309,0.0274127775260537,544.5,273877.8,0.0271646859083192,10,0.5671181857585907,0.838670939207077,0.646033732034266,0.0789155462756752,0.2750507492572069,6.0,3.0,1.0,1.7,0.6,0.3,0.1,0.0217434982811627,0.0324080346859968,0.0138532910111968,0.0090619726132745
2024-09-13,58132.31,60625.0,57632.62,60498.0,29825.23333,0.0406947460552065,2361.75,2464.82,2337.35,2439.19,253888.616,0.0327848722986245,139.02,2714532.025,0.0218302094818081,556.4,276743.273,0.0218549127640035,5,-0.055161396600306,0.7624648094177247,0.3070874772965908,0.3622488738968968,0.3306636430323123,2.0,2.0,1.0,1.0,0.4,0.4,0.2,0.0494624615689774,0.0522591516036062,0.0406947460552065,0.0327848722986245
2024-09-14,60497.99,60610.45,59400.0,59993.03,12137.90901,-0.0083468875004132,2439.19,2440.6,2376.72,2417.79,122931.2302,-0.008773404285849,137.14,1396833.298,-0.0135232340670409,553.3,138432.964,-0.0055715312724659,6,0.0748650507691005,0.813937117656072,0.4372205276352663,0.3623554768661658,0.2004240133489171,3.0,1.0,2.0,1.0,0.5,0.1666666666666666,0.3333333333333333,0.0201765105046369,0.0264208223212107,0.0083468875004132,0.008773404285849
2024-09-15,59993.02,60395.8,58691.05,59132.0,13757.92361,-0.0143521672434281,2417.8,2430.32,2283.75,2316.1,174364.1946,-0.0420590704734489,131.37,1850456.74,-0.0420737932040249,553.4,205254.79,0.0001807337791432,1,-0.675211388617754,0.709057092666626,0.0338457040488719,0.709057092666626,0.2570971250534057,0.0,0.0,1.0,1.0,0.0,0.0,1.0,0.0288295677467361,0.0632831052199819,0.0143521672434281,0.0420590704734489
2024-09-16,59132.0,59210.7,57493.3,58213.99,26477.5642,-0.0155247581681661,2316.09,2335.7,2252.39,2295.68,330555.232,-0.0088165450541859,131.47,2136388.305,0.0007612087995736,533.7,267953.69,-0.0355981207083482,7,0.0158783842676452,0.8413383790424892,0.4018772432048405,0.3859988589371954,0.2121238783001899,3.0,1.0,3.0,0.7142857142857143,0.4285714285714285,0.1428571428571428,0.4285714285714285,0.0295014995536295,0.0362899010315026,0.0155247581681661,0.0088165450541859
2024-09-17,58213.99,61320.0,57610.01,60313.99,33116.25878,0.0360738028779679,2295.67,2393.63,2263.29,2341.8,274206.2588,0.0200899080011152,131.54,2339845.911,0.0005324408610329,546.2,195288.36,0.02342139778902,4,0.350165317999199,0.7987553924322128,0.5828729430213571,0.232707625022158,0.184419410303235,3.0,0.0,1.0,1.5,0.75,0.0,0.25,0.0615112679496083,0.0556580408232983,0.0360738028779679,0.0200899080011152
2024-09-18,60313.99,61786.24,59174.8,61759.99,36087.02469,0.0239745372508102,2341.79,2376.14,2277.34,2374.75,292917.6008,0.0140703732171831,134.34,3309787.258,0.0212863007450205,559.5,201182.985,0.0243500549249358,3,-0.2902961506818731,0.7483266592025757,0.1643118783831596,0.4546080290650328,0.3810800835490227,0.0,1.0,2.0,1.3333333333333333,0.0,0.3333333333333333,0.6666666666666666,0.0422836856029282,0.0416043794083586,0.0239745372508102,0.0140703732171831
2024-09-19,61759.98,63850.0,61555.0,62947.99,34332.52608,0.0192357544099344,2374.74,2494.95,2372.6,2465.21,326746.032,0.0380924307821877,142.89,4130435.35,0.0636444841447072,567.0,308427.742,0.0134048257372654,15,0.2052631957146028,0.8693012475967408,0.3336820226162672,0.1284188269016642,0.5378991576532522,4.0,9.0,2.0,1.0666666666666669,0.2666666666666666,0.6,0.1333333333333333,0.0364586700862092,0.0496306602682935,0.0192357544099344,0.0380924307821877
2024-09-20,62948.0,64133.32,62350.0,63201.05,25466.37794,0.0040201442492446,2465.21,2571.93,2437.31,2561.4,340754.5912,0.0390189882403528,146.66,4488100.615,0.0263839316957099,569.0,257077.709,0.0035273368606703,13,0.0304079981735692,0.7962372394708487,0.3599097689327139,0.3295017707591446,0.3105884575499938,5.0,4.0,4.0,1.0769230769230769,0.3846153846153846,0.3076923076923077,0.3076923076923077,0.0282166198188162,0.0525571952838291,0.0040201442492446,0.0390189882403528
2024-09-21,63201.05,63559.9,62758.0,63348.96,8375.34608,0.0023403092195461,2561.4,2623.34,2528.97,2612.4,154757.8773,0.0199109861794331,149.41,1916733.216,0.0187508523114687,588.6,208752.23,0.0344463971880493,8,0.2401135998079553,0.8174378201365471,0.3893071385100484,0.149193538702093,0.4614993239520117,3.0,4.0,1.0,1.25,0.375,0.5,0.125,0.0126584556399979,0.0361238707701731,0.0023403092195461,0.0199109861794331
2024-09-22,63348.97,64000.0,62357.93,63578.76,14242.19892,0.0036275260083196,2612.4,2632.57,2524.58,2581.0,214266.3257,-0.012019598836319,144.63,2165962.888,-0.0319925038484706,588.7,202978.791,0.0001698946653074,6,0.4879217139290024,0.8006217181682587,0.5175671279430389,0.0296454140140364,0.4527874551713466,3.0,3.0,0.0,0.6666666666666666,0.5,0.5,0.0,0.0258273360474472,0.0418403719488571,0.0036275260083196,0.012019598836319
2024-09-23,63578.76,64745.88,62538.75,63339.99,24078.05287,-0.0037554994781276,2580.99,2702.82,2539.49,2646.97,333282.0149,0.0255598605191784,144.79,3226373.773,0.0011062711747216,604.5,376010.207,0.0268387973500934,5,0.2973565895110369,0.8301371335983276,0.4690285105258226,0.1716719210147857,0.3592995755374432,2.0,2.0,1.0,0.8,0.4,0.4,0.2,0.034845758580006,0.0617045149737248,0.0037554994781276,0.0255598605191784
2024-09-24,63339.99,64688.0,62700.0,64262.7,23185.04759,0.0145675741344448,2646.98,2670.96,2591.56,2653.2,288600.0402,0.0023536345330699,152.73,4015502.931,0.0548380413011948,605.9,261622.131,0.0023159636062861,7,0.6336657825325217,0.882524882044111,0.6638925495956626,0.0302267670631408,0.3058806913239615,5.0,2.0,0.0,1.4285714285714286,0.7142857142857143,0.2857142857142857,0.0,0.0309355193603754,0.0299261269410523,0.0145675741344448,0.0023536345330699
2024-09-25,64262.7,64817.99,62947.08,63152.01,17813.11168,-0.0172835875243336,2653.2,2673.5,2554.05,2579.95,220343.4293,-0.0276081712648876,147.98,2728253.346,-0.0311006351077064,587.4,220793.948,-0.0305330912691863,10,0.141237518005073,0.757644972205162,0.3486718699336051,0.207434351928532,0.4438937868922948,3.0,5.0,2.0,1.0,0.3,0.5,0.2,0.0296255020228175,0.0462993468865675,0.0172835875243336,0.0276081712648876
2024-09-26,63152.01,65839.0,62670.0,65173.99,28373.30593,0.0320176665794167,2580.09,2666.22,2559.2,2632.26,278686.3573,0.0202755867361772,155.55,4251220.763,0.0511555615623735,596.3,334337.474,0.0151515151515151,5,0.3670903054997325,0.8429450988769531,0.6188756071031094,0.2517853016033768,0.1293391190469264,3.0,1.0,1.0,1.6,0.6,0.2,0.2,0.0486236917518783,0.0406570779482269,0.0320176665794167,0.0202755867361772
2024-09-27,65173.99,66498.0,64819.9,65769.95,22048.80487,0.0091441386356734,2632.25,2728.6,2615.21,2694.43,281826.9792,0.0236184875354257,157.64,3725660.998,0.0134361941497909,606.8,356901.64,0.0176085862820727,8,0.1210414449451491,0.8386775702238083,0.4195316147524863,0.2984901698073371,0.2819782081060111,3.0,2.0,3.0,1.5,0.375,0.25,0.375,0.0255146917399207,0.0420831121981272,0.0091441386356734,0.0236184875354257
2024-09-28,65769.95,66260.0,65422.23,65858.0,9127.23316,0.0013387572896133,2694.43,2704.35,2650.0,2675.21,137230.0342,-0.0071332341163065,156.75,1580834.341,-0.0056457751839633,601.1,262593.381,-0.0093935398813446,6,0.6345007310931882,0.8115371267000834,0.7269072225317359,0.0924064914385477,0.1806863012413183,5.0,1.0,0.0,0.5,0.8333333333333334,0.1666666666666666,0.0,0.0127208539585167,0.0203161620956859,0.0013387572896133,0.0071332341163065
2024-09-29,65858.0,66076.12,65432.0,65602.01,8337.74111,-0.0038869993015275,2675.21,2683.7,2629.73,2657.62,160554.3146,-0.0065751847518512,158.46,2350658.476,0.0109090909090909,595.6,160103.084,-0.0091498918649143,3,0.7594312215223908,0.7976723114649454,0.7976723114649454,0.0382410899425546,0.1640865995238224,3.0,0.0,0.0,1.3333333333333333,1.0,0.0,0.0,0.0098186015946766,0.0203076436811883,0.0038869993015275,0.0065751847518512
2024-09-30,65602.01,65618.8,62856.3,63327.59,30011.08752,-0.0346699742888975,2657.62,2663.5,2575.0,2602.23,282475.7961,-0.0208419563368728,152.49,3240682.206,-0.0376751230594472,567.4,324086.737,-0.0473472128945602,8,-0.2012719525955617,0.7780617699027061,0.2325090452795848,0.4337809978751465,0.333709945436567,2.0,2.0,4.0,1.0,0.25,0.25,0.5,0.0436223769134432,0.034009292030297,0.0346699742888975,0.0208419563368728
2024-10-01,63327.6,64130.63,60164.0,60805.78,43671.48108,-0.039821663827725,2602.24,2659.0,2414.0,2447.79,502828.6804,-0.0593490967362608,145.13,4991241.419,-0.0482654600301659,547.3,476372.945,-0.0354247444483609,3,0.6567825768142939,0.8828287521998087,0.682035764058431,0.0252531872441371,0.2927110356589158,2.0,1.0,0.0,0.6666666666666666,0.6666666666666666,0.3333333333333333,0.0,0.0652344234380349,0.1000902855228594,0.039821663827725,0.0593490967362608
2024-10-02,60804.92,62390.31,60000.0,60649.28,31534.70118,-0.0025737684805622,2447.78,2499.0,2352.0,2364.1,317484.735,-0.0341900244710534,140.18,3817606.119,-0.0341073520292151,542.5,282193.663,-0.0087703270601131,8,-0.2469496910925954,0.8094990998506546,0.2649058323586359,0.5118555234512314,0.2232386319665238,2.0,1.0,5.0,0.625,0.25,0.125,0.625,0.0394120095077797,0.0621801108244152,0.0025737684805622,0.0341900244710534
2024-10-03,60649.27,61477.19,59828.11,60752.71,26221.43472,0.0017053788602272,2364.09,2403.38,2310.0,2349.8,314635.9263,-0.0060488135019668,136.82,3742347.845,-0.023969182479669,544.8,220702.342,0.0042396313364054,13,-0.5183452170055646,0.894295687858875,0.1004731685926134,0.6188183855981781,0.2807084476718536,1.0,3.0,9.0,0.8461538461538461,0.0769230769230769,0.2307692307692307,0.6923076923076923,0.0271441389198934,0.0397395523023236,0.0017053788602272,0.0060488135019668
2024-10-04,60752.72,62484.85,60459.9,62086.0,21294.65994,0.0219461814954426,2349.8,2441.64,2339.15,2414.41,239383.017,0.027495957102732,143.24,3120151.953,0.0469229644788775,555.3,186169.628,0.019273127753304,8,-0.0692862465512007,0.8775222077965736,0.2923046126961708,0.3615908592473715,0.346104534342885,2.0,3.0,3.0,0.875,0.25,0.375,0.375,0.0326152433720967,0.0424492940304255,0.0219461814954426,0.027495957102732
2024-10-05,62086.0,62370.56,61689.26,62058.0,7807.46141,-0.000450987340141,2414.41,2428.23,2390.05,2414.66,103740.2316,0.0001035449654367,142.59,1475217.816,-0.0045378385925719,563.0,124906.382,0.0138663785341257,1,-0.1075144186615943,0.7529352307319641,0.0697752013802528,0.1772896200418472,0.7529352307319641,0.0,1.0,0.0,1.0,0.0,1.0,0.0,0.0109784395243158,0.015811749894395,0.000450987340141,0.0001035449654367
2024-10-06,62058.01,62975.0,61798.97,62819.91,8906.86177,0.0122773856714686,2414.66,2457.8,2407.0,2440.03,105752.7096,0.0105066551812678,146.48,1409071.4,0.027281015498983,570.3,106787.34,0.0129662522202484,1,-0.9630080480128528,0.970939874649048,0.0079318266361951,0.970939874649048,0.0211283192038536,0.0,0.0,1.0,1.0,0.0,0.0,1.0,0.0187206571929185,0.0208194161547194,0.0122773856714686,0.0105066551812678
2024-10-07,62819.91,64478.19,62128.0,62224.0,25966.1852,-0.0094860053126469,2440.02,2521.0,2403.0,2422.71,300459.5407,-0.0070982733818847,143.96,3607754.951,-0.0172037138175858,564.3,213046.676,-0.0105207785376117,6,0.4260805767650406,0.7734098633130392,0.6149659594520926,0.188885382687052,0.1961486541355649,5.0,0.0,1.0,0.3333333333333333,0.8333333333333334,0.0,0.1666666666666666,0.0377698315762407,0.048705788146332,0.0094860053126469,0.0070982733818847
2024-10-08,62224.01,63200.0,61860.31,62160.49,19702.22371,-0.0010206672666495,2422.7,2466.66,2401.18,2440.89,201358.3312,0.007503993461867,143.49,2153828.153,-0.0032647957766046,580.8,286276.177,0.0292397660818712,6,0.0740411846588055,0.8791677951812744,0.4067782927304506,0.3327371080716451,0.2604846448327103,2.0,2.0,2.0,1.0,0.3333333333333333,0.3333333333333333,0.3333333333333333,0.0215521145344897,0.0268262805779859,0.0010206672666495,0.007503993461867
2024-10-09,62160.5,62543.75,60301.0,60636.02,20011.15684,-0.0245247423242641,2440.88,2473.61,2351.42,2370.47,242082.2725,-0.0288501325336251,139.33,2071518.061,-0.0289915673566102,570.7,324396.054,-0.0173898071625342,6,0.4750843493578334,0.7607055604457855,0.5081598411003748,0.0330754917425413,0.4587646586199601,3.0,3.0,0.0,0.8333333333333334,0.5,0.5,0.0,0.0369870911712213,0.051546739676098,0.0245247423242641,0.0288501325336251
2024-10-10,60636.01,61321.68,58946.0,60326.39,23967.92481,-0.0051063707677383,2370.47,2421.36,2330.66,2386.49,257862.9619,0.0067581534463629,139.03,2289782.907,-0.002153161558889,563.9,178198.309,-0.0119151918696338,10,0.0843010469339787,0.7512156546115876,0.28794537037611,0.2036443234421312,0.5084103066474199,3.0,5.0,2.0,0.9,0.3,0.5,0.2,0.0393804436167985,0.0380056065602622,0.0051063707677383,0.0067581534463629
2024-10-11,60326.4,63417.56,60087.64,62540.0,23641.35209,0.0366938913467222,2386.49,2471.45,2381.86,2439.5,235441.2197,0.0222125380789361,145.53,2269088.918,0.0467524994605481,573.6,185095.358,0.0172016314949459,4,-0.212971968576312,0.806847095489502,0.0584457470104098,0.2714177155867218,0.6701365374028683,0.0,3.0,1.0,1.25,0.0,0.75,0.25,0.0532446434282059,0.036724738675958,0.0366938913467222,0.0222125380789361
2024-10-12,62539.99,63480.0,62487.23,63206.22,10911.30116,0.0106527022705469,2439.49,2490.51,2434.35,2476.4,139637.5062,0.015126050420168,146.4,1347679.548,0.0059781488352916,576.6,135773.959,0.0052301255230124,1,0.7784559037536383,0.7884920239448547,0.7884920239448547,0.0100361201912164,0.2014718651771545,1.0,0.0,0.0,0.0,1.0,0.0,0.0,0.0157068402445201,0.0226780810854467,0.0106527022705469,0.015126050420168
2024-10-13,63206.23,63285.72,62050.0,62870.02,11909.21995,-0.005319096759781,2476.4,2484.92,2436.4,2468.91,120022.8179,-0.0030245517686965,147.74,1599054.833,0.0091530054644808,572.2,118779.976,-0.0076309399930627,2,0.0300642405636608,0.9151931703090668,0.4809869350865483,0.4509226945228874,0.0680903624743222,1.0,0.0,1.0,1.0,0.5,0.0,0.5,0.0196551551916159,0.019652397211725,0.005319096759781,0.0030245517686965
2024-10-14,62870.02,66500.0,62457.81,66083.99,37669.95222,0.0511208681021575,2468.92,2654.0,2443.39,2629.79,435900.1619,0.0651623590977394,157.59,3987055.145,0.066671179098416,589.1,252803.176,0.0295351275777699,8,0.2033993513905443,0.810584306716919,0.4239832492312416,0.2205838978406973,0.355432856362313,4.0,2.0,2.0,0.75,0.5,0.25,0.25,0.0611674627999913,0.0800862426277383,0.0511208681021575,0.0651623590977394
2024-10-15,66084.0,67950.0,64800.01,67074.14,43683.95423,0.0149832054632292,2629.79,2688.6,2537.36,2607.41,416285.6663,-0.0085101852239152,154.76,4480025.111,-0.0179579922583921,594.5,324305.897,0.0091665252079442,5,0.63793286960572,0.7983126044273376,0.662219899892807,0.0242870302870869,0.3134930979460477,4.0,1.0,0.0,0.2,0.8,0.2,0.0,0.0469628086174492,0.0580039195983753,0.0149832054632292,0.0085101852239152
2024-10-16,67074.14,68424.0,66750.49,67620.01,29938.25544,0.0081383078485985,2607.41,2647.79,2588.67,2611.1,260322.4242,0.0014151974564797,154.28,2851816.35,-0.0031015766347892,600.9,259951.129,0.0107653490328005,1,-0.9291790463030338,0.9469993114471436,0.0178202651441097,0.9469993114471436,0.0351803787052631,0.0,0.0,1.0,0.0,0.0,0.0,1.0,0.0247487393154776,0.0226417984757381,0.0081383078485985,0.0014151974564797
2024-10-17,67620.0,67939.4,66666.0,67421.78,25328.22861,-0.0029315286998625,2611.1,2648.37,2575.4,2605.8,221624.5434,-0.0020297958714716,150.5,2664809.948,-0.0245009074410162,592.9,194199.416,-0.0133133632884007,5,0.435631911829114,0.8635654807090759,0.4532592058181762,0.0176272939890622,0.5291134960949421,2.0,3.0,0.0,0.8,0.4,0.6,0.0,0.0188870718037998,0.0280029165707267,0.0029315286998625,0.0020297958714716
2024-10-18,67421.78,69000.0,67192.36,68428.0,28725.635,0.0149242574135539,2605.79,2675.58,2596.49,2642.17,292444.1153,0.0139573259651546,154.94,1829394.118,0.0295016611295682,599.2,136743.669,0.0106257378984653,6,0.1414273587676385,0.7257042427857717,0.368119834922254,0.2266924761546155,0.4051876589655876,2.0,2.0,2.0,0.1666666666666666,0.3333333333333333,0.3333333333333333,0.3333333333333333,0.0264166715379669,0.029933728715412,0.0149242574135539,0.0139573259651546
2024-10-19,68427.99,68693.26,68010.0,68378.0,8193.66737,-0.0007306950371193,2642.17,2663.49,2631.02,2648.2,105413.7646,0.0022822149975207,159.79,1724504.166,0.0313024396540595,597.7,78940.239,-0.0025033377837115,6,0.4219772787764668,0.7732233305772146,0.5186123078068098,0.0966350290303428,0.3847526311874389,3.0,2.0,1.0,0.6666666666666666,0.5,0.3333333333333333,0.1666666666666666,0.0099923952148351,0.0122611585227701,0.0007306950371193,0.0022822149975207
2024-10-20,68377.99,69400.0,68100.0,69031.99,12442.47378,0.009564333557577,2648.2,2759.0,2635.54,2746.91,256910.7448,0.0372743750472019,167.4,3094698.825,0.0476250078227675,605.9,123572.057,0.0137192571524173,8,0.3197051251772791,0.8409296721220016,0.3831341066397726,0.0634289814624935,0.5534368851222098,3.0,5.0,0.0,0.625,0.375,0.625,0.0,0.0188318488283475,0.0449450473441066,0.009564333557577,0.0372743750472019
2024-10-21,69032.0,69519.52,66840.67,67377.5,31374.42184,-0.0239670042830868,2746.91,2769.48,2655.01,2666.7,310674.7232,-0.0292000830023554,166.17,4807758.742,-0.0073476702508962,598.8,275880.778,-0.0117181052979039,5,0.6125042350031435,0.8724390983581543,0.6265338480472564,0.0140296130441128,0.3594365511089563,3.0,2.0,0.0,0.4,0.6,0.4,0.0,0.0397588215650626,0.042925713428582,0.0239670042830868,0.0292000830023554
2024-10-22,67377.5,67836.01,66571.42,67426.0,24598.96268,0.0007198248673518,2666.71,2671.92,2606.56,2622.81,265747.713,-0.0164585442681965,167.59,4115685.502,0.0085454654871517,593.8,203756.934,-0.0083500334001336,7,0.2644575095868536,0.8642425622258868,0.4176264377310871,0.1531689281442335,0.4292046443692275,3.0,3.0,1.0,0.7142857142857143,0.4285714285714285,0.4285714285714285,0.1428571428571428,0.0187552279536083,0.0249198378837964,0.0007198248673518,0.0164585442681965
2024-10-23,67426.01,67472.83,65260.0,66668.65,25530.2407,-0.0112323139441758,2622.81,2628.2,2450.0,2524.61,352647.7086,-0.0374407601008078,170.85,4509792.292,0.0194522346202039,584.9,225698.465,-0.0149882115190299,2,0.4301367155276239,0.8684923648834229,0.4429656974971294,0.0128289819695055,0.5442053452134132,1.0,1.0,0.0,0.5,0.5,0.5,0.0,0.033191462553989,0.0705851596880309,0.0112323139441758,0.0374407601008078
2024-10-24,66668.65,68850.0,66510.0,68198.28,22589.83877,0.0229437674229191,2524.6,2562.65,2507.31,2535.82,290851.7842,0.0044402897873334,177.19,3893052.12,0.0371085747731929,594.5,145781.537,0.0164130620618909,7,0.3637520535183804,0.8548884562083653,0.5431147120626909,0.1793626585443104,0.2775226315217358,4.0,2.0,1.0,0.4285714285714285,0.5714285714285714,0.2857142857142857,0.1428571428571428,0.0343117157793422,0.0218233155350143,0.0229437674229191,0.0044402897873334
2024-10-25,68198.27,68771.49,65596.29,66698.33,34479.71125,-0.0219939564458223,2535.82,2566.33,2382.59,2440.62,514799.8822,-0.0375420968365263,164.9,5718307.066,-0.0693605733957898,575.3,254214.693,-0.032296047098402,3,-0.5927262883633375,0.9328835407892864,0.0303224983314672,0.6230487866948048,0.3466287230451901,0.0,1.0,2.0,1.0,0.0,0.3333333333333333,0.6666666666666666,0.0476053898201051,0.0752841491096523,0.0219939564458223,0.0375420968365263
2024-10-26,66698.32,67454.55,66439.9,67092.76,11842.9077,0.0059136413160567,2440.63,2508.0,2430.12,2482.51,248724.8313,0.0171636715260876,170.88,3010702.796,0.0362644026682836,583.4,119987.437,0.0140796106379281,2,0.7361615211702883,0.7476658523082733,0.7476658523082733,0.0115043311379849,0.2408298291265964,2.0,0.0,0.0,1.0,1.0,0.0,0.0,0.0151230922680779,0.0313714748379664,0.0059136413160567,0.0171636715260876
2024-10-27,67092.76,68332.05,66913.73,68021.7,8653.19592,0.01384560718623,2482.51,2527.99,2464.13,2507.8,137580.8836,0.0101872701419127,176.63,2606131.771,0.0336493445692884,589.2,94455.099,0.0099417209461776,6,0.1106895972043275,0.7689806918303171,0.4270635492478807,0.3163739520435532,0.256562472321093,2.0,2.0,2.0,0.6666666666666666,0.3333333333333333,0.3333333333333333,0.3333333333333333,0.0208509931389542,0.0254645506021212,0.01384560718623,0.0101872701419127
2024-10-28,68021.69,70270.0,67618.0,69962.21,29046.75459,0.0285278080377293,2507.8,2589.67,2471.67,2567.48,360605.327,0.0237977510168274,178.29,3877330.221,0.0093981769801279,601.1,189815.882,0.0201968771215206,4,0.0771206961944699,0.7887366712093353,0.2822385318577289,0.205117835663259,0.5126436427235603,1.0,2.0,1.0,0.75,0.25,0.5,0.25,0.0379061782067776,0.0459594621963949,0.0285278080377293,0.0237977510168274
2024-10-29,69962.21,73620.12,69760.0,72736.42,50128.60594,0.039652978372181,2567.49,2681.86,2561.2,2638.8,451915.7025,0.0277782105410753,179.42,4046109.939,0.006337988670144,606.3,301555.357,0.0086508068541006,9,0.1406591712600654,0.8147369689411588,0.3677779894529117,0.2271188181928461,0.4051031944238477,3.0,4.0,2.0,0.8888888888888888,0.3333333333333333,0.4444444444444444,0.2222222222222222,0.0530699751238787,0.0457253296953161,0.039652978372181,0.0277782105410753
2024-10-30,72736.41,72961.0,71436.0,72344.74,26885.99056,-0.0053849227113458,2638.8,2722.3,2599.66,2659.19,460627.126,0.0077269971199029,174.87,2893112.751,-0.025359491695463,595.6,186706.281,-0.0176480290285335,3,0.0604789294302463,0.6394592523574829,0.2949133732666572,0.2344344438364108,0.470652163028717,1.0,1.0,1.0,0.6666666666666666,0.3333333333333333,0.3333333333333333,0.3333333333333333,0.0210796251392983,0.046119307007021,0.0053849227113458,0.0077269971199029
2024-10-31,72344.75,72700.0,69685.76,70292.01,29352.10297,-0.0283742812538964,2659.19,2669.0,2503.0,2518.61,403427.2017,-0.0528657222688111,168.69,2661529.298,-0.0353405386858809,576.6,279156.175,-0.031900604432505,2,0.4328805296681821,0.7399182021617889,0.4438852518796921,0.0110047222115099,0.5451100170612335,1.0,1.0,0.0,1.0,0.5,0.5,0.0,0.0428816874065772,0.0659093706449192,0.0283742812538964,0.0528657222688111
2024-11-01,70292.01,71632.95,68820.14,69496.01,38301.86755,-0.011324188908526,2518.61,2586.8,2467.67,2511.49,430249.1073,-0.0028269561385051,166.1,3325662.447,-0.0153536072084889,573.1,242255.184,-0.0060700659035726,3,0.3248743498697876,0.8737278978029887,0.3459836294253667,0.0211092795555789,0.6329070578018824,1.0,2.0,0.0,0.6666666666666666,0.3333333333333333,0.6666666666666666,0.0,0.0404744099697234,0.0474339933664876,0.011324188908526,0.0028269561385051
2024-11-02,69496.0,69914.37,69000.14,69374.74,10521.67243,-0.0017449922664622,2511.49,2523.45,2470.0,2494.23,145961.13,-0.0068724143834933,166.17,1603273.603,0.0004214328717639,568.6,143716.603,-0.0078520328040481,3,0.6053249686956406,0.9069896737734476,0.6284913818041483,0.0231664131085077,0.3483421994994084,2.0,1.0,0.0,0.6666666666666666,0.6666666666666666,0.3333333333333333,0.0,0.0131781394784325,0.0214294591918146,0.0017449922664622,0.0068724143834933
2024-11-03,69374.74,69391.0,67478.73,68775.99,24995.70243,-0.0086306629761783,2494.23,2496.39,2411.0,2457.73,276009.1197,-0.0146337747521279,162.53,2745309.829,-0.0219052777276282,557.7,217508.468,-0.0191698909602532,1,0.0670923963189125,0.90181702375412,0.0826376900076866,0.0155452936887741,0.90181702375412,0.0,1.0,0.0,2.0,0.0,1.0,0.0,0.0278043253175999,0.0347434421193539,0.0086306629761783,0.0146337747521279
2024-11-04,68775.99,69500.0,66835.0,67850.01,29800.39187,-0.0134637102279445,2457.73,2491.39,2357.59,2398.21,306316.9645,-0.0242174689652646,157.95,3019251.325,-0.0281794130314404,552.5,264951.833,-0.0093240093240094,2,0.4012798191979528,0.8654407858848572,0.4785695187747478,0.077289699576795,0.4441407360136509,1.0,1.0,0.0,0.0,0.5,0.5,0.0,0.0392778129288411,0.0557916112433855,0.0134637102279445,0.0242174689652646
2024-11-05,67850.01,70577.91,67476.63,69372.01,33355.06888,0.0224318316239009,2398.21,2480.0,2380.74,2422.55,331619.2545,0.0101492363054112,166.62,3438156.871,0.0548907882241216,563.21,211437.753,0.0193846153846155,7,0.1413756759970315,0.8083399874823434,0.4266637353492634,0.2852880593522318,0.2880481917943273,3.0,2.0,2.0,0.2857142857142857,0.4285714285714285,0.2857142857142857,0.2857142857142857,0.0447050618830274,0.0409733545231265,0.0224318316239009,0.0101492363054112
2024-11-06,69372.01,76400.0,69298.0,75571.99,104126.994787,0.0893729329739763,2422.6,2744.7,2420.3,2721.87,1002141.3618,0.1235557573631089,186.59,10385235.992,0.119853558996519,592.22,535934.927,0.051508318389233,7,0.2003593974347625,0.8200470294271197,0.3606245986052921,0.1602652011705296,0.4791102103356804,2.0,4.0,1.0,1.0,0.2857142857142857,0.5714285714285714,0.1428571428571428,0.0939766175272081,0.1191827677295387,0.0893729329739763,0.1235557573631089
2024-11-07,75571.99,76849.99,74416.0,75857.89,44869.422345,0.0037831476979763,2721.88,2916.11,2699.49,2895.47,730845.9524,0.0637796808811588,196.35,4210329.82,0.0523071975990139,598.26,377600.506,0.010198912566276,8,0.2277132922317832,0.7994479760527611,0.3529030671343207,0.1251897749025374,0.5219071684405208,2.0,5.0,1.0,1.25,0.25,0.625,0.125,0.032086181147406,0.074813415438599,0.0037831476979763,0.0637796808811588
2024-11-08,75857.89,77199.99,75555.0,76509.78,36521.099583,0.0085935688430036,2895.47,2981.69,2886.4,2961.75,568864.435,0.0228909296245514,199.85,5129244.188,0.017825311942959,597.82,318752.718,-0.0007354661852705,11,0.3188254189762202,0.8143388087099249,0.4894372197714718,0.1706118007952516,0.3399509707973762,6.0,3.0,2.0,0.7272727272727273,0.5454545454545454,0.2727272727272727,0.1818181818181818,0.021500388577774,0.0321735460454123,0.0085935688430036,0.0228909296245514
2024-11-09,76509.78,76900.0,75714.66,76677.46,16942.07915,0.0021916152418686,2961.75,3157.4,2953.71,3126.21,526719.4212,0.055527981767536,199.89,2833304.996,0.0002001501125843,624.66,772172.655,0.0448964571275634,3,0.3901649946346879,0.7641651630401611,0.4591633143524328,0.0689983197177449,0.4718383550643921,1.0,2.0,0.0,0.6666666666666666,0.3333333333333333,0.6666666666666666,0.0,0.015458780194336,0.0651555717626135,0.0021916152418686,0.055527981767536
2024-11-10,76677.46,81500.0,76492.0,80370.01,61830.100435,0.0481569159959132,3126.2,3248.52,3069.0,3183.21,865536.7322,0.0182329402055523,210.07,7968628.23,0.0509280104057232,627.33,812783.747,0.0042743252329269,10,0.6838521636091173,0.8436757504940033,0.7044313453137875,0.0205791817046701,0.2749894680455326,7.0,3.0,0.0,0.5,0.7,0.3,0.0,0.0623118001353987,0.0563959022496159,0.0481569159959132,0.0182329402055523
2024-11-11,80370.01,89530.54,80216.01,88647.99,82323.665776,0.102998369665501,3183.2,3387.61,3105.0,3371.59,1000093.9664,0.0591792561596626,222.13,8935306.968,0.0574094349502547,659.63,1006384.738,0.0514880525401302,7,0.8979764470298376,0.9274778366088868,0.9274778366088868,0.0295013895790491,0.0430207755416631,7.0,0.0,0.0,1.2857142857142858,1.0,0.0,0.0,0.1050732227544019,0.083820986537509,0.102998369665501,0.0591792561596626
2024-11-12,88648.0,89940.0,85072.0,87952.01,97299.887911,-0.0078510522347997,3371.59,3442.5,3207.67,3243.8,973215.7285,-0.0379019987602288,211.64,9001990.659,-0.0472245982082564,625.33,1166459.013,-0.0519988478389399,17,0.5472720086245852,0.8154561887769138,0.5743437260389328,0.0270717174143475,0.3985845706261256,10.0,7.0,0.0,0.9411764705882352,0.5882352941176471,0.4117647058823529,0.0,0.0553483655461654,0.0723934891177014,0.0078510522347997,0.0379019987602288
2024-11-13,87952.0,93265.64,86127.99,90375.2,86763.854127,0.0275512748372663,3243.79,3331.0,3116.69,3187.16,919686.3747,-0.0174610025278995,215.13,10834052.799,0.0164902664902666,620.68,1034672.114,-0.0074360737530585,23,0.4518192847583281,0.8370323362557784,0.5101435677674802,0.058324283009152,0.4315321677080962,12.0,10.0,1.0,0.9565217391304348,0.5217391304347826,0.4347826086956521,0.0434782608695652,0.0789779718329806,0.0672416822500282,0.0275512748372663,0.0174610025278995
2024-11-14,90375.21,91790.0,86668.21,87325.59,56729.51086,-0.0337438810647169,3187.16,3240.4,3028.56,3058.82,605780.6662,-0.0402678246463935,209.57,7458523.708,-0.0258448380049273,622.3,1060649.7,0.0026100406006315,7,0.4941487493259566,0.7715839658464704,0.5723137488322598,0.0781649995063031,0.349521240485566,4.0,3.0,0.0,1.0,0.5714285714285714,0.4285714285714285,0.0,0.0586516506787986,0.069255464525536,0.0337438810647169,0.0402678246463935
2024-11-15,87325.59,91850.0,87073.38,91032.07,47927.95068,0.0424443739801816,3058.81,3131.06,3014.5,3090.01,519623.6317,0.0101967425347029,218.45,5271091.924,0.0423724769766664,619.37,654908.221,-0.0047083400289248,7,0.0353714593553117,0.7630765523229327,0.3544275787259851,0.3190561193706733,0.326516309220876,2.0,3.0,2.0,1.0,0.2857142857142857,0.4285714285714285,0.2857142857142857,0.0524718376721521,0.0377215607716479,0.0424443739801816,0.0101967425347029
2024-11-16,91032.08,91779.66,90056.17,90586.92,22717.87689,-0.0048900349074783,3090.01,3219.97,3072.0,3132.87,423639.1573,0.0138705052734455,215.71,4204469.3,-0.0125429159990844,622.69,447887.923,0.0053602854513457,9,0.3629190399208002,0.8303466108110216,0.4938998762518167,0.1309808363310164,0.3751192659967475,4.0,4.0,1.0,1.2222222222222223,0.4444444444444444,0.4444444444444444,0.1111111111111111,0.0190258152059922,0.0472314523105011,0.0048900349074783,0.0138705052734455
2024-11-17,90587.98,91449.99,88722.0,89855.99,23867.55609,-0.0080688249473543,3132.88,3162.11,3034.99,3076.0,449818.9575,-0.0181526842799094,237.47,8433424.204,0.1008761763478744,618.9,595820.376,-0.0060864956880631,3,0.1364141044517357,0.5879454215367635,0.4122340182463328,0.2758199137945969,0.3119460542996724,2.0,0.0,1.0,1.0,0.6666666666666666,0.0,0.3333333333333333,0.0303595786992053,0.0413263979193759,0.0080688249473543,0.0181526842799094
2024-11-18,89855.98,92594.0,89376.9,90464.08,46545.03448,0.0067673841220823,3075.99,3224.94,3050.01,3207.8,640658.4357,0.0428478543563068,239.79,7485850.361,0.0097696551143302,618.93,483382.136,4.84730974308345e-05,10,0.414364730939269,0.8195773005485535,0.5278477936983108,0.1134830627590417,0.3586691433563828,5.0,4.0,1.0,1.2,0.5,0.4,0.1,0.0355621811441624,0.0545327015399962,0.0067673841220823,0.0428478543563068
2024-11-19,90464.07,93905.51,90357.0,92310.79,43660.04682,0.0204137376956687,3207.81,3221.2,3065.4,3107.44,500112.0194,-0.0312862397905107,237.63,5595613.402,-0.0090078818966595,615.5,420441.21,-0.0055418221769827,6,0.5692188589212795,0.749038964509964,0.6446555983275175,0.0754367394062379,0.2799076636632283,4.0,2.0,0.0,0.8333333333333334,0.6666666666666666,0.3333333333333333,0.0,0.0384409016540752,0.0501377339546378,0.0204137376956687,0.0312862397905107
2024-11-20,92310.8,94831.97,91500.0,94286.56,42203.198712,0.0214034567356644,3107.45,3159.2,3029.41,3069.97,503607.8336,-0.012058157196921,235.48,5472203.476,-0.0090476791650886,605.39,411142.628,-0.0164256701868399,4,0.5665517221204937,0.7963087260723114,0.585438184440136,0.0188864623196422,0.3956753476522863,2.0,2.0,0.0,1.0,0.5,0.5,0.0,0.0353387587796182,0.0422772860972582,0.0214034567356644,0.012058157196921
2024-11-21,94286.56,98988.0,94040.0,98317.12,69228.360477,0.042747980199935,3069.97,3386.73,3032.59,3355.81,974923.3035,0.0931084017107659,256.37,8595939.994,0.0887124171904196,621.86,647295.158,0.0272056029997191,13,0.1167602471004311,0.8412619003882775,0.3760922257430278,0.2593319786425966,0.3645757965456981,5.0,5.0,3.0,0.9230769230769232,0.3846153846153846,0.3846153846153846,0.2307692307692307,0.0503269420422404,0.1055304084557826,0.042747980199935,0.0931084017107659
2024-11-22,98317.12,99588.01,97122.11,98892.0,46189.309243,0.005847201382628,3355.88,3425.92,3257.54,3327.78,603273.7093,-0.0083526778929676,256.9,5155181.905,0.0020673245699573,633.0,582665.923,0.0179139999356767,20,0.5693789517506957,0.8575663715600967,0.6417077939026058,0.07232884215191,0.2859633459709584,14.0,5.0,1.0,0.55,0.7,0.25,0.05,0.0249352829349188,0.0505982967624062,0.005847201382628,0.0083526778929676
2024-11-23,98892.0,98908.85,97136.0,97672.4,24757.84367,-0.0123326457145168,3327.78,3497.51,3312.72,3393.91,721024.0009,0.0198721069301455,254.89,4836783.227,-0.0078240560529389,650.42,1071184.972,0.0275197472353869,13,0.5020380687111845,0.8555185978229229,0.5943790785968304,0.0923410098856457,0.3132799219053525,8.0,4.0,1.0,0.9230769230769232,0.6153846153846154,0.3076923076923077,0.0769230769230769,0.0181509822631573,0.0544475251258873,0.0123326457145168,0.0198721069301455
2024-11-24,97672.4,98564.0,95734.77,97900.04,31200.97838,0.0023306481667286,3393.91,3450.0,3281.4,3361.2,479098.0921,-0.0096378513278195,252.73,3665245.812,-0.0084742437914394,659.65,914571.368,0.0141908305402662,6,0.5757505476164321,0.8985898991425832,0.7468598131090403,0.171109265492608,0.0820309032375613,5.0,0.0,1.0,0.8333333333333334,0.8333333333333334,0.0,0.1666666666666666,0.0288991710320036,0.050160656908247,0.0023306481667286,0.0096378513278195
2024-11-25,97900.05,98871.8,92600.19,93010.01,50847.45096,-0.0499492135038963,3361.21,3546.66,3300.01,3414.49,949330.37,0.0158544567416398,234.18,4699636.317,-0.0733984885055196,636.2,783511.29,-0.0355491548548472,20,0.2167978830868378,0.8863536149263382,0.4187757768668234,0.2019778937799855,0.379246331937611,8.0,8.0,4.0,0.75,0.4,0.4,0.2,0.0674294089421128,0.0722362636879884,0.0499492135038963,0.0158544567416398
2024-11-26,93010.01,94973.37,90791.1,91965.16,57858.73138,-0.0112337370999099,3414.49,3462.49,3252.0,3324.73,672367.1503,-0.0262879668706014,230.69,5012621.456,-0.0149030660175933,613.51,814621.938,-0.0356648852562088,18,0.2359875996027969,0.8247588260306252,0.3912500187806371,0.1552624191778401,0.4534875622226132,7.0,8.0,3.0,0.6111111111111112,0.3888888888888889,0.4444444444444444,0.1666666666666666,0.0454766783421024,0.0633104041531191,0.0112337370999099,0.0262879668706014
2024-11-27,91965.16,97208.21,91792.14,95863.11,41153.42734,0.0423850727819099,3324.74,3684.92,3302.4,3653.28,754573.6485,0.0988200545608215,241.96,3807284.297,0.0488534396809572,644.14,629623.885,0.0499258365796808,11,0.2328997516411949,0.7915343208746477,0.4539829848164862,0.2210832331752912,0.3249337688427079,6.0,3.0,2.0,1.3636363636363635,0.5454545454545454,0.2727272727272727,0.1818181818181818,0.0564979583908763,0.1047059081154469,0.0423850727819099,0.0988200545608215
2024-11-28,95863.11,96564.0,94640.0,95643.98,28814.54357,-0.002285863665387,3653.27,3661.92,3529.76,3578.79,560976.425,-0.0203898962028643,237.59,2694033.06,-0.0180608365019011,653.83,684789.628,0.015043313565374,8,0.4777801545569673,0.8483659699559212,0.6565952030941844,0.178815048537217,0.1645897442940622,6.0,1.0,1.0,1.125,0.75,0.125,0.125,0.0201162686872712,0.036928682599426,0.002285863665387,0.0203898962028643
2024-11-29,95643.99,98619.99,95364.99,97460.0,27701.78231,0.0189872901566832,3578.8,3647.98,3534.28,3592.21,425493.2449,0.0037498707663763,243.33,2890806.079,0.0241592659623721,654.67,429893.73,0.0012847376229294,18,0.4843694923652543,0.8347264031569163,0.572290795803484,0.0879213034382296,0.3397879117271966,10.0,7.0,1.0,1.0,0.5555555555555556,0.3888888888888889,0.0555555555555555,0.0333983172583624,0.0316518243643884,0.0189872901566832,0.0037498707663763
2024-11-30,97460.0,97463.95,96092.01,96407.99,14503.83306,-0.0107942745741842,3592.22,3738.98,3568.4,3703.6,503684.7485,0.0310087661912861,237.6,2279256.816,-0.0235482677844902,653.43,545812.569,-0.0018940840423419,7,0.7826467253533858,0.934153573853629,0.8102367562907082,0.0275900309373225,0.162173219025135,6.0,1.0,0.0,0.2857142857142857,0.8571428571428571,0.1428571428571428,0.0,0.0142305632551825,0.0460578896209093,0.0107942745741842,0.0310087661912861
2024-12-01,96407.99,97836.0,95693.88,97185.18,16938.60452,0.0080614687641551,3703.59,3746.8,3659.2,3707.61,429089.2633,0.0010827303164488,236.8,2435872.954,-0.0033670033670032,655.99,434417.253,0.0039177876742728,10,0.4497630405705422,0.8534062385559082,0.5162220757454634,0.0664590351749211,0.4173189017921686,5.0,5.0,0.0,0.3,0.5,0.5,0.0,0.0220416322735626,0.0236270805181775,0.0080614687641551,0.0010827303164488
2024-12-02,97185.17,98130.0,94395.0,95840.62,37958.66981,-0.0138350312259544,3707.61,3760.0,3554.32,3643.42,737130.569,-0.0173130399367786,225.72,5868060.275,-0.0467905405405405,647.82,771630.192,-0.0124544581472277,20,0.5016390023287386,0.8672741323709487,0.6204633449204267,0.1188243425916879,0.260712297540158,13.0,5.0,2.0,0.4,0.65,0.25,0.1,0.0389709498957748,0.0564524540129877,0.0138350312259544,0.0173130399367786
2024-12-03,95840.61,96305.52,93578.17,95849.69,35827.32283,9.46362826117486e-05,3643.43,3670.0,3500.0,3614.51,678400.2032,-0.0079348524188811,233.92,6918604.728,0.0363281942229309,734.64,1575647.798,0.1340187089006204,13,0.570313139890249,0.8322910895714393,0.6437224848912313,0.0734093450009822,0.2828681589319155,8.0,4.0,1.0,0.7692307692307693,0.6153846153846154,0.3076923076923077,0.0769230769230769,0.0284544477921629,0.0470326544953534,9.46362826117486e-05,0.0079348524188811
2024-12-04,95849.69,99000.0,94587.83,98587.32,43850.53728,0.0285616990519219,3614.51,3887.24,3614.51,3837.8,968744.0399,0.0617760083662792,229.15,4966864.205,-0.020391586867305,739.53,2092976.428,0.0066563214635739,18,0.0842786804876393,0.7779975649383333,0.2840333977817661,0.1997547172941267,0.5162118744725982,5.0,10.0,3.0,0.6666666666666666,0.2777777777777778,0.5555555555555556,0.1666666666666666,0.0447539298157207,0.0710641513367032,0.0285616990519219,0.0617760083662792
2024-12-05,98587.32,104088.0,90500.0,96945.63,109921.729662,-0.0166521414721487,3837.8,3956.0,3677.0,3785.2,946493.276,-0.0137057689301163,235.84,7391549.993,0.0291948505345842,717.1,1159099.388,-0.0303300745067812,17,0.3401663811767803,0.8318419631789712,0.5171104300328914,0.1769440488561111,0.305945507962914,8.0,6.0,3.0,1.2352941176470589,0.4705882352941176,0.3529411764705882,0.1764705882352941,0.1401610366552881,0.0737081263869808,0.0166521414721487,0.0137057689301163
2024-12-06,96945.63,101898.99,95981.72,99740.84,45049.5331,0.0288327591455126,3785.21,4087.73,3777.26,3998.87,803855.1146,0.0564488005917784,236.87,5136553.827,0.00436736770692,730.22,747138.475,0.0182959140984522,23,0.220010152997692,0.8173597351364468,0.4574530008856369,0.2374428478879448,0.3051041454562674,9.0,9.0,5.0,0.9130434782608696,0.391304347826087,0.391304347826087,0.217391304347826,0.0593264504289316,0.0776394331398619,0.0288327591455126,0.0564488005917784
2024-12-07,99740.84,100439.18,98844.0,99831.99,14931.9459,0.000913868381297,3998.87,4024.46,3968.0,3996.22,283920.02,-0.0006626872091366,238.14,2933621.438,0.0053615907459787,749.72,445276.173,0.026704280901646,4,0.1224365234375,0.8600495010614395,0.3493665643036365,0.2269300408661365,0.423703393433243,1.0,2.0,1.0,0.5,0.25,0.5,0.25,0.0159786457226786,0.0141283512919709,0.000913868381297,0.0006626872091366
2024-12-08,99831.99,101351.0,98657.7,101109.59,14612.99688,0.012797501081567,3996.22,4015.58,3923.5,4004.15,251362.1685,0.0019843752345967,237.02,2222837.551,-0.0047031158142267,742.0,343120.564,-0.0102971776129755,11,-0.0231108712032437,0.7747433239763434,0.2637216054241765,0.2868324766274203,0.4494458897547288,3.0,4.0,4.0,1.0909090909090908,0.2727272727272727,0.3636363636363636,0.3636363636363636,0.0266374336994146,0.0229961415031904,0.012797501081567,0.0019843752345967
2024-12-09,101109.6,101215.93,94150.05,97276.47,53949.11595,-0.0379105483466009,4004.15,4006.17,3509.0,3712.0,939642.2001,-0.0729618021302898,216.63,7391583.708,-0.0860264956543752,689.19,1068109.724,-0.0711725067385443,8,0.24887218081858,0.8059945479035378,0.3906223092926666,0.1417501284740865,0.4676275569945574,4.0,3.0,1.0,0.75,0.5,0.375,0.125,0.0726370930195142,0.1339358836206896,0.0379105483466009,0.0729618021302898
2024-12-10,97276.48,98270.0,94256.54,96593.0,51708.68933,-0.0070260567637785,3712.0,3780.76,3515.89,3628.25,942206.0337,-0.0225619612068965,213.6,7018707.73,-0.0139869824124082,676.8,984801.75,-0.0179776259086755,11,0.0931683803315867,0.7052276324142109,0.2373662392862818,0.144197858954695,0.6184359070929614,2.0,8.0,1.0,0.8181818181818182,0.1818181818181818,0.7272727272727273,0.0909090909090909,0.0415502158541509,0.0730021360159857,0.0070260567637785,0.0225619612068965
2024-12-11,96593.0,101888.0,95658.24,101125.0,37753.78291,0.0469185137639374,3628.24,3848.64,3562.34,3831.81,461818.7801,0.0561041824571073,227.29,4688484.808,0.0640917602996253,711.21,526819.302,0.0508421985815603,11,0.4848425797271458,0.853200847452337,0.5113557600839571,0.0265131803568113,0.4621310549026186,6.0,5.0,0.0,1.2727272727272727,0.5454545454545454,0.4545454545454545,0.0,0.0616045488257107,0.0747166482680508,0.0469185137639374,0.0561041824571073
2024-12-12,101125.0,102540.0,99311.64,100004.29,29232.08745,-0.0110824227441286,3831.82,3987.41,3796.8,3881.61,572098.6343,0.0129964690316064,226.96,3559104.067,-0.001451889656386,705.77,576876.965,-0.0076489363197931,17,0.5472105523187887,0.7736705120872048,0.5833193800028633,0.0361088276840745,0.3805717970518505,11.0,6.0,0.0,1.2352941176470589,0.6470588235294118,0.3529411764705882,0.0,0.0322822150929725,0.0491059122374477,0.0110824227441286,0.0129964690316064
2024-12-13,100004.29,101895.26,99205.0,101424.25,21904.03923,0.014198990863292,3881.6,3968.47,3852.94,3906.8,387765.6873,0.0064895752020424,224.79,2889526.771,-0.0095611561508636,725.72,548598.294,0.0282669991640336,13,0.4228504128897419,0.7457594046225915,0.4371571913361549,0.0143067784464129,0.548536032724839,6.0,7.0,0.0,0.9230769230769232,0.4615384615384615,0.5384615384615384,0.0,0.0265248202476231,0.0295715163305005,0.014198990863292,0.0064895752020424
2024-12-14,101424.24,102650.0,100609.41,101420.0,14191.70326,-4.19031937628489e-05,3906.8,3945.0,3825.03,3870.29,265538.9479,-0.0093452441896181,219.93,2155654.471,-0.0216201788335779,715.79,341929.145,-0.0136829631262747,6,0.1126527482022841,0.8437222242355347,0.3930042608020206,0.2803515125997364,0.3266442061091462,2.0,2.0,2.0,1.1666666666666667,0.3333333333333333,0.3333333333333333,0.3333333333333333,0.020120193255768,0.0309976771766456,4.19031937628489e-05,0.0093452441896181
2024-12-15,101420.0,105250.0,101237.14,104463.99,22228.921775,0.0300137053835536,3870.3,3974.61,3831.5,3959.09,253833.2141,0.0229440171149966,224.27,2130908.009,0.0197335515845951,718.87,282457.795,0.0043029380125456,4,0.5973634240217507,0.8119642585515976,0.6351149640977383,0.0377515400759875,0.3271334883756935,3.0,1.0,0.0,1.0,0.75,0.25,0.0,0.0384138113047376,0.0361471954413767,0.0300137053835536,0.0229440171149966
2024-12-16,104463.99,107793.07,103333.0,106058.66,41302.40274,0.0152652603064462,3959.09,4107.8,3884.0,3986.24,673351.0723,0.0068576364770691,216.19,3863409.201,-0.0360280019619209,720.58,483844.553,0.0023787332897464,8,0.2743025445379317,0.8230249062180519,0.4441604572348296,0.1698579126968979,0.3859816247131675,3.0,4.0,1.0,1.625,0.375,0.5,0.125,0.0420528601813374,0.0561431323753713,0.0152652603064462,0.0068576364770691
2024-12-17,106058.65,108353.0,105321.49,106133.74,29064.936466,0.0007079101319968,3986.24,4041.82,3847.96,3893.01,450825.9861,-0.023387954563699,223.15,5177736.748,0.0321939035108007,717.69,502868.872,-0.0040106580809903,11,0.4429381772537123,0.8366281173445962,0.5930385637012395,0.1501003864475271,0.2568610700016671,7.0,2.0,2.0,1.4545454545454546,0.6363636363636364,0.1818181818181818,0.1818181818181818,0.0285631129177205,0.0497969437530343,0.0007079101319968,0.023387954563699
2024-12-18,106133.74,106524.98,100000.0,100204.01,50307.99755,-0.0558703575319216,3893.01,3907.19,3617.42,3626.8,722505.0618,-0.0683815351103644,206.53,5565926.563,-0.0744790499663903,686.38,726576.022,-0.0436260781117195,10,0.4713976678438484,0.7378345549106597,0.5002751417458058,0.0288774739019572,0.4708473701030016,6.0,4.0,0.0,1.0,0.6,0.4,0.0,0.0651169549003078,0.0798968787912209,0.0558703575319216,0.0683815351103644
2024-12-19,100204.01,102800.11,95700.0,97461.86,55147.398,-0.027365671293993,3626.8,3720.0,3326.8,3417.01,1078153.4851,-0.057844380721297,193.81,7402649.886,-0.0615891153827531,665.62,840266.48,-0.0302456365278708,7,0.0400965137939367,0.7788745079721723,0.2640851515212229,0.2239886377272861,0.5119262327040944,1.0,4.0,2.0,0.8571428571428571,0.1428571428571428,0.5714285714285714,0.2857142857142857,0.0728501385054625,0.1150713635605397,0.027365671293993,0.057844380721297
2024-12-20,97461.86,98233.0,92232.54,97805.44,62884.1357,0.0035252764517319,3417.01,3497.84,3101.9,3472.21,1332783.731,0.0161544742333208,194.48,9793383.668,0.0034569939631596,678.6,982349.406,0.0195006159670683,8,0.015971268643625,0.7943815365433693,0.3078675363212823,0.2918962676776572,0.4002362217288464,2.0,4.0,2.0,0.875,0.25,0.5,0.25,0.0613509841579364,0.1140311213895473,0.0035252764517319,0.0161544742333208
2024-12-21,97805.44,99540.61,96398.39,97291.99,23483.54143,-0.0052497079917026,3472.2,3555.18,3293.11,3338.92,475275.82,-0.038387655124546,181.45,5243572.617,-0.0669991772932949,663.49,529437.789,-0.0222664308871205,4,0.6827444422524422,0.872782364487648,0.7017850950360298,0.0190406527835875,0.2791742347180843,3.0,1.0,0.0,1.25,0.75,0.25,0.0,0.0322968005896477,0.0784894516789859,0.0052497079917026,0.038387655124546
2024-12-22,97292.0,97448.08,94250.35,95186.27,19353.83036,-0.0216433028042699,3338.92,3403.0,3221.1,3281.83,361920.2495,-0.0170983431768356,180.52,3573368.972,-0.0051253788922567,649.77,333704.376,-0.0206785332107493,3,0.1505355595921476,0.7990208466847738,0.4517037918170293,0.3011682322248816,0.247127991169691,1.0,1.0,1.0,0.6666666666666666,0.3333333333333333,0.3333333333333333,0.3333333333333333,0.0335944459216649,0.0554263932013541,0.0216433028042699,0.0170983431768356
2024-12-23,95186.28,96538.92,92520.0,94881.47,32810.76703,-0.0032021424938701,3281.83,3466.99,3216.97,3422.53,488253.41,0.0428724217890628,190.11,4217664.03,0.0531243075559495,694.16,606364.091,0.0683164812164303,7,-0.1386816923373512,0.7948745659419468,0.2011232213782412,0.3398049137155924,0.4590718597173691,1.0,3.0,3.0,1.4285714285714286,0.1428571428571428,0.4285714285714285,0.4285714285714285,0.0423572695490489,0.0730512223413673,0.0032021424938701,0.0428724217890628
2024-12-24,94881.47,99487.99,93569.02,98663.58,23674.22488,0.039861418673214,3422.53,3539.65,3358.19,3493.18,315723.6763,0.0206426240237485,197.09,2709577.672,0.0367155857135341,696.9,386936.217,0.0039472167799929,9,0.2148634599935676,0.7992069125175476,0.3486945475969049,0.1338310876033371,0.5174743878758616,3.0,5.0,1.0,0.5555555555555556,0.3333333333333333,0.5555555555555556,0.1111111111111111,0.0599914375699726,0.0519469366021791,0.039861418673214,0.0206426240237485
2024-12-25,98663.58,99569.15,97632.02,99429.6,14474.1651,0.007763959102234,3493.17,3547.95,3440.93,3497.0,219846.0452,0.0010935594501286,197.44,1958644.487,0.0017758384494392,702.72,232510.25,0.0083512699095997,5,-0.3750926898792386,0.7328431367874145,0.2216279638931155,0.5967206537723542,0.1816513791680336,1.0,1.0,3.0,1.0,0.2,0.2,0.6,0.0194824277679885,0.0306033743208464,0.007763959102234,0.0010935594501286
2024-12-26,99429.61,99963.7,95199.14,95791.6,21192.36727,-0.0365887019559567,3497.0,3514.94,3304.63,3335.05,310170.1719,-0.0463111238204174,188.46,2045566.1,-0.0454821717990274,689.4,381100.002,-0.0189549180327869,5,0.2585971005260944,0.8358022928237915,0.4812474338337779,0.2226503333076834,0.2961022283881903,2.0,2.0,1.0,1.4,0.4,0.4,0.2,0.0497388079956906,0.0630605238302274,0.0365887019559567,0.0463111238204174
2024-12-27,95791.6,97544.58,93500.01,94299.03,26501.26429,-0.0155814288517991,3335.04,3444.16,3306.6,3333.51,342529.6038,-0.0004617621924708,184.22,1946509.645,-0.0224981428419824,691.85,347156.043,0.0035538149115172,2,0.9029273558408022,0.9270707666873932,0.9270707666873932,0.0241434108465909,0.0487858727574348,2.0,0.0,0.0,0.0,1.0,0.0,0.0,0.0428908971810209,0.0412658129119156,0.0155814288517991,0.0004617621924708
2024-12-28,94299.03,95733.99,94135.66,95300.0,8385.8929,0.0106148493786204,3333.51,3428.68,3322.23,3404.0,175963.613,0.0211458792683987,195.5,1494847.867,0.0612311366843991,722.13,344251.861,0.043766712437667,2,0.3868753998540342,0.7300096154212952,0.6642907410860062,0.277415341231972,0.05829394236207,1.0,0.0,1.0,0.5,0.5,0.0,0.5,0.0167715634837355,0.0312720329024676,0.0106148493786204,0.0211458792683987
2024-12-29,95300.0,95340.0,93009.52,93738.2,13576.00578,-0.0163882476390346,3404.01,3413.78,3326.17,3356.48,156256.8819,-0.0139600470035252,189.94,1560190.019,-0.0284398976982097,694.71,241528.144,-0.0379710024510822,3,-0.2335386974737048,0.8846731980641683,0.0996250789612531,0.333163776434958,0.5672110890348753,0.0,2.0,1.0,0.3333333333333333,0.0,0.6666666666666666,0.3333333333333333,0.0248615825778604,0.0261017494518066,0.0163882476390346,0.0139600470035252
2024-12-30,93738.19,95024.5,91530.45,92792.05,27619.4225,-0.010093537106537,3356.48,3437.59,3305.0,3361.84,420794.6476,0.0015969110496711,191.38,2415985.488,0.0075813414762555,705.36,297267.103,0.0153301377553223,5,-0.0838186419568956,0.8495053648948669,0.3147091589868068,0.3985278009437024,0.2867630582302808,2.0,1.0,2.0,1.0,0.4,0.2,0.4,0.0376546266625212,0.0394397115865121,0.010093537106537,0.0015969110496711
2024-12-31,92792.05,96250.0,92033.73,93576.0,19612.03389,0.0084484608325821,3361.83,3451.0,3315.59,3337.78,303053.1685,-0.0071567950884039,189.31,2461978.262,-0.0108161772390008,702.3,235464.832,-0.0043382102756039,10,0.5230379560962319,0.8233523607254029,0.6326384585350752,0.1096005024388432,0.2577610218897461,7.0,2.0,1.0,1.1,0.7,0.2,0.1,0.0450571727793451,0.0405688811125957,0.0084484608325821,0.0071567950884039
2025-01-01,93576.0,95151.15,92888.0,94591.79,10373.32613,0.0108552406599982,3337.78,3374.85,3313.88,3360.38,190238.5861,0.0067709675293159,194.28,1655160.102,0.0262532354339444,707.84,135703.339,0.007888366794817,4,0.5066092084161937,0.8868305683135986,0.5346663016825914,0.0280570932663976,0.4372766008600592,2.0,2.0,0.0,0.0,0.5,0.5,0.0,0.0239254379264838,0.0181437813580606,0.0108552406599982,0.0067709675293159
2025-01-02,94591.78,97839.5,94392.0,96984.79,21970.48948,0.0252981786262846,3360.39,3509.99,3354.5,3455.67,338632.8874,0.0283569120159028,208.31,3224923.982,0.0722153592752727,706.25,292533.811,-0.0022462703435804,6,0.3036196807709833,0.784820427497228,0.5024513251458606,0.1988316443748772,0.2987170393268267,3.0,2.0,1.0,0.8333333333333334,0.5,0.3333333333333333,0.1666666666666666,0.0355468109999516,0.0449956159008238,0.0252981786262846,0.0283569120159028
2025-01-03,96984.79,98976.91,96100.01,98174.18,15253.82936,0.0122636755722211,3455.68,3630.0,3423.44,3609.01,334041.0604,0.0443734500111412,217.99,3251086.556,0.0464692045509096,714.88,291701.675,0.0122194690265486,18,0.4444044443468252,0.8147230512566037,0.5322301183930702,0.0878256740462448,0.3799442069398032,10.0,6.0,2.0,1.2222222222222223,0.5555555555555556,0.3333333333333333,0.1111111111111111,0.0293040390049604,0.0572345324618108,0.0122636755722211,0.0443734500111412
2025-01-04,98174.17,98778.43,97514.79,98220.5,8990.05651,0.0004718144831972,3609.0,3671.6,3572.42,3656.88,229266.3133,0.0132640253144213,216.67,1943711.39,-0.006055323638699,713.41,167274.262,-0.0020562891674127,10,0.3610251500271261,0.8011856079101562,0.5821594364009798,0.2211342863738536,0.1967062685638665,6.0,2.0,2.0,1.2,0.6,0.2,0.2,0.0128653387022057,0.0271214806064185,0.0004718144831972,0.0132640253144213
2025-01-05,98220.51,98836.85,97276.79,98363.61,8095.63723,0.0014570278098766,3656.88,3675.25,3593.7,3635.99,155444.1741,-0.0057125199623724,213.41,2101040.545,-0.015045922370425,709.29,115144.345,-0.0057750802483845,9,0.5709537495341566,0.8221511642138163,0.6582113752762476,0.087257625742091,0.2545310103644926,6.0,2.0,1.0,1.2222222222222223,0.6666666666666666,0.2222222222222222,0.1111111111111111,0.0158601336408862,0.0224285545339784,0.0014570278098766,0.0057125199623724
2025-01-06,98363.61,102480.0,97920.0,102235.6,25263.43375,0.0393640493674438,3636.0,3744.83,3610.63,3687.45,329642.3648,0.0141529542160456,218.22,2855362.858,0.0225387751276884,729.42,357347.859,0.0283804931692255,9,0.5510341413319111,0.8601106007893881,0.5929041124052472,0.041869971073336,0.3652259339061048,6.0,3.0,0.0,1.1111111111111112,0.6666666666666666,0.3333333333333333,0.0,0.0446028584954751,0.0363937138130686,0.0393640493674438,0.0141529542160456
2025-01-07,102235.6,102724.38,96181.81,96954.61,32059.87537,-0.0516550986153552,3687.44,3700.86,3356.31,3381.31,541543.2874,-0.0830221426731209,202.17,3742298.284,-0.0735496288149574,698.01,436096.682,-0.043061610594719,6,0.4979634817379216,0.7907776137193044,0.5119767263531685,0.0140132446152468,0.474010011802117,4.0,2.0,0.0,1.1666666666666667,0.6666666666666666,0.3333333333333333,0.0,0.0674807520756363,0.1018983766646655,0.0516550986153552,0.0830221426731209
2025-01-08,96954.6,97268.65,92500.9,95060.61,33704.67894,-0.0195349143274362,3381.31,3415.1,3208.2,3327.29,584749.9627,-0.0159760566171098,197.48,4446830.23,-0.0231982984616906,696.03,427277.957,-0.0028366355782868,6,0.4059566085537274,0.7283686399459839,0.4795128895590703,0.0735562810053427,0.446930842474103,3.0,3.0,0.0,1.0,0.5,0.5,0.0,0.050154843315228,0.0621827373027298,0.0195349143274362,0.0159760566171098
2025-01-09,95060.61,95382.32,91203.67,92552.49,34544.83685,-0.0263844298916238,3327.29,3357.27,3158.0,3219.2,501818.4247,-0.0324858969311362,184.95,3607147.193,-0.0634494632367834,685.48,331906.578,-0.0151573926411217,5,-0.0073310735635459,0.9164407849311828,0.3803438402712345,0.3876749138347805,0.231981237232685,2.0,1.0,2.0,1.2,0.4,0.2,0.4,0.0451489743819967,0.061900472166998,0.0263844298916238,0.0324858969311362
2025-01-10,92552.49,95836.0,92206.02,94726.11,31482.86424,0.0234852676573045,3219.2,3322.49,3193.97,3267.04,454142.1333,0.0148608349900596,187.68,3642892.082,0.0147607461476075,693.21,234590.487,0.0112767695629341,4,-0.1327706996817141,0.8602709472179413,0.1225486386101692,0.2553193382918834,0.6221320289187133,0.0,3.0,1.0,1.0,0.0,0.75,0.25,0.0383207966631375,0.0393383613301336,0.0234852676573045,0.0148608349900596
2025-01-11,94726.1,95050.94,93831.73,94599.99,7047.9043,-0.0013314174940783,3267.05,3320.18,3217.56,3282.83,151679.7487,0.004833121112689,188.09,2204486.056,0.0021845694799658,696.7,87734.79,0.0050345494150401,3,0.5917082596570253,0.6855764587720236,0.6855764587720236,0.0938681991149981,0.2205553675691286,3.0,0.0,0.0,1.0,1.0,0.0,0.0,0.0128880563306614,0.0312596144180478,0.0013314174940783,0.004833121112689
2025-01-12,94599.99,95450.1,93711.19,94545.06,8606.86622,-0.0005806554525006,3282.83,3300.0,3224.49,3267.3,164879.9709,-0.0047306744485702,188.51,1330917.135,0.0022329735764792,693.34,78211.295,-0.0048227357542701,3,0.3277856521308422,0.7770553827285767,0.4996674321591854,0.1718817800283431,0.328450775394837,2.0,1.0,0.0,0.3333333333333333,0.6666666666666666,0.3333333333333333,0.0,0.0183923940605675,0.0231108254522083,0.0005806554525006,0.0047306744485702
2025-01-13,94545.07,95940.0,89256.69,94536.1,42619.56423,-9.476962625010188e-05,3267.3,3339.0,2920.0,3137.51,845907.5669,-0.0397239310745876,182.87,5669925.613,-0.0299188371969656,688.64,386629.943,-0.0067787809732599,5,0.6683255842886865,0.8359042286872864,0.6960418924689293,0.0277163081802427,0.2762417819350957,4.0,1.0,0.0,0.6,0.8,0.2,0.0,0.0706958505798313,0.1335453910903869,9.476962625010188e-05,0.0397239310745876
2025-01-14,94536.11,97371.0,94346.22,96560.86,27846.61753,0.0214178499007255,3137.51,3256.67,3125.65,3225.63,374308.4517,0.0280859662598684,187.57,2737355.064,0.0257013178760867,698.89,159723.609,0.014884409851301,9,0.5120255459203489,0.7673081722524431,0.5665467754006386,0.0545212294802896,0.3789319867889086,5.0,3.0,1.0,1.0,0.5555555555555556,0.3333333333333333,0.1111111111111111,0.0313251145443402,0.0406184218276739,0.0214178499007255,0.0280859662598684
2025-01-15,96560.85,100681.94,96500.0,100497.35,30509.99179,0.0407669318603831,3225.63,3473.75,3186.36,3451.52,464188.034,0.0700297306262651,205.86,3768610.58,0.0975102628352082,714.59,282718.752,0.0224641932206786,7,0.5308228228241205,0.8777205007416862,0.5652649636779513,0.0344421408538307,0.4002928967986788,4.0,3.0,0.0,0.8571428571428571,0.5714285714285714,0.4285714285714285,0.0,0.0416124405270387,0.0832647645095493,0.0407669318603831,0.0700297306262651
2025-01-16,100497.35,100866.66,97335.13,99987.3,27832.85317,-0.0050752582033257,3451.51,3460.79,3265.44,3308.05,471282.6787,-0.0415671935842758,211.14,5710255.657,0.025648498979889,708.1,268104.726,-0.0090821310121887,12,0.4363998402841389,0.7980726510286331,0.4561791184047858,0.0197792781206468,0.5240415930747986,4.0,8.0,0.0,0.75,0.3333333333333333,0.6666666666666666,0.0,0.0353197856127728,0.0590529163706715,0.0050752582033257,0.0415671935842758
2025-01-17,99987.3,105865.22,99950.77,104077.48,39171.85292,0.0409069951883889,3308.04,3525.72,3307.5,3473.63,518550.1813,0.0500536569882559,219.51,4384472.838,0.0396419437340154,721.76,289751.278,0.0192910605846632,10,0.3001385509036481,0.7945083558559418,0.3786168605089187,0.0784783096052705,0.542904844507575,3.0,6.0,1.0,0.6,0.3,0.6,0.1,0.0568273751439792,0.0628218894931238,0.0409069951883889,0.0500536569882559
2025-01-18,104077.47,104988.88,102277.55,104556.23,24307.82998,0.0045999384304846,3473.64,3494.39,3227.0,3307.71,634197.1281,-0.047765593917602,261.97,19971981.58,0.1934308231971211,709.52,370480.456,-0.0169585457769896,13,0.4709379292236498,0.817290200636937,0.5060873170598195,0.0351493878361696,0.4587632870444885,6.0,7.0,0.0,0.9230769230769232,0.4615384615384615,0.5384615384615384,0.0,0.0259317880914413,0.0808384048178346,0.0045999384304846,0.047765593917602
2025-01-19,104556.23,106422.43,99651.6,101331.57,43397.28298,-0.0308413951038593,3307.71,3448.99,3130.48,3215.12,1342301.5217,-0.0279921758558036,252.42,25051667.6,-0.0364545558651755,683.19,712985.298,-0.0371095952193031,11,0.4366834401576356,0.7839835069396279,0.4616599922830408,0.0249765521254051,0.5133634419603781,6.0,5.0,0.0,0.6363636363636364,0.5454545454545454,0.4545454545454545,0.0,0.0668185640467229,0.099066286794894,0.0308413951038593,0.0279921758558036
2025-01-20,101331.57,109588.0,99550.0,102260.01,89529.231732,0.0091623962798561,3215.2,3453.69,3142.78,3284.0,1158354.7814,0.0214237726741148,242.19,16879575.561,-0.0405276919420013,682.51,668236.487,-0.0009953307279089,21,0.1632143626255648,0.7923182121344975,0.3331093220483688,0.169894959422804,0.4969957093929961,6.0,11.0,4.0,1.0,0.2857142857142857,0.5238095238095238,0.1904761904761904,0.0981615393935518,0.0946741778319122,0.0091623962798561,0.0214237726741148
2025-01-21,102260.0,107240.81,100119.04,106143.82,45941.02002,0.0379797537668928,3283.99,3368.0,3204.6,3327.54,548706.0513,0.0132582216808769,250.33,7882737.257,0.0336099756389611,692.21,294203.471,0.014212245974418,17,0.2820354861700359,0.8216667981708751,0.4621075017049031,0.1800720155348672,0.3578204773366451,8.0,7.0,2.0,1.1764705882352942,0.4705882352941176,0.4117647058823529,0.1176470588235294,0.0670954748001344,0.049105345089766,0.0379797537668928,0.0132582216808769
2025-01-22,106143.82,106394.46,103339.12,103706.66,22248.69254,-0.022960922265658,3327.55,3365.99,3222.85,3242.6,349240.7498,-0.0255263648220607,257.36,6223427.616,0.028082930531698,695.52,218410.233,0.0047817858742289,18,-0.0760099823690123,0.7617234521441989,0.2185195873801906,0.2945295697492029,0.4869508320051763,4.0,8.0,6.0,1.1111111111111112,0.2222222222222222,0.4444444444444444,0.3333333333333333,0.0294613672834513,0.0441435884783815,0.022960922265658,0.0255263648220607
2025-01-23,103706.66,106850.0,101262.28,103910.34,53953.12031,0.0019640011547956,3242.61,3347.97,3185.0,3338.21,605592.7225,0.0294855979769321,253.11,6802762.723,-0.0165138327634442,689.74,331191.456,-0.0083103289625028,12,0.3275799183563018,0.8184799353281657,0.3645725917691986,0.0369926734128966,0.5984347369521856,4.0,8.0,0.0,0.8333333333333334,0.3333333333333333,0.6666666666666666,0.0,0.0537744366922483,0.048819576958909,0.0019640011547956,0.0294855979769321
2025-01-24,103910.35,107120.0,102750.0,104870.5,23609.24017,0.0092402738745731,3338.22,3428.0,3275.9,3310.09,451524.2752,-0.0084236761617753,253.37,5214294.569,0.0010272213662043,680.45,280584.305,-0.01346884333227,19,0.312736344180609,0.7934799586471758,0.4221761795741163,0.1094398353935071,0.4683839866989537,8.0,9.0,2.0,0.9473684210526316,0.4210526315789473,0.4736842105263157,0.1052631578947368,0.0416704411631488,0.045950412224441,0.0092402738745731,0.0084236761617753
2025-01-25,104870.51,105286.52,104106.09,104746.85,9068.32377,-0.0011790732379457,3310.1,3350.68,3268.66,3318.77,208559.0415,0.0026222851946622,256.41,3703989.301,0.0119982634092434,686.4,140203.276,0.0087442133881989,10,0.1927750232629478,0.753569495677948,0.325816997885704,0.1330419746227562,0.5411410056054592,3.0,6.0,1.0,0.4,0.3,0.6,0.1,0.0112693603674001,0.0247139753583405,0.0011790732379457,0.0026222851946622
2025-01-26,104746.86,105500.0,102520.44,102620.0,9812.51238,-0.0203046678730673,3318.76,3362.0,3230.0,3232.61,272165.469,-0.025961425467869,240.5,3028015.524,-0.0620490620490621,667.37,195887.168,-0.0277243589743589,14,0.0653531136257307,0.79655450795378,0.3496726886369287,0.284319575011198,0.3660077503217118,6.0,5.0,3.0,0.7857142857142857,0.4285714285714285,0.3571428571428571,0.2142857142857142,0.0290348859871369,0.040833877269451,0.0203046678730673,0.025961425467869
2025-01-27,102620.01,103260.0,97777.77,102082.83,50758.1341,-0.005234554667706,3232.61,3253.91,3020.01,3182.44,753004.7529,-0.0155199668379421,234.89,8916620.842,-0.0233264033264033,679.74,486667.795,0.0185354451054138,11,0.0604970580474896,0.7511807788502086,0.2300264991142532,0.1695294410667635,0.6004440859806809,3.0,7.0,1.0,0.7272727272727273,0.2727272727272727,0.6363636363636364,0.0909090909090909,0.0537037423433499,0.0734970651449829,0.005234554667706,0.0155199668379421
2025-01-28,102082.83,103800.0,100272.68,101335.52,22022.05765,-0.0073206238502596,3182.44,3223.01,3040.03,3077.72,350959.7173,-0.0329055693115974,227.06,3483450.087,-0.0333347524373109,661.29,202591.474,-0.0271427310442228,9,0.1110118642035457,0.822595841354794,0.3743240593208206,0.2633121951172749,0.3623637672927644,3.0,3.0,3.0,1.0,0.3333333333333333,0.3333333333333333,0.3333333333333333,0.0348083278202944,0.0594531016466735,0.0073206238502596,0.0329055693115974
2025-01-29,101335.52,104782.68,101328.01,103733.24,23155.35802,0.0236611999425275,3077.72,3182.52,3054.06,3113.9,409737.2576,0.0117554553370677,228.16,3844193.838,0.0048445344842773,667.97,255536.138,0.0101014683421798,10,0.2357647834345698,0.717402559518814,0.3440710969269275,0.1083063134923576,0.5476226128637791,3.0,6.0,1.0,0.5,0.3,0.6,0.1,0.033303404000492,0.0412537332605414,0.0236611999425275,0.0117554553370677
2025-01-30,103733.25,106457.44,103278.54,104722.94,19374.07472,0.0095408183529213,3113.9,3283.43,3091.06,3247.39,350639.4823,0.0428690709399788,238.31,3341265.973,0.0444863253856941,677.53,145419.421,0.0143120200008981,12,0.1600997276448955,0.8026619752248129,0.2443856536410748,0.0842859259961793,0.6713284260282913,1.0,10.0,1.0,1.25,0.0833333333333333,0.8333333333333334,0.0833333333333333,0.0303553357077256,0.0592383421763323,0.0095408183529213,0.0428690709399788
2025-01-31,104722.94,106012.0,101560.0,102429.56,21983.18193,-0.0218994997657628,3247.38,3437.31,3213.8,3300.99,648681.6561,0.0165055629289982,231.77,2942165.567,-0.0274432461919348,677.47,190707.861,-8.855696426723902e-05,19,0.3432511273330371,0.7620581262990048,0.4319708915917497,0.0887197642587124,0.4793093400566201,9.0,8.0,2.0,0.6842105263157895,0.4736842105263157,0.4210526315789473,0.1052631578947368,0.043464015661104,0.0677099900332929,0.0218994997657628,0.0165055629289982
2025-02-01,102429.56,102783.71,100279.51,100635.65,12290.95747,-0.0175135966609639,3300.99,3331.98,3101.7,3117.54,354065.2525,-0.055574236819863,213.03,2849748.65,-0.0808560210553566,652.94,177371.372,-0.0362082453835593,4,0.0622107852250337,0.8719687908887863,0.2687883423641323,0.2065775571390986,0.524634100496769,1.0,2.0,1.0,0.5,0.25,0.5,0.25,0.0248838259602835,0.073865932754672,0.0175135966609639,0.055574236819863
2025-02-02,100635.66,101456.6,96150.0,97700.59,34619.49939,-0.0291652113341543,3117.54,3163.2,2750.71,2869.68,1050805.93,-0.0795049943224466,203.51,7255500.333,-0.0446885415199738,617.8,506728.603,-0.0538181149875947,8,0.2272223262116312,0.7528011128306389,0.3940618452616036,0.1668395190499722,0.4390986135695129,4.0,3.0,1.0,0.625,0.5,0.375,0.125,0.0543149227655637,0.1437407655208942,0.0291652113341543,0.0795049943224466
2025-02-03,97700.59,102500.01,91231.0,101328.52,75164.7385,0.0371331432082446,2869.68,2921.0,2125.01,2879.9,2807979.021,0.0035613726966072,216.28,12836970.265,0.0627487592747286,617.21,1340856.885,-0.0009550016186467,7,0.2184674524302993,0.6988152691296169,0.4439666912491832,0.2254992388188838,0.3305340308163847,3.0,2.0,2.0,0.5714285714285714,0.4285714285714285,0.2857142857142857,0.2857142857142857,0.1112126181256767,0.2763950137157539,0.0371331432082446,0.0035613726966072
2025-02-04,101328.51,101732.31,96150.0,97763.13,40267.98697,-0.035186441092794,2879.89,2888.5,2632.6,2731.19,1259594.3919,-0.0516372096253342,206.64,6024194.387,-0.0445718513038654,572.69,549571.473,-0.0721310412987475,15,0.2224318434794744,0.7667297919591268,0.3763365098585685,0.153904666379094,0.4697588168084621,6.0,7.0,2.0,0.6,0.4,0.4666666666666667,0.1333333333333333,0.0571003608415565,0.0936954221419967,0.035186441092794,0.0516372096253342
2025-02-05,97763.14,99149.0,96155.0,96612.43,26233.30444,-0.011770285996367,2731.19,2826.95,2699.13,2788.25,686593.0429,0.0208919921352963,196.12,3154802.037,-0.0509097948122337,569.55,227055.225,-0.0054828965059632,13,-0.0778934939119678,0.8197238949628977,0.2773359079057207,0.3552294018176886,0.36743467559035,2.0,6.0,5.0,0.6153846153846154,0.1538461538461538,0.4615384615384615,0.3846153846153846,0.0309898012088092,0.0458423742490808,0.011770285996367,0.0208919921352963
2025-02-06,96612.44,99120.0,95676.64,96554.35,23515.20405,-0.0006011648811647,2788.25,2857.64,2655.28,2686.64,719459.9571,-0.0364422128575271,189.54,3444767.147,-0.0335508872119111,571.72,334342.953,0.0038100254586956,9,0.4110809286228484,0.677419963810179,0.5061787433094449,0.0950978146865963,0.3987234243088298,5.0,3.0,1.0,1.1111111111111112,0.5555555555555556,0.3333333333333333,0.1111111111111111,0.0356624015386153,0.0753208468570406,0.0006011648811647,0.0364422128575271
2025-02-07,96554.35,100137.99,95620.34,96506.8,31794.22065,-0.0004924687494659,2686.63,2797.5,2562.51,2622.1,695467.3612,-0.0240225709436321,191.99,3925596.773,0.01292603144455,577.71,222673.88,0.0104771566501085,5,0.5595814496278763,0.8387308835983276,0.5966532081365585,0.0370717585086822,0.3662750348448753,3.0,2.0,0.0,0.6,0.6,0.4,0.0,0.046811727256525,0.0896190076656114,0.0004924687494659,0.0240225709436321
2025-02-08,96506.8,96880.0,95688.0,96444.74,10147.24294,-0.0006430634939713,2622.11,2667.3,2588.8,2632.46,379685.1509,0.0039510316158803,199.32,1967596.752,0.0381790718266574,612.39,490805.546,0.060030118917796,3,-0.0420079721758763,0.7641319235165914,0.2335024767865736,0.2755104489624499,0.4909871270259221,1.0,1.0,1.0,0.3333333333333333,0.3333333333333333,0.3333333333333333,0.3333333333333333,0.0123594091289996,0.0298200162585566,0.0006430634939713,0.0039510316158803
2025-02-09,96444.75,97323.09,94713.0,96462.75,14120.91613,0.0001867390590715,2632.46,2698.9,2520.02,2627.18,387166.7911,-0.0020057284821042,200.47,2879138.46,0.0057696166967691,615.81,774091.071,0.0055846764316855,4,0.3224334307014941,0.8273691534996033,0.3616459108889102,0.039212480187416,0.5991415800526738,1.0,3.0,0.0,0.5,0.25,0.75,0.0,0.0270580094388766,0.0680882162623041,0.0001867390590715,0.0020057284821042
2025-02-10,96462.75,98345.0,95256.0,97430.82,20572.87537,0.0100356873508169,2627.18,2693.79,2559.85,2661.19,398173.2716,0.0129454395968302,200.47,4040840.548,0.0,618.65,360129.038,0.0046118120848963,10,0.3520035553723574,0.7762211352586746,0.419081369228661,0.0670778138563036,0.5138408122584224,4.0,5.0,1.0,1.0,0.4,0.5,0.1,0.0317045468774664,0.0503308670181385,0.0100356873508169,0.0129454395968302
2025-02-11,97430.82,98478.42,94876.88,95778.2,18647.76379,-0.0169619838979083,2661.19,2725.04,2558.24,2602.59,484196.1435,-0.022020224035112,197.96,3930238.335,-0.0125205766448844,642.11,488539.291,0.0379212802069022,10,0.5313316620886326,0.8077630817890167,0.549145995080471,0.0178143329918383,0.433039665594697,5.0,5.0,0.0,1.0,0.5,0.5,0.0,0.0376029200799346,0.0640900026512052,0.0169619838979083,0.022020224035112
2025-02-12,95778.21,98119.99,94088.23,97869.99,29151.16625,0.021839938524633,2602.59,2795.45,2546.92,2738.27,646295.8959,0.0521326832117237,196.78,3898533.321,-0.0059608001616489,696.93,822216.623,0.0853747800221145,14,0.3012978828379086,0.8414933340890067,0.3890821023711135,0.087784219533205,0.5231336802244186,5.0,8.0,1.0,0.6428571428571429,0.3571428571428571,0.5714285714285714,0.0714285714285714,0.0411950588735117,0.0907616852976513,0.021839938524633,0.0521326832117237
2025-02-13,97870.0,98083.91,95217.36,96608.14,19921.77616,-0.0128931248485874,2738.27,2757.28,2612.76,2675.87,443769.2853,-0.0227881107414535,194.25,2427771.876,-0.012856997662364,664.72,1766921.695,-0.0462169801845234,11,0.3896824071522463,0.7822135415944186,0.4655119531195272,0.0758295459672808,0.458658499812538,5.0,5.0,1.0,1.2727272727272727,0.4545454545454545,0.4545454545454545,0.0909090909090909,0.029671930336305,0.0540086028095535,0.0128931248485874,0.0227881107414535
2025-02-14,96608.13,98826.0,96252.82,97500.48,18173.02646,0.0092366957898164,2675.87,2791.78,2664.46,2725.95,419895.7862,0.0187154084465985,199.39,3727686.063,0.0264607464607464,659.71,650460.875,-0.0075370080635455,28,0.4558427655138075,0.8356578073331288,0.525647895543703,0.0698051300298954,0.4045469748255397,14.0,12.0,2.0,0.7857142857142857,0.5,0.4285714285714285,0.0714285714285714,0.0263914598164028,0.0467066527265724,0.0092366957898164,0.0187154084465985
2025-02-15,97500.47,97972.26,97223.58,97569.66,7349.37683,0.0007095349684433,2725.95,2739.0,2662.28,2693.04,202971.4295,-0.0120728553348373,194.48,1633300.399,-0.0246251065750539,662.21,255950.897,0.0037895438904973,10,0.2932154923211783,0.8751777827739715,0.5008567547425627,0.2076412624213844,0.2915019958280026,5.0,3.0,2.0,0.9,0.5,0.3,0.2,0.0076732869623609,0.0284882511956747,0.0007095349684433,0.0120728553348373
2025-02-16,97569.67,97704.47,96046.18,96118.12,8191.4249,-0.0148769607273409,2693.04,2727.31,2651.26,2661.41,191231.5314,-0.0117450910495202,188.27,2009380.862,-0.0319313039901274,673.1,362205.963,0.0164449343863728,1,-0.8435645438730717,0.8948134779930115,0.0512489341199398,0.8948134779930115,0.0539376735687255,0.0,0.0,1.0,1.0,0.0,0.0,1.0,0.0172526262477877,0.0285750786237369,0.0148769607273409,0.0117450910495202
2025-02-17,96118.12,97046.59,95205.0,95780.0,16492.0451,-0.0035177550289164,2661.41,2849.7,2637.71,2744.05,639739.8197,0.0310512096971156,177.53,4287573.73,-0.0570457321931269,667.51,323350.276,-0.0083048581191502,7,0.4296953328885138,0.7958882834230151,0.4679833725094795,0.0382880396209656,0.4937285679791654,3.0,4.0,0.0,0.8571428571428571,0.4285714285714285,0.5714285714285714,0.0,0.0192272917101691,0.0772544232065741,0.0035177550289164,0.0310512096971156
2025-02-18,95780.01,96753.91,93388.09,95671.74,23368.19471,-0.0011302986009604,2744.05,2756.93,2605.44,2671.99,604863.8737,-0.0262604544377836,169.32,6319186.166,-0.0462457049512758,648.18,366356.988,-0.028958367664904,17,-0.107601272435311,0.8103131932370803,0.1302448451409444,0.2378461175762554,0.6319090390906614,1.0,13.0,3.0,1.0,0.0588235294117647,0.7647058823529411,0.1764705882352941,0.035180921764358,0.0566955714654619,0.0011302986009604,0.0262604544377836
2025-02-19,95671.74,96899.99,95029.99,96644.37,16438.50954,0.0101663249774697,2672.0,2736.7,2656.03,2715.5,326154.0202,0.0162837435768847,168.93,3478319.262,-0.0023033309709424,653.38,352798.243,0.0080224628961091,17,0.0768844701404519,0.8050013570224538,0.2678962043650886,0.1910117342246367,0.5410920751883703,4.0,10.0,3.0,0.6470588235294118,0.2352941176470588,0.5882352941176471,0.1764705882352941,0.0193492906001663,0.0297072362364204,0.0101663249774697,0.0162837435768847
2025-02-20,96644.37,98711.36,96415.09,98305.0,17057.39177,0.0171828943579435,2715.51,2770.59,2707.18,2738.04,336735.2544,0.0083004971460136,176.0,2938753.335,0.0418516545314626,656.36,215894.368,0.0045608987113165,11,0.3381288867782462,0.7897331118583679,0.443012260408564,0.1048833736303177,0.4521043459800156,6.0,4.0,1.0,0.2727272727272727,0.5454545454545454,0.3636363636363636,0.0909090909090909,0.0233586287574386,0.0231589019882837,0.0171828943579435,0.0083004971460136
2025-02-21,98305.01,99475.0,94871.95,96181.98,32249.2814,-0.021596256548497,2738.04,2845.32,2616.72,2663.0,890440.0604,-0.0274064659391389,168.94,4103682.857,-0.0401136363636364,647.47,317327.155,-0.0135443963678468,8,0.2511429789010435,0.7794586792588234,0.4028129013022408,0.1516699224011972,0.4455171588342637,2.0,5.0,1.0,0.625,0.25,0.625,0.125,0.0478577172148047,0.0858430341719866,0.021596256548497,0.0274064659391389
2025-02-22,96181.99,96980.0,95770.49,96551.01,11268.17708,0.0038367893861199,2663.0,2798.07,2653.33,2763.22,444989.6669,0.0376342470897483,172.07,1886813.457,0.0185272877944833,668.57,297923.184,0.0325883824733193,11,0.2511429789010435,0.8,,,,,,,,0.33,0.34,0.33,0.0125271605133907,0.0523809179146069,0.0038367893861199,0.0376342470897483
2025-02-23,96551.01,96650.0,95227.94,96258.0,10884.84913,-0.0030347688750226,2763.23,2857.34,2745.41,2819.69,611002.1222,0.0204363025745326,167.94,1488310.759,-0.0240018597082581,658.42,166658.013,-0.0151816563710607,6,0.0309338481165468,0.8077414731184641,0.319861680890123,0.2889278327735761,0.3912104939421018,2.0,2.0,2.0,0.6666666666666666,0.3333333333333333,0.3333333333333333,0.3333333333333333,0.0147734214299071,0.0396958530902334,0.0030347688750226,0.0204363025745326
2025-02-24,96258.0,96500.0,91349.26,91552.88,31550.10299,-0.0488803008581104,2819.7,2839.95,2470.33,2513.52,876876.3707,-0.1085828583993275,141.81,7997237.915,-0.1555912826009289,614.2,360147.153,-0.0671607788341787,9,0.2903622437475455,0.7589249114195505,0.3320888752738634,0.0417266315263178,0.6261845042722093,3.0,6.0,0.0,0.6666666666666666,0.3333333333333333,0.6666666666666666,0.0,0.0562597266191954,0.147052738788631,0.0488803008581104,0.1085828583993275
2025-02-25,91552.88,92540.69,86050.99,88680.4,78333.11111,-0.0313750916410277,2513.52,2533.49,2313.49,2495.7,1322016.8718,-0.0070896591234603,144.33,11747010.145,0.0177702559763064,623.49,647434.612,0.0151253663301855,8,-0.0503790505463257,0.825793594121933,0.230803188169375,0.2811822387157007,0.4880145664792508,1.0,5.0,2.0,0.75,0.125,0.625,0.25,0.0731807704972011,0.0881516207877549,0.0313750916410277,0.0070896591234603
2025-02-26,88680.39,89414.15,82256.01,84250.09,56893.54409,-0.0499581643745404,2495.69,2507.5,2253.77,2336.37,863087.2133,-0.0638418079096044,135.32,5368401.059,-0.0624263839811544,611.57,428035.431,-0.0191181895459429,6,0.1510546932307382,0.7094384332497915,0.3788048059990008,0.2277501127682626,0.3934450719195108,2.0,2.0,2.0,0.8333333333333334,0.3333333333333333,0.3333333333333333,0.3333333333333333,0.0849629952917557,0.1086000933071388,0.0499581643745404,0.0638418079096044
2025-02-27,84250.09,87078.46,82716.49,84708.58,42505.45439,0.005442011990729,2336.38,2381.6,2230.57,2307.72,637583.9106,-0.012262612514285,137.68,4322990.459,0.0174401418859002,605.41,295518.116,-0.0100724365158527,7,-0.2391404932630914,0.8162157535552979,0.2079668212682008,0.4471073145312921,0.3449258564838341,2.0,2.0,3.0,0.8571428571428571,0.2857142857142857,0.2857142857142857,0.4285714285714285,0.0514938392309256,0.0654455479867573,0.005442011990729,0.012262612514285
2025-02-28,84708.57,85120.0,78258.52,84349.94,83648.03969,-0.0042338096093689,2307.72,2314.18,2076.26,2237.59,1291539.0557,-0.0303893019950425,148.18,10039960.613,0.0762638001162114,588.07,600999.319,-0.0286417469153134,8,0.200130634359084,0.8245117664337158,0.4672357742674649,0.2671051399083807,0.2656590738333761,4.0,2.0,2.0,1.25,0.5,0.25,0.25,0.0813454046321787,0.1063286839858953,0.0042338096093689,0.0303893019950425
2025-03-01,84349.95,86558.0,83824.78,86064.53,25785.05464,0.020327103967116,2237.59,2281.14,2142.73,2217.39,446430.7271,-0.0090275698407662,143.66,4151855.758,-0.0305034417600216,607.93,292254.356,0.0337714897886305,4,-0.0151545568369328,0.910712480545044,0.2487917221151292,0.2639462789520621,0.4872619602829217,1.0,2.0,1.0,0.25,0.25,0.5,0.25,0.0317577984798151,0.0624202327962153,0.020327103967116,0.0090275698407662
2025-03-02,86064.54,95000.0,85050.6,94270.0,54889.09045,0.0953409029248171,2217.4,2550.58,2172.04,2518.11,1266684.7748,0.1356189033052373,178.71,13474639.846,0.2439788389252402,623.94,469069.23,0.0263352688631917,10,0.2852971360087394,0.7374430060386657,0.3319569641724228,0.0466598281636833,0.6213832005858422,3.0,7.0,0.0,1.4,0.3,0.7,0.0,0.1055415296488808,0.1503270309875263,0.0953409029248171,0.1356189033052373
2025-03-03,94269.99,94416.46,85117.11,86220.61,59171.10218,-0.0853865492733637,2518.12,2523.56,2097.91,2149.01,1109565.2003,-0.1465781876089606,142.16,11096202.04,-0.2045212914778132,576.1,497949.879,-0.0766740391704331,10,0.028585482854396,0.8498380482196808,0.2571104991249739,0.2285250162705779,0.5143644779920578,2.0,6.0,2.0,1.1,0.2,0.6,0.2,0.1078553028098502,0.1980679475665539,0.0853865492733637,0.1465781876089606
2025-03-04,86221.16,88967.52,81500.0,87281.98,55609.10706,0.0123099337849732,2149.02,2221.88,1993.2,2171.51,1257822.3372,0.0104699373199752,144.79,10389598.334,0.0185002813731007,584.01,488869.851,0.0137302551640339,7,0.0934659758848803,0.8317593591553825,0.3318249495433908,0.2383589736585105,0.4298160818538495,2.0,3.0,2.0,1.0,0.2857142857142857,0.4285714285714285,0.2857142857142857,0.085556262587077,0.1053092087994068,0.0123099337849732,0.0104699373199752
2025-03-05,87281.98,91000.0,86334.53,90606.01,38264.01163,0.0380838060731436,2171.5,2273.51,2155.03,2241.59,687130.7897,0.0322724739927515,146.28,4895520.585,0.010290765936874,598.24,206205.988,0.0243660211297751,6,-0.0090051816465954,0.7448704143365225,0.2520071361213922,0.2610123177679876,0.4869805208096902,2.0,3.0,1.0,0.6666666666666666,0.3333333333333333,0.5,0.1666666666666666,0.0514918381242039,0.0528553392904143,0.0380838060731436,0.0322724739927515
2025-03-06,90606.0,92810.64,87836.0,89931.89,34342.44902,-0.0074401245568588,2241.59,2319.99,2176.9,2202.2,596908.3935,-0.0175723481992694,143.31,4451879.661,-0.0203035274815422,596.5,223701.39,-0.002908531692966,1,0.7978519857861102,0.8049443364143372,0.8049443364143372,0.0070923506282269,0.1879632920026779,1.0,0.0,0.0,1.0,1.0,0.0,0.0,0.0553156394244577,0.0649759331577512,0.0074401245568588,0.0175723481992694
2025-03-07,89931.88,91283.02,84667.03,86801.75,57980.35713,-0.0348056734935738,2202.21,2258.47,2101.82,2141.6,782387.2606,-0.0275179366088456,139.39,7267412.771,-0.0273532900704767,594.77,289363.933,-0.0029002514668902,4,-0.0545023865997791,0.7743249535560608,0.2020391004625707,0.2565414870623498,0.5414194297045469,0.0,3.0,1.0,0.75,0.0,0.75,0.25,0.0762195462649083,0.0731462457975343,0.0348056734935738,0.0275179366088456
2025-03-08,86801.74,86897.25,85218.47,86222.45,12989.23054,-0.006673828580645,2141.6,2234.93,2105.06,2203.58,328793.0979,0.0289409787075083,137.01,2135751.393,-0.0170743955807446,593.1,117220.631,-0.0028078080602584,2,0.3726285258308053,0.8550220131874084,0.4744762917980551,0.1018477659672498,0.4236760139465332,1.0,1.0,0.0,0.0,0.5,0.5,0.0,0.01947033516213,0.0589359133773223,0.006673828580645,0.0289409787075083
2025-03-09,86222.46,86500.0,80000.0,80734.37,26115.39345,-0.0636502442229373,2203.57,2212.0,1989.66,2020.41,601671.5882,-0.0831238257744215,126.51,3909495.652,-0.0766367418436609,554.65,246382.904,-0.0648288652841005,1,-0.4118561446666717,0.6854537129402161,0.2735975682735443,0.6854537129402161,0.0409486964344978,0.0,0.0,1.0,0.0,0.0,0.0,1.0,0.0805109397645637,0.11004697066437,0.0636502442229373,0.0831238257744215
2025-03-10,80734.48,84123.46,77459.91,78595.86,47633.38405,-0.0264882230455256,2020.43,2152.4,1810.01,1865.1,1248745.3514,-0.0768705361783005,118.32,6654109.331,-0.064737965378231,531.49,410154.62,-0.041756062381682,3,0.4491943605244159,0.8272201816240946,0.5596730721493562,0.1104787116249402,0.3298481677969296,2.0,1.0,0.0,0.3333333333333333,0.6666666666666666,0.3333333333333333,0.0,0.0847824554626669,0.1835772880810681,0.0264882230455256,0.0768705361783005
2025-03-11,78595.86,83617.4,76606.0,82932.99,48770.06853,0.0551826775608792,1865.11,1963.2,1754.28,1923.43,1171427.9995,0.0312744624953087,125.35,6435277.863,0.0594151453684921,551.61,691870.521,0.0378558392443884,2,-0.0556471138261259,0.9092770218849182,0.431604734621942,0.4872518484480679,0.0811434024944901,1.0,0.0,1.0,0.5,0.5,0.0,0.5,0.0845429544985655,0.1086184576511752,0.0551826775608792,0.0312744624953087
2025-03-12,82932.99,84539.85,80607.65,83680.12,31933.986,0.0090088395462408,1923.42,1960.0,1829.72,1908.2,788739.6763,-0.0079181462283525,126.62,4410502.14,0.0101316314319905,569.87,367224.211,0.0331030982034408,3,0.2601692670335372,0.9022348721822104,0.3149475244184335,0.0547782573848962,0.630274240548412,1.0,2.0,0.0,1.6666666666666667,0.3333333333333333,0.6666666666666666,0.0,0.0469908503955301,0.0682737658526359,0.0090088395462408,0.0079181462283525
2025-03-13,83680.12,84336.33,79939.9,81115.78,27546.27412,-0.0306445545250173,1908.2,1923.09,1821.81,1864.59,569537.2622,-0.0228539985326486,123.37,2824584.961,-0.0256673511293634,579.8,647497.028,0.0174250267604891,6,0.0628268451740344,0.7947269429763159,0.1550043250123659,0.0921774798383314,0.7528182069460551,1.0,5.0,0.0,0.8333333333333334,0.1666666666666666,0.8333333333333334,0.0,0.0541994418348687,0.0543175711550528,0.0306445545250173,0.0228539985326486
2025-03-14,81115.78,85309.71,80818.84,83983.2,26858.52755,0.0353497186367437,1864.59,1945.64,1861.31,1911.65,375805.7355,0.0252387924423065,133.54,3607725.492,0.0824349517710949,587.76,213012.082,0.0137288720248363,7,0.2932462577841112,0.8305464301790509,0.3219817019999027,0.0287354442157915,0.6492828311664718,2.0,5.0,0.0,0.2857142857142857,0.2857142857142857,0.7142857142857143,0.0,0.0534734327817945,0.0441137237465017,0.0353497186367437,0.0252387924423065
2025-03-15,83983.19,84676.28,83618.0,84338.44,11324.7332,0.0042298935977671,1911.64,1957.19,1903.75,1937.17,209545.8675,0.0133497240603666,135.86,1918077.49,0.0173730717388049,619.83,254324.009,0.0545630869742752,11,0.2932462577841112,0.8,,,,,,,,0.33,0.34,0.33,0.012548014879099,0.027586634110584,0.0042298935977671,0.0133497240603666
2025-03-16,84338.44,85117.04,81981.12,82574.53,17596.12531,-0.0209146624006799,1937.18,1940.87,1860.38,1887.0,324766.6564,-0.0258986046655689,126.13,2764260.892,-0.0716178418960695,602.2,255774.316,-0.0284432828356162,5,-0.1006460882723331,0.8708745241165161,0.2860475881025195,0.3866936763748526,0.3272587187588215,1.0,2.0,2.0,0.6,0.2,0.4,0.4,0.0379768434649279,0.0426550079491254,0.0209146624006799,0.0258986046655689
2025-03-17,82574.52,84756.83,82456.0,84010.03,17214.74358,0.0173842951331359,1887.01,1952.4,1879.98,1926.31,334840.4877,0.0208320084790671,128.01,2707611.094,0.014905256481408,631.69,591668.184,0.0489704417137164,8,0.0541484287241473,0.8077564463019371,0.3058955601882189,0.2517471314640715,0.4423573347739875,2.0,3.0,3.0,1.0,0.25,0.375,0.375,0.0273875631278789,0.0375951949582362,0.0173842951331359,0.0208320084790671
2025-03-18,84010.02,84021.74,81134.66,82715.03,17610.89883,-0.0154148260630307,1926.3,1936.2,1872.31,1931.54,332896.0155,0.002715035482347,125.33,3181789.699,-0.0209358643855948,627.81,443437.833,-0.006142253320458,11,-0.0087382008152252,0.847443390976299,0.2737577385269105,0.2824959393421357,0.4437463151460344,2.0,6.0,3.0,0.8181818181818182,0.1818181818181818,0.5454545454545454,0.2727272727272727,0.0349039346295347,0.0330772337098895,0.0154148260630307,0.002715035482347
2025-03-19,82715.03,87000.0,82547.16,86845.94,28151.05374,0.0499414677114908,1931.54,2069.9,1927.58,2056.06,691809.5034,0.0644666949687813,135.33,4170497.991,0.0797893560998963,618.7,399993.645,-0.014510759624727,8,-0.0212675892980769,0.8575219362974167,0.3217170083662495,0.3429845976643264,0.3352983747608959,3.0,2.0,3.0,0.5,0.375,0.25,0.375,0.0512728631873867,0.0692197698510744,0.0499414677114908,0.0644666949687813
2025-03-20,86845.93,87453.67,83655.23,84223.39,22090.30463,-0.0301977271476363,2056.05,2067.9,1952.17,1983.79,401518.9282,-0.0351497524391311,127.6,2593287.986,-0.0571196334885096,630.47,578472.125,0.0190237594957167,14,0.1169468885886349,0.7463162626538958,0.3042791705977704,0.1873322820091353,0.5083885352526393,4.0,7.0,3.0,0.7142857142857143,0.2857142857142857,0.5,0.2142857142857142,0.0450995857564033,0.0583378280967239,0.0301977271476363,0.0351497524391311
2025-03-21,84223.38,84850.33,83175.25,84088.79,11956.97443,-0.0015981308755205,1983.79,1996.73,1937.1,1965.75,262641.659,-0.0090937044747679,128.48,2400422.348,0.0068965517241379,635.17,262205.569,0.0074547559757005,8,0.082546719466336,0.8585184887051582,0.4264258564217016,0.3438791369553655,0.2296950015006586,4.0,1.0,3.0,0.875,0.5,0.125,0.375,0.0199203722636513,0.0303344779346306,0.0015981308755205,0.0090937044747679
2025-03-22,84088.79,84539.17,83625.1,83840.59,5420.22114,-0.0029516419489445,1965.74,2006.61,1964.34,1980.69,170782.9574,0.0076001526135063,128.51,1498168.196,0.0002334993773349,627.01,140206.083,-0.0128469543586755,6,0.1491603508281211,0.7607933481534322,0.3013284519935647,0.1521681011654436,0.5465034414082766,2.0,3.0,1.0,0.1666666666666666,0.3333333333333333,0.5,0.1666666666666666,0.0109024757578637,0.0213410478166699,0.0029516419489445,0.0076001526135063
2025-03-23,83840.59,86129.64,83809.75,86082.5,8461.97813,0.026740150564303,1980.68,2020.74,1976.81,2005.99,268707.5233,0.0127733264670393,132.84,1763485.986,0.0336938759629601,623.79,155602.578,-0.0051354842825473,12,0.1428847403731196,0.7929480622212092,0.3496128974948078,0.2067281571216881,0.4436589482550819,5.0,5.0,2.0,0.6666666666666666,0.4166666666666667,0.4166666666666667,0.1666666666666666,0.0269496122905352,0.0218994112632665,0.026740150564303,0.0127733264670393
2025-03-24,86082.5,88765.43,85519.09,87498.16,30115.62111,0.0164453866929981,2005.99,2104.11,1977.67,2081.2,477912.8154,0.0374927093355399,141.01,4554131.645,0.0615025594700391,637.08,307575.991,0.0213052469581109,9,0.0326926000416278,0.7788898580604129,0.1931184844838248,0.1604258844421969,0.6464556263138851,1.0,7.0,1.0,1.0,0.1111111111111111,0.7777777777777778,0.1111111111111111,0.0371018087694643,0.0607534114933692,0.0164453866929981,0.0374927093355399
2025-03-25,87498.16,88539.63,86310.0,87392.87,22643.25248,-0.0012033395902268,2081.2,2097.7,2037.08,2066.15,328765.3292,-0.0072314049586775,143.64,3529958.67,0.0186511594922345,629.82,554571.557,-0.0113957430777924,7,0.1988740261378032,0.8611382501465934,0.3541573552148683,0.1552833290770649,0.4905593022704124,3.0,3.0,1.0,0.7142857142857143,0.4285714285714285,0.4285714285714285,0.1428571428571428,0.0255127220332734,0.0293395929627567,0.0012033395902268,0.0072314049586775
2025-03-26,87392.88,88275.0,85860.0,86909.17,18408.78485,-0.0055347764640295,2066.16,2079.21,1981.6,2009.52,428975.3286,-0.0274084650194806,137.34,3099523.287,-0.0438596491228069,617.99,222093.835,-0.0187831443904608,14,0.3355592951577689,0.7626670215811048,0.3951099254190922,0.0595506302613232,0.5453394268240247,4.0,9.0,1.0,0.7857142857142857,0.2857142857142857,0.6428571428571429,0.0714285714285714,0.0277876316158582,0.0485737887654764,0.0055347764640295,0.0274084650194806
2025-03-27,86909.17,87756.39,85800.0,87232.01,17098.03897,0.0037146828119518,2009.52,2037.38,1987.06,2003.66,360634.8383,-0.0029161192722639,138.43,2466162.683,0.0079365079365079,637.36,743401.847,0.0313435492483697,4,0.8006990484427661,0.8158867210149765,0.8158867210149765,0.0151876725722104,0.1689256140962242,4.0,0.0,0.0,0.5,1.0,0.0,0.0,0.0224274323152705,0.025114041304413,0.0037146828119518,0.0029161192722639
2025-03-28,87232.01,87515.67,83585.0,84424.38,27182.73169,-0.0321857767578666,2003.67,2015.93,1860.0,1896.9,626167.5832,-0.0532824930377409,129.49,3892191.365,-0.0645813768691757,619.81,317817.16,-0.0275354587674157,2,-0.36858918517828,0.8678424060344696,0.119864746928215,0.4884539321064948,0.3916813060641289,0.0,1.0,1.0,1.0,0.0,0.5,0.5,0.0465584704323561,0.0822025409879277,0.0321857767578666,0.0532824930377409
2025-03-29,84424.38,84624.73,81644.81,82648.54,11696.39864,-0.0210346821617168,1896.9,1913.6,1797.2,1828.08,409769.7555,-0.0362802467183299,124.58,2610065.515,-0.0379179859448607,602.99,254422.261,-0.0271373485422951,2,-0.2765310565009714,0.771648108959198,0.2092234962619841,0.4857545527629555,0.3050219202414155,0.0,1.0,1.0,1.5,0.0,0.5,0.5,0.0360553253572295,0.0636733622160955,0.0210346821617168,0.0362802467183299
2025-03-30,82648.53,83534.64,81565.0,82389.99,9864.49508,-0.0031283069247198,1828.09,1849.01,1767.69,1807.74,327843.4476,-0.0111264277274517,124.82,1743775.296,0.0019264729491088,602.2,195649.405,-0.0013101378132306,4,-0.1675739211495965,0.8650145083665848,0.3260559111367911,0.4936298322863877,0.1803142251446843,1.0,1.0,2.0,0.5,0.25,0.25,0.5,0.0239063022097708,0.044984345093874,0.0031283069247198,0.0111264277274517
2025-03-31,82390.0,83943.08,81278.52,82550.01,20569.13885,0.0019422262340362,1807.74,1854.22,1776.75,1822.43,497854.9052,0.0081261685861904,124.54,3730628.853,-0.0022432302515621,604.81,254764.269,0.0043341082696777,8,0.130235246848315,0.8077780157327652,0.4017692499328404,0.2715340030845254,0.3266967213712632,3.0,3.0,2.0,0.75,0.375,0.375,0.25,0.0322781305538303,0.0425091773072216,0.0019422262340362,0.0081261685861904
2025-04-01,82550.0,85579.46,82432.74,85158.34,20190.39697,0.0315969677047889,1822.43,1927.9,1817.88,1904.98,452989.0974,0.0452966643437606,126.67,3554277.848,0.0171029388148384,611.13,565603.069,0.0104495626725749,11,0.0943175654181025,0.7622328888286244,0.3440732920373027,0.2497557266192002,0.4061709972606463,4.0,5.0,2.0,0.6363636363636364,0.3636363636363636,0.4545454545454545,0.1818181818181818,0.0369514013542302,0.0577538871799178,0.0315969677047889,0.0452966643437606
2025-04-02,85158.35,88500.0,82320.0,82516.29,39931.457,-0.0310251468030025,1904.98,1957.0,1781.53,1795.22,750840.7823,-0.0576174028073785,117.42,6288908.68,-0.0730243940948922,590.68,399507.957,-0.0334626020650271,7,-0.3933318657135324,0.8319379431860787,0.1508000757146094,0.5441319414281419,0.3050679897091218,1.0,2.0,4.0,1.0,0.1428571428571428,0.2857142857142857,0.5714285714285714,0.0748943026885964,0.097742895021223,0.0310251468030025,0.0576174028073785
2025-04-03,82516.28,83998.02,81211.24,83213.09,27337.84135,0.0084443932222353,1795.21,1845.26,1750.0,1817.23,508075.018,0.0122603357805728,117.17,5854867.278,-0.0021291091807187,592.67,507928.514,0.0033689984424731,7,-0.4777986135865961,0.904060585158212,0.0684412347951105,0.5462398483817067,0.3853189049820815,0.0,3.0,4.0,0.8571428571428571,0.0,0.4285714285714285,0.5714285714285714,0.0334896829332981,0.0524204421014401,0.0084443932222353,0.0122603357805728
2025-04-04,83213.09,84720.0,81659.0,83889.87,32915.53976,0.0081330954060232,1817.23,1835.68,1758.72,1816.87,572734.4702,-0.0001981037072907,122.79,5721072.32,0.0479644960314074,597.71,177145.405,0.0085038891794759,11,-0.3166743035174229,0.8497726971452887,0.1744966782968152,0.4911709818142382,0.3343323603780432,1.0,4.0,6.0,0.7272727272727273,0.0909090909090909,0.3636363636363636,0.5454545454545454,0.0364883149777202,0.0423585617022682,0.0081330954060232,0.0001981037072907
2025-04-05,83889.87,84266.0,82379.95,83537.99,9360.40468,-0.0041945469697353,1816.88,1827.29,1764.39,1806.01,201716.2696,-0.0059773126310632,120.32,1784381.3,-0.0201156445964656,593.13,85938.079,-0.0076625788425825,3,0.0781374694779514,0.8220630884170532,0.4991898712081213,0.4210524017301698,0.0797577127814292,2.0,0.0,1.0,1.6666666666666667,0.6666666666666666,0.0,0.3333333333333333,0.0225771532209477,0.0348281570976904,0.0041945469697353,0.0059773126310632
2025-04-06,83537.99,83817.63,77153.83,78430.0,27942.71436,-0.0611457134652151,1806.02,1817.0,1537.5,1580.76,979847.0958,-0.1247224544714591,105.91,4934346.985,-0.1197639627659574,555.54,332256.265,-0.0633756512063122,5,0.022148872539401,0.8979031801223755,0.3823744406923651,0.3602255681529641,0.2573999740183353,2.0,1.0,2.0,1.6,0.4,0.2,0.4,0.0849649368863955,0.1768136845567954,0.0611457134652151,0.1247224544714591
2025-04-07,78430.0,81243.58,74508.0,79163.24,78387.53089,0.0093489736070382,1580.77,1639.0,1411.01,1553.04,2168796.0067,-0.0175358688225917,106.99,12630664.993,0.010197337361911,554.6,727293.86,-0.0016920473773264,4,-0.2277512692380696,0.7986896634101868,0.2742792069911957,0.5020304762292653,0.2236903165467083,1.0,1.0,2.0,1.0,0.25,0.25,0.5,0.0850846933500953,0.1468024004533045,0.0093489736070382,0.0175358688225917
2025-04-08,79163.24,80867.99,76239.9,76322.42,35317.32063,-0.0358855953849287,1553.04,1618.67,1441.3,1473.41,891846.1327,-0.051273631071962,105.4,5839129.782,-0.0148612019814935,553.72,212191.86,-0.0015867291741795,6,-0.2872102311812341,0.9105837643146516,0.1947091598995029,0.4819193910807371,0.3233714825473725,1.0,2.0,3.0,0.8333333333333334,0.1666666666666666,0.3333333333333333,0.5,0.0606386694761514,0.1203806136784738,0.0358855953849287,0.051273631071962
2025-04-09,76322.42,83588.0,74620.0,82615.22,75488.28772,0.0824502158081466,1473.41,1689.0,1385.05,1669.51,1968530.9138,0.133092621877142,119.05,9334586.139,0.1295066413662238,582.32,378370.127,0.0516506537600232,12,-0.0932858998033528,0.8550946017106374,0.2103172095570092,0.303603109360362,0.4860796860108772,2.0,6.0,4.0,1.3333333333333333,0.1666666666666666,0.5,0.3333333333333333,0.1085514267225821,0.1820594066522513,0.0824502158081466,0.133092621877142
2025-04-10,82615.22,82753.21,78464.36,79607.3,33284.80718,-0.0364087876301727,1669.51,1669.85,1471.02,1522.25,911855.3934,-0.0882055213805248,112.81,5566324.629,-0.0524149517009658,578.03,369219.863,-0.0073670833905757,5,0.6135869773104787,0.8054108858108521,0.6563435778021812,0.0427566004917025,0.3008998066186905,4.0,1.0,0.0,0.6,0.8,0.2,0.0,0.0538750843201566,0.1306158646740022,0.0364087876301727,0.0882055213805248
2025-04-11,79607.3,84300.0,78969.58,83423.84,34435.43797,0.0479420857132448,1522.24,1591.47,1504.63,1566.85,578484.3183,0.0292987354245359,121.41,4344066.889,0.0762343763850721,585.93,174700.72,0.0136671107035966,5,0.5201358232647181,0.8004974484443664,0.5331070035696029,0.0129711803048848,0.4539218127727508,3.0,2.0,0.0,1.4,0.6,0.4,0.0,0.0638956442187269,0.0554233015285444,0.0479420857132448,0.0292987354245359
2025-04-12,83423.83,85905.0,82792.95,85276.9,18470.74437,0.0222125953444483,1566.85,1669.59,1546.06,1644.18,501867.9033,0.0493537990235186,132.24,4620265.855,0.0892018779342724,597.29,151268.708,0.0193879814994966,3,0.2557448800653219,0.5815960764884948,0.495238626996676,0.2394937469313542,0.26526765152812,1.0,1.0,1.0,1.3333333333333333,0.3333333333333333,0.3333333333333333,0.3333333333333333,0.0364934700956531,0.075131676580423,0.0222125953444483,0.0493537990235186
2025-04-13,85276.91,86100.0,83034.23,83760.0,24680.04181,-0.0177879355370562,1644.19,1649.75,1562.01,1597.76,580136.6145,-0.0282329185368999,128.38,4054370.603,-0.0291893526920751,584.28,144896.285,-0.0217817140752397,6,0.0475613352221747,0.8417927424112955,0.3964081027855475,0.3488467675633728,0.2547451478118697,3.0,1.0,2.0,1.5,0.5,0.1666666666666666,0.3333333333333333,0.0366018385864374,0.054914380132185,0.0177879355370562,0.0282329185368999
2025-04-14,83760.0,85799.99,83678.0,84591.58,28659.09348,0.0099281279847183,1597.76,1691.5,1595.56,1623.77,645930.1419,0.0162790406569197,129.42,4150251.45,0.0081009503037856,584.54,153827.795,0.0004449921270623,13,0.3656189702093027,0.8428529042464036,0.3877837816969706,0.0221648114876678,0.5900514042721345,4.0,9.0,0.0,1.0,0.3076923076923077,0.6923076923076923,0.0,0.0250851207649745,0.059084722590022,0.0099281279847183,0.0162790406569197
2025-04-15,84591.58,86496.42,83600.0,83643.99,20910.99528,-0.0112019423209732,1623.78,1661.21,1583.12,1588.78,476178.8915,-0.0215486183388041,126.11,3431482.497,-0.0255756451862153,579.52,141640.579,-0.008587949498751,1,0.857668193988502,0.8664654493331909,0.8664654493331909,0.0087972553446888,0.1247373223304748,1.0,0.0,0.0,1.0,1.0,0.0,0.0,0.034627951153454,0.0491509208323368,0.0112019423209732,0.0215486183388041
2025-04-16,83643.99,85500.0,83111.64,84030.38,20867.24519,0.0046194592103987,1588.77,1613.66,1538.07,1577.14,611387.8686,-0.0073263762131949,131.33,5320768.994,0.0413924351756405,582.8,174537.948,0.00565985643291,6,0.2702237428165972,0.7529397904872894,0.350771733559668,0.0805479907430708,0.5686802950998148,2.0,3.0,1.0,1.3333333333333333,0.3333333333333333,0.5,0.1666666666666666,0.0284225776439425,0.0479285288560306,0.0046194592103987,0.0073263762131949
2025-04-17,84030.38,85470.01,83736.26,84947.91,13728.84772,0.0109190271423262,1577.15,1616.96,1563.2,1583.62,449870.3628,0.0041087030954765,134.83,3817459.718,0.0266504225995583,590.49,151848.259,0.0131949210706932,4,0.03372009168379,0.7465924024581909,0.3173737502656877,0.2836536585818975,0.3989725718274712,2.0,1.0,1.0,1.5,0.5,0.25,0.25,0.0204095662859745,0.0339475379194503,0.0109190271423262,0.0041087030954765
2025-04-18,84947.92,85132.08,84303.96,84474.69,6529.96315,-0.0055707079785718,1583.63,1600.64,1573.54,1588.6,200409.0359,0.0031446938028061,134.04,2556341.874,-0.00585923014166,591.71,191575.748,0.0020660807126284,6,-0.0060217807379862,0.6979560752709707,0.2686426695436239,0.2746644502816101,0.4566928663601478,0.0,4.0,2.0,0.8333333333333334,0.0,0.6666666666666666,0.3333333333333333,0.0098031729977345,0.0170590457006169,0.0055707079785718,0.0031446938028061
2025-04-19,84474.7,85677.99,84364.45,85077.01,9666.58153,0.0071301830169485,1588.6,1631.81,1585.01,1613.27,223096.3899,0.0155293969532923,139.87,2816038.068,0.0434944792599225,591.73,96609.003,3.380034138333876e-05,5,-0.0268061310052871,0.8079979658126831,0.2683958936482667,0.2952020246535539,0.4364020675420761,1.0,3.0,1.0,0.8,0.2,0.6,0.2,0.0154394236468819,0.0290094032616982,0.0071301830169485,0.0155293969532923
2025-04-20,85077.0,85320.76,83949.52,85179.24,8091.67725,0.0012016172171542,1613.26,1619.19,1565.59,1587.36,276052.2306,-0.0160605478314231,137.86,3498098.615,-0.0143704868806748,592.77,115343.598,0.0017575583458671,2,0.4726398764178157,0.913837730884552,0.5002541393041611,0.0276142628863453,0.4721316043287515,1.0,1.0,0.0,1.0,0.5,0.5,0.0,0.0160982887379599,0.0337667573833283,0.0012016172171542,0.0160605478314231
2025-04-21,85179.24,88465.99,85144.76,87516.23,31773.37262,0.0274361452391449,1587.36,1658.75,1564.07,1579.57,691486.6667,-0.0049075194032859,136.56,4657400.503,-0.0094298563760337,597.34,171926.422,0.0077095669483948,19,0.0942202574622474,0.798149403772856,0.3534092035046533,0.2591889460424059,0.387401847462905,6.0,7.0,6.0,1.0526315789473684,0.3157894736842105,0.3684210526315789,0.3157894736842105,0.0379498751260196,0.0599403635166533,0.0274361452391449,0.0049075194032859
2025-04-22,87516.22,93888.0,87076.03,93442.99,43872.74705,0.0677218385664009,1579.57,1778.0,1537.26,1756.26,1103036.9586,0.1118595567148021,148.79,5078409.536,0.0895577035735206,618.51,285468.164,0.0354404526735192,15,0.3690861539915204,0.8384584267934163,0.4626562466844916,0.0935700926929712,0.443773669997851,7.0,7.0,1.0,1.3333333333333333,0.4666666666666667,0.4666666666666667,0.0666666666666666,0.0728997434692532,0.1370753760832678,0.0677218385664009,0.1118595567148021
2025-04-23,93442.99,94696.05,91935.41,93691.08,27404.16808,0.0026549878166355,1756.25,1834.86,1744.95,1795.07,887545.6316,0.0220980948151183,151.1,4801378.47,0.0155252369110827,605.71,314125.448,-0.020694895797966,12,-0.0327578336776544,0.8431167354186376,0.2424541016419728,0.2752119353196273,0.4823339485252897,2.0,7.0,3.0,0.8333333333333334,0.1666666666666666,0.5833333333333334,0.25,0.0294653450467216,0.0500871832296232,0.0026549878166355,0.0220980948151183
2025-04-24,93691.07,94005.0,91660.01,93980.47,19497.06071,0.0030887678955136,1795.08,1802.82,1722.9,1769.65,483465.0385,-0.0141610076487267,152.55,3535860.484,0.0095962938451357,601.55,204214.28,-0.0068679731224514,9,0.1236844651608003,0.8244968255360922,0.3265991020533774,0.202914636892577,0.4704862555695904,3.0,4.0,2.0,0.7777777777777778,0.3333333333333333,0.4444444444444444,0.2222222222222222,0.0249518862802027,0.0451614726075776,0.0030887678955136,0.0141610076487267
2025-04-25,93980.47,95758.04,92855.96,94638.68,27500.66648,0.0070036891707392,1769.64,1827.32,1738.6,1784.6,595610.8894,0.0084479981917326,150.82,4226767.973,-0.011340544083907,599.91,257426.554,-0.0027262904164242,6,0.3278231293273468,0.777907113234202,0.3595089633017778,0.0316858339744309,0.6088052292664846,3.0,3.0,0.0,1.0,0.5,0.5,0.0,0.0306648402112116,0.0497142216743247,0.0070036891707392,0.0084479981917326
2025-04-26,94638.68,95199.0,93870.69,94628.0,9415.06875,-0.0001128502637609,1784.6,1841.16,1778.94,1820.88,355068.0442,0.0203294855990139,149.21,1766805.88,-0.0106749767935285,607.23,137533.142,0.0122018302745412,4,-0.2137726529035717,0.8194439113140106,0.0943415984511374,0.3081142513547092,0.597544152289629,0.0,3.0,1.0,1.0,0.0,0.75,0.25,0.0140371771568668,0.034170291287729,0.0001128502637609,0.0203294855990139
2025-04-27,94628.0,95369.0,93602.58,93749.3,11162.841,-0.0092858350593904,1820.87,1857.47,1781.9,1791.29,340332.6435,-0.0162503844295066,147.98,1599977.891,-0.008243415320689,603.46,121784.476,-0.0062085206593877,4,0.152500087628141,0.6896409243345261,0.494839034974575,0.3423389473464339,0.1628220425918697,2.0,0.0,2.0,0.25,0.5,0.0,0.5,0.0188419540199233,0.0421874738317078,0.0092858350593904,0.0162503844295066
2025-04-28,93749.29,95630.0,92800.01,95011.18,22157.53351,0.0134601538358152,1791.29,1827.98,1744.71,1799.88,587269.743,0.0047954267594862,147.84,3507950.445,-0.0009460737937557,606.16,143778.008,0.0044741987869949,5,0.2057640239596367,0.6999915361404419,0.3927514493465424,0.1869874253869056,0.4202611684799194,2.0,2.0,1.0,0.8,0.4,0.4,0.2,0.0297858630952694,0.0462641953908038,0.0134601538358152,0.0047954267594862
2025-04-29,95011.18,95461.53,93742.54,94256.82,16955.3402,-0.0079396972019502,1799.88,1842.99,1780.47,1797.81,480456.3884,-0.0011500766717782,146.31,2498992.492,-0.0103490259740259,601.0,236809.997,-0.0085126039329549,9,0.260812958702445,0.7833201686541239,0.4097298437522517,0.1489168850498066,0.4413532863060633,4.0,4.0,1.0,0.6666666666666666,0.4444444444444444,0.4444444444444444,0.1111111111111111,0.0182373010250081,0.0347756436998347,0.0079396972019502,0.0011500766717782
2025-04-30,94256.82,95228.45,92910.0,94172.0,17661.2751,-0.0008998818334843,1797.81,1816.8,1731.7,1793.61,473523.9877,-0.0023361756804112,147.54,2780816.363,0.0084068074636045,599.88,210580.664,-0.0018635607321131,4,0.2588519073324278,0.8202168494462967,0.2991054710000753,0.0402535636676475,0.6606409400701523,1.0,3.0,0.0,0.75,0.25,0.75,0.0,0.024619313596398,0.0474462118297734,0.0008998818334843,0.0023361756804112
2025-05-01,94172.0,97424.02,94130.43,96489.91,21380.45343,0.0246135794078918,1793.62,1873.17,1792.52,1838.11,537198.7291,0.0248102987829015,150.85,3037281.454,0.0224345940084045,599.63,156229.229,-0.0004167500166699,7,0.3178772356228104,0.8705544216292245,0.3307439557143619,0.0128667200915514,0.6563893184065819,2.0,5.0,0.0,0.5714285714285714,0.2857142857142857,0.7142857142857143,0.0,0.0341340353618322,0.0438765906284172,0.0246135794078918,0.0248102987829015
2025-05-02,96489.9,97895.68,96350.0,96887.14,14905.74811,0.004116803508263,1838.1,1871.0,1813.0,1842.2,410667.875,0.0022251116636111,148.05,2216263.073,-0.0185614849187933,600.69,141344.865,0.0017677567833498,10,-0.2097361356019974,0.8523626148700714,0.1822437380440533,0.3919798736460506,0.4257763873785734,2.0,4.0,4.0,1.5,0.2,0.4,0.4,0.0159534072323735,0.0314840951036803,0.004116803508263,0.0022251116636111
2025-05-03,96887.13,96935.67,95753.01,95856.42,9723.34838,-0.0106383571648415,1842.2,1848.6,1810.0,1833.52,213751.5979,-0.0047117576810336,146.71,1406583.56,-0.0090509962850389,599.36,100770.294,-0.0022141204281743,10,0.4531668484210968,0.80886812210083,0.5227738406509161,0.0696069922298192,0.407619153894484,5.0,5.0,0.0,0.6,0.5,0.5,0.0,0.012337827763649,0.0210524019372572,0.0106383571648415,0.0047117576810336
2025-05-04,95856.42,96304.48,94151.38,94277.62,11036.38342,-0.0164704669755035,1833.52,1849.95,1803.0,1808.86,238254.3564,-0.0134495396832322,143.95,1613358.553,-0.0188126235430442,586.03,143960.835,-0.0222403897490657,4,-0.0595299110282213,0.7885635569691658,0.1792336772195994,0.2387635882478206,0.5820027757436037,0.0,3.0,1.0,0.75,0.0,0.75,0.25,0.0228378696874188,0.0259555742290724,0.0164704669755035,0.0134495396832322
2025-05-05,94277.61,95199.0,93514.1,94733.68,17251.18189,0.0048374152847727,1808.86,1833.55,1781.85,1820.19,342341.0078,0.0062636135466538,146.72,2030995.801,0.0192427926363321,597.61,201100.589,0.0197600805419517,9,0.1181165201899906,0.7598013348049588,0.3988473410200741,0.2807308208300835,0.3204218209203746,4.0,2.0,3.0,0.8888888888888888,0.4444444444444444,0.2222222222222222,0.3333333333333333,0.0177856492010021,0.0284036281926612,0.0048374152847727,0.0062636135466538
2025-05-06,94733.68,96920.65,93377.0,96834.02,16122.64513,0.0221709955741191,1820.19,1820.9,1752.0,1817.0,384584.2451,-0.0017525642927387,146.88,2352310.935,0.0010905125408942,602.57,214613.107,0.0082997272468667,7,-0.2912251529549913,0.8363090923854283,0.1987917397304304,0.4900168926854218,0.3111913680498089,1.0,2.0,4.0,0.8571428571428571,0.1428571428571428,0.2857142857142857,0.5714285714285714,0.036595093335999,0.0379196477710512,0.0221709955741191,0.0017525642927387
2025-05-07,96834.02,97732.0,95784.61,97030.5,16644.83854,0.0020290389679165,1817.0,1850.0,1787.01,1811.11,456170.0705,-0.0032416070445789,147.32,2440566.284,0.0029956427015249,602.7,194088.591,0.0002157425693281,9,-0.1384479405047992,0.7823333409097459,0.2358724913663333,0.3743204318711327,0.3898070771247148,1.0,4.0,4.0,0.6666666666666666,0.1111111111111111,0.4444444444444444,0.4444444444444444,0.0200698749362313,0.0347797759385128,0.0020290389679165,0.0032416070445789
2025-05-08,97030.5,104145.76,96876.29,103261.6,34962.02847,0.0642179520872303,1811.11,2226.0,1808.71,2207.39,1473152.686,0.2188050422116823,164.46,6040622.618,0.1163453706217758,629.17,384267.525,0.0439190310270447,32,0.4237339795799926,0.8079256936907768,0.4662216989672743,0.0424877193872816,0.4912905978271737,14.0,18.0,0.0,0.75,0.4375,0.5625,0.0,0.0703985799174136,0.1890422625816009,0.0642179520872303,0.2188050422116823
2025-05-09,103261.61,104361.3,102315.14,102971.99,27617.39907,-0.0028046243714991,2207.39,2490.77,2184.33,2345.04,1667041.0382,0.0623587132314633,172.78,6318574.649,0.0505898090721148,666.29,480734.869,0.0589983629225805,20,0.520239534880966,0.8050078868865966,0.5596935847774148,0.0394540498964488,0.4008523604832589,10.0,10.0,0.0,0.45,0.5,0.5,0.0,0.0198710348318994,0.1306758093678572,0.0028046243714991,0.0623587132314633
2025-05-10,102971.99,104984.57,102818.76,104809.53,15324.78611,0.0178450469880206,2345.04,2600.0,2317.0,2583.23,979350.1606,0.1015718281990925,177.89,3339701.179,0.0295751823127676,663.9,444595.43,-0.0035870266700686,15,0.6109887428892156,0.8360854109128316,0.6377200561265151,0.0267313132372994,0.3355486334611972,10.0,5.0,0.0,0.4,0.6666666666666666,0.3333333333333333,0.0,0.0206642468485452,0.1095527692075424,0.0178450469880206,0.1015718281990925
2025-05-11,104809.53,104972.0,103345.06,104118.0,17987.12197,-0.0065979687152494,2583.22,2608.13,2435.51,2514.57,831584.3888,-0.0265791276812362,173.19,3210729.52,-0.0264208218562032,651.15,319998.959,-0.0192046995029372,14,0.218175438432289,0.7556231192180088,0.4709920312411018,0.2528165928088128,0.2761913686990737,6.0,3.0,5.0,0.5,0.4285714285714285,0.2142857142857142,0.3571428571428571,0.0156259244318946,0.0686479199226905,0.0065979687152494,0.0265791276812362
2025-05-12,104118.0,105819.45,100718.37,102791.32,31272.77792,-0.0127420811002899,2514.58,2624.0,2406.63,2495.47,1068680.9433,-0.0075957320734759,174.22,6245732.977,0.005947225590392,660.07,586386.945,0.0136988405129387,8,0.4422523990506306,0.8754412233829498,0.5891724764369428,0.1469200773863121,0.2639074362814426,5.0,2.0,1.0,0.875,0.625,0.25,0.125,0.0496255909545669,0.0871058357744232,0.0127420811002899,0.0075957320734759
2025-05-13,102791.32,104976.25,101429.7,104103.72,21253.42409,0.0127676150087381,2495.48,2738.5,2415.3,2679.71,1031355.6465,0.0738297795605638,183.75,4587043.398,0.0547009528182758,664.13,416309.75,0.0061508627872801,25,0.3409337914548814,0.8464176058769226,0.5615640268847346,0.2206302354298531,0.2178057279810309,14.0,5.0,6.0,0.72,0.56,0.2,0.24,0.0340674665612333,0.1206100660146059,0.0127676150087381,0.0738297795605638
2025-05-14,104103.72,104356.95,102602.05,103507.82,16452.9081,-0.0057240990043391,2679.71,2725.99,2547.26,2609.74,830047.1122,-0.0261110344029765,176.64,3619155.253,-0.0386938775510204,652.47,290029.994,-0.0175568036378419,18,0.4397292017884966,0.8170077403386434,0.6150114939858516,0.1752822921973549,0.2097062144635452,11.0,3.0,4.0,0.4444444444444444,0.6111111111111112,0.1666666666666666,0.2222222222222222,0.0169542745659216,0.068485749538268,0.0057240990043391,0.0261110344029765
2025-05-15,103507.83,104192.7,101383.07,103763.71,17998.98604,0.0024721803627976,2609.75,2647.03,2476.03,2548.69,768954.0332,-0.0233931349483089,169.16,3546037.724,-0.0423460144927535,651.88,313560.813,-0.0009042561343817,11,0.1655575346878983,0.8556126816706224,0.445298106494275,0.2797405718063765,0.2749613042582164,6.0,2.0,3.0,0.3636363636363636,0.5454545454545454,0.1818181818181818,0.2727272727272727,0.0270771929800889,0.0670932910632521,0.0024721803627976,0.0233931349483089
2025-05-16,103763.71,104550.33,103100.49,103463.9,15683.88024,-0.0028893531274085,2548.7,2649.31,2529.4,2537.12,605953.6919,-0.0045395870035195,167.4,2766386.671,-0.0104043509103806,646.76,200793.607,-0.0078542062956372,4,-0.1986031227279454,0.9121238142251968,0.2680876690428703,0.4666907917708158,0.2652215622365474,1.0,1.0,2.0,0.5,0.25,0.25,0.5,0.0140130035693608,0.0472622501103613,0.0028893531274085,0.0045395870035195
2025-05-17,103463.9,103709.86,102612.5,103126.65,11250.89622,-0.0032595910264353,2537.13,2538.16,2446.42,2475.08,494333.2782,-0.0244529229993062,165.94,2262121.706,-0.0087216248506571,639.51,141777.711,-0.0112097223081204,6,-0.107268175886323,0.9021515448888144,0.2299205288290977,0.3371887047154207,0.4328907600914438,1.0,3.0,2.0,0.8333333333333334,0.1666666666666666,0.5,0.3333333333333333,0.010640896412324,0.0370654685909141,0.0032595910264353,0.0244529229993062
2025-05-18,103126.65,106660.0,103105.09,106454.26,21599.98726,0.0322672170578604,2475.09,2587.61,2323.21,2497.78,810103.1851,0.0091714207217545,173.3,3194610.936,0.0443533807400267,651.53,189475.296,0.0187956404121905,4,0.4007574613206088,0.8056303709745407,0.4248447846621275,0.0240873233415185,0.551067892462015,2.0,2.0,0.0,0.75,0.5,0.5,0.0,0.0333937786989454,0.1058539983505353,0.0322672170578604,0.0091714207217545
2025-05-19,106454.27,107108.62,102000.0,105573.74,30260.03524,-0.0082713458343516,2497.78,2547.36,2348.38,2528.14,861747.523,0.0121547934565893,166.86,4076352.744,-0.0371609924985574,649.62,210901.52,-0.002931561094654,8,0.2922829207964241,0.7929751724004745,0.4976931498385966,0.2054102290421724,0.2968965971376747,4.0,2.0,2.0,0.5,0.5,0.25,0.25,0.0483891164602106,0.0787060843149509,0.0082713458343516,0.0121547934565893
2025-05-20,105573.73,107320.0,104184.72,106849.99,23705.48275,0.0120887069076078,2528.14,2588.63,2442.4,2524.19,676989.1747,-0.0015624134739372,168.59,3135420.426,0.0103679731511445,650.0,169584.291,0.0005849573596872,9,0.3953751581203606,0.8289745052655538,0.5130471395742562,0.1176719814538955,0.369280907842848,5.0,3.0,1.0,1.2222222222222223,0.5555555555555556,0.3333333333333333,0.1111111111111111,0.0293428197793935,0.0579314552391064,0.0120887069076078,0.0015624134739372
2025-05-21,106850.0,110797.38,106100.01,109643.99,45531.040345,0.0261488091856629,2524.19,2615.95,2452.2,2550.99,1095890.2902,0.010617267321398,173.53,4400610.4,0.029301856575123,673.31,470531.895,0.0358615384615383,7,0.1759547218680381,0.8417032275881086,0.4541439135958041,0.2781891917277659,0.26766691436725,3.0,2.0,2.0,0.7142857142857143,0.4285714285714285,0.2857142857142857,0.2857142857142857,0.0428420198863613,0.0641907651539206,0.0261488091856629,0.010617267321398
2025-05-22,109643.99,111980.0,109177.37,111696.21,31630.77313,0.0187171225709681,2551.0,2692.99,2544.83,2664.82,852555.6669,0.0446218918929515,179.68,3608222.862,0.0354405578286176,686.57,390007.996,0.019693751763675,5,0.1479354761540889,0.801646602153778,0.3730926595628261,0.2251571834087372,0.4017501309514045,2.0,2.0,1.0,0.8,0.4,0.4,0.2,0.0250915407067079,0.055598501962609,0.0187171225709681,0.0446218918929515
2025-05-23,111696.22,111800.0,106800.0,107318.3,31737.72309,-0.0391947945234668,2664.83,2734.23,2498.3,2526.5,971442.4532,-0.0519059448668203,174.01,6112910.776,-0.0315560997328585,656.98,343668.707,-0.0430983002461512,6,0.2802315829321742,0.7884204387664795,0.468373706874748,0.1881421239425738,0.3434841856360435,3.0,2.0,1.0,0.6666666666666666,0.5,0.3333333333333333,0.1666666666666666,0.0465903764781961,0.0933821492182861,0.0391947945234668,0.0519059448668203
2025-05-24,107318.3,109506.03,106875.41,107761.91,16782.53129,0.0041335913818985,2526.49,2575.85,2515.08,2530.4,257544.2344,0.001543637443103,175.87,2317965.021,0.0106890408597208,668.01,165142.039,0.0167889433468293,11,0.2802315829321742,0.8,,,,,,,,0.33,0.34,0.33,0.0244114084466394,0.0240159658552007,0.0041335913818985,0.001543637443103
2025-05-25,107761.9,109299.99,106600.64,109004.19,17710.04695,0.0115280065099068,2530.41,2554.26,2463.0,2551.22,359890.0299,0.0082279481504898,175.74,2530363.859,-0.0007391823505998,669.44,169208.322,0.002140686516669,11,0.2802315829321742,0.8,,,,,,,,0.33,0.34,0.33,0.0247637269723302,0.0357711212674721,0.0115280065099068,0.0082279481504898
2025-05-26,109004.2,110422.22,108670.58,109434.79,14649.11593,0.0039503068643507,2551.22,2599.0,2525.86,2563.7,362971.1182,0.0048917772673466,174.91,2214724.796,-0.0047228860817116,674.29,180148.252,0.0072448613766729,11,0.2802315829321742,0.8,,,,,,,,0.33,0.34,0.33,0.0160062444493199,0.0285290790654132,0.0039503068643507,0.0048917772673466
2025-05-27,109434.78,110718.0,107516.57,108938.17,21276.65635,-0.0045380449855114,2563.7,2712.36,2509.46,2660.81,798430.8862,0.0378788469789757,176.71,2568509.368,0.0102910068034989,686.91,326163.491,0.0187159827373979,11,0.2802315829321742,0.8,,,,,,,,0.33,0.34,0.33,0.0293875874727838,0.0762549749888192,0.0045380449855114,0.0378788469789757
2025-05-28,108938.17,109284.7,106769.43,107781.78,15633.78829,-0.0106151039621833,2660.81,2689.14,2608.5,2681.6,560095.6833,0.0078134102021565,172.21,2534660.877,-0.0254654518702959,686.89,211875.743,-2.9115895823328408e-05,11,0.2802315829321742,0.8,,,,,,,,0.33,0.34,0.33,0.023336690115899,0.030071599045346,0.0106151039621833,0.0078134102021565
2025-05-29,107781.78,108891.91,105322.86,105589.75,19834.70116,-0.0203376674610494,2681.61,2788.0,2619.05,2631.39,811567.2545,-0.0187238961813842,166.71,2641789.968,-0.0319377504209976,675.02,260985.136,-0.0172807873167465,11,0.2802315829321742,0.8,,,,,,,,0.33,0.34,0.33,0.0338011028532599,0.0642056099627952,0.0203376674610494,0.0187238961813842
2025-05-30,105589.75,106313.12,103621.0,103985.48,23706.49799,-0.0151934254982136,2631.39,2649.23,2507.35,2531.34,763045.2564,-0.038021729960211,156.2,3770279.512,-0.063043608661748,655.36,218723.509,-0.0291250629610974,11,0.2802315829321742,0.8,,,,,,,,0.33,0.34,0.33,0.025889383787044,0.0560493651583746,0.0151934254982136,0.038021729960211
2025-05-31,103985.47,104900.0,103068.55,104591.88,11289.35922,0.0058315834095299,2531.35,2550.34,2475.33,2528.06,394537.2521,-0.0012957563977973,156.45,2352257.752,0.0016005121638924,658.01,158379.39,0.0040435791015625,11,0.2802315829321742,0.8,,,,,,,,0.33,0.34,0.33,0.0175104415371441,0.0296709729990586,0.0058315834095299,0.0012957563977973
2025-06-01,104591.88,105866.91,103752.49,105642.93,9709.70006,0.0100490592577549,2528.06,2547.79,2468.56,2539.21,332021.7088,0.0044104965863152,157.68,2042131.041,0.0078619367209973,660.77,131807.448,0.0041944651297092,11,0.2802315829321742,0.8,,,,,,,,0.33,0.34,0.33,0.0200147799762842,0.0312026181371371,0.0100490592577549,0.0044104965863152
2025-06-02,105642.93,105935.63,103659.88,105857.99,13453.98813,0.0020357254385126,2539.2,2615.0,2475.0,2607.41,468889.9737,0.0268587474056891,156.83,2502052.191,-0.0053906646372399,665.93,143785.605,0.0078090712350742,11,0.2802315829321742,0.8,,,,,,,,0.33,0.34,0.33,0.0214981410472653,0.0536931284301279,0.0020357254385126,0.0268587474056891
2025-06-03,105858.0,106794.67,104872.5,105376.89,13259.52634,-0.0045447679480784,2607.42,2655.38,2575.0,2593.36,454383.0439,-0.0053884889603091,155.19,2849585.145,-0.0104571829369382,661.59,158377.459,-0.0065172015076658,11,0.2802315829321742,0.8,,,,,,,,0.33,0.34,0.33,0.0182409065213444,0.0309945399019033,0.0045447679480784,0.0053884889603091
2025-06-04,105376.9,106000.0,104179.0,104696.86,14034.89482,-0.0064533124862576,2593.35,2679.88,2583.5,2607.68,502494.8214,0.0055217941203689,153.26,1990646.424,-0.0124363683227012,663.23,124473.802,0.0024788766456567,11,0.2802315829321742,0.8,,,,,,,,0.33,0.34,0.33,0.0173930717692966,0.036960056448644,0.0064533124862576,0.0055217941203689
2025-06-05,104696.86,105909.71,100372.26,101508.68,22321.50154,-0.0304515340765711,2607.68,2640.86,2391.66,2414.01,808938.0344,-0.0742690820959625,144.29,4258041.075,-0.0585279916481795,633.32,271543.149,-0.0450974774964944,11,0.2802315829321742,0.8,,,,,,,,0.33,0.34,0.33,0.0545514925423127,0.103230723982088,0.0304515340765711,0.0742690820959625
2025-06-06,101508.69,105333.0,101095.8,104288.44,15839.07385,0.0273844561864069,2414.02,2531.36,2381.49,2476.1,578843.4974,0.0257206888123908,147.83,2167791.114,0.024533924734909,642.7,169535.957,0.0148108381229077,11,0.2802315829321742,0.8,,,,,,,,0.33,0.34,0.33,0.0406296229956071,0.0605266346270345,0.0273844561864069,0.0257206888123908
2025-06-07,104288.43,105900.0,103871.09,105552.15,8344.93206,0.0121174504096521,2476.1,2544.36,2457.0,2524.63,264787.6743,0.01959936997698,150.06,1408204.615,0.0150848948116077,650.82,90666.37,0.0126341994709817,11,0.2802315829321742,0.8,,,,,,,,0.33,0.34,0.33,0.0192218727898958,0.034603090353834,0.0121174504096521,0.01959936997698
2025-06-08,105552.15,106488.14,104964.14,105734.0,8048.06305,0.0017228450581063,2524.64,2548.63,2490.58,2509.83,266474.7139,-0.0058622451606771,152.45,1564000.366,0.0159269625483138,652.0,72300.314,0.0018130973233765,11,0.2802315829321742,0.8,,,,,,,,0.33,0.34,0.33,0.0144135282879679,0.0231290565496468,0.0017228450581063,0.0058622451606771
2025-06-09,105734.01,110530.17,105318.37,110263.02,19975.37451,0.0428340931015567,2509.84,2693.99,2477.73,2680.13,568726.3025,0.0678532012128312,161.16,3079728.265,0.05713348638898,665.58,127272.158,0.0208282208588956,11,0.2802315829321742,0.8,,,,,,,,0.33,0.34,0.33,0.0472669803529778,0.0806901157779659,0.0428340931015567,0.0678532012128312
2025-06-10,110263.02,110400.0,108331.03,110274.39,17071.82839,0.0001031170740652,2680.13,2827.0,2655.61,2816.4,1138405.4775,0.0508445485853297,165.12,3589559.163,0.024571854058079,673.51,176645.056,0.0119144205054237,11,0.2802315829321742,0.8,,,,,,,,0.33,0.34,0.33,0.0187620171827747,0.060854282062207,0.0001031170740652,0.0508445485853297
2025-06-11,110274.39,110392.01,108064.0,108645.12,13115.91638,-0.0147746906602702,2816.41,2879.22,2743.75,2771.61,850210.9324,-0.0159032807839795,160.97,4019424.999,-0.0251332364341085,667.43,177934.085,-0.0090273344122582,11,0.2802315829321742,0.8,,,,,,,,0.33,0.34,0.33,0.0214276536304621,0.0488777281074898,0.0147746906602702,0.0159032807839795
2025-06-12,108645.13,108813.55,105671.72,105671.73,17778.67218,-0.0273679112324602,2771.6,2784.83,2616.24,2642.65,699593.3757,-0.0465289127979766,152.32,2883476.685,-0.0537367211281605,654.75,152793.975,-0.0189982470071766,11,0.2802315829321742,0.8,,,,,,,,0.33,0.34,0.33,0.0297319822435007,0.0637958110230261,0.0273679112324602,0.0465289127979766
2025-06-13,105671.74,106179.53,102664.31,106066.59,26180.81734,0.003736666372359,2642.66,2645.45,2436.98,2579.19,1202176.2972,-0.0240137740525608,148.6,5339782.783,-0.024422268907563,655.35,223303.917,0.0009163802978235,11,0.2802315829321742,0.8,,,,,,,,0.33,0.34,0.33,0.0331416330062086,0.0808277017203074,0.003736666372359,0.0240137740525608
2025-06-14,106066.59,106252.0,104300.0,105414.64,8798.93969,-0.006146610351101,2579.19,2579.43,2488.72,2530.76,331438.9278,-0.0187772130009808,144.64,1679994.751,-0.0266487213997308,645.61,93690.143,-0.0148622873273823,11,0.2802315829321742,0.8,,,,,,,,0.33,0.34,0.33,0.0185173520490133,0.0358429878771594,0.006146610351101,0.0187772130009808
2025-06-15,105414.63,106128.57,104494.53,105594.01,7164.20047,0.0017015663099546,2530.77,2559.51,2492.0,2547.61,299701.6624,0.0066580789960328,152.97,2831999.616,0.0575912610619469,648.19,79324.646,0.0039962206285528,11,0.2802315829321742,0.8,,,,,,,,0.33,0.34,0.33,0.015474741417624,0.0264993464462771,0.0017015663099546,0.0066580789960328
2025-06-16,105594.02,108952.38,104980.37,106794.53,14922.6654,0.0113692055070169,2547.62,2680.34,2514.85,2544.17,680429.988,-0.001350285169237,150.72,3573196.785,-0.0147087664247891,650.74,124203.787,0.0039340316882394,11,0.2802315829321742,0.8,,,,,,,,0.33,0.34,0.33,0.0371930097917937,0.0650467539511904,0.0113692055070169,0.001350285169237
2025-06-17,106794.53,107771.34,103371.02,104551.17,17866.33025,-0.0210063193311492,2544.17,2618.6,2453.8,2509.95,715930.4081,-0.0134503590561952,147.57,3395648.859,-0.0208996815286625,648.08,182982.263,-0.004087654055383,11,0.2802315829321742,0.8,,,,,,,,0.33,0.34,0.33,0.0420877164741436,0.0656586784597301,0.0210063193311492,0.0134503590561952
2025-06-18,104551.17,105550.27,103500.0,104886.78,13968.64167,0.0032100071190022,2509.95,2548.42,2465.78,2525.0,504532.1818,0.005996135381183,146.34,2800908.98,-0.0083350274446024,644.77,143725.674,-0.0051073941488706,11,0.2802315829321742,0.8,,,,,,,,0.33,0.34,0.33,0.0195474586978454,0.032728712871287,0.0032100071190022,0.005996135381183
2025-06-19,104886.79,105226.17,103929.27,104658.59,7678.60737,-0.0021755839963816,2525.0,2546.91,2485.03,2521.12,252646.059,-0.0015366336633664,147.04,2285335.729,0.0047833811671449,644.65,80404.985,-0.0001861128774601,11,0.2802315829321742,0.8,,,,,,,,0.33,0.34,0.33,0.0123917205458242,0.0245446468236338,0.0021755839963816,0.0015366336633664
2025-06-20,104658.59,106524.65,102345.0,103297.99,16419.06283,-0.013000366238452,2521.13,2569.0,2367.36,2406.49,632027.8235,-0.0454678872881894,140.11,3393327.209,-0.0471300326441783,641.61,143279.622,-0.0047157372217482,11,0.2802315829321742,0.8,,,,,,,,0.33,0.34,0.33,0.0404620651379566,0.0837900843136684,0.013000366238452,0.0454678872881894
2025-06-21,103297.98,103982.64,100837.9,102120.01,11154.21332,-0.0114037068872299,2406.49,2448.8,2216.0,2295.73,496783.864,-0.0460255392708882,135.43,2826424.143,-0.0334023267432731,628.97,143508.116,-0.0197004410779133,11,0.2802315829321742,0.8,,,,,,,,0.33,0.34,0.33,0.0307945524094641,0.1014056531038058,0.0114037068872299,0.0460255392708882
2025-06-22,102120.02,103399.62,98200.0,100963.87,28746.41072,-0.0113213854953597,2295.72,2314.48,2111.89,2227.7,840155.8295,-0.0296332756900855,131.71,4252120.023,-0.027468064682862,615.81,243515.033,-0.0209230964910887,11,0.2802315829321742,0.8,,,,,,,,0.33,0.34,0.33,0.0514998087929869,0.0909413296224806,0.0113213854953597,0.0296332756900855
2025-06-23,100963.87,106074.2,99613.33,105333.93,27666.50609,0.0432834042514416,2227.7,2438.68,2188.0,2411.66,744583.8003,0.0825784441352066,144.51,4573147.667,0.0971832055272947,640.49,219674.329,0.040077296568747,11,0.2802315829321742,0.8,,,,,,,,0.33,0.34,0.33,0.0613370259706439,0.1039450005390477,0.0432834042514416,0.0825784441352066
2025-06-24,105333.94,106290.0,104622.02,106083.0,14651.69335,0.0071113837677945,2411.66,2482.04,2376.11,2448.45,516760.6621,0.0152550525364272,145.92,2741809.086,0.0097571102345859,643.53,131607.231,0.0047463660634825,11,0.2802315829321742,0.8,,,,,,,,0.33,0.34,0.33,0.0157233486986604,0.0432641058628927,0.0071113837677945,0.0152550525364272
2025-06-25,106083.0,108135.3,105808.03,107340.58,16701.15551,0.0118546798261738,2448.46,2468.69,2389.69,2418.49,414894.7387,-0.012236312769303,143.57,2233601.909,-0.0161047149122807,646.07,169433.154,0.0039469799387752,11,0.2802315829321742,0.8,,,,,,,,0.33,0.34,0.33,0.0216811759355129,0.0326650099855695,0.0118546798261738,0.012236312769303
2025-06-26,107340.59,108272.45,106562.5,106947.06,10573.27279,-0.0036660878858676,2418.5,2520.92,2394.32,2415.96,463704.0261,-0.0010461072818161,139.06,2522507.942,-0.0314132478930138,642.3,103057.286,-0.0058352810067021,11,0.2802315829321742,0.8,,,,,,,,0.33,0.34,0.33,0.0159887518179555,0.0524015298266527,0.0036660878858676,0.0010461072818161
2025-06-27,106947.06,107735.34,106356.76,107047.59,12232.44042,0.0009399977895605,2415.96,2463.54,2382.53,2423.17,381474.766,0.0029843209324658,142.09,2471847.15,0.0217891557601035,645.71,81302.955,0.0053090456173128,11,0.2802315829321742,0.8,,,,,,,,0.33,0.34,0.33,0.0128781974447066,0.0334314142218663,0.0009399977895605,0.0029843209324658
2025-06-28,107047.58,107577.75,106811.51,107296.79,3282.17352,0.0023279365747514,2423.17,2447.8,2405.81,2435.62,155814.9859,0.0051378978775735,150.72,2657836.682,0.0607361531423744,648.6,57714.965,0.0044756934227438,11,0.2802315829321742,0.8,,,,,,,,0.33,0.34,0.33,0.0071413133608191,0.0172399635411107,0.0023279365747514,0.0051378978775735
2025-06-29,107296.79,108528.5,107172.52,108356.93,6831.7364,0.0098804446992308,2435.62,2525.0,2412.0,2500.09,284291.8057,0.0264696463323508,153.32,2150026.172,0.0172505307855626,654.9,73235.796,0.0097132284921368,11,0.2802315829321742,0.8,,,,,,,,0.33,0.34,0.33,0.0125140127170453,0.045198372858577,0.0098804446992308,0.0264696463323508
2025-06-30,108356.93,108789.99,106733.33,107146.5,9754.12491,-0.0111707668351253,2500.09,2524.3,2431.0,2485.47,440455.714,-0.0058477894795788,154.81,3871390.335,0.0097182363683798,656.9,110702.196,0.003053901358986,11,0.2802315829321742,0.8,,,,,,,,0.33,0.34,0.33,0.0191948407087492,0.0375381718548202,0.0111707668351253,0.0058477894795788
2025-07-01,107146.51,107540.0,105250.85,105681.14,10505.62437,-0.0136762283415696,2485.47,2500.8,2386.52,2405.01,351951.0868,-0.0323721469178865,146.88,2770862.174,-0.0512240811317098,646.33,85803.055,-0.0160907291825238,11,0.2802315829321742,0.8,,,,,,,,0.33,0.34,0.33,0.0216609131960536,0.0475174739398173,0.0136762283415696,0.0323721469178865
2025-07-02,105681.13,109730.0,105100.19,108849.6,17691.89592,0.0299813192779714,2405.01,2619.28,2373.0,2570.41,634967.0337,0.068773102814541,152.27,2652574.279,0.036696623093682,659.71,112807.955,0.0207014992341374,11,0.2802315829321742,0.8,,,,,,,,0.33,0.34,0.33,0.0425340102306301,0.0958135083508079,0.0299813192779714,0.068773102814541
2025-07-03,108849.59,110529.18,108530.4,109584.78,13047.08225,0.0067540900471843,2570.41,2635.5,2556.12,2591.25,504943.6592,0.008107655977062,152.36,2686218.205,0.0005910553621855,663.59,99001.436,0.0058813721180519,11,0.2802315829321742,0.8,,,,,,,,0.33,0.34,0.33,0.018239576700341,0.0306338639652677,0.0067540900471843,0.008107655977062
2025-07-04,109584.77,109767.59,107245.0,107984.24,11793.86615,-0.0146054953981747,2591.26,2603.17,2474.24,2508.04,452593.02,-0.0321119150988905,147.7,2308086.736,-0.0305854555001314,653.6,89027.412,-0.0150544764086257,11,0.2802315829321742,0.8,,,,,,,,0.33,0.34,0.33,0.0233607237500583,0.0514066761295674,0.0146054953981747,0.0321119150988905
2025-07-05,107984.25,108420.56,107756.31,108198.12,3736.9757,0.0019806593999271,2508.04,2529.81,2487.95,2516.41,157198.0958,0.0033372673482081,147.55,1173963.86,-0.0010155721056193,656.16,51648.289,0.0039167686658505,11,0.2802315829321742,0.8,,,,,,,,0.33,0.34,0.33,0.0061392009399054,0.0166348091129824,0.0019806593999271,0.0033372673482081
2025-07-06,108198.12,109700.0,107800.01,109203.84,6447.607,0.0092951707478836,2516.42,2605.0,2503.5,2570.35,277593.6319,0.0214352986993375,151.86,2486859.718,0.0292104371399526,663.13,82399.119,0.0106224091684954,11,0.2802315829321742,0.8,,,,,,,,0.33,0.34,0.33,0.0173985640065404,0.039488785573949,0.0092951707478836,0.0214352986993375
2025-07-07,109203.85,109700.0,107513.2,108262.94,9405.37601,-0.0086159973861724,2570.35,2590.57,2512.0,2542.29,315707.5272,-0.0109168012138424,148.88,2174727.723,-0.0196233372843409,661.06,83232.984,-0.0031215598751376,11,0.2802315829321742,0.8,,,,,,,,0.33,0.34,0.33,0.020198971134536,0.0309052075097648,0.0086159973861724,0.0109168012138424
2025-07-08,108262.94,109216.56,107429.57,108922.98,9216.0208,0.006096638424931,2542.3,2628.21,2523.59,2615.25,370915.7321,0.0286985355722597,151.67,2712869.323,0.018739924771628,660.63,86374.042,-0.0006504704565394,11,0.2802315829321742,0.8,,,,,,,,0.33,0.34,0.33,0.0164059962369739,0.0400038237262211,0.006096638424931,0.0286985355722597
2025-07-09,108922.99,111999.79,108324.53,111233.99,17282.2865,0.0212169185969757,2615.25,2795.74,2589.78,2768.74,686119.3772,0.0586903737692381,157.05,2907219.748,0.0354717478736732,668.68,123551.595,0.0121853382377425,11,0.2802315829321742,0.8,,,,,,,,0.33,0.34,0.33,0.0330407998490389,0.0743876275851107,0.0212169185969757,0.0586903737692381
2025-07-10,111234.0,116868.0,110500.0,116010.0,24883.450665,0.0429366059780826,2768.74,3000.0,2755.5,2951.29,951896.07,0.0659325180406973,164.34,3428382.349,0.0464183381088825,685.8,214967.536,0.0256026799066817,11,0.2802315829321742,0.8,,,,,,,,0.33,0.34,0.33,0.054891819670718,0.0828451287403135,0.0429366059780826,0.0659325180406973
2025-07-11,116010.01,118869.98,115222.22,117527.66,25873.521148,0.0130821480906819,2951.29,3040.15,2913.75,2958.22,906839.1689,0.0023481257348481,162.93,4354179.713,-0.0085797736400146,689.99,268353.904,0.0061096529600468,11,0.2802315829321742,0.8,,,,,,,,0.33,0.34,0.33,0.0310374596073808,0.0427283974822697,0.0130821480906819,0.0023481257348481
2025-07-12,117527.66,118200.0,116900.05,117420.0,8446.60437,-0.0009160396795103,2958.21,2979.78,2903.85,2943.28,348884.8877,-0.0050503343226668,160.69,2043211.942,-0.0137482354385319,685.86,134785.185,-0.0059855939941158,11,0.2802315829321742,0.8,,,,,,,,0.33,0.34,0.33,0.0110709419179015,0.0257977494495937,0.0009160396795103,0.0050503343226668
2025-07-13,117420.0,119488.0,117224.79,119086.64,9550.792947,0.0141938340998126,2943.29,3020.31,2936.49,2972.03,357333.5016,0.0097680139164468,161.15,1929745.851,0.00286265480117,692.0,84925.723,0.0089522643105006,11,0.2802315829321742,0.8,,,,,,,,0.33,0.34,0.33,0.0190047347040776,0.0282029454615196,0.0141938340998126,0.0097680139164468
2025-07-14,119086.65,123218.0,118905.18,119841.18,27269.348877,0.0063360591918621,2972.03,3083.0,2962.81,3013.62,815552.6496,0.0139938022159937,162.21,3973706.533,0.0065777226186782,689.12,253634.996,-0.0041618497109826,11,0.2802315829321742,0.8,,,,,,,,0.33,0.34,0.33,0.0359877965153547,0.0398822678373517,0.0063360591918621,0.0139938022159937
2025-07-15,119841.17,119940.83,115736.92,117758.09,32018.46083,-0.0173820885274994,3013.61,3144.14,2932.46,3137.89,863583.7377,0.0412361213424385,163.98,3665295.753,0.0109117810245975,689.92,188962.491,0.0011609008590665,11,0.2802315829321742,0.8,,,,,,,,0.33,0.34,0.33,0.035699543020781,0.0674593436991098,0.0173820885274994,0.0412361213424385
2025-07-16,117758.08,120063.84,117017.29,118630.43,17039.90851,0.007407898684498,3137.9,3425.0,3101.0,3371.35,1135950.5831,0.0744003135865183,173.63,5020288.123,0.0588486400780583,708.61,238334.938,0.0270900974025973,11,0.2802315829321742,0.8,,,,,,,,0.33,0.34,0.33,0.0256810162451573,0.096103934625595,0.007407898684498,0.0744003135865183
2025-07-17,118630.44,120998.71,117453.57,119177.56,15728.57651,0.0046120544281935,3371.35,3523.44,3310.77,3476.87,974065.8264,0.0312990345113974,175.87,4491555.727,0.0129009963715949,720.65,409572.675,0.016991010569989,11,0.2802315829321742,0.8,,,,,,,,0.33,0.34,0.33,0.0297467073499407,0.0611670841877896,0.0046120544281935,0.0312990345113974
2025-07-18,119177.56,120820.71,116812.76,117924.84,19924.66266,-0.0105113747923686,3476.88,3673.84,3458.68,3546.92,1163823.3977,0.0201474314541527,177.28,5191853.168,0.0080172854949678,729.92,556430.085,0.0128633872198709,11,0.2802315829321742,0.8,,,,,,,,0.33,0.34,0.33,0.0339873261646995,0.0606610805995061,0.0105113747923686,0.0201474314541527
2025-07-19,117924.84,118499.9,117277.34,117840.0,6635.80306,-0.0007194412983727,3546.92,3608.3,3506.79,3592.01,381791.9213,0.0127124378333878,176.96,2059315.008,-0.0018050541516244,733.2,188095.81,0.0044936431389741,11,0.2802315829321742,0.8,,,,,,,,0.33,0.34,0.33,0.0103747454175152,0.028259943597039,0.0007194412983727,0.0127124378333878
2025-07-20,117840.01,118856.8,116467.02,117265.12,12962.92889,-0.0048784792939579,3592.0,3824.56,3579.13,3756.69,852356.5533,0.0458461975328576,181.43,3694854.915,0.025259945750452,756.82,253255.203,0.032214948172395,11,0.2802315829321742,0.8,,,,,,,,0.33,0.34,0.33,0.0203792909605174,0.0653314486955271,0.0048784792939579,0.0458461975328576
2025-07-21,117265.11,119676.73,116515.0,117380.36,17107.33128,0.0009827304146365,3756.69,3860.0,3701.01,3762.33,812074.0534,0.0015013216421901,195.72,6495907.179,0.078763159345202,766.22,338419.952,0.0124203905816442,11,0.2802315829321742,0.8,,,,,,,,0.33,0.34,0.33,0.026935766767115,0.0422583877543968,0.0009827304146365,0.0015013216421901
2025-07-22,117380.36,120247.8,116128.0,119954.42,20959.12973,0.0219292222310443,3762.32,3798.65,3616.54,3746.21,870127.3864,-0.0042845789710099,205.7,8635627.173,0.0509912119354178,786.68,359074.056,0.0267025136383805,11,0.2802315829321742,0.8,,,,,,,,0.33,0.34,0.33,0.0343447119330826,0.0486117969894907,0.0219292222310443,0.0042845789710099
2025-07-23,119954.43,120090.0,117301.0,118755.99,14558.75083,-0.0099907114719073,3746.21,3764.2,3527.0,3628.29,800259.4025,-0.0314771462357956,189.4,5548137.499,-0.0792416140009721,776.74,709087.1566,-0.0126353790613717,11,0.2802315829321742,0.8,,,,,,,,0.33,0.34,0.33,0.023485131150016,0.0653751491749556,0.0099907114719073,0.0314771462357956
2025-07-24,118756.0,119450.0,117103.1,118340.99,15806.89043,-0.0034945605691132,3628.29,3771.0,3502.85,3706.94,749459.495,0.0216768780885761,182.87,5217064.871,-0.0344772967265047,770.74,363436.737,-0.0077245925277441,11,0.2802315829321742,0.8,,,,,,,,0.33,0.34,0.33,0.0198316745533394,0.0723372916745348,0.0034945605691132,0.0216768780885761
2025-07-25,118340.98,118451.57,114723.16,117614.31,38406.34873,-0.0061405604262733,3706.95,3747.0,3573.76,3724.96,764606.7261,0.0048611523250983,186.76,4481310.44,0.0212719418165909,785.45,284068.121,0.0190855541427719,11,0.2802315829321742,0.8,,,,,,,,0.33,0.34,0.33,0.0317003092565862,0.0465078819638331,0.0061405604262733,0.0048611523250983
2025-07-26,117614.31,118297.35,117138.38,117919.99,6991.67206,0.0025990034716014,3724.97,3793.0,3697.66,3741.1,407259.7024,0.0043329324341736,184.88,1773453.875,-0.0100663953737416,793.29,128764.391,0.0099815392450186,11,0.2802315829321742,0.8,,,,,,,,0.33,0.34,0.33,0.0098284438456957,0.0254844831733982,0.0025990034716014,0.0043329324341736
2025-07-27,117919.99,119766.65,117825.5,119415.55,9328.30919,0.0126828368964413,3741.11,3879.82,3731.0,3872.1,457352.4605,0.0350164390152629,188.64,2233060.133,0.0203375162267416,844.0,397296.2555,0.0639236596956978,11,0.2802315829321742,0.8,,,,,,,,0.33,0.34,0.33,0.0162554206717633,0.0384339247436791,0.0126828368964413,0.0350164390152629
2025-07-28,119415.56,119800.0,117427.5,118062.32,13961.74754,-0.0113321087580302,3872.11,3941.0,3754.0,3799.0,620994.7463,-0.0188786446631027,183.11,4067872.127,-0.0293150975402882,824.07,517734.6912,-0.0236137440758292,11,0.2802315829321742,0.8,,,,,,,,0.33,0.34,0.33,0.0200953191500895,0.0492234798631218,0.0113321087580302,0.0188786446631027
2025-07-29,118062.32,119273.36,116950.75,117950.76,15137.93445,-0.000944924680457,3799.0,3886.44,3716.04,3793.79,584210.4393,-0.0013714135298762,181.48,2541912.036,-0.0089017530446181,805.1,427366.132,-0.0230198890870921,11,0.2802315829321742,0.8,,,,,,,,0.33,0.34,0.33,0.0196913525610178,0.0449155066569314,0.000944924680457,0.0013714135298762
2025-07-30,117950.75,118792.0,115796.23,117840.3,15586.73631,-0.000936492482117,3793.79,3834.03,3677.65,3810.0,525424.9003,0.0042727720827984,177.77,3297250.187,-0.0204430240246857,793.51,369598.736,-0.0143957272388524,11,0.2802315829321742,0.8,,,,,,,,0.33,0.34,0.33,0.0254222876214673,0.0410446194225722,0.000936492482117,0.0042727720827984
2025-07-31,117840.29,118922.45,115500.0,115764.08,17010.0073,-0.0176189300264849,3810.0,3878.67,3684.33,3698.39,516088.4503,-0.0292939632545932,172.22,2624841.783,-0.0312201158800697,783.14,335026.145,-0.0130685183551562,11,0.2802315829321742,0.8,,,,,,,,0.33,0.34,0.33,0.0295640063826361,0.0525471894527078,0.0176189300264849,0.0292939632545932
2025-08-01,115764.07,116052.0,112722.58,113297.93,24487.10206,-0.0213032401760546,3698.39,3724.02,3431.75,3488.2,783869.1517,-0.056832838072783,162.71,4317529.315,-0.0552200673557077,757.08,393831.558,-0.0332762979799269,11,0.2802315829321742,0.8,,,,,,,,0.33,0.34,0.33,0.0293864150916084,0.0837882002178774,0.0213032401760546,0.056832838072783
2025-08-02,113297.92,114063.49,112003.0,112546.35,11507.33428,-0.0066336604737614,3488.21,3537.69,3368.29,3393.94,494195.7094,-0.0270225331116334,158.48,2208175.075,-0.0259971728842727,736.42,209282.992,-0.0272890579595288,11,0.2802315829321742,0.8,,,,,,,,0.33,0.34,0.33,0.0183079238020602,0.0499124910870551,0.0066336604737614,0.0270225331116334
2025-08-03,112546.35,114799.97,111920.0,114208.8,7397.76046,0.0147712475793306,3393.94,3521.79,3354.28,3496.74,296347.6758,0.0302892803054855,161.97,2297909.311,0.0220217062089853,751.21,142700.965,0.0200836479183075,11,0.2802315829321742,0.8,,,,,,,,0.33,0.34,0.33,0.025216708344716,0.0479046197315213,0.0147712475793306,0.0302892803054855
2025-08-04,114208.81,115720.0,114107.6,115055.03,9667.67916,0.0074094990928894,3496.75,3736.73,3490.73,3720.99,463349.9861,0.064131162168191,169.55,2688954.158,0.0467987898993642,768.63,171505.406,0.0231892546691336,11,0.2802315829321742,0.8,,,,,,,,0.33,0.34,0.33,0.0140141634833348,0.0661114380850257,0.0074094990928894,0.064131162168191
2025-08-05,115055.03,115127.81,112650.0,114129.75,12042.79078,-0.0080420647406723,3720.99,3722.24,3546.0,3612.0,489070.9589,-0.0292905920198656,164.09,2554958.009,-0.032202890002949,755.13,179458.96,-0.0175637172631825,11,0.2802315829321742,0.8,,,,,,,,0.33,0.34,0.33,0.0217104655008882,0.0487929125138426,0.0080420647406723,0.0292905920198656
2025-08-06,114129.75,115716.0,113355.13,114992.27,9761.15318,0.0075573634394188,3612.01,3698.6,3564.19,3683.31,365309.9205,0.0197425249169436,168.09,1797491.429,0.0243768663538301,769.55,163684.71,0.0190960496868088,11,0.2802315829321742,0.8,,,,,,,,0.33,0.34,0.33,0.0205306843668708,0.0364916338836535,0.0075573634394188,0.0197425249169436
2025-08-07,114992.27,117621.0,114259.0,117472.01,13468.56263,0.0215644060248569,3683.31,3927.77,3647.63,3910.31,631678.9872,0.0616293496881881,175.36,3014662.995,0.0432506395383425,788.67,188106.802,0.0248456890390487,11,0.2802315829321742,0.8,,,,,,,,0.33,0.34,0.33,0.0286195835075947,0.0716413788165132,0.0215644060248569,0.0616293496881881
2025-08-08,117472.02,117630.0,115878.71,116674.74,10045.31278,-0.0067868933203747,3910.3,4071.0,3880.0,4009.5,723300.0109,0.0253662753080958,176.78,3678790.655,0.0080976277372262,793.5,195309.718,0.0061242344706913,11,0.2802315829321742,0.8,,,,,,,,0.33,0.34,0.33,0.0150100184495803,0.0476368624516772,0.0067868933203747,0.0253662753080958
2025-08-09,116674.74,117944.05,116299.13,116462.25,9514.13144,-0.0018212168289383,4009.51,4326.2,4006.63,4260.62,691932.1048,0.0626312507793989,179.95,3325504.387,0.0179318927480482,798.83,202384.753,0.0067170762444865,11,0.2802315829321742,0.8,,,,,,,,0.33,0.34,0.33,0.0141240616594647,0.0750055156291806,0.0018212168289383,0.0626312507793989
2025-08-10,116462.25,119311.11,116460.63,119294.01,14322.77073,0.0243148316299917,4260.63,4332.6,4153.07,4250.57,494843.8105,-0.0023588116283546,182.66,4197287.287,0.0150597388163378,807.22,162735.303,0.0105028604333838,11,0.2802315829321742,0.8,,,,,,,,0.33,0.34,0.33,0.0238945777746929,0.0422366882559281,0.0243148316299917,0.0023588116283546
2025-08-11,119294.27,122335.16,118050.11,118686.0,26494.33429,-0.0050967353683558,4250.58,4366.46,4166.77,4223.22,722664.04,-0.0064344311468813,174.84,3960743.531,-0.0428117814518778,805.09,316220.572,-0.0026386858601125,11,0.2802315829321742,0.8,,,,,,,,0.33,0.34,0.33,0.0361040897831252,0.0472838260853092,0.0050967353683558,0.0064344311468813
2025-08-12,118686.0,120324.43,118207.47,120134.08,16720.10893,0.0122009335557691,4223.22,4639.7,4219.04,4590.52,885288.0652,0.0869715525120642,191.78,5074348.157,0.0968885838480897,832.47,268762.259,0.0340086201542684,11,0.2802315829321742,0.8,,,,,,,,0.33,0.34,0.33,0.0176216440830111,0.0916366773263159,0.0122009335557691,0.0869715525120642
2025-08-13,120134.09,123667.79,118920.92,123306.43,23210.07102,0.0264067448637388,4590.52,4783.85,4564.33,4749.3,925931.4988,0.0345886740499985,201.51,7148726.279,0.0507352174366459,848.01,395861.313,0.0186673393635805,11,0.2802315829321742,0.8,,,,,,,,0.33,0.34,0.33,0.0384965325814719,0.0462215484387173,0.0264067448637388,0.0345886740499985
2025-08-14,123306.44,124474.0,117180.0,118295.09,27980.947586,-0.0406413517932519,4749.31,4788.0,4451.33,4546.84,1265449.0453,-0.0426294401280188,192.47,8965607.314,-0.044861297206094,840.42,592656.9793,-0.0089503661513425,11,0.2802315829321742,0.8,,,,,,,,0.33,0.34,0.33,0.0616593638839955,0.0740448311354699,0.0406413517932519,0.0426294401280188
2025-08-15,118295.09,119216.82,116803.99,117342.05,13623.33874,-0.0080564628675627,4546.84,4672.67,4368.0,4439.47,880409.2591,-0.0236142023911111,185.72,4360287.396,-0.0350704005819089,827.81,252091.108,-0.0150044025606245,11,0.2802315829321742,0.8,,,,,,,,0.33,0.34,0.33,0.0205623644720711,0.0686275613980948,0.0080564628675627,0.0236142023911111
2025-08-16,117342.04,117898.99,117143.98,117380.66,6393.68117,0.0003290380558376,4439.47,4490.42,4372.54,4421.99,358676.5884,-0.0039374069427207,189.6,2099818.448,0.02089166487185,838.71,114512.1,0.0131672726833453,11,0.2802315829321742,0.8,,,,,,,,0.33,0.34,0.33,0.0064321498959028,0.0266576812701973,0.0003290380558376,0.0039374069427207
2025-08-17,117380.66,118575.0,117172.21,117405.01,5898.64192,0.0002074447357851,4422.0,4576.0,4393.98,4472.33,442461.3829,0.0113840148892241,190.99,2261555.556,0.0073312236286919,855.38,164953.856,0.0198757615862454,11,0.2802315829321742,0.8,,,,,,,,0.33,0.34,0.33,0.0119482976067204,0.0406991433995256,0.0002074447357851,0.0113840148892241
2025-08-18,117405.01,117543.75,114640.14,116227.05,17745.93954,-0.0100333026674074,4472.34,4481.88,4225.86,4312.99,823188.1269,-0.0356279612640391,182.94,3374074.697,-0.0421488036022829,846.99,233741.603,-0.0098085061610044,11,0.2802315829321742,0.8,,,,,,,,0.33,0.34,0.33,0.0249822222967889,0.0593602118252072,0.0100333026674074,0.0356279612640391
2025-08-19,116227.05,116725.69,112732.58,112872.94,18065.47424,-0.0288582563181289,4312.99,4355.0,4067.34,4075.59,831222.7951,-0.0550430211987507,176.22,3260089.959,-0.0367333551984256,824.11,211802.026,-0.0270133059422189,11,0.2802315829321742,0.8,,,,,,,,0.33,0.34,0.33,0.0353770354524299,0.0705811919255861,0.0288582563181289,0.0550430211987507
2025-08-20,112872.95,114615.38,112380.0,114271.24,15636.34194,0.0123882659563931,4075.58,4378.0,4060.0,4336.16,728324.8933,0.0639343015367099,187.94,3464957.674,0.0665077743729429,869.05,392159.8615,0.0545315552535461,11,0.2802315829321742,0.8,,,,,,,,0.33,0.34,0.33,0.0195620525339534,0.0733367772406922,0.0123882659563931,0.0639343015367099
2025-08-21,114271.23,114821.76,112015.67,112500.0,10839.69235,-0.015500313114656,4336.16,4340.26,4204.2,4225.3,433836.3992,-0.0255663997638462,180.29,2914511.603,-0.0407044801532404,839.49,277889.676,-0.034014153385881,11,0.2802315829321742,0.8,,,,,,,,0.33,0.34,0.33,0.0249430222222221,0.0322012638155871,0.015500313114656,0.0255663997638462
2025-08-22,112500.0,117429.05,111684.79,116935.99,23128.09037,0.0394310222222222,4225.3,4887.59,4207.39,4832.07,1277976.63526,0.143604004449388,200.69,6594118.389,0.1131510344445061,900.21,430842.5317,0.0723296287031411,11,0.2802315829321742,0.8,,,,,,,,0.33,0.34,0.33,0.049123114278162,0.1407678282806333,0.0394310222222222,0.143604004449388
2025-08-23,116936.0,117030.0,114560.0,115438.05,11329.36197,-0.0128099142103299,4832.07,4832.07,4659.7,4778.4,512442.0888,-0.0111070410817724,204.14,4788640.759,0.0171906921122129,880.42,209279.872,-0.0219837593450418,11,0.2802315829321742,0.8,,,,,,,,0.33,0.34,0.33,0.0213967578281164,0.0360727440147329,0.0128099142103299,0.0111070410817724
2025-08-24,115438.06,115666.68,110680.0,113493.59,21175.98462,-0.0168441861240726,4778.4,4956.78,4711.0,4780.15,780668.77842,0.0003662313745187,205.98,7165649.238,0.0090134221612618,876.51,289492.317,-0.0044410622203039,11,0.2802315829321742,0.8,,,,,,,,0.33,0.34,0.33,0.0439379880396768,0.0514167965440414,0.0168441861240726,0.0003662313745187
2025-08-25,113493.59,113667.28,109274.1,110111.98,25182.79379,-0.0297956034345199,4780.15,4797.97,4334.13,4376.18,1043917.1659,-0.0845099003169355,187.2,7953100.753,-0.0911739003786775,839.32,320570.155,-0.042429635714367,11,0.2802315829321742,0.8,,,,,,,,0.33,0.34,0.33,0.0398973844626169,0.1059919838763488,0.0297956034345199,0.0845099003169355
2025-08-26,110111.98,112371.0,108666.66,111763.22,18452.43877,0.0149960067923582,4376.17,4633.46,4311.04,4600.63,834750.2767,0.0512890237604486,195.86,4734419.522,0.0462606837606838,863.7,194882.089,0.0290473240242101,11,0.2802315829321742,0.8,,,,,,,,0.33,0.34,0.33,0.0331445353847177,0.0700817062011072,0.0149960067923582,0.0512890237604486
2025-08-27,111763.22,112625.0,110345.42,111262.01,13392.60875,-0.0044845701474958,4600.63,4663.93,4481.53,4506.71,606669.3611,-0.0204145953923702,202.95,7835140.154,0.0361993260492186,855.18,135243.457,-0.0098645362973255,11,0.2802315829321742,0.8,,,,,,,,0.33,0.34,0.33,0.0204883949157488,0.0404729836177611,0.0044845701474958,0.0204145953923702
2025-08-28,111262.01,113485.9,110862.42,112566.9,11104.27744,0.011728082208833,4506.71,4633.97,4430.0,4511.21,485243.4027,0.0009985111089907,214.43,7247306.546,0.0565656565656567,873.47,232414.922,0.0213873102738606,11,0.2802315829321742,0.8,,,,,,,,0.33,0.34,0.33,0.0233059629429254,0.0452140334854729,0.011728082208833,0.0009985111089907
2025-08-29,112566.9,112638.64,107463.9,108377.4,22580.31045,-0.0372178677746299,4511.2,4516.75,4265.0,4360.18,679063.8777,-0.0334788227548705,205.08,8607486.597,-0.043603973324628,862.3,180524.219,-0.0127880751485455,11,0.2802315829321742,0.8,,,,,,,,0.33,0.34,0.33,0.0477474085925664,0.0577384419909269,0.0372178677746299,0.0334788227548705
2025-08-30,108377.4,108926.15,107350.1,108816.33,10708.39159,0.0040500141173345,4360.18,4415.61,4257.2,4373.7,340319.1826,0.0031007894169505,202.7,3894576.115,-0.0116052272283987,862.0,101039.981,-0.0003479067609879,11,0.2802315829321742,0.8,,,,,,,,0.33,0.34,0.33,0.0144835798082878,0.0362187621464663,0.0040500141173345,0.0031007894169505
2025-08-31,108816.33,109480.02,108076.93,108246.35,9489.51596,-0.0052380005831844,4373.7,4498.47,4372.63,4391.83,356586.1861,0.0041452317259986,200.62,3303223.948,-0.0102614701529353,857.65,94241.193,-0.005046403712297,11,0.2802315829321742,0.8,,,,,,,,0.33,0.34,0.33,0.012962007494941,0.0286532037897642,0.0052380005831844,0.0041452317259986
2025-09-01,108246.36,109912.4,107255.0,109237.42,16053.60219,0.0091556897761448,4391.83,4491.84,4210.61,4314.5,513830.0395,-0.0176076942868917,197.32,4464767.773,-0.0164490080749676,845.68,254185.715,-0.0139567422608289,11,0.2802315829321742,0.8,,,,,,,,0.33,0.34,0.33,0.0243268286636575,0.0651825240468189,0.0091556897761448,0.0176076942868917
2025-09-02,109237.43,111771.52,108393.39,111240.01,18510.28756,0.018332454208457,4314.5,4416.78,4257.85,4326.5,524605.0512,0.0027813188086684,209.65,4894637.549,0.0624873302250152,851.8,164333.169,0.0072367798694541,11,0.2802315829321742,0.8,,,,,,,,0.33,0.34,0.33,0.0303679404559564,0.0367340806656649,0.018332454208457,0.0027813188086684
2025-09-03,111240.01,112575.27,110528.71,111705.71,11773.72084,0.0041864433489353,4326.49,4490.64,4283.23,4450.46,487091.6861,0.0286513347971801,210.77,4063191.683,0.0053422370617697,854.76,116453.022,0.0034749941300775,11,0.2802315829321742,0.8,,,,,,,,0.33,0.34,0.33,0.0183209971988002,0.0466041712542076,0.0041864433489353,0.0286513347971801
2025-09-04,111705.72,112180.0,109329.12,110730.87,12203.13536,-0.0087268591730897,4450.46,4482.05,4265.33,4297.55,471795.7096,-0.0343582461138848,202.32,2726779.277,-0.0400910945580491,843.63,108195.902,-0.0130211989330338,11,0.2802315829321742,0.8,,,,,,,,0.33,0.34,0.33,0.0257460272821843,0.0504287326499983,0.0087268591730897,0.0343582461138848
2025-09-05,110730.87,113384.62,110206.96,110659.99,21587.40888,-0.0006401105671796,4297.56,4490.0,4256.03,4307.45,624169.8754,0.0023036381193934,203.36,4121395.255,0.0051403716884144,850.14,120856.951,0.0077166530350982,11,0.2802315829321742,0.8,,,,,,,,0.33,0.34,0.33,0.0287155276265612,0.0543175196461944,0.0006401105671796,0.0023036381193934
2025-09-06,110660.0,111307.7,109977.0,110187.97,5000.29897,-0.0042654983070213,4307.46,4329.3,4236.0,4273.14,191166.0686,-0.0079652694749793,200.16,1481500.997,-0.0157356412273801,860.85,144234.054,0.0125979250476393,11,0.2802315829321742,0.8,,,,,,,,0.33,0.34,0.33,0.0120766359521824,0.0218340611353712,0.0042654983070213,0.0079652694749793
2025-09-07,110187.98,111600.0,110180.0,111137.34,5681.29944,0.0086159133342778,4273.15,4336.02,4270.81,4306.19,169620.8372,0.0077343592767846,206.35,2217510.763,0.0309252597921663,880.05,136538.058,0.0223035372016029,11,0.2802315829321742,0.8,,,,,,,,0.33,0.34,0.33,0.0127769838651887,0.0151433169460706,0.0086159133342778,0.0077343592767846
2025-09-08,111137.35,112924.37,110621.78,112065.23,11582.40211,0.0083490391258238,4306.19,4384.06,4279.0,4306.37,372882.4355,4.180029213762815e-05,214.11,5729678.935,0.0376060092076568,878.08,177574.781,-0.0022385091756149,11,0.2802315829321742,0.8,,,,,,,,0.33,0.34,0.33,0.0205468725669861,0.0243964174002699,0.0083490391258238,4.180029213762815e-05
2025-09-09,112065.23,113293.29,110766.66,111546.39,15379.28248,-0.0046298035528057,4306.36,4381.87,4276.76,4310.09,405485.7821,0.0008638365955551,217.21,4979304.713,0.014478539068703,880.01,150610.03,0.0021979774052478,11,0.2802315829321742,0.8,,,,,,,,0.33,0.34,0.33,0.0226509347366597,0.024386961757179,0.0046298035528057,0.0008638365955551
2025-09-10,111546.38,114313.13,110917.45,113960.0,17517.41823,0.0216377239998533,4310.08,4453.57,4285.1,4349.32,506633.9098,0.0091018981042159,224.07,4824185.212,0.0315823396712857,893.77,306830.178,0.0156361859524323,11,0.2802315829321742,0.8,,,,,,,,0.33,0.34,0.33,0.0297971217971218,0.0387347907259064,0.0216377239998533,0.0091018981042159
2025-09-11,113960.0,115488.09,113430.0,115482.69,13676.73119,0.013361618111618,4349.33,4481.09,4338.82,4458.82,441259.6649,0.0251763494063439,228.73,4352357.001,0.020797072343464,902.77,179913.182,0.01006970473388,11,0.2802315829321742,0.8,,,,,,,,0.33,0.34,0.33,0.0178216319692587,0.0319075450455502,0.013361618111618,0.0251763494063439
2025-09-12,115482.69,116665.63,114740.99,116029.42,15324.10719,0.004734302604139,4458.83,4748.4,4450.71,4712.16,510777.5402,0.0568177230747148,242.18,5891653.931,0.0588029554496569,924.8,240267.9372,0.0244026717768646,11,0.2802315829321742,0.8,,,,,,,,0.33,0.34,0.33,0.016587517200379,0.0631748497504328,0.004734302604139,0.0568177230747148
2025-09-13,116029.41,116298.78,115127.27,115918.29,8269.40394,-0.0009577743299932,4712.16,4769.36,4605.0,4666.53,394393.6869,-0.0096834572680044,242.38,3305661.265,0.0008258320257659,933.68,251751.2324,0.0096020761245674,11,0.2802315829321742,0.8,,,,,,,,0.33,0.34,0.33,0.0101063430110985,0.0352210314730645,0.0009577743299932,0.0096834572680044
2025-09-14,115918.29,116165.19,115135.0,115268.01,6707.60197,-0.0056098136023228,4666.54,4692.36,4576.89,4604.49,278244.3205,-0.013294675058341,239.76,4165171.128,-0.0108094727287729,926.51,159814.975,-0.0076792905492245,11,0.2802315829321742,0.8,,,,,,,,0.33,0.34,0.33,0.0089373452356816,0.0250776959011745,0.0056098136023228,0.013294675058341
2025-09-15,115268.01,116757.99,114384.0,115349.71,13212.51149,0.0007087829485388,4604.48,4670.28,4466.0,4523.74,412291.9687,-0.0175372299646648,234.31,4733589.619,-0.0227310643977309,919.68,175249.087,-0.0073717499001629,11,0.2802315829321742,0.8,,,,,,,,0.33,0.34,0.33,0.0205808059682161,0.0451573255757403,0.0007087829485388,0.0175372299646648
2025-09-16,115349.71,116964.27,114737.11,116788.96,10926.9094,0.0124772745419126,4523.74,4538.25,4424.0,4501.29,293307.1099,-0.004962707847931,236.96,3181627.06,0.0113098032521019,955.65,284918.8385,0.0391114300626305,11,0.2802315829321742,0.8,,,,,,,,0.33,0.34,0.33,0.019069953187356,0.0253816128265452,0.0124772745419126,0.004962707847931
2025-09-17,116788.96,117286.73,114720.81,116447.59,16754.2454,-0.0029229646363835,4501.3,4616.77,4412.0,4590.53,476981.4561,0.0198254278218021,244.84,4771529.493,0.0332545577312626,989.98,362193.1958,0.0359231936378381,11,0.2802315829321742,0.8,,,,,,,,0.33,0.34,0.33,0.022034977280337,0.0446070497306412,0.0029229646363835,0.0198254278218021
2025-09-18,116447.6,117900.0,116092.76,117073.53,11657.23365,0.0053752937265596,4590.54,4644.47,4553.7,4587.66,290660.377,-0.0006252001402887,247.5,3916890.908,0.010864237869629,981.04,402672.5617,-0.0090304854643529,11,0.2802315829321742,0.8,,,,,,,,0.33,0.34,0.33,0.0154367942950042,0.019785685948828,0.0053752937265596,0.0006252001402887
2025-09-19,117073.53,117459.99,115100.0,115632.38,8992.09065,-0.0123097851410134,4587.66,4620.72,4435.7,4468.59,331611.1482,-0.0259544081296346,238.53,3384985.698,-0.0362424242424241,984.1,333582.761,0.0031191388730327,11,0.2802315829321742,0.8,,,,,,,,0.33,0.34,0.33,0.020409421651617,0.0414045593800282,0.0123097851410134,0.0259544081296346
2025-09-20,115632.39,116121.81,115408.47,115685.63,4674.92752,0.0004605111474831,4468.59,4508.71,4454.45,4480.42,130781.913,0.0026473675141376,239.48,1550489.215,0.0039827275395127,1043.77,380966.0766,0.0606340819022457,11,0.2802315829321742,0.8,,,,,,,,0.33,0.34,0.33,0.0061661936750484,0.0121104717861272,0.0004605111474831,0.0026473675141376
2025-09-21,115685.63,115819.06,115188.0,115232.29,4511.52219,-0.0039187235268547,4480.41,4498.16,4443.0,4444.97,149349.8262,-0.0079122046593845,236.16,1392437.976,-0.0138633706363787,1047.8,464411.2823,0.0038610038610038,11,0.2802315829321742,0.8,,,,,,,,0.33,0.34,0.33,0.0054764163760001,0.0124095325727732,0.0039187235268547,0.0079122046593845
2025-09-22,115232.29,115379.25,111800.0,112650.99,20781.71356,-0.022400839209218,4444.98,4455.76,4077.0,4199.08,708243.2348,-0.0553187085627124,220.38,5836593.703,-0.0668191056910568,992.9,588730.396,-0.052395495323535,11,0.2802315829321742,0.8,,,,,,,,0.33,0.34,0.33,0.0317729120711677,0.0902007106318527,0.022400839209218,0.0553187085627124
2025-09-23,112650.99,113290.5,111458.73,111998.8,12301.3203,-0.0057894741981406,4199.09,4229.03,4114.39,4164.26,315227.9057,-0.008292292597426,213.3,3448908.468,-0.0321263272529267,1015.98,420071.07,0.0232450397824555,11,0.2802315829321742,0.8,,,,,,,,0.33,0.34,0.33,0.0163552645206913,0.0275295010398004,0.0057894741981406,0.008292292597426
2025-09-24,111998.8,113940.0,111042.66,113307.0,12369.25967,0.0116804822908815,4164.25,4206.9,4073.74,4152.81,353665.5671,-0.0027495881621224,211.6,4427457.526,-0.0079699953117675,1018.49,363049.882,0.0024705210732494,11,0.2802315829321742,0.8,,,,,,,,0.33,0.34,0.33,0.0255707061346606,0.0320650354819989,0.0116804822908815,0.0027495881621224
2025-09-25,113307.01,113510.23,108631.51,108994.49,21231.14957,-0.0380604022699391,4152.81,4161.04,3815.0,3874.36,930327.6951,-0.067050984754901,192.74,6761257.291,-0.0891304347826086,945.9,635121.254,-0.0712721774391501,11,0.2802315829321742,0.8,,,,,,,,0.33,0.34,0.33,0.0447611617798294,0.0893153966074396,0.0380604022699391,0.067050984754901
2025-09-26,108994.49,110300.0,108620.07,109643.46,14243.01591,0.0059541541962351,3874.35,4068.3,3867.65,4032.24,575711.0859,0.0407499561217852,205.17,5623202.874,0.0644910241776486,960.8,384757.514,0.0157521936779785,11,0.2802315829321742,0.8,,,,,,,,0.33,0.34,0.33,0.0153217528888635,0.0497614229311747,0.0059541541962351,0.0407499561217852
2025-09-27,109643.46,109743.91,109064.4,109635.85,5501.78643,-6.940678449951498e-05,4032.24,4039.01,3972.98,4018.38,172693.2638,-0.0034372953990833,203.46,2104933.415,-0.0083345518350634,968.45,245246.415,0.0079621149042465,11,0.2802315829321742,0.8,,,,,,,,0.33,0.34,0.33,0.0061978814411527,0.0164319949830529,6.940678449951498e-05,0.0034372953990833
2025-09-28,109635.85,112350.0,109189.99,112163.95,7542.3316,0.0230590632534886,4018.39,4144.88,3966.0,4142.16,240331.8589,0.0308034581099845,210.83,2194260.074,0.0362233362823158,993.01,188486.48,0.0253601115184056,11,0.2802315829321742,0.8,,,,,,,,0.33,0.34,0.33,0.0281731340595618,0.0431851980609151,0.0230590632534886,0.0308034581099845
2025-09-29,112163.96,114400.0,111560.65,114311.96,15541.12005,0.0191506272737365,4142.16,4235.86,4082.25,4215.07,380728.6784,0.0176019274967649,212.75,3213098.851,0.009106863349618,1029.79,291982.5,0.0370389019244519,11,0.2802315829321742,0.8,,,,,,,,0.33,0.34,0.33,0.0248386083136008,0.0364430483954002,0.0191506272737365,0.0176019274967649
2025-09-30,114311.97,114792.0,112656.27,114048.93,15044.15633,-0.0023009840790063,4215.07,4245.0,4092.1,4145.15,391126.6172,-0.0165880993672703,208.68,3264781.485,-0.0191304347826086,1008.51,258830.971,-0.020664407306344,11,0.2802315829321742,0.8,,,,,,,,0.33,0.34,0.33,0.0187264361007156,0.0368864817919737,0.0023009840790063,0.0165880993672703
2025-10-01,114048.94,118649.1,113966.67,118594.99,20036.39516,0.039860610704546,4145.15,4355.46,4123.08,4348.03,507026.3822,0.0489439465399321,222.04,4050260.921,0.0640214682767874,1026.5,269007.811,0.0178381969440064,11,0.2802315829321742,0.8,,,,,,,,0.33,0.34,0.33,0.0394825278875609,0.0534448934344979,0.039860610704546,0.0489439465399321
2025-10-02,118594.99,121022.07,118279.31,120529.35,19670.83503,0.0163106384173563,4348.03,4516.74,4332.73,4484.35,526411.1571,0.0313521295851226,234.74,4590696.388,0.0571969014591966,1090.22,380679.445,0.0620750121773014,11,0.2802315829321742,0.8,,,,,,,,0.33,0.34,0.33,0.0227559511438501,0.041033817610133,0.0163106384173563,0.0313521295851226
2025-10-03,120529.35,123894.99,119248.3,122232.0,23936.328,0.0141264347646443,4484.35,4591.59,4428.0,4512.87,485684.0267,0.0063598960830442,232.84,4216611.614,-0.0080940615148675,1189.4,744996.7206,0.0909724642732661,11,0.2802315829321742,0.8,,,,,,,,0.33,0.34,0.33,0.0380153315007526,0.0362496593077133,0.0141264347646443,0.0063598960830442
2025-10-04,122232.21,122800.0,121510.0,122391.0,8208.16678,0.0013008050265068,4512.88,4517.93,4440.0,4487.15,199732.7088,-0.0056992556842985,227.86,1841410.605,-0.0213880776498882,1150.75,337438.509,-0.0324953758197411,11,0.2802315829321742,0.8,,,,,,,,0.33,0.34,0.33,0.0105399906855896,0.0173673712712969,0.0013008050265068,0.0056992556842985
2025-10-05,122390.99,125708.42,122136.0,123482.31,22043.097553,0.0089165870039462,4487.16,4618.17,4467.05,4514.32,506587.9614,0.0060550683618778,228.56,3099633.526,0.0030720617923285,1167.38,306730.178,0.0144514447099719,11,0.2802315829321742,0.8,,,,,,,,0.33,0.34,0.33,0.0289306217222531,0.0334756951213028,0.0089165870039462,0.0060550683618778
2025-10-06,123482.32,126199.63,123084.0,124658.54,19494.628793,0.0095254939756148,4514.32,4735.93,4488.25,4684.01,456200.6528,0.0375892714738876,232.35,2981928.375,0.0165820791039552,1223.19,587477.5601,0.0478079117339682,11,0.2802315829321742,0.8,,,,,,,,0.33,0.34,0.33,0.0249933137352643,0.0528777692618077,0.0095254939756148,0.0375892714738876
2025-10-07,124658.54,125126.0,120574.94,121332.95,21633.99385,-0.0266775946517583,4684.02,4755.0,4430.43,4447.7,640685.9319,-0.05045036197617,219.97,4401045.757,-0.0532816871099633,1304.43,1351678.4887,0.0664165011159345,11,0.2802315829321742,0.8,,,,,,,,0.33,0.34,0.33,0.0375088547669862,0.0729747959619578,0.0266775946517583,0.05045036197617
2025-10-08,121332.96,124197.25,121066.14,123306.0,17012.618,0.0162614524743691,4447.7,4558.0,4410.08,4525.72,399904.3287,0.0175416507408323,229.02,3103760.645,0.0411419739055325,1307.4,826555.123,0.0022768565580368,11,0.2802315829321742,0.8,,,,,,,,0.33,0.34,0.33,0.0253930060175498,0.0326843021662851,0.0162614524743691,0.0175416507408323
2025-10-09,123306.01,123762.94,119651.47,121662.4,21559.36007,-0.0133294405787228,4525.72,4531.52,4265.06,4368.09,515978.1829,-0.0348298171340692,220.93,3272953.431,-0.0353244258143393,1255.35,925627.604,-0.0398118402937128,11,0.2802315829321742,0.8,,,,,,,,0.33,0.34,0.33,0.0337940892173753,0.0610014903539075,0.0133294405787228,0.0348298171340692
2025-10-10,121662.41,122550.0,102000.0,112774.5,64171.93927,-0.0730537947632136,4368.09,4393.63,3435.0,3829.72,1493971.0244,-0.1232506656227322,188.43,9622835.429,-0.1471054180057032,1102.47,1505025.673,-0.1217827697454891,11,0.2802315829321742,0.8,,,,,,,,0.33,0.34,0.33,0.1822220448771663,0.2503133388341707,0.0730537947632136,0.1232506656227322
2025-10-11,112774.49,113322.39,109561.59,110644.4,35448.51652,-0.0188881351724016,3829.72,3878.3,3643.33,3746.79,789885.6582,-0.0216543245981428,177.62,7292387.248,-0.0573687841638804,1135.07,1050905.245,0.0295699656226473,11,0.2802315829321742,0.8,,,,,,,,0.33,0.34,0.33,0.0339899714761886,0.0627123484369287,0.0188881351724016,0.0216543245981428
2025-10-12,110644.4,115770.0,109565.06,114958.8,32255.30272,0.0389933878262254,3746.8,4197.7,3694.74,4152.29,811308.152,0.1082259747677345,197.0,6486999.721,0.1091093345343992,1302.65,1205248.016,0.1476384716361107,11,0.2802315829321742,0.8,,,,,,,,0.33,0.34,0.33,0.0539753372512587,0.121128341228575,0.0389933878262254,0.1082259747677345
2025-10-13,114958.81,115963.81,113616.5,115166.0,22557.24033,0.0018023848543999,4152.29,4292.0,4042.29,4240.85,622813.9247,0.0213279900970309,208.69,6253161.511,0.0593401015228425,1294.55,1483076.9719,-0.006218093885541,11,0.2802315829321742,0.8,,,,,,,,0.33,0.34,0.33,0.0203819703732004,0.0588820637372225,0.0018023848543999,0.0213279900970309
2025-10-14,115166.0,115409.96,109866.0,113028.14,31870.32974,-0.0185632912491533,4240.86,4263.38,3888.74,4125.02,962996.7658,-0.02731292075881,202.44,7349167.875,-0.029948727778044,1208.52,1398659.782,-0.0664555250859372,11,0.2802315829321742,0.8,,,,,,,,0.33,0.34,0.33,0.0490493783229557,0.0908213778357439,0.0185632912491533,0.02731292075881
2025-10-15,113028.13,113612.35,110164.0,110763.28,22986.48811,-0.0200380188508808,4125.01,4217.6,3926.74,3985.61,626081.6966,-0.0337961997760011,193.84,5369155.439,-0.0424817229796482,1162.57,707327.747,-0.0380217125078609,11,0.2802315829321742,0.8,,,,,,,,0.33,0.34,0.33,0.0311326100129935,0.072977536688236,0.0200380188508808,0.0337961997760011
2025-10-16,110763.28,111982.45,107427.0,108194.28,29857.17252,-0.0231936071232271,3985.61,4086.49,3826.04,3894.51,643804.6163,-0.022857228880899,184.85,5404640.663,-0.0463784564589352,1144.83,716826.497,-0.0152592962144214,11,0.2802315829321742,0.8,,,,,,,,0.33,0.34,0.33,0.042104351542429,0.0668761923836374,0.0231936071232271,0.022857228880899
2025-10-17,108194.27,109240.0,103528.23,106431.68,37920.66838,-0.0162910645553536,3894.5,3950.45,3674.5,3831.57,830127.0885,-0.0161612115516457,181.96,6102908.877,-0.0156342980795238,1071.15,1066221.771,-0.0643589004481013,11,0.2802315829321742,0.8,,,,,,,,0.33,0.34,0.33,0.0536660701024357,0.0720200857611892,0.0162910645553536,0.0161612115516457
2025-10-18,106431.68,107499.0,106322.2,107185.01,11123.18766,0.007078061719969,3831.58,3927.73,3819.07,3889.21,250710.6121,0.0150434417223226,187.56,2105841.095,0.030775994724115,1092.43,419996.517,0.0198664986229752,11,0.2802315829321742,0.8,,,,,,,,0.33,0.34,0.33,0.0109791471773898,0.0279388359075493,0.007078061719969,0.0150434417223226
2025-10-19,107185.0,109450.07,106103.36,108642.78,15480.66423,0.0136005025329568,3889.2,4030.94,3827.04,3982.58,408538.2545,0.0240074462422958,187.86,2483964.6,0.0015994881637877,1109.88,409987.572,0.0159735635235209,11,0.2802315829321742,0.8,,,,,,,,0.33,0.34,0.33,0.0308047161532501,0.0511979671469248,0.0136005025329568,0.0240074462422958
2025-10-20,108642.77,111705.56,107402.52,110532.09,19193.4416,0.0173901109673371,3982.58,4085.3,3908.73,3979.22,511382.3301,-0.000843674201146,189.71,3178001.499,0.0098477589694452,1100.19,481311.055,-0.0087306735863337,11,0.2802315829321742,0.8,,,,,,,,0.33,0.34,0.33,0.0389302328400738,0.0443730178276145,0.0173901109673371,0.000843674201146
2025-10-21,110532.09,114000.0,107473.72,108297.67,37228.01659,-0.0202151248565009,3979.22,4110.0,3840.24,3873.05,590594.1382,-0.0266811083579192,185.63,4651082.621,-0.0215065099362185,1057.16,541524.501,-0.0391114262082004,11,0.2802315829321742,0.8,,,,,,,,0.33,0.34,0.33,0.0602624230050378,0.0696505338170176,0.0202151248565009,0.0266811083579192
2025-10-22,108297.66,109163.88,106666.69,107567.44,28610.78451,-0.0067428043465754,3873.04,3889.27,3710.0,3805.53,593130.0905,-0.0174332890099534,180.12,3977004.715,-0.029682702149437,1071.82,397249.062,0.0138673426917399,11,0.2802315829321742,0.8,,,,,,,,0.33,0.34,0.33,0.0232151104460606,0.0471077615995669,0.0067428043465754,0.0174332890099534
2025-10-23,107567.45,111293.61,107500.0,110078.18,17573.09294,0.0233410779321325,3805.53,3934.86,3796.54,3856.8,477231.0181,0.0134724992313817,191.35,3501959.115,0.062347324006218,1126.72,774946.718,0.0512212871564257,11,0.2802315829321742,0.8,,,,,,,,0.33,0.34,0.33,0.0344628699348045,0.0358639286455092,0.0233410779321325,0.0134724992313817
2025-10-24,110078.19,112104.98,109700.01,111004.89,15005.16913,0.0084186529973515,3856.8,4026.39,3845.86,3934.88,425926.9383,0.0202447624974071,193.59,3356762.626,0.011706297360857,1109.01,342712.642,-0.0157181908548708,11,0.2802315829321742,0.8,,,,,,,,0.33,0.34,0.33,0.0216654419458458,0.0458794169072499,0.0084186529973515,0.0202447624974071
2025-10-25,111004.9,111943.19,110672.86,111646.27,6407.96864,0.005777943656356,3934.88,3969.22,3912.4,3953.82,138526.3338,0.0048133615256373,193.84,1626838.938,0.0012913890180277,1116.53,162716.583,0.0067808225354144,11,0.2802315829321742,0.8,,,,,,,,0.33,0.34,0.33,0.0113781678510173,0.014370912181131,0.005777943656356,0.0048133615256373
2025-10-26,111646.27,115466.8,111260.45,114559.4,13454.47737,0.0260924973131657,3953.81,4178.78,3919.03,4158.46,344698.0918,0.0517575408086357,200.03,2577750.13,0.0319335534461411,1138.19,240939.545,0.0193993891789743,11,0.2802315829321742,0.8,,,,,,,,0.33,0.34,0.33,0.0367176329484966,0.0624630271783303,0.0260924973131657,0.0517575408086357
2025-10-27,114559.41,116400.0,113830.01,114107.65,21450.23241,-0.0039433691168074,4158.46,4253.72,4095.0,4120.15,487131.2291,-0.0092125450286886,198.7,3515609.387,-0.0066490026496026,1138.88,494467.695,0.0006062256740966,11,0.2802315829321742,0.8,,,,,,,,0.33,0.34,0.33,0.0225225039688399,0.0385228693130105,0.0039433691168074,0.0092125450286886
2025-10-28,114107.65,116086.0,112211.0,112898.45,15523.42257,-0.0105970108051475,4120.16,4175.55,3931.33,3979.2,472965.8377,-0.0342099195417642,194.15,4329169.961,-0.0228988424760945,1103.45,351579.17,-0.0311095110986232,11,0.2802315829321742,0.8,,,,,,,,0.33,0.34,0.33,0.0343228804292707,0.0613741455568959,0.0105970108051475,0.0342099195417642
2025-10-29,112898.44,113643.73,109200.0,110021.29,21079.71376,-0.0254844951370014,3979.19,4036.66,3840.37,3902.99,486452.3127,-0.0191520908725372,193.88,4620887.829,-0.0013906773113572,1107.7,459713.496,0.003851556481943,11,0.2802315829321742,0.8,,,,,,,,0.33,0.34,0.33,0.0403897282062407,0.0502922118683368,0.0254844951370014,0.0191520908725372
2025-10-30,110021.3,111592.0,106304.34,108322.88,25988.82838,-0.0154371031279489,3903.0,3948.74,3680.0,3805.09,531455.9923,-0.0250833335468447,184.69,5054538.263,-0.0474004538890034,1079.05,508291.657,-0.0258644037194186,11,0.2802315829321742,0.8,,,,,,,,0.33,0.34,0.33,0.0488138793946394,0.0706264503599125,0.0154371031279489,0.0250833335468447
2025-10-31,108322.87,111190.0,108275.28,109608.01,21518.20439,0.0118638832350099,3804.95,3906.09,3796.36,3847.99,478636.2995,0.0112743719596644,187.21,3193393.84,0.0136444853538362,1088.9,537669.646,0.0091283999814653,11,0.2802315829321742,0.8,,,,,,,,0.33,0.34,0.33,0.0265922171198984,0.0285161863726257,0.0118638832350099,0.0112743719596644
2025-11-01,109608.01,110564.49,109394.81,110098.1,7378.50431,0.00447129730756,3848.0,3909.39,3831.0,3873.77,152998.1626,0.0066996016101914,186.35,1484505.22,-0.0045937717002297,1094.53,163493.548,0.0051703554045365,11,0.2802315829321742,0.8,,,,,,,,0.33,0.34,0.33,0.010623979887028,0.0202361007493991,0.00447129730756,0.0066996016101914
2025-11-02,110098.1,111250.01,109471.34,110540.68,12107.00087,0.0040198695526987,3873.78,3918.23,3839.12,3906.58,216083.1542,0.0084697852479624,187.71,1761297.557,0.0072980949825598,1083.25,132402.548,-0.0103057933542251,11,0.2802315829321742,0.8,,,,,,,,0.33,0.34,0.33,0.016090637401543,0.020250449242048,0.0040198695526987,0.0084697852479624
2025-11-03,110540.69,110750.0,105306.56,106583.04,28681.18779,-0.0358025660779361,3906.58,3914.29,3558.82,3603.83,877187.3852,-0.0774974530151693,166.06,7327613.063,-0.1153374886793457,993.54,685198.885,-0.0828156012000923,11,0.2802315829321742,0.8,,,,,,,,0.33,0.34,0.33,0.0510722906758899,0.098636728147554,0.0358025660779361,0.0774974530151693
2025-11-04,106583.05,107299.0,98944.36,101497.22,50534.87376,-0.0477169726065234,3603.84,3654.54,3057.0,3287.05,1568004.2379,-0.0879009276242219,155.03,8288577.565,-0.0664217752619534,936.77,985275.518,-0.0571391187068461,11,0.2802315829321742,0.8,,,,,,,,0.33,0.34,0.33,0.0823139786488733,0.1817860999984788,0.0477169726065234,0.0879009276242219
2025-11-05,101497.23,104534.74,98966.8,103885.16,33778.77571,0.023527146851904,3287.05,3480.46,3166.66,3424.29,809591.5132,0.0417517226692627,162.37,4650531.688,0.0473456750306393,959.33,526144.027,0.0240827524365641,11,0.2802315829321742,0.8,,,,,,,,0.33,0.34,0.33,0.0535970681471733,0.0916394347441368,0.023527146851904,0.0417517226692627
2025-11-06,103885.16,104200.0,100300.95,101346.04,25814.62139,-0.024441604556416,3424.29,3456.46,3245.45,3315.14,566363.7003,-0.0318752208487015,155.28,3576753.327,-0.0436657017922029,950.4,312622.425,-0.0093085799464209,11,0.2802315829321742,0.8,,,,,,,,0.33,0.34,0.33,0.0384726428383388,0.0636504039045108,0.024441604556416,0.0318752208487015
2025-11-07,101346.04,104096.36,99260.86,103339.08,32059.50942,0.0196656919204738,3315.14,3473.0,3194.2,3436.05,683417.3854,0.036472064528195,161.79,4213077.972,0.0419242658423493,991.15,452713.504,0.0428766835016836,11,0.2802315829321742,0.8,,,,,,,,0.33,0.34,0.33,0.0467925590202661,0.0811396807380568,0.0196656919204738,0.036472064528195
2025-11-08,103339.09,103406.22,101454.0,102312.94,12390.77985,-0.0099298348698285,3436.04,3488.0,3355.58,3401.51,291532.2881,-0.0100522402176917,158.02,2502927.24,-0.0233018109895541,991.03,301705.689,-0.0001210714826211,11,0.2802315829321742,0.8,,,,,,,,0.33,0.34,0.33,0.0190808709045014,0.0389297694259314,0.0099298348698285,0.0100522402176917
2025-11-09,102312.95,105495.62,101400.0,104722.96,16338.97096,0.0235553782346593,3401.51,3623.25,3358.66,3583.46,464098.052,0.053490949607674,164.53,3231789.575,0.0411973167953423,996.63,256660.748,0.0056506866593342,11,0.2802315829321742,0.8,,,,,,,,0.33,0.34,0.33,0.0391090931730729,0.0738364597344466,0.0235553782346593,0.053490949607674
2025-11-10,104722.95,106670.11,104265.02,106011.13,22682.25673,0.0123007409263451,3583.46,3658.98,3507.3,3567.85,595273.0298,-0.0043561250858109,167.31,3628961.126,0.0168966145991613,991.98,281128.796,-0.004665723488155,11,0.2802315829321742,0.8,,,,,,,,0.33,0.34,0.33,0.0226871461515408,0.04251299802402,0.0123007409263451,0.0043561250858109
2025-11-11,106011.13,107500.0,102476.09,103058.99,24196.50718,-0.0278474533758861,3567.85,3648.27,3405.24,3417.76,660283.2747,-0.0420673514861891,154.63,4702104.213,-0.075787460402845,958.08,283951.869,-0.0341740760902437,11,0.2802315829321742,0.8,,,,,,,,0.33,0.34,0.33,0.0487479064174799,0.0711079771546276,0.0278474533758861,0.0420673514861891
2025-11-12,103059.0,105333.33,100813.59,101654.37,20457.63906,-0.0136292816376331,3417.76,3588.19,3371.65,3414.92,553101.9368,-0.0008309536070408,153.42,4139205.467,-0.0078251309577702,952.86,216987.116,-0.0054483967935872,11,0.2802315829321742,0.8,,,,,,,,0.33,0.34,0.33,0.0444618367119879,0.063409977393321,0.0136292816376331,0.0008309536070408
2025-11-13,101654.37,104085.01,98000.4,99692.02,36198.50771,-0.0193041381300183,3414.91,3565.84,3154.22,3231.54,951989.1347,-0.0536996474295151,144.73,5418189.697,-0.0566418980576195,927.15,334345.078,-0.0269819280901706,11,0.2802315829321742,0.8,,,,,,,,0.33,0.34,0.33,0.061034072737216,0.1273758022490826,0.0193041381300183,0.0536996474295151
2025-11-14,99692.03,99866.02,94012.45,94594.0,47288.14481,-0.0511376938695795,3231.55,3256.71,3070.0,3112.4,890446.1491,-0.0368678710460027,138.92,6176425.147,-0.0401437158847509,915.25,438193.008,-0.0128350320875801,11,0.2802315829321742,0.8,,,,,,,,0.33,0.34,0.33,0.0618809861090556,0.0599890759542475,0.0511376938695795,0.0368678710460027
2025-11-15,94594.0,96846.68,94558.49,95596.24,15110.89391,0.0105951751696724,3112.4,3230.0,3110.68,3167.88,338463.4782,0.0178254723043309,139.61,2351478.022,0.0049668874172186,932.28,161984.705,0.0186069379950832,11,0.2802315829321742,0.8,,,,,,,,0.33,0.34,0.33,0.023935983256245,0.0376655681402073,0.0105951751696724,0.0178254723043309
2025-11-16,95596.23,96635.11,93005.55,94261.44,23889.4051,-0.0139628922643819,3167.87,3249.0,3004.0,3095.29,570633.5809,-0.0229143780698763,137.17,3385434.284,-0.0174772580760692,926.56,252157.877,-0.0061354957738019,11,0.2802315829321742,0.8,,,,,,,,0.33,0.34,0.33,0.0385052466841159,0.0791525188269919,0.0139628922643819,0.0229143780698763
2025-11-17,94261.45,96043.0,91220.0,92215.14,39218.59806,-0.0217087708399108,3095.29,3223.38,2959.46,3031.44,762500.4289,-0.0206281156208303,130.99,5624720.775,-0.0450535831450024,907.36,332891.856,-0.0207218097047141,11,0.2802315829321742,0.8,,,,,,,,0.33,0.34,0.33,0.0523016068727976,0.0870609347372866,0.0217087708399108,0.0206281156208303
2025-11-18,92215.14,93836.01,89253.78,92960.83,39835.14769,0.0080864161785148,3031.44,3169.95,2946.56,3123.66,766640.1058,0.0304211859710235,140.69,5528848.81,0.0740514543094892,932.79,357275.458,0.0280263621936165,11,0.2802315829321742,0.8,,,,,,,,0.33,0.34,0.33,0.0492920512865472,0.0715154658317486,0.0080864161785148,0.0304211859710235
2025-11-19,92960.83,92980.22,88608.0,91554.96,32286.6376,-0.0151232513737237,3123.65,3125.54,2873.64,3025.48,737926.7146,-0.0314310776460945,137.06,4268467.044,-0.0258014073494917,897.77,296358.274,-0.0375432841261162,11,0.2802315829321742,0.8,,,,,,,,0.33,0.34,0.33,0.0477551407373232,0.0832595158454196,0.0151232513737237,0.0314310776460945
2025-11-20,91554.96,93160.0,86100.0,86637.23,39733.19073,-0.053713419786323,3025.48,3063.61,2790.01,2834.22,912524.3718,-0.0632164152465064,133.67,7048254.224,-0.0247336932730192,866.51,301802.981,-0.0348196085857179,11,0.2802315829321742,0.8,,,,,,,,0.33,0.34,0.33,0.0814892165873724,0.0965344962635222,0.053713419786323,0.0632164152465064
2025-11-21,86637.22,87498.94,80600.0,85129.43,72256.12679,-0.0174036035085609,2834.21,2886.73,2623.57,2765.85,1180475.4085,-0.0241230391430445,128.68,8285885.693,-0.0373307398817983,830.46,654486.049,-0.0416036745103922,11,0.2802315829321742,0.8,,,,,,,,0.33,0.34,0.33,0.0810405990031884,0.0951461576007375,0.0174036035085609,0.0241230391430445
2025-11-22,85129.42,85620.0,83500.0,84739.74,14193.93263,-0.0045776178696367,2765.86,2799.01,2704.33,2770.12,264691.3089,0.0015438292025959,127.59,2612487.859,-0.0084706248057196,833.78,167225.62,0.0039977843604748,11,0.2802315829321742,0.8,,,,,,,,0.33,0.34,0.33,0.0250177779634443,0.0341790247353906,0.0045776178696367,0.0015438292025959
2025-11-23,84739.75,88127.64,84667.57,86830.0,19734.46418,0.0246668210216363,2770.12,2858.16,2768.29,2802.16,409808.5734,0.0115662859370713,130.58,2818715.19,0.0234344384356142,843.6,167524.177,0.0117776871596824,11,0.2802315829321742,0.8,,,,,,,,0.33,0.34,0.33,0.0398487849821489,0.0320716875553144,0.0246668210216363,0.0115662859370713
2025-11-24,86830.0,89228.0,85272.0,88300.01,24663.12795,0.0169297477830241,2802.16,2987.0,2763.0,2953.38,715279.7551,0.0539655123190683,138.44,4744857.046,0.060192985143207,864.92,248464.802,0.0252726410621146,11,0.2802315829321742,0.8,,,,,,,,0.33,0.34,0.33,0.0448018069307126,0.0758453026701609,0.0169297477830241,0.0539655123190683
2025-11-25,88300.01,88519.99,86116.0,87369.96,19567.0411,-0.010532841389259,2953.38,2980.82,2857.32,2959.36,427686.4528,0.0020247987052124,138.96,2994819.853,0.0037561398439758,862.57,158750.859,-0.0027170142903388,11,0.2802315829321742,0.8,,,,,,,,0.33,0.34,0.33,0.0275150635298448,0.0417319961072664,0.010532841389259,0.0020247987052124
2025-11-26,87369.97,90656.08,86306.77,90484.02,21675.82239,0.0356422276031715,2959.36,3045.0,2888.69,3026.56,364535.326,0.0227076124567473,143.02,4021862.67,0.029217040875072,891.78,159649.392,0.0338639182906894,11,0.2802315829321742,0.8,,,,,,,,0.33,0.34,0.33,0.0480671614722687,0.0516460932543878,0.0356422276031715,0.0227076124567473
2025-11-27,90484.01,91950.0,90089.91,91333.95,16833.50932,0.0093931503043298,3026.56,3071.37,2985.78,3015.23,274980.3955,-0.0037435240008457,140.85,2331673.189,-0.015172703118445,895.74,141249.084,0.004440557088071,11,0.2802315829321742,0.8,,,,,,,,0.33,0.34,0.33,0.0203658113987186,0.0283858942767217,0.0093931503043298,0.0037435240008457
2025-11-28,91333.94,93092.0,90180.63,90890.7,18830.86012,-0.0048530694227064,3015.23,3099.0,2994.36,3031.15,346616.0275,0.0052798625643815,137.33,3502510.031,-0.0249911253106139,887.19,174843.677,-0.0095451805211332,11,0.2802315829321742,0.8,,,,,,,,0.33,0.34,0.33,0.0320315499825614,0.0345215512264321,0.0048530694227064,0.0052798625643815
2025-11-29,90890.71,91165.65,90155.47,90802.44,7429.88291,-0.0009710564447187,3031.14,3052.64,2961.91,2989.16,217904.1303,-0.0138528281345364,135.91,1859321.171,-0.0103400567974951,872.9,80059.932,-0.0161070345698216,11,0.2802315829321742,0.8,,,,,,,,0.33,0.34,0.33,0.0111250314418862,0.0303530088720577,0.0009710564447187,0.0138528281345364
2025-11-30,90802.44,92000.01,90336.9,90360.0,9687.74175,-0.0048725562881349,2989.17,3053.02,2975.3,2991.26,182722.4253,0.000702538505801,133.48,2608165.329,-0.0178794790670296,875.31,106230.587,0.0027609119028524,11,0.2802315829321742,0.8,,,,,,,,0.33,0.34,0.33,0.0184053784860557,0.0259823619478078,0.0048725562881349,0.000702538505801
2025-12-01,90360.01,90417.0,83822.76,86286.01,34509.01227,-0.0450862107127048,2991.25,2999.47,2716.04,2799.07,849002.9909,-0.0642505165047505,126.66,5007504.057,-0.0510937968234941,826.61,342746.385,-0.05563743131005,11,0.2802315829321742,0.8,,,,,,,,0.33,0.34,0.33,0.0764230493448475,0.1012586323314528,0.0450862107127048,0.0642505165047505
2025-12-02,86286.01,92307.65,86184.39,91277.88,28210.22732,0.0578525997435739,2799.07,3033.76,2782.19,2996.07,523707.3586,0.0703805192438917,138.68,5022856.747,0.0948997315648192,876.61,233149.68,0.060488017323768,11,0.2802315829321742,0.8,,,,,,,,0.33,0.34,0.33,0.0670837228033779,0.0839666629951904,0.0578525997435739,0.0703805192438917
2025-12-03,91277.88,94150.0,90990.23,93429.95,25712.52585,0.0235771251479546,2996.07,3214.99,2985.58,3188.36,553669.8146,0.0641807434405739,144.67,3954144.805,0.0431929622151714,920.76,227309.929,0.0503644722282428,11,0.2802315829321742,0.8,,,,,,,,0.33,0.34,0.33,0.0338196691746062,0.0719523516792331,0.0235771251479546,0.0641807434405739
2025-12-04,93429.95,94080.0,90889.0,92078.06,19803.94059,-0.0144695571387976,3188.39,3240.35,3066.37,3133.26,486698.3987,-0.0172816118631521,139.01,2694242.241,-0.0391235224994815,899.92,165779.563,-0.0226334766931665,11,0.2802315829321742,0.8,,,,,,,,0.33,0.34,0.33,0.0346553782736082,0.0555268314790346,0.0144695571387976,0.0172816118631521
2025-12-05,92078.06,92692.36,88056.0,89330.04,19792.97218,-0.0298444602329805,3133.26,3193.33,2983.08,3021.78,530382.8986,-0.0355795561172708,133.29,3367359.143,-0.0411481188403711,883.57,137493.999,-0.0181682816250332,11,0.2802315829321742,0.8,,,,,,,,0.33,0.34,0.33,0.0519014656211953,0.0695781956330374,0.0298444602329805,0.0355795561172708
2025-12-06,89330.04,90289.97,88908.01,89236.79,8409.50016,-0.0010438817669845,3021.77,3069.0,3012.58,3038.06,159721.2488,0.0053875530316567,132.19,1341595.431,-0.0082526821216895,890.38,81289.981,0.0077073689690685,11,0.2802315829321742,0.8,,,,,,,,0.33,0.34,0.33,0.0154864378245789,0.0185710617960145,0.0010438817669845,0.0053875530316567
2025-12-07,89236.8,91760.0,87719.28,90395.31,13021.11185,0.0129825378075567,3038.06,3150.0,2907.52,3059.85,391129.675,0.0071723402434447,132.24,3131804.491,0.0003782434374763,894.37,131888.814,0.004481232732092,11,0.2802315829321742,0.8,,,,,,,,0.33,0.34,0.33,0.0447005491767216,0.0792457146592153,0.0129825378075567,0.0071723402434447
2025-12-08,90395.32,92287.15,89612.0,90634.34,15793.63887,0.0026442743544992,3059.86,3180.51,3040.87,3124.16,452820.2207,0.0210173701325229,133.25,3245115.426,0.0076376285541439,897.12,121354.06,0.0030747900756957,11,0.2802315829321742,0.8,,,,,,,,0.33,0.34,0.33,0.029515854586683,0.0446968145037387,0.0026442743544992,0.0210173701325229
2025-12-09,90634.35,94588.99,89500.0,92678.8,21240.43014,0.0225572338255015,3124.16,3397.85,3090.8,3318.04,603859.9458,0.0620582812660044,137.88,4508522.034,0.0347467166979362,897.3,209645.573,0.0002006420545745,11,0.2802315829321742,0.8,,,,,,,,0.33,0.34,0.33,0.0549099686228134,0.092539571554291,0.0225572338255015,0.0620582812660044
2025-12-10,92678.81,94476.0,91563.15,92015.37,18998.68083,-0.0071583792625714,3318.04,3447.44,3288.1,3324.14,539585.4535,0.0018384347385804,136.26,4520230.276,-0.0117493472584856,893.43,186333.021,-0.0043129388164493,11,0.2802315829321742,0.8,,,,,,,,0.33,0.34,0.33,0.0316561244061726,0.0479342025305793,0.0071583792625714,0.0018384347385804
2025-12-11,92015.38,93555.0,89260.63,92513.38,19972.58758,0.0054122479755285,3324.14,3327.37,3145.28,3237.39,504114.2391,-0.026096975458314,136.41,4377697.036,0.0011008366358433,885.91,182476.864,-0.0084169996530225,11,0.2802315829321742,0.8,,,,,,,,0.33,0.34,0.33,0.0464189071894248,0.056245926502522,0.0054122479755285,0.026096975458314
2025-12-12,92513.38,92754.0,89480.0,90268.42,16679.19169,-0.0242663277463217,3237.38,3265.5,3045.31,3084.86,435686.4435,-0.047115114335931,132.27,4005608.262,-0.030349681108423,881.58,110640.466,-0.0048876296689278,11,0.2802315829321742,0.8,,,,,,,,0.33,0.34,0.33,0.0362696056937741,0.0713776313998042,0.0242663277463217,0.047115114335931
2025-12-13,90268.43,90634.55,89766.39,90240.01,5895.70788,-0.0003147280078681,3084.86,3135.68,3078.6,3114.64,136465.7567,0.0096535985425594,133.14,1472483.735,0.0065774552052617,896.82,92401.054,0.017287143537739,11,0.2802315829321742,0.8,,,,,,,,0.33,0.34,0.33,0.0096205663097777,0.0183263555338658,0.0003147280078681,0.0096535985425594
2025-12-14,90240.0,90472.4,87577.36,88172.17,9416.94004,-0.0229148910776937,3114.64,3129.54,3024.44,3063.5,279058.3545,-0.0164192330413787,129.4,1731614.637,-0.0280907315607629,877.27,110914.028,-0.0217992462255526,11,0.2802315829321742,0.8,,,,,,,,0.33,0.34,0.33,0.0328339429550162,0.0343071650073445,0.0229148910776937,0.0164192330413787
2025-12-15,88172.16,90052.64,85146.64,86432.08,19778.6919,-0.0197351386497576,3063.49,3177.5,2894.57,2964.85,520509.9555,-0.0322017300473315,127.81,3922431.0,-0.0122874806800618,858.6,210867.871,-0.0212819314464189,11,0.2802315829321742,0.8,,,,,,,,0.33,0.34,0.33,0.0567613321350128,0.0954280992293032,0.0197351386497576,0.0322017300473315
2025-12-16,86432.08,88175.98,85266.0,87863.42,18456.05017,0.0165602864121747,2964.85,2981.87,2876.0,2962.3,378293.1159,-0.0008600772383087,129.15,2884783.998,0.0104843126515923,875.63,240835.336,0.0198346144887024,11,0.2802315829321742,0.8,,,,,,,,0.33,0.34,0.33,0.0331193572933991,0.0357391216284643,0.0165602864121747,0.0008600772383087
2025-12-17,87863.43,90365.85,85314.0,86243.22,19834.11729,-0.0184399833286708,2962.3,3030.92,2791.02,2833.49,497630.4162,-0.0434831043445972,123.27,4525580.216,-0.0455284552845529,843.07,378073.209,-0.0371846556193825,11,0.2802315829321742,0.8,,,,,,,,0.33,0.34,0.33,0.0585767785572014,0.0846659067086879,0.0184399833286708,0.0434831043445972
2025-12-18,86243.23,89477.61,84450.01,85516.41,25405.41763,-0.0084274450791609,2833.5,2997.4,2775.19,2828.57,595253.7997,-0.0017363745769349,119.6,4790795.008,-0.0297720451042426,830.07,432024.878,-0.0154198346519268,11,0.2802315829321742,0.8,,,,,,,,0.33,0.34,0.33,0.0587910554243332,0.0785591305854195,0.0084274450791609,0.0017363745769349
2025-12-19,85516.41,89399.97,85110.24,88136.94,21256.65004,0.030643592264923,2828.56,3020.0,2808.63,2979.5,531702.5439,0.0533591178581402,126.27,4090548.592,0.0557692307692307,856.17,1227346.957,0.0314431313021792,11,0.2802315829321742,0.8,,,,,,,,0.33,0.34,0.33,0.048671192805196,0.0709414331263634,0.030643592264923,0.0533591178581402
2025-12-20,88136.95,88573.07,87795.76,88360.9,5123.13194,0.0025410457862502,2979.49,2994.41,2964.17,2977.93,91783.7734,-0.0005269340493372,125.81,1229353.586,-0.0036429872495445,854.17,57015.132,-0.0023359846759405,11,0.2802315829321742,0.8,,,,,,,,0.33,0.34,0.33,0.0087969905240894,0.0101547047781511,0.0025410457862502,0.0005269340493372
2025-12-21,88360.91,89081.77,87600.04,88658.86,7132.87258,0.0033720797320988,2977.93,3013.4,2944.0,3002.02,162244.8067,0.0080895118421184,126.03,1812103.189,0.0017486686272951,858.64,69986.817,0.0052331503096574,11,0.2802315829321742,0.8,,,,,,,,0.33,0.34,0.33,0.0167127120741233,0.0231177673699709,0.0033720797320988,0.0080895118421184
2025-12-22,88658.87,90588.23,87900.0,88620.79,14673.2197,-0.0004293987087135,3002.03,3077.39,2963.43,3009.49,298443.5633,0.002488324528151,125.93,2667589.146,-0.0007934618741568,858.66,147275.988,2.329264883993432e-05,11,0.2802315829321742,0.8,,,,,,,,0.33,0.34,0.33,0.0303340784933196,0.0378668810994554,0.0004293987087135,0.002488324528151
2025-12-23,88620.79,88940.0,86601.9,87486.0,13910.32904,-0.0128050088472466,3009.48,3035.79,2900.93,2965.02,386465.747,-0.0147765900534641,124.01,2440030.872,-0.0152465655522909,844.3,103894.874,-0.0167237323271143,11,0.2802315829321742,0.8,,,,,,,,0.33,0.34,0.33,0.0267254189241707,0.0454836729600475,0.0128050088472466,0.0147765900534641
2025-12-24,87486.0,88049.89,86420.0,87669.45,9140.8432,0.0020969069336806,2965.03,2978.15,2888.7,2947.47,197035.5598,-0.005919015723334,122.53,1605450.498,-0.0119345214095637,846.58,84917.781,0.0027004619211181,11,0.2802315829321742,0.8,,,,,,,,0.33,0.34,0.33,0.0185913108842361,0.0303480612186045,0.0020969069336806,0.005919015723334
2025-12-25,87669.44,88592.74,86934.72,87225.27,7096.58235,-0.0050665311576608,2947.48,2971.46,2891.2,2903.95,188721.2981,-0.0147652054134562,120.06,1818325.148,-0.0201583285725944,829.64,72777.087,-0.0200099222755085,11,0.2802315829321742,0.8,,,,,,,,0.33,0.34,0.33,0.0190084822895934,0.0276382169114482,0.0050665311576608,0.0147652054134562
2025-12-26,87225.27,89567.75,86655.08,87369.56,18344.61505,0.0016542224518192,2903.9,2994.38,2894.26,2927.99,314830.9989,0.008278379448682,122.26,3326516.562,0.0183241712477095,834.72,120232.786,0.0061231377464925,11,0.2802315829321742,0.8,,,,,,,,0.33,0.34,0.33,0.0333373545660525,0.0341941058541866,0.0016542224518192,0.008278379448682
2025-12-27,87369.56,87984.0,87253.05,87877.01,4469.55156,0.0058080869355414,2928.0,2960.89,2917.13,2949.05,95040.3956,0.0071926475158727,124.73,1357802.112,0.0202028463929331,845.04,89882.366,0.0123634272570443,11,0.2802315829321742,0.8,,,,,,,,0.33,0.34,0.33,0.0083178751757711,0.0148386768620402,0.0058080869355414,0.0071926475158727
2025-12-28,87877.0,88088.75,87435.0,87952.71,4446.29285,0.0008614312207482,2949.05,2961.23,2924.54,2950.91,128834.139,0.0006307115850865,125.27,1828960.451,0.0043293513990219,859.32,91601.986,0.0168986083499007,11,0.2802315829321742,0.8,,,,,,,,0.33,0.34,0.33,0.0074329716503334,0.0124334527315302,0.0008614312207482,0.0006307115850865
2025-12-29,87952.71,90406.08,86806.5,87237.13,19894.98575,-0.0081359630646969,2950.91,3057.78,2910.25,2937.9,485959.1824,-0.0044088094858872,123.28,4307595.105,-0.0158856869162608,852.46,127151.447,-0.0079830563701531,11,0.2802315829321742,0.8,,,,,,,,0.33,0.34,0.33,0.041262017675272,0.0502161407808299,0.0081359630646969,0.0044088094858872
2025-12-30,87237.13,89400.0,86845.66,88485.49,13105.91001,0.0143099618247413,2937.91,3009.8,2919.44,2973.69,286583.2879,0.0121821709384253,125.01,2480631.516,0.0140330953926022,861.65,73233.047,0.010780564483964,11,0.2802315829321742,0.8,,,,,,,,0.33,0.34,0.33,0.0288673318077347,0.0303864895130293,0.0143099618247413,0.0121821709384253
2025-12-31,88485.5,89200.0,87250.0,87648.22,11558.62047,-0.0094622293440427,2973.69,3028.08,2958.91,2971.64,233729.5887,-0.0006893791888193,124.65,2941643.658,-0.0028797696184305,864.3,149994.618,0.0030754946904194,11,0.2802315829321742,0.8,,,,,,,,0.33,0.34,0.33,0.0222480273986168,0.023276709157233,0.0094622293440427,0.0006893791888193
2026-01-01,87648.21,88919.45,87550.43,88839.04,6279.57133,0.0135863569163183,2971.65,3010.0,2971.15,3004.19,136088.5207,0.0109535475360407,126.9,1733664.978,0.0180505415162455,864.39,80713.662,0.0001041305102396,11,0.2802315829321742,0.8,,,,,,,,0.33,0.34,0.33,0.01541011699361,0.0129319383927114,0.0135863569163183,0.0109535475360407
2026-01-02,88839.05,90961.81,88379.88,89995.13,17396.97301,0.0130133103644525,3004.19,3150.01,2992.49,3125.45,369891.2449,0.0403636254697605,132.29,2924227.372,0.0424743892828998,881.25,129071.742,0.019505084510464,11,0.2802315829321742,0.8,,,,,,,,0.33,0.34,0.33,0.0286896635406826,0.0503991425234767,0.0130133103644525,0.0403636254697605
2026-01-03,89995.14,90741.16,89314.01,90628.01,7057.46716,0.0070323805299241,3125.46,3136.71,3076.0,3127.11,134405.2258,0.0005311235182134,133.37,1520623.499,0.0081638823796206,878.63,79965.205,-0.00297304964539,11,0.2802315829321742,0.8,,,,,,,,0.33,0.34,0.33,0.0157473390401048,0.019414091605348,0.0070323805299241,0.0005311235182134
2026-01-04,90628.01,91810.0,90628.0,91529.73,10426.5297,0.0099496833263799,3127.11,3167.22,3118.75,3144.7,181576.0686,0.0056250019986503,134.12,1809269.113,0.0056234535502737,895.43,118687.107,0.0191206765077449,11,0.2802315829321742,0.8,,,,,,,,0.33,0.34,0.33,0.0129138368484207,0.0154132349667694,0.0099496833263799,0.0056250019986503
2026-01-05,91529.74,94789.08,91514.81,93859.71,20673.59584,0.0254559911845038,3144.71,3265.66,3135.02,3224.99,382446.6618,0.0255318472350303,137.9,3327567.484,0.0281837160751565,910.31,140352.785,0.0166177143942016,11,0.2802315829321742,0.8,,,,,,,,0.33,0.34,0.33,0.0348847231682263,0.0405086527400084,0.0254559911845038,0.0255318472350303
2026-01-06,93859.71,94444.44,91262.94,93747.97,18546.41829,-0.0011905001624232,3224.99,3308.86,3183.27,3296.84,412503.5066,0.0222791388500429,141.08,3771795.117,0.0230601885424222,917.64,166897.189,0.0080522019971218,11,0.2802315829321742,0.8,,,,,,,,0.33,0.34,0.33,0.0339367348434318,0.0380940536999066,0.0011905001624232,0.0222791388500429
2026-01-07,93747.97,93747.97,90675.52,91364.16,14276.49025,-0.0254278572645358,3296.83,3296.84,3125.42,3168.72,321350.1225,-0.0388614552116572,136.39,2321642.178,-0.0332435497590021,900.3,148651.79,-0.0188962992023016,11,0.2802315829321742,0.8,,,,,,,,0.33,0.34,0.33,0.0336286132330226,0.0540975535863061,0.0254278572645358,0.0388614552116572
2026-01-08,91364.16,91687.99,89311.0,91099.99,16132.79117,-0.0028913963637382,3168.72,3184.39,3054.65,3106.65,343616.1005,-0.0195883511323182,138.37,3113437.835,0.0145171933426204,892.26,134522.755,-0.0089303565478173,11,0.2802315829321742,0.8,,,,,,,,0.33,0.34,0.33,0.0260920994612623,0.0417620266203144,0.0028913963637382,0.0195883511323182
2026-01-09,91100.0,92082.55,89694.66,90641.28,15590.27939,-0.0050352365571061,3106.66,3148.41,3058.69,3088.4,274587.4533,-0.0058744950348446,135.97,3778547.996,-0.017344800173448,896.86,81581.367,0.005155447963598,11,0.2802315829321742,0.8,,,,,,,,0.33,0.34,0.33,0.0263443984904008,0.0290506411086646,0.0050352365571061,0.0058744950348446
2026-01-10,90641.27,90832.0,90404.0,90504.7,3104.11722,-0.0015068189681346,3088.4,3104.12,3077.99,3086.72,82341.0546,-0.000543970988214,135.84,1000837.004,-0.0009560932558652,907.93,124912.493,0.0123430635773698,11,0.2802315829321742,0.8,,,,,,,,0.33,0.34,0.33,0.0047290361716021,0.0084652964959569,0.0015068189681346,0.000543970988214
2026-01-11,90504.7,91283.89,90236.0,91013.65,5477.13594,0.0056234648587309,3086.72,3147.27,3084.46,3123.45,149381.2965,0.0118993624300227,139.7,2209913.206,0.0284157832744404,904.32,98621.081,-0.0039760774509046,11,0.2802315829321742,0.8,,,,,,,,0.33,0.34,0.33,0.0115135476931207,0.0201091741503785,0.0056234648587309,0.0118993624300227
2026-01-12,91013.66,92519.95,90128.44,91296.2,16188.08268,0.0031044793830377,3123.46,3171.49,3065.55,3095.75,297373.4681,-0.0088683987257679,139.22,4160120.091,-0.0034359341445955,905.78,108522.173,0.0016144727530076,11,0.2802315829321742,0.8,,,,,,,,0.33,0.34,0.33,0.026195066169238,0.0342211095857222,0.0031044793830377,0.0088683987257679
2026-01-13,91296.2,96495.0,91042.66,95414.0,23021.51482,0.0451037392574937,3095.75,3367.79,3091.96,3325.82,457782.2816,0.0743180166357102,145.51,4195082.468,0.0451802901881912,943.73,311914.997,0.0418975910265186,11,0.2802315829321742,0.8,,,,,,,,0.33,0.34,0.33,0.0571440249858511,0.0829359376033579,0.0451037392574937,0.0743180166357102
2026-01-14,95413.99,97924.49,94559.28,96951.78,22851.89428,0.0161169220449828,3325.83,3402.89,3280.48,3354.92,503440.0759,0.0087497218731018,146.69,3695077.378,0.0081094082880901,948.47,183208.698,0.0050226229959839,11,0.2802315829321742,0.8,,,,,,,,0.33,0.34,0.33,0.0347101414744526,0.0364867120527463,0.0161169220449828,0.0087497218731018
2026-01-15,96951.78,97193.34,95134.48,95604.8,21725.81369,-0.0138932982973597,3354.92,3384.19,3273.72,3318.69,389993.836,-0.0107990652534188,142.4,2462143.139,-0.0292453473311063,931.2,131201.468,-0.018208272270077,11,0.2802315829321742,0.8,,,,,,,,0.33,0.34,0.33,0.0215351112078054,0.0332872308049261,0.0138932982973597,0.0107990652534188
2026-01-16,95604.81,95871.47,94293.46,95550.94,11167.7146,-0.0005633608354392,3318.7,3326.79,3253.01,3296.28,223921.7876,-0.0067526644549505,144.89,1900879.026,0.0174859550561796,938.16,77470.383,0.0074742268041236,11,0.2802315829321742,0.8,,,,,,,,0.33,0.34,0.33,0.0165148558454788,0.0223828072857887,0.0005633608354392,0.0067526644549505
2026-01-17,95550.94,95639.45,95021.67,95147.77,4280.80137,-0.0042194247382599,3296.28,3330.26,3283.96,3310.56,124325.0303,0.0043321562488622,143.72,835154.761,-0.0080750914486851,947.12,86187.331,0.0095506097041015,11,0.2802315829321742,0.8,,,,,,,,0.33,0.34,0.33,0.0064928479143546,0.0139855492726306,0.0042194247382599,0.0043321562488622
2026-01-18,95147.77,95531.12,93615.4,93673.14,6895.17819,-0.0154983138333142,3310.56,3368.82,3278.86,3284.03,173354.3026,-0.0080137499395871,137.87,1877438.698,-0.0407041469524074,932.51,76848.25,-0.0154257116310498,11,0.2802315829321742,0.8,,,,,,,,0.33,0.34,0.33,0.0204511133074006,0.0273931724131631,0.0154983138333142,0.0080137499395871
2026-01-19,93673.14,93673.14,91910.2,92631.0,14295.52747,-0.0111252809503342,3284.04,3284.58,3165.38,3189.55,442540.5596,-0.028769530120005,133.44,2972524.77,-0.0321317182853413,923.6,209440.56,-0.0095548573205649,11,0.2802315829321742,0.8,,,,,,,,0.33,0.34,0.33,0.0190318575854735,0.0373720430781771,0.0111252809503342,0.028769530120005
2026-01-20,92630.99,92870.0,87895.98,88427.66,22007.3261,-0.0453772495169003,3189.56,3200.5,2920.0,2939.88,518166.4787,-0.0782774999608095,125.8,3532423.88,-0.0572541966426858,884.2,163760.229,-0.0426591598094412,11,0.2802315829321742,0.8,,,,,,,,0.33,0.34,0.33,0.0562495943011497,0.0954120576350055,0.0453772495169003,0.0782774999608095
2026-01-21,88427.66,90574.0,87263.53,89454.73,20617.50372,0.0116148046889399,2939.88,3069.07,2866.11,2982.27,577800.2481,0.0144189558757499,129.54,3161736.36,0.0297297297297296,883.36,201618.221,-0.0009500113096584,11,0.2802315829321742,0.8,,,,,,,,0.33,0.34,0.33,0.0370072102391902,0.0680555415840953,0.0116148046889399,0.0144189558757499
2026-01-22,89454.73,90359.99,88515.37,89559.67,10825.50492,0.0011731073359675,2982.28,3038.33,2906.02,2952.69,291660.7349,-0.0099186190385176,128.47,1811586.462,-0.0082599969121506,888.06,98786.472,0.0053205940952725,11,0.2802315829321742,0.8,,,,,,,,0.33,0.34,0.33,0.020596547530825,0.0448099868255725,0.0011731073359675,0.0099186190385176
2026-01-23,89559.68,91224.99,88578.36,89600.26,13918.48919,0.0004532173912654,2952.7,3019.26,2892.4,2956.41,318415.3317,0.0012598681202564,127.43,2044063.077,-0.0080952751615162,891.63,96135.61,0.0040199986487399,11,0.2802315829321742,0.8,,,,,,,,0.33,0.34,0.33,0.0295381955364862,0.042910151163066,0.0004532173912654,0.0012598681202564
2026-01-24,89600.26,89957.39,89162.08,89225.34,4226.56737,-0.0041843628578756,2956.41,2970.41,2943.84,2953.22,92082.9039,-0.0010790113685179,127.21,807419.995,-0.0017264380444166,887.17,51272.563,-0.0050020748516761,11,0.2802315829321742,0.8,,,,,,,,0.33,0.34,0.33,0.0089134992368759,0.0089969592512578,0.0041843628578756,0.0010790113685179
2026-01-25,89225.34,89319.13,86074.72,86670.36,14426.22019,-0.0286351388518104,2953.23,2960.29,2787.0,2816.89,380186.5326,-0.0461631710471959,118.85,4540879.449,-0.0657181039226475,866.02,120780.226,-0.0238398503105379,11,0.2802315829321742,0.8,,,,,,,,0.33,0.34,0.33,0.0374339047397519,0.0615181991487065,0.0286351388518104,0.0461631710471959
2026-01-26,86670.36,88860.0,86509.63,88347.08,17766.51453,0.019345944795891,2816.9,2951.21,2812.37,2930.35,485169.3372,0.0402784631277757,124.24,2355751.363,0.0453512831299958,879.41,102700.704,0.015461536685065,11,0.2802315829321742,0.8,,,,,,,,0.33,0.34,0.33,0.0266038221070803,0.0473800058013548,0.019345944795891,0.0402784631277757
2026-01-27,88347.08,89523.16,87304.33,89250.0,13125.40425,0.0102201453630386,2930.35,3035.08,2899.77,3026.77,478792.3988,0.0329039193270428,127.19,2036509.042,0.0237443657437219,898.36,138529.639,0.0215485382244915,11,0.2802315829321742,0.8,,,,,,,,0.33,0.34,0.33,0.0248608403361344,0.0447044208843089,0.0102201453630386,0.0329039193270428
2026-01-28,89249.99,90600.0,88833.65,89299.99,14332.18502,0.0005601120448179,3026.77,3045.78,2983.67,3010.78,296607.6549,-0.005282859285641,125.35,1997863.528,-0.0144665461121157,902.91,110273.24,0.0050647847188209,11,0.2802315829321742,0.8,,,,,,,,0.33,0.34,0.33,0.0197799574221677,0.0206292057207767,0.0005601120448179,0.005282859285641
2026-01-29,89300.0,89348.0,83383.33,84650.16,30431.38201,-0.0520697706685073,3010.78,3013.5,2754.53,2822.59,561288.5979,-0.0625053972724676,117.82,3730613.473,-0.0600717989629039,868.69,270228.686,-0.0378996799238018,11,0.2802315829321742,0.8,,,,,,,,0.33,0.34,0.33,0.07046259569976,0.0917490673459481,0.0520697706685073,0.0625053972724676
2026-01-30,84650.16,84735.75,81118.0,84260.49,35195.84793,-0.004603299036883,2822.6,2828.65,2636.01,2707.38,793279.6252,-0.0408171218632532,117.59,4761006.742,-0.0019521303683583,858.81,295951.354,-0.0113734473747828,11,0.2802315829321742,0.8,,,,,,,,0.33,0.34,0.33,0.0429353069273629,0.0711536614734539,0.004603299036883,0.0408171218632532
2026-01-31,84260.5,84270.02,75719.9,78741.09,39491.89133,-0.065504010242523,2707.37,2714.64,2250.0,2451.95,1113097.7132,-0.0943458251150559,105.58,8567398.326,-0.1021345352495961,781.38,407306.151,-0.0901596395011701,11,0.2802315829321742,0.8,,,,,,,,0.33,0.34,0.33,0.1085852380250262,0.1894981545300678,0.065504010242523,0.0943458251150559
2026-02-01,78741.1,79424.0,75700.0,76968.21,25395.48168,-0.0225153093511912,2451.96,2475.98,2222.0,2270.15,1026573.9466,-0.0741450682110156,100.79,4204256.051,-0.0453684409926121,758.54,259125.52,-0.0292303360720777,11,0.2802315829321742,0.8,,,,,,,,0.33,0.34,0.33,0.0483836118833996,0.111878069731075,0.0225153093511912,0.0741450682110156
2026-02-02,76968.22,79360.0,74604.0,78738.61,42273.59016,0.0230017042100887,2270.16,2396.62,2157.14,2347.02,1248535.2114,0.0338611985992114,104.55,5574032.681,0.0373052882230378,773.94,306663.484,0.0203021594115011,11,0.2802315829321742,0.8,,,,,,,,0.33,0.34,0.33,0.0604023870881134,0.1020357730228119,0.0230017042100887,0.0338611985992114
2026-02-03,78738.6,79186.81,72945.5,75770.21,39120.10889,-0.0376994209067189,2347.01,2359.88,2110.0,2233.72,1321099.3867,-0.0482739814743803,97.89,4514018.115,-0.0637015781922525,754.78,243948.823,-0.0247564410677831,11,0.2802315829321742,0.8,,,,,,,,0.33,0.34,0.33,0.0823715547310743,0.1118671991117956,0.0376994209067189,0.0482739814743803
2026-02-04,75770.21,76971.52,71888.0,73165.83,38375.36,-0.0343720836988574,2233.72,2295.74,2076.68,2148.26,1264743.43,-0.0382590476872659,92.12,6251459.371,-0.0589437123301664,697.27,424472.167,-0.0761943877686213,11,0.2802315829321742,0.8,,,,,,,,0.33,0.34,0.33,0.069479427760199,0.1019708973774123,0.0343720836988574,0.0382590476872659
2026-02-05,73165.84,73341.18,62345.0,62909.86,106298.82899,-0.1401743136106021,2148.25,2173.77,1818.18,1826.83,1952286.6951,-0.1496234161600552,78.35,10243355.48,-0.1494789405123753,608.3,799178.67,-0.1275976307599639,11,0.2802315829321742,0.8,,,,,,,,0.33,0.34,0.33,0.1747926318704253,0.1946486536787768,0.1401743136106021,0.1496234161600552
2026-02-06,62909.87,71751.33,60000.0,70580.26,92539.21531,0.1219268330910288,1826.83,2093.94,1747.8,2063.38,2102311.5573,0.1294865970013632,87.46,11811095.766,0.1162731333758775,657.21,593322.593,0.0804044057208615,11,0.2802315829321742,0.8,,,,,,,,0.33,0.34,0.33,0.1664959862715156,0.1677538795568436,0.1219268330910288,0.1294865970013632
2026-02-07,70580.26,71690.07,67300.0,69289.38,44255.48036,-0.0182895330790788,2063.37,2121.7,1994.57,2087.08,1142616.4487,0.0114860083939942,87.59,4486649.48,0.0014863937800138,647.0,217520.601,-0.0155353692122761,11,0.2802315829321742,0.8,,,,,,,,0.33,0.34,0.33,0.0633584829305732,0.0609128543227858,0.0182895330790788,0.0114860083939942
2026-02-08,69289.37,72271.41,68888.0,70330.38,21420.53168,0.0150239473928039,2087.08,2152.03,2064.1,2089.74,482837.2515,0.0012745079249476,86.99,2534998.683,-0.0068500970430415,639.93,124172.092,-0.0109273570324576,11,0.2802315829321742,0.8,,,,,,,,0.33,0.34,0.33,0.0481073755040141,0.042077004794855,0.0150239473928039,0.0012745079249476
2026-02-09,70330.38,71453.53,68308.0,70138.0,29152.72842,-0.0027353755233514,2089.73,2147.73,2008.62,2105.02,625378.5569,0.0073119144008346,86.77,3667652.416,-0.0025290263248649,636.39,148751.241,-0.0055318550466456,11,0.2802315829321742,0.8,,,,,,,,0.33,0.34,0.33,0.0448477287632952,0.0660848828039639,0.0027353755233514,0.0073119144008346
2026-02-10,70138.0,70527.59,67800.0,68841.29,20373.77072,-0.018487980837777,2105.02,2124.71,1989.38,2022.67,574321.6908,-0.0391207684487557,82.99,2975212.105,-0.043563443586493,619.85,153549.27,-0.0259903518282813,11,0.2802315829321742,0.8,,,,,,,,0.33,0.34,0.33,0.0396214248745193,0.0669066135355742,0.018487980837777,0.0391207684487557
2026-02-11,68841.28,69292.88,65756.0,67082.52,28718.24602,-0.0255481848175708,2022.67,2032.31,1903.19,1941.18,529655.8177,-0.0402883317595059,79.3,3814913.32,-0.044463188335944,608.11,236351.539,-0.018940066145035,11,0.2802315829321742,0.8,,,,,,,,0.33,0.34,0.33,0.0527243162600332,0.0665162426977405,0.0255481848175708,0.0402883317595059
2026-02-12,67082.52,68410.52,65118.0,66272.17,24271.74283,-0.0120798980121796,1941.19,2001.42,1897.24,1947.85,427567.1469,0.0034360543586888,78.4,3196230.117,-0.0113493064312735,614.29,121298.457,0.0101626350495798,11,0.2802315829321742,0.8,,,,,,,,0.33,0.34,0.33,0.0496817895053082,0.0534846112380317,0.0120798980121796,0.0034360543586888
2026-02-13,66272.17,69482.97,65872.46,68853.96,20244.54955,0.0389573783384489,1947.85,2073.68,1924.72,2048.72,425649.7698,0.0517853017429472,84.33,3370390.272,0.0756377551020406,618.94,211419.814,0.007569714629898,11,0.2802315829321742,0.8,,,,,,,,0.33,0.34,0.33,0.052437216392492,0.0727088133078213,0.0389573783384489,0.0517853017429472
2026-02-14,68853.97,70560.01,68730.13,69822.95,18114.78393,0.0140731193964731,2048.72,2107.67,2042.37,2086.59,220677.2355,0.0184847124057949,88.06,2698607.215,0.0442309972726195,632.77,113845.924,0.0223446537628848,11,0.2802315829321742,0.8,,,,,,,,0.33,0.34,0.33,0.0262074289327504,0.0312950795316761,0.0140731193964731,0.0184847124057949
2026-02-15,69822.94,70983.0,68000.0,68832.58,22290.05208,-0.0141840182919799,2086.59,2103.32,1928.88,1966.58,834778.0952,-0.0575148927197006,86.16,3929085.4,-0.0215761980467863,615.16,132426.591,-0.0278300172258483,11,0.2802315829321742,0.8,,,,,,,,0.33,0.34,0.33,0.0433370360372951,0.088702213995871,0.0141840182919799,0.0575148927197006
2026-02-16,68832.59,70126.67,67294.11,68892.43,15515.76534,0.0008695010415125,1966.59,2023.51,1937.24,1998.33,351347.9433,0.016144779261459,86.45,3559751.811,0.0033658310120705,627.19,105660.883,0.0195558878990833,11,0.2802315829321742,0.8,,,,,,,,0.33,0.34,0.33,0.0411156929723628,0.0431710478249338,0.0008695010415125,0.016144779261459
2026-02-17,68892.43,69241.5,66621.06,67503.52,16489.06921,-0.0201605604563518,1998.34,2015.33,1941.66,1991.66,406246.9427,-0.0033377870521884,85.08,2774655.865,-0.0158473105841527,617.74,91934.084,-0.0150672045153782,11,0.2802315829321742,0.8,,,,,,,,0.33,0.34,0.33,0.0388193089782577,0.0369892451522849,0.0201605604563518,0.0033377870521884
2026-02-18,67503.52,68476.22,65870.0,66461.0,15492.43839,-0.0154439353681112,1991.67,2039.05,1923.78,1955.91,393639.0086,-0.0179498508781619,81.61,3137603.97,-0.0407851433944522,604.8,97256.01,-0.0209473241169424,11,0.2802315829321742,0.8,,,,,,,,0.33,0.34,0.33,0.0392142760415883,0.0589342045390636,0.0154439353681112,0.0179498508781619
2026-02-19,66461.0,67320.0,65631.83,67003.73,14542.26988,0.0081661425497658,1955.9,1987.55,1907.0,1949.08,300257.0733,-0.0034919807148591,82.5,2848277.49,0.0109055262835437,607.83,109354.363,0.0050099206349207,11,0.2802315829321742,0.8,,,,,,,,0.33,0.34,0.33,0.0251951645080057,0.0413271902641245,0.0081661425497658,0.0034919807148591
2026-02-20,67003.73,68318.39,66280.2,68020.01,35351.87091,0.0151675138085596,1949.08,1981.18,1922.97,1968.88,386253.5557,0.010158638947606,84.67,3754556.759,0.0263030303030302,625.91,159590.806,0.0297451590082751,11,0.2802315829321742,0.8,,,,,,,,0.33,0.34,0.33,0.0299645648390819,0.0295650318963065,0.0151675138085596,0.010158638947606
2026-02-21,68020.0,68698.7,67534.69,67975.93,8032.84131,-0.0006480445974648,1968.88,1995.56,1955.62,1973.35,179173.8456,0.0022703262768679,85.17,1780748.862,0.0059052793197118,625.61,81656.565,-0.0004793021360898,11,0.2802315829321742,0.8,,,,,,,,0.33,0.34,0.33,0.0171238554588366,0.020239693921504,0.0006480445974648,0.0022703262768679
2026-02-22,67975.93,68245.0,67190.0,67643.4,8175.13484,-0.0048918786399833,1973.35,1983.13,1935.0,1957.82,155325.6482,-0.0078698659639698,82.79,1798852.596,-0.027944111776447,614.8,68568.879,-0.0172791355636899,11,0.2802315829321742,0.8,,,,,,,,0.33,0.34,0.33,0.0155964957409,0.0245834652828146,0.0048918786399833,0.0078698659639698
2026-02-23,67643.39,67684.86,63888.79,64656.02,33075.90923,-0.0441636582430805,1957.82,1958.33,1837.13,1856.3,547359.4869,-0.0518535922607797,77.9,5163373.383,-0.0590651044812174,596.41,245062.961,-0.0299121665582302,11,0.2802315829321742,0.8,,,,,,,,0.33,0.34,0.33,0.0587117796610431,0.065291170608199,0.0441636582430805,0.0518535922607797
2026-02-24,64656.01,65026.75,62510.28,64058.15,23102.83622,-0.0092469347788496,1856.3,1869.58,1800.0,1851.94,438064.0284,-0.0023487582826051,78.99,3592828.376,0.0139922978177149,583.6,168285.85,-0.0214785131034019,11,0.2802315829321742,0.8,,,,,,,,0.33,0.34,0.33,0.0392841504164575,0.0375714116008077,0.0092469347788496,0.0023487582826051
2026-02-25,64058.15,69988.83,63913.27,67988.04,30749.99259,0.0613487901227243,1851.95,2148.39,1846.74,2057.48,682979.4378,0.1109863170513083,88.06,5632749.415,0.114824661349538,629.42,221645.31,0.0785126799177518,11,0.2802315829321742,0.8,,,,,,,,0.33,0.34,0.33,0.0893621878200931,0.1466113886890759,0.0613487901227243,0.1109863170513083
2026-02-26,67988.04,68860.0,66500.0,67485.18,20737.77792,-0.0073963008788016,2057.48,2083.33,1975.35,2027.68,439783.3566,-0.0144837373874836,85.91,3356890.979,-0.024415171473995,625.74,126675.344,-0.0058466524737058,11,0.2802315829321742,0.8,,,,,,,,0.33,0.34,0.33,0.0349706409614673,0.053252978773771,0.0073963008788016,0.0144837373874836
2026-02-27,67485.19,68216.8,64914.46,65872.1,21228.58424,-0.0239027294585268,2027.68,2063.52,1887.0,1929.84,428687.234,-0.0482521896946264,81.85,3370499.359,-0.0472587591665697,614.03,128167.72,-0.0187138428101129,11,0.2802315829321742,0.8,,,,,,,,0.33,0.34,0.33,0.050132605458153,0.0914687227956721,0.0239027294585268,0.0482521896946264
2026-02-28,65872.09,67760.0,63030.0,66973.26,22548.71649,0.0167166372409561,1929.84,1984.99,1835.36,1964.51,461680.9835,0.0179652199146043,84.35,4737699.879,0.0305436774587659,617.14,172105.1,0.0050648991091639,11,0.2802315829321742,0.8,,,,,,,,0.33,0.34,0.33,0.0706252017596276,0.076166575889153,0.0167166372409561,0.0179652199146043
2026-03-01,66973.26,68199.99,65056.0,65776.47,23201.85859,-0.0178696691784152,1964.51,2054.8,1907.41,1939.71,529196.8464,-0.0126240131126845,83.6,4435194.222,-0.0088915234143449,617.96,169960.927,0.0013287098551382,11,0.2802315829321742,0.8,,,,,,,,0.33,0.34,0.33,0.0477980955803801,0.0759855854741173,0.0178696691784152,0.0126240131126845
2026-03-02,65776.48,70096.0,65259.21,68830.06,32010.38431,0.0464237439315304,1939.71,2090.0,1920.0,2027.35,577406.3749,0.0451820117440235,86.64,5123433.26,0.0363636363636363,637.79,202581.15,0.0320894556281958,11,0.2802315829321742,0.8,,,,,,,,0.33,0.34,0.33,0.0702714773167421,0.0838533060399043,0.0464237439315304,0.0451820117440235
2026-03-03,68830.06,69258.08,66158.0,68338.0,24972.2418,-0.007148911391331,2027.34,2041.48,1929.56,1982.8,509329.8534,-0.021974498729869,86.97,4136742.745,0.0038088642659279,633.56,150191.056,-0.0066322770817981,11,0.2802315829321742,0.8,,,,,,,,0.33,0.34,0.33,0.0453639263660042,0.0564454307040549,0.007148911391331,0.021974498729869
2026-03-04,68338.01,74050.0,67400.0,72666.77,44919.0761,0.0633435277590799,1982.81,2199.0,1945.08,2127.28,737644.8152,0.072866653217672,90.85,6329931.383,0.0446130849718293,657.99,199919.683,0.0385598838310501,11,0.2802315829321742,0.8,,,,,,,,0.33,0.34,0.33,0.0915136313338269,0.1193636944830958,0.0633435277590799,0.072866653217672
2026-03-05,72666.77,73558.15,70645.47,70890.72,26590.51253,-0.0244410202902922,2127.28,2163.66,2054.75,2072.86,432157.8126,-0.0255819638223459,88.77,3753710.608,-0.0228948816730875,647.85,128037.624,-0.0154105685496739,11,0.2802315829321742,0.8,,,,,,,,0.33,0.34,0.33,0.0410869010781664,0.0525409337823103,0.0244410202902922,0.0255819638223459
2026-03-06,70891.02,71419.98,67744.78,68114.02,22629.88722,-0.0391687374595715,2072.86,2093.33,1955.95,1978.68,411597.7569,-0.0454348098762097,84.7,3135324.642,-0.0458488228004956,627.31,115031.736,-0.0317048699544648,11,0.2802315829321742,0.8,,,,,,,,0.33,0.34,0.33,0.0539565863239315,0.0694301251339276,0.0391687374595715,0.0454348098762097
2026-03-07,68114.02,68551.04,66915.26,67262.91,12719.54315,-0.0124953717311061,1978.68,1996.04,1948.09,1969.59,184459.82,-0.0045939717387349,83.22,1465281.721,-0.0174734356552538,620.26,63118.814,-0.0112384626420748,11,0.2802315829321742,0.8,,,,,,,,0.33,0.34,0.33,0.0243191976083104,0.0243451682837545,0.0124953717311061,0.0045939717387349
2026-03-08,67262.91,68200.0,65618.49,65971.2,21593.63901,-0.0192038970660056,1969.6,1979.8,1916.14,1937.1,391189.7317,-0.0164958189267817,81.59,2102965.687,-0.0195866378274452,611.98,81939.554,-0.0133492406410214,11,0.2802315829321742,0.8,,,,,,,,0.33,0.34,0.33,0.0391308631645323,0.0328635589282948,0.0192038970660056,0.0164958189267817
2026-03-09,65971.2,69516.65,65821.97,68432.16,28896.7213,0.0373035506402794,1937.11,2053.52,1929.65,1992.98,550825.4883,0.0288472458830211,84.96,3594057.289,0.0413040813825222,634.64,121341.376,0.0370273538350927,11,0.2802315829321742,0.8,,,,,,,,0.33,0.34,0.33,0.0539904045115628,0.0621531575831166,0.0373035506402794,0.0288472458830211
2026-03-10,68432.16,71777.0,68391.41,69948.63,32602.57726,0.0221601948557521,1992.97,2088.19,1991.0,2036.51,463411.8739,0.0218416642414875,85.88,3643895.134,0.0108286252354048,642.0,100783.446,0.011597125929661,11,0.2802315829321742,0.8,,,,,,,,0.33,0.34,0.33,0.0484010909148613,0.0477238019945888,0.0221601948557521,0.0218416642414875
2026-03-11,69948.64,71321.0,68977.91,70191.86,27249.27542,0.003477266102281,2036.5,2085.58,2007.17,2051.97,350061.256,0.0075914186524985,86.58,3182175.739,0.0081509082440616,651.46,120145.814,0.0147352024922118,11,0.2802315829321742,0.8,,,,,,,,0.33,0.34,0.33,0.03338122112735,0.0382120596305013,0.003477266102281,0.0075914186524985
2026-03-12,70191.86,70800.0,69205.91,70541.34,21997.1605,0.0049789249066771,2051.97,2095.0,2017.59,2073.52,400507.8132,0.0105021028572542,86.84,2913681.148,0.003003003003003,651.72,101534.056,0.0003991035520216,11,0.2802315829321742,0.8,,,,,,,,0.33,0.34,0.33,0.0225979546178169,0.0373326517226745,0.0049789249066771,0.0105021028572542
2026-03-13,70541.34,73913.74,70386.01,70930.0,35996.61678,0.0055096770205953,2073.51,2209.03,2070.12,2092.22,599657.0399,0.0090184806512596,88.18,4940378.617,0.0154306771073238,655.73,231981.0,0.0061529491192535,11,0.2802315829321742,0.8,,,,,,,,0.33,0.34,0.33,0.0497353729028621,0.0663935914961143,0.0055096770205953,0.0090184806512596
2026-03-14,70930.01,71307.92,70317.0,71211.95,13017.24737,0.0039750458198222,2092.21,2106.09,2061.6,2096.16,152500.5822,0.001883167162153,88.03,1498143.039,-0.0017010660013608,657.7,55240.265,0.0030042853003522,11,0.2802315829321742,0.8,,,,,,,,0.33,0.34,0.33,0.0139150802639163,0.0212245248454317,0.0039750458198222,0.001883167162153
2026-03-15,71211.95,73199.0,70858.82,72815.24,14037.30704,0.0225143392366029,2096.16,2202.87,2083.35,2178.3,280825.9377,0.0391859400045799,92.3,2614547.105,0.0485061910712256,673.77,92999.094,0.024433632355177,11,0.2802315829321742,0.8,,,,,,,,0.33,0.34,0.33,0.032138601754248,0.0548684754166092,0.0225143392366029,0.0391859400045799
2026-03-16,72815.25,74909.08,72270.41,74884.67,28409.53019,0.028420286742171,2178.29,2386.02,2164.73,2352.97,845892.7756,0.0801863838773353,96.2,5621650.621,0.0422535211267607,679.71,226915.256,0.0088160648292445,11,0.2802315829321742,0.8,,,,,,,,0.33,0.34,0.33,0.0352364509318128,0.0940470979230504,0.028420286742171,0.0801863838773353
2026-03-17,74884.67,76000.0,73399.19,73909.36,24521.26636,-0.0130241610198722,2352.97,2376.66,2294.15,2317.39,493831.1016,-0.0151213147638941,94.62,2833557.586,-0.0164241164241164,668.61,147117.033,-0.0163304938870989,11,0.2802315829321742,0.8,,,,,,,,0.33,0.34,0.33,0.0351891830750529,0.0356047104716943,0.0130241610198722,0.0151213147638941
2026-03-18,73909.37,74672.34,70500.0,71246.54,23392.88093,-0.0360281837104259,2317.38,2350.0,2153.21,2203.39,488040.8887,-0.0491932734671333,90.08,3293861.558,-0.0479813992813359,652.27,144505.186,-0.0244387610116511,11,0.2802315829321742,0.8,,,,,,,,0.33,0.34,0.33,0.0585620017477339,0.0893123777452017,0.0360281837104259,0.0491932734671333
2026-03-19,71246.55,71613.79,68793.35,69930.0,22364.81819,-0.018478651735228,2203.39,2233.72,2099.38,2137.81,490791.679,-0.0297632284797516,88.89,2609542.924,-0.0132104795737122,639.15,117679.658,-0.0201143698161804,11,0.2802315829321742,0.8,,,,,,,,0.33,0.34,0.33,0.0403323323323321,0.0628400091682608,0.018478651735228,0.0297632284797516
2026-03-20,69930.01,71367.0,69388.0,70510.73,18121.16745,0.0083044473044473,2137.82,2176.84,2116.88,2146.22,300156.1778,0.0039339323887528,89.84,2201411.538,0.0106873664079198,642.11,96688.002,0.0046311507470859,11,0.2802315829321742,0.8,,,,,,,,0.33,0.34,0.33,0.0280666502814536,0.0279374900988715,0.0083044473044473,0.0039339323887528
2026-03-21,70510.73,71100.94,68571.42,68918.12,13397.1675,-0.0225867750908266,2146.21,2168.27,2070.78,2084.87,132559.4646,-0.0285851403863536,87.56,1241845.225,-0.0253784505788068,630.7,54236.699,-0.0177695410443693,11,0.2802315829321742,0.8,,,,,,,,0.33,0.34,0.33,0.0367032646856879,0.0467607093008196,0.0225867750908266,0.0285851403863536
2026-03-22,68918.12,69588.79,67360.66,67859.0,14843.78682,-0.0153678016753793,2084.86,2127.21,2026.0,2053.89,313070.5572,-0.014859439677294,86.2,2138087.131,-0.0155322064869803,626.41,102353.579,-0.0068019660694467,11,0.2802315829321742,0.8,,,,,,,,0.33,0.34,0.33,0.0328347013660677,0.0492772251678522,0.0153678016753793,0.014859439677294
2026-03-23,67859.0,71817.09,67445.18,70906.45,28335.09119,0.0449085603972942,2053.9,2198.57,2023.04,2152.03,614508.4369,0.0477825005233971,91.43,4561706.388,0.0606728538283063,639.11,257556.874,0.0202742612665827,11,0.2802315829321742,0.8,,,,,,,,0.33,0.34,0.33,0.0616574373699431,0.0815648480736793,0.0449085603972942,0.0477825005233971
2026-03-24,70906.45,71400.0,68923.07,70556.74,20702.42244,-0.0049319913773711,2152.03,2175.16,2103.02,2156.23,316703.4728,0.0019516456554973,90.8,3086042.526,-0.0068905173356667,638.3,101174.299,-0.0012673874606876,11,0.2802315829321742,0.8,,,,,,,,0.33,0.34,0.33,0.0351055051579763,0.0334565422056088,0.0049319913773711,0.0019516456554973
2026-03-25,70556.74,72026.09,70408.0,71336.53,17719.50066,0.0110519561986563,2156.22,2199.02,2146.35,2169.02,275641.5255,0.0059316492210941,91.7,2652534.798,0.0099118942731277,647.66,117518.94,0.0146639511201629,11,0.2802315829321742,0.8,,,,,,,,0.33,0.34,0.33,0.0226824882006455,0.0242828558519516,0.0110519561986563,0.0059316492210941
2026-03-26,71336.53,71436.82,68153.0,68820.31,20820.45768,-0.0352725314786127,2169.02,2172.19,2034.54,2060.43,338010.6238,-0.0500640842408093,86.53,3566192.736,-0.0563794983642311,628.86,94718.073,-0.0290275761973874,11,0.2802315829321742,0.8,,,,,,,,0.33,0.34,0.33,0.0477158559733312,0.0668064433152303,0.0352725314786127,0.0500640842408093
2026-03-27,68820.31,69179.05,65548.25,66407.28,28603.69557,-0.0350627598161066,2060.43,2077.19,1970.93,1992.75,394873.5248,-0.0328475124124575,83.11,2840562.07,-0.0395238645556454,613.95,131734.63,-0.0237095696975478,11,0.2802315829321742,0.8,,,,,,,,0.33,0.34,0.33,0.0546747284333886,0.0533232969514489,0.0350627598161066,0.0328475124124575
2026-03-28,66407.28,67288.94,65932.09,66377.03,11462.39847,-0.0004555223463451,1992.76,2047.45,1983.17,1994.74,154831.8055,0.0009986199974909,82.09,1667010.099,-0.0122728913488148,611.08,70087.882,-0.0046746477726199,11,0.2802315829321742,0.8,,,,,,,,0.33,0.34,0.33,0.0204415593767905,0.0322247510953808,0.0004555223463451,0.0009986199974909
2026-03-29,66377.04,67130.5,65000.0,66010.93,10052.85584,-0.0055154622013067,1994.74,2019.65,1938.82,1984.64,166726.7382,-0.0050633165224539,81.44,1624673.475,-0.0079181386283347,606.09,83411.719,-0.008165870262486,11,0.2802315829321742,0.8,,,,,,,,0.33,0.34,0.33,0.0322749581016355,0.0407277894227669,0.0055154622013067,0.0050633165224539
2026-03-30,66010.93,68169.65,65800.59,66797.37,18353.38975,0.0119137845808263,1984.65,2085.0,1980.28,2026.48,338304.4344,0.021081909061593,82.54,3025854.687,0.013506876227898,609.29,122880.083,0.0052797439324192,11,0.2802315829321742,0.8,,,,,,,,0.33,0.34,0.33,0.0354663664153244,0.0516758122458647,0.0119137845808263,0.021081909061593
2026-03-31,66797.38,68589.49,65998.05,68284.48,22105.40662,0.0222630022708978,2026.48,2124.03,2012.64,2105.43,421897.9023,0.0389591804508309,83.2,4272567.426,0.0079961230918341,617.43,139130.615,0.0133598122404765,11,0.2802315829321742,0.8,,,,,,,,0.33,0.34,0.33,0.0379506441287976,0.0529060571949673,0.0222630022708978,0.0389591804508309
2026-04-01,68284.49,69310.0,67578.75,68113.92,19020.1899,-0.002497785734035,2105.43,2167.85,2082.08,2140.35,399227.3779,0.0165856855844175,81.18,4676736.12,-0.0242788461538461,610.81,126557.565,-0.0107218632071651,11,0.2802315829321742,0.8,,,,,,,,0.33,0.34,0.33,0.0254169779099485,0.0400728852757726,0.002497785734035,0.0165856855844175
2026-04-02,68113.92,68653.38,65712.12,66901.99,20203.47916,-0.0177926920077422,2140.35,2159.37,2017.04,2057.17,346872.8323,-0.038862802812624,78.94,4210024.263,-0.0275930032027593,583.52,297618.319,-0.0446783778916519,11,0.2802315829321742,0.8,,,,,,,,0.33,0.34,0.33,0.0439637146817308,0.0691872815567016,0.0177926920077422,0.038862802812624
2026-04-03,66901.99,67370.42,66282.0,66964.3,11429.13131,0.0009313624303253,2057.18,2081.76,2040.66,2053.83,136266.6393,-0.0016235896887472,80.4,2230839.74,0.0184950595388904,588.31,76506.375,0.0082088017548669,11,0.2802315829321742,0.8,,,,,,,,0.33,0.34,0.33,0.0162537351992031,0.0200113933480376,0.0009313624303253,0.0016235896887472
2026-04-04,66964.29,67562.93,66775.91,67300.42,7373.51613,0.0050193909291964,2053.83,2084.0,2044.63,2065.52,86504.4406,0.0056918050666316,80.83,1562930.767,0.0053482587064674,593.36,59665.434,0.0085839098434499,11,0.2802315829321742,0.8,,,,,,,,0.33,0.34,0.33,0.0116941320722811,0.0190605755451411,0.0050193909291964,0.0056918050666316
2026-04-05,67300.42,69136.2,66611.66,69034.18,11733.46752,0.025761503420038,2065.51,2123.49,2021.5,2110.17,157353.3199,0.0216168325651653,81.89,1732438.558,0.0131139428430038,601.5,78031.95,0.0137184845624915,11,0.2802315829321742,0.8,,,,,,,,0.33,0.34,0.33,0.0365694211186399,0.0483325987953576,0.025761503420038,0.0216168325651653
2026-04-06,69034.18,70351.46,68300.0,68853.66,20281.61044,-0.0026149365430282,2110.17,2174.79,2087.5,2107.16,356054.2894,-0.0014264253590944,80.03,2730370.564,-0.0227133960190499,600.11,104959.549,-0.002310889443059,11,0.2802315829321742,0.8,,,,,,,,0.33,0.34,0.33,0.0297944945846016,0.0414254256914519,0.0026149365430282,0.0014264253590944
2026-04-07,68853.66,72761.0,67732.01,71924.22,23750.49661,0.0445954506993526,2107.16,2273.87,2060.24,2240.01,460094.8093,0.063046944702823,85.56,4312598.52,0.0690990878420592,620.1,163526.892,0.0333105597307159,11,0.2802315829321742,0.8,,,,,,,,0.33,0.34,0.33,0.0699206748436063,0.0953701099548663,0.0445954506993526,0.063046944702823
2026-04-08,71924.22,72857.0,70707.23,71069.93,19802.68627,-0.0118776401050996,2240.01,2270.55,2179.78,2190.0,404717.6321,-0.0223257931884233,82.57,2952758.548,-0.0349462365591398,601.16,162114.686,-0.03054346073214,11,0.2802315829321742,0.8,,,,,,,,0.33,0.34,0.33,0.0302486579063748,0.0414474885844748,0.0118776401050996,0.0223257931884233
2026-04-09,71069.93,73145.0,70466.0,71787.97,18158.42159,0.0101032884090361,2190.0,2246.0,2157.31,2190.2,275317.9503,9.13242009130677e-05,83.33,2775927.629,0.0092043114932784,603.03,107305.176,0.0031106527380397,11,0.2802315829321742,0.8,,,,,,,,0.33,0.34,0.33,0.0373182303385929,0.0404940188110675,0.0101032884090361,9.13242009130677e-05
2026-04-10,71787.98,73434.0,71426.15,72962.7,17372.63288,0.0163638838095017,2190.17,2257.99,2176.1,2245.05,272899.0858,0.0250433750342435,84.83,2186078.343,0.018000720028801,605.54,104265.932,0.0041623136494037,11,0.2802315829321742,0.8,,,,,,,,0.33,0.34,0.33,0.0275188555248093,0.0364758023206609,0.0163638838095017,0.0250433750342435
2026-04-11,72962.71,73790.0,72513.09,73043.16,9070.94374,0.0011027552434326,2245.06,2329.93,2229.0,2284.99,214785.4039,0.0177902496603636,84.93,1570901.883,0.0011788282447249,607.05,94267.47,0.0024936420385111,11,0.2802315829321742,0.8,,,,,,,,0.33,0.34,0.33,0.0174815821221316,0.0441708716449524,0.0011027552434326,0.0177902496603636
2026-04-12,73043.16,73137.24,70505.88,70740.98,13472.46801,-0.0315180778049581,2285.0,2288.57,2175.0,2191.65,258156.8821,-0.0408491940883766,81.53,2174791.866,-0.0400329683268574,592.19,103774.251,-0.0244790379705129,11,0.2802315829321742,0.8,,,,,,,,0.33,0.34,0.33,0.0371971097940684,0.0518194054707641,0.0315180778049581,0.0408491940883766
2026-04-13,70741.56,74900.0,70566.99,74417.99,24230.21625,0.0519784995910435,2191.64,2394.71,2175.68,2369.46,453870.8292,0.0811306549859693,86.51,2950390.415,0.0610818103765484,614.71,138504.5,0.0380283355004305,11,0.2802315829321742,0.8,,,,,,,,0.33,0.34,0.33,0.05822530277961,0.0924387835202958,0.0519784995910435,0.0811306549859693
2026-04-14,74418.0,76038.0,73795.47,74131.55,26532.94456,-0.0038490692909066,2369.46,2415.5,2302.9,2322.44,460107.3841,-0.0198441839068816,83.72,3532984.692,-0.0322506068662583,613.75,173382.031,-0.0015617120268094,11,0.2802315829321742,0.8,,,,,,,,0.33,0.34,0.33,0.0302506827389957,0.0484834915003185,0.0038490692909066,0.0198441839068816
2026-04-15,74131.55,75425.0,73514.0,74809.99,14425.04167,0.0091518388594329,2322.44,2385.61,2308.5,2359.95,268190.6377,0.0161511169287471,84.9,2602448.593,0.0140946010511229,622.59,114943.22,0.0144032586558044,11,0.2802315829321742,0.8,,,,,,,,0.33,0.34,0.33,0.025544716688239,0.032674421068243,0.0091518388594329,0.0161511169287471
2026-04-16,74809.99,75534.76,73309.85,75154.29,17088.68777,0.0046023265074621,2359.94,2369.59,2285.1,2348.17,328960.9377,-0.0049916311786265,89.05,3940291.341,0.0488810365135452,635.77,131546.701,0.021169630093641,11,0.2802315829321742,0.8,,,,,,,,0.33,0.34,0.33,0.0296045641572821,0.0359812109004033,0.0046023265074621,0.0049916311786265
2026-04-17,75154.28,78333.0,74529.4,77072.0,25941.36694,0.0255169731495035,2348.16,2464.91,2317.43,2419.0,491731.3615,0.0301639148783945,88.76,4237208.388,-0.0032565974171813,643.12,153486.838,0.0115607845604543,11,0.2802315829321742,0.8,,,,,,,,0.33,0.34,0.33,0.0493512559684451,0.0609673418768086,0.0255169731495035,0.0301639148783945
2026-04-18,77072.01,77420.08,75445.16,75691.76,9141.84456,-0.017908449242267,2419.0,2427.64,2339.92,2350.32,221741.3888,-0.0283918974782967,86.16,1893190.543,-0.0292924740874268,629.9,119665.359,-0.0205560393083716,11,0.2802315829321742,0.8,,,,,,,,0.33,0.34,0.33,0.0260916115571892,0.0373225773511691,0.017908449242267,0.0283918974782967
2026-04-19,75691.76,76240.66,73762.9,73801.79,11369.82232,-0.0249692965258041,2350.33,2355.3,2252.72,2263.27,256086.8276,-0.0370375097859015,83.47,2594849.065,-0.0312209842154131,616.06,100590.742,-0.0219717415462772,11,0.2802315829321742,0.8,,,,,,,,0.33,0.34,0.33,0.0335731694312564,0.0453238014023958,0.0249692965258041,0.0370375097859015
2026-04-20,73801.8,76558.62,73724.31,75840.97,16993.41034,0.027630495141107,2263.28,2346.78,2259.67,2313.85,301000.0659,0.0223481953103252,85.28,2300346.75,0.0216844375224631,629.26,92147.711,0.0214264844333345,11,0.2802315829321742,0.8,,,,,,,,0.33,0.34,0.33,0.0373717530247832,0.0376472113576939,0.027630495141107,0.0223481953103252
2026-04-21,75840.97,76927.57,74821.57,76336.15,14912.57132,0.0065291886430249,2313.84,2338.75,2284.19,2327.14,226645.977,0.0057436739633078,86.03,2111587.269,0.0087945590994371,631.72,105373.239,0.0039093538441981,11,0.2802315829321742,0.8,,,,,,,,0.33,0.34,0.33,0.0275885016469916,0.0234450871026237,0.0065291886430249,0.0057436739633078
2026-04-22,76336.14,79472.82,76132.95,78178.23,19737.51225,0.0241311619724076,2327.15,2423.75,2312.95,2374.07,379707.1259,0.0201663844891155,86.87,3154871.835,0.0097640358014645,637.47,134986.339,0.009102133856772,11,0.2802315829321742,0.8,,,,,,,,0.33,0.34,0.33,0.0427212281475291,0.0466709069235532,0.0241311619724076,0.0201663844891155
2026-04-23,78178.22,78662.5,76960.0,78257.48,16970.79501,0.0010137093152402,2374.08,2382.0,2285.42,2330.26,356645.6923,-0.01845354180795,86.12,2894663.239,-0.0086335904224703,638.54,98409.256,0.0016785103612717,11,0.2802315829321742,0.8,,,,,,,,0.33,0.34,0.33,0.0217551089046056,0.0414460188991786,0.0010137093152402,0.01845354180795
2026-04-24,78257.48,78581.93,77264.08,77437.13,12675.14315,-0.0104827040175583,2330.27,2337.5,2300.22,2314.99,183887.6181,-0.0065529168418976,86.18,1818574.663,0.0006967022758941,636.21,70625.818,-0.0036489491652832,11,0.2802315829321742,0.8,,,,,,,,0.33,0.34,0.33,0.0170183218308838,0.0161037412688608,0.0104827040175583,0.0065529168418976
2026-04-25,77437.13,77885.35,77140.23,77625.0,5685.1142,0.0024260971448708,2314.98,2323.21,2300.55,2319.5,68139.2191,0.0019481725623005,86.18,1033932.436,0.0,628.53,58918.337,-0.0120714858301504,11,0.2802315829321742,0.8,,,,,,,,0.33,0.34,0.33,0.0095989694041869,0.0097693468419917,0.0024260971448708,0.0019481725623005
2026-04-26,77625.0,78961.0,77326.51,78657.55,7963.56162,0.0133017713365539,2319.49,2380.0,2306.72,2369.44,154591.6219,0.0215305022634189,86.93,1453501.452,0.008702715247157,635.76,54446.34,0.0115030308815808,11,0.2802315829321742,0.8,,,,,,,,0.33,0.34,0.33,0.020779823424452,0.0309271389020191,0.0133017713365539,0.0215305022634189
2026-04-27,78657.55,79485.66,76459.64,77371.32,16046.92418,-0.0163522764184746,2369.45,2404.37,2266.09,2303.67,300363.8586,-0.0277576136133432,84.82,3009101.691,-0.0242724030829404,626.83,103945.488,-0.0140461809487856,11,0.2802315829321742,0.8,,,,,,,,0.33,0.34,0.33,0.0391103576880942,0.0600259585791366,0.0163522764184746,0.0277576136133432
2026-04-28,77371.32,77478.0,75666.6,76342.77,13210.72383,-0.0132936855672102,2303.66,2310.88,2258.24,2289.42,187932.2201,-0.0061857818177082,84.06,1664394.443,-0.0089601509078046,624.55,62347.742,-0.0036373498396695,11,0.2802315829321742,0.8,,,,,,,,0.33,0.34,0.33,0.0237271977424973,0.0229927230477589,0.0132936855672102,0.0061857818177082
2026-04-29,76342.78,77904.93,74937.52,75780.0,18279.93022,-0.0073716214384151,2289.42,2346.95,2220.36,2252.9,355078.1015,-0.0159516384062339,83.04,2576063.596,-0.0121341898643825,617.39,101813.172,-0.0114642542630694,11,0.2802315829321742,0.8,,,,,,,,0.33,0.34,0.33,0.0391582211665345,0.0561897998135734,0.0073716214384151,0.0159516384062339
2026-04-30,75780.0,76669.14,75323.65,76346.57,10381.81607,0.0074765109527581,2252.9,2279.0,2231.64,2257.51,167194.2776,0.0020462514980692,83.09,1372591.611,0.000602119460501,615.38,78612.445,-0.0032556406809309,11,0.2802315829321742,0.8,,,,,,,,0.33,0.34,0.33,0.0176234505361538,0.0209788660958313,0.0074765109527581,0.0020462514980692
2026-05-01,76346.58,78914.12,76320.42,78231.13,17315.46502,0.0246842785471566,2257.51,2325.28,2257.21,2295.63,191082.555,0.0168858609707154,83.76,1798067.959,0.0080635455530149,615.34,88053.74,-6.500048750357479e-05,11,0.2802315829321742,0.8,,,,,,,,0.33,0.34,0.33,0.0331543210484112,0.0296519909567309,0.0246842785471566,0.0168858609707154
2026-05-02,78231.13,79199.48,78040.0,78686.85,6150.87642,0.0058253025362153,2295.63,2343.6,2292.91,2316.97,85588.4724,0.0092959231234996,84.26,1027759.499,0.0059694364851958,618.03,51973.994,0.0043715669386028,11,0.2802315829321742,0.8,,,,,,,,0.33,0.34,0.33,0.0147353719204669,0.0218777109759729,0.0058253025362153,0.0092959231234996
2026-05-03,78686.84,79447.0,78084.08,78568.57,7425.7929,-0.0015031736560809,2316.97,2356.92,2297.59,2322.65,151074.4342,0.0024514775763173,83.91,1268647.522,-0.0041538096368384,617.27,72850.13,-0.00122971376794,11,0.2802315829321742,0.8,,,,,,,,0.33,0.34,0.33,0.0173468856566945,0.0255440983359524,0.0015031736560809,0.0024514775763173
2026-05-04,78568.58,80776.99,78202.0,79861.01,26042.96135,0.0164498348385364,2322.65,2398.93,2309.24,2347.16,453020.7985,0.0105526015542589,84.1,3469307.218,0.0022643308306518,622.63,206649.001,0.0086833962447552,11,0.2802315829321742,0.8,,,,,,,,0.33,0.34,0.33,0.0322433938664187,0.0382121372211523,0.0164498348385364,0.0105526015542589
2026-05-05,79861.01,81791.48,79808.72,80905.52,16947.17995,0.0130790982984063,2347.17,2399.5,2344.93,2360.77,286636.7312,0.0057984969069002,86.29,2478888.126,0.0260404280618313,630.42,147021.795,0.0125114433933475,11,0.2802315829321742,0.8,,,,,,,,0.33,0.34,0.33,0.0245071040888185,0.0231153394866929,0.0130790982984063,0.0057984969069002
2026-05-06,80905.53,82850.0,80731.14,81447.01,18798.77396,0.0066928684223275,2360.76,2423.74,2338.0,2350.84,420667.3161,-0.0042062547389198,89.16,3483256.03,0.0332599374203266,647.74,241695.256,0.0274737476602899,11,0.2802315829321742,0.8,,,,,,,,0.33,0.34,0.33,0.0260151968746305,0.0364720695581153,0.0066928684223275,0.0042062547389198
2026-05-07,81447.01,81708.32,79500.0,80006.0,16154.80338,-0.0176926077458213,2350.84,2352.3,2280.1,2291.06,469521.9378,-0.0254292082829967,88.42,2892180.501,-0.0082996859578285,637.02,144173.809,-0.0165498502485565,11,0.2802315829321742,0.8,,,,,,,,0.33,0.34,0.33,0.0276019298552609,0.031513797107016,0.0176926077458213,0.0254292082829967
2026-05-08,80006.0,80500.0,79181.48,80193.17,16001.31009,0.0023394495412842,2291.06,2321.22,2265.61,2307.06,421035.1582,0.0069836669489231,92.01,2644434.859,0.0406016738294503,649.36,107752.676,0.0193714483061757,11,0.2802315829321742,0.8,,,,,,,,0.33,0.34,0.33,0.0164417992205571,0.0241042712369854,0.0023394495412842,0.0069836669489231
2026-05-09,80193.18,81080.0,80129.85,80678.4,7548.42177,0.0060507646723528,2307.07,2338.37,2300.0,2326.44,230431.157,0.008400301682661,93.13,1974272.696,0.0121725899358764,649.75,98352.892,0.0006005913514846,11,0.2802315829321742,0.8,,,,,,,,0.33,0.34,0.33,0.0117770059892114,0.0164930107804198,0.0060507646723528,0.008400301682661
2026-05-10,80678.41,82479.32,80279.77,82210.07,12034.31882,0.0189848831905443,2326.43,2382.53,2311.83,2371.27,398122.8623,0.0192697855951582,96.47,2559168.995,0.0358638462364437,663.55,119277.217,0.0212389380530972,11,0.2802315829321742,0.8,,,,,,,,0.33,0.34,0.33,0.0267552381356688,0.0298152466821577,0.0189848831905443,0.0192697855951582
2026-05-11,82210.07,82380.0,80462.97,81745.65,12951.76056,-0.0056491862858164,2371.26,2374.92,2304.0,2339.87,236962.0552,-0.0132418493043812,97.37,3078049.965,0.009329325178812,670.6,183665.245,0.0106246703338106,11,0.2802315829321742,0.8,,,,,,,,0.33,0.34,0.33,0.0234511561165639,0.0303093761619235,0.0056491862858164,0.0132418493043812
2026-05-12,81745.66,81788.0,79843.59,80504.47,12386.25676,-0.015183437895472,2339.88,2340.85,2256.27,2274.96,252981.1082,-0.0277408573980605,94.28,2810037.359,-0.0317346205196672,664.95,161617.089,-0.0084252907843721,11,0.2802315829321742,0.8,,,,,,,,0.33,0.34,0.33,0.0241528203340759,0.0371786756690227,0.015183437895472,0.0277408573980605
2026-05-13,80504.47,81324.64,78754.65,79313.61,14810.05643,-0.0147924705298972,2274.97,2323.36,2234.13,2258.65,258455.7299,-0.0071693568238562,91.17,3192571.802,-0.0329868476877386,671.68,226062.768,0.0101210617339648,11,0.2802315829321742,0.8,,,,,,,,0.33,0.34,0.33,0.032402887726331,0.0395058995417616,0.0147924705298972,0.0071693568238562
2026-05-14,79313.61,82048.13,78922.0,81089.99,19727.86807,0.0223969127114502,2258.66,2319.33,2238.64,2283.25,256680.8359,0.0108914617138555,92.15,2709125.808,0.0107491499396732,678.27,159800.03,0.0098112196283945,11,0.2802315829321742,0.8,,,,,,,,0.33,0.34,0.33,0.0385513674375839,0.0353399759115296,0.0223969127114502,0.0108914617138555
2026-05-15,81090.0,81664.45,78659.0,79113.21,17351.27079,-0.0243776081363433,2283.26,2300.29,2205.11,2224.66,288536.5507,-0.0256607905398007,89.24,2675843.631,-0.0315789473684211,672.38,166504.371,-0.0086838574608931,11,0.2802315829321742,0.8,,,,,,,,0.33,0.34,0.33,0.0379892308756021,0.0427840658797298,0.0243776081363433,0.0256607905398007
2026-05-16,79113.2,79227.77,77640.0,78148.05,12132.86192,-0.0121997325099058,2224.65,2231.51,2162.55,2180.77,199288.5761,-0.0197288574433845,86.54,1963021.594,-0.0302554908112953,656.2,129778.336,-0.0240637734614354,11,0.2802315829321742,0.8,,,,,,,,0.33,0.34,0.33,0.0203174615361484,0.0316218583344415,0.0121997325099058,0.0197288574433845
2026-05-17,78148.05,78599.99,76735.16,77457.67,8442.7022,-0.0088342575406552,2180.77,2198.14,2091.48,2131.0,175116.8149,-0.0228222141720584,85.24,1914165.244,-0.0150219551652416,649.48,95811.952,-0.0102407802499238,11,0.2802315829321742,0.8,,,,,,,,0.33,0.34,0.33,0.0240754724483708,0.0500516189582355,0.0088342575406552,0.0228222141720584
2026-05-18,77457.67,77800.0,76051.0,77001.87,18745.51678,-0.0058845044009199,2131.0,2157.24,2077.23,2130.08,381878.3932,-0.000431722196152,85.38,2771861.344,0.0016424213984045,643.53,126181.22,-0.0091611750939213,11,0.2802315829321742,0.8,,,,,,,,0.33,0.34,0.33,0.0227137340950291,0.0375619695034927,0.0058845044009199,0.000431722196152
2026-05-19,77001.88,77414.62,76144.71,76834.36,11024.85978,-0.0021754017142699,2130.08,2146.95,2094.47,2111.93,186945.075,-0.0085208067302636,84.29,1662986.216,-0.0127664558444599,640.02,80953.937,-0.0054542911752365,11,0.2802315829321742,0.8,,,,,,,,0.33,0.34,0.33,0.0165278919483417,0.0248493084524581,0.0021754017142699,0.0085208067302636
2026-05-20,76834.36,77853.04,76516.74,77552.23,11296.26307,0.0093430855674465,2111.93,2149.0,2103.29,2129.44,189088.294,0.0082909944931888,86.17,2365152.438,0.0223039506465771,649.5,82942.653,0.0148120371238398,11,0.2802315829321742,0.8,,,,,,,,0.33,0.34,0.33,0.0172309680843476,0.0214657374708843,0.0093430855674465,0.0082909944931888
2026-05-21,77552.24,78200.0,76719.47,77615.52,11318.25841,0.0008160951658,2129.44,2157.5,2105.15,2133.76,232889.1117,0.002028702381847,87.36,2654321.9,0.0138099106417546,658.58,103055.678,0.0139799846035413,11,0.2802315829321742,0.8,,,,,,,,0.33,0.34,0.33,0.0190751798093989,0.0245341556688661,0.0008160951658,0.002028702381847
2026-05-22,77615.52,77900.0,75359.18,75539.5,11272.36134,-0.0267474855544355,2133.77,2141.39,2057.79,2065.85,221783.2548,-0.031826447210558,84.4,2208484.663,-0.0338827838827837,650.44,123907.62,-0.0123599259011812,11,0.2802315829321742,0.8,,,,,,,,0.33,0.34,0.33,0.0336356475751098,0.0404676041338915,0.0267474855544355,0.031826447210558
2026-05-23,75539.5,77404.18,74289.6,76752.01,15086.88814,0.0160513373797812,2065.86,2149.95,2009.3,2117.68,350546.2289,0.025088946438512,85.75,2973101.711,0.0159952606635069,656.26,113009.638,0.0089477891888567,11,0.2802315829321742,0.8,,,,,,,,0.33,0.34,0.33,0.0405797841646099,0.0664170224018737,0.0160513373797812,0.025088946438512
2026-05-24,76752.0,77543.15,76108.0,77064.96,8398.00156,0.0040774176467823,2117.69,2132.14,2063.0,2099.85,197748.7605,-0.0084195912508027,85.27,2086657.403,-0.005597667638484,656.57,73668.177,0.0004723737543048,11,0.2802315829321742,0.8,,,,,,,,0.33,0.34,0.33,0.0186226009849352,0.0329261613924803,0.0040774176467823,0.0084195912508027
2026-05-25,77064.96,77905.52,76914.25,77322.01,7672.32197,0.0033354977411264,2099.86,2141.98,2092.26,2113.01,166428.5979,0.0062671143176895,85.06,1562235.465,-0.0024627653336459,663.15,114244.753,0.0100217798559176,11,0.2802315829321742,0.8,,,,,,,,0.33,0.34,0.33,0.0128200236905378,0.0235304139592334,0.0033354977411264,0.0062671143176895
2026-05-26,77322.01,78080.0,75677.97,75930.01,16953.47629,-0.0180026359894162,2113.01,2140.49,2055.06,2073.77,282553.3096,-0.0185706645969494,83.72,2358777.43,-0.0157535857042088,656.43,122333.282,-0.0101334539696901,11,0.2802315829321742,0.8,,,,,,,,0.33,0.34,0.33,0.0316347910398009,0.0411955038408308,0.0180026359894162,0.0185706645969494
2026-05-27,75930.01,76174.15,74243.99,74449.3,16877.77483,-0.019500985183592,2073.77,2097.4,2016.0,2024.84,267963.1573,-0.0235947091528955,82.44,2119456.363,-0.0152890587673196,648.84,101737.594,-0.0115625428453908,11,0.2802315829321742,0.8,,,,,,,,0.33,0.34,0.33,0.0259258314047276,0.0402007072163727,0.019500985183592,0.0235947091528955
2026-05-28,74449.31,74590.77,72582.82,73617.51,21274.02026,-0.0111725697891048,2024.83,2030.0,1967.0,2009.9,363834.9211,-0.0073783607593685,82.11,2306915.48,-0.0040029112081513,638.24,145257.685,-0.0163368472967141,11,0.2802315829321742,0.8,,,,,,,,0.33,0.34,0.33,0.027275440313045,0.0313448430270162,0.0111725697891048,0.0073783607593685
2026-05-29,73617.52,74514.1,72512.49,73460.78,18686.74141,-0.0021289771957785,2009.89,2046.59,1976.48,2014.54,283145.695,0.0023085725657991,82.04,2064277.646,-0.0008525149190109,643.1,115255.263,0.007614690398596,11,0.2802315829321742,0.8,,,,,,,,0.33,0.34,0.33,0.0272473284383857,0.0348019895360727,0.0021289771957785,0.0023085725657991
2026-05-30,73460.78,74143.76,73216.0,73884.38,7515.40909,0.0057663422577327,2014.54,2032.0,2002.0,2022.44,97977.5349,0.0039214907621591,82.73,1018490.244,0.008410531448074,718.74,566380.966,0.1176177888353289,11,0.2802315829321742,0.8,,,,,,,,0.33,0.34,0.33,0.0125569166310929,0.014833567374063,0.0057663422577327,0.0039214907621591
2026-05-31,73884.38,74275.66,73400.0,73674.39,6986.45707,-0.0028421433596654,2022.44,2038.0,1993.75,2007.01,163735.4958,-0.0076293981527264,82.44,993880.666,-0.0035053789435514,710.55,380165.732,-0.0113949411470073,11,0.2802315829321742,0.8,,,,,,,,0.33,0.34,0.33,0.011885541230813,0.0220477227318249,0.0028421433596654,0.0076293981527264
2026-06-01,73674.39,74092.0,70686.68,71408.9,23921.09184,-0.0307500340348932,2007.02,2021.5,1956.04,2006.73,374428.2839,-0.0001395110138963,81.28,2309147.396,-0.0140708393983502,693.1,533342.526,-0.024558440644571,11,0.2802315829321742,0.8,,,,,,,,0.33,0.34,0.33,0.0476876131686667,0.0326202329162368,0.0307500340348932,0.0001395110138963
2026-06-02,71408.9,71408.9,66193.0,66760.83,32858.19586,-0.065090906035522,2006.73,2006.78,1839.02,1859.84,556885.5418,-0.0731986864201961,74.23,3642536.917,-0.0867372047244093,650.69,310137.34,-0.0611888616361274,11,0.2802315829321742,0.8,,,,,,,,0.33,0.34,0.33,0.078128147897502,0.0902013076393668,0.065090906035522,0.0731986864201961
2026-06-03,66760.84,67516.0,64092.49,64142.75,30138.3065,-0.0392158096296886,1859.84,1893.07,1769.62,1813.05,584760.4818,-0.0251580781142464,71.61,3655245.68,-0.0352957025461404,620.63,300913.443,-0.0461971138330081,11,0.2802315829321742,0.8,,,,,,,,0.33,0.34,0.33,0.0533732962805617,0.0680896831306362,0.0392158096296886,0.0251580781142464
2026-06-04,64142.75,64764.32,61383.56,63885.99,43577.17571,-0.004002946552806,1813.05,1820.5,1717.28,1770.77,648306.1051,-0.0233198201924933,68.88,4928249.49,-0.0381231671554253,604.53,401431.765,-0.0259413821439505,11,0.2802315829321742,0.8,,,,,,,,0.33,0.34,0.33,0.0529186446042395,0.0582910259378688,0.004002946552806,0.0233198201924933
2026-06-05,63885.99,63978.0,59130.91,61056.47,55027.28807,-0.0442901487477926,1770.76,1774.99,1540.19,1583.4,1257013.1608,-0.105812725537478,63.64,7041593.488,-0.076074332171893,572.22,534838.035,-0.0534464790829238,11,0.2802315829321742,0.8,,,,,,,,0.33,0.34,0.33,0.079387000263854,0.1482884931160792,0.0442901487477926,0.105812725537478
2026-06-06,61056.47,61530.05,59500.0,60884.62,19795.58877,-0.0028146075264422,1583.4,1601.22,1505.68,1569.69,558458.3672,-0.0086585827965138,62.2,3570841.056,-0.0226272784412319,574.53,226190.523,0.0040369088811993,11,0.2802315829321742,0.8,,,,,,,,0.33,0.34,0.33,0.0333425748571643,0.0608655212175652,0.0028146075264422,0.0086585827965138
2026-06-07,60884.62,64234.68,60746.0,63332.01,26612.10443,0.0401971795175859,1569.68,1721.93,1564.1,1690.51,458280.5909,0.0769706120316751,66.5,2941571.373,0.0691318327974275,604.44,192844.362,0.0520599446504099,11,0.2802315829321742,0.8,,,,,,,,0.33,0.34,0.33,0.0550855720511633,0.0933623581049506,0.0401971795175859,0.0769706120316751
2026-06-08,63332.01,64200.0,62408.0,63085.99,23053.38624,-0.0038846074836406,1690.5,1714.5,1645.0,1690.49,480027.3121,-1.1830749300445476e-05,66.82,3058995.367,0.0048120300751879,601.86,121475.506,-0.0042684137383364,11,0.2802315829321742,0.8,,,,,,,,0.33,0.34,0.33,0.0284056729552789,0.0411123402090518,0.0038846074836406,1.1830749300445476e-05
2026-06-09,63086.0,63526.01,60780.0,61730.0,21636.21959,-0.0214943127626275,1690.48,1696.88,1614.02,1639.52,384147.2349,-0.0301510213015161,64.96,3082150.311,-0.0278359772523196,593.44,134636.725,-0.0139899644435582,11,0.2802315829321742,0.8,,,,,,,,0.33,0.34,0.33,0.0444842054106593,0.0505391821996682,0.0214943127626275,0.0301510213015161
2026-06-10,61730.0,62857.99,60755.0,61510.99,15998.71652,-0.0035478697553863,1639.52,1667.96,1603.44,1621.59,290791.2819,-0.0109361276471162,63.19,2937917.561,-0.0272475369458127,586.53,114846.002,-0.0116439741170127,11,0.2802315829321742,0.8,,,,,,,,0.33,0.34,0.33,0.0341888498299246,0.0397881092014627,0.0035478697553863,0.0109361276471162
2026-06-11,61510.99,63933.02,61510.99,63625.99,17380.94642,0.0343840994918143,1621.6,1693.59,1621.6,1673.46,278507.7204,0.0319871237489131,66.93,2881561.031,0.0591865801550879,605.76,115805.929,0.0327860467495269,11,0.2802315829321742,0.8,,,,,,,,0.33,0.34,0.33,0.0380666768407061,0.0430186559583139,0.0343840994918143,0.0319871237489131
2026-06-12,63626.0,64394.44,62829.81,63580.01,16397.0524,-0.0007226606611543,1673.46,1691.07,1652.09,1666.41,201888.0102,-0.0042128285109891,66.82,2839586.683,-0.0016435081428359,603.83,105336.327,-0.0031860802958266,11,0.2802315829321742,0.8,,,,,,,,0.33,0.34,0.33,0.0246088353870973,0.0233916023067552,0.0007226606611543,0.0042128285109891
2026-06-13,63580.0,64762.77,63418.66,64458.01,9960.74163,0.0138093718450185,1666.42,1697.28,1662.2,1681.18,106751.6077,0.0088633649582035,68.94,1525014.5,0.0317270278359773,609.65,73491.153,0.0096384744050477,11,0.2802315829321742,0.8,,,,,,,,0.33,0.34,0.33,0.0208524898612289,0.0208662962918901,0.0138093718450185,0.0088633649582035
2026-06-14,64458.01,65800.0,63678.83,65746.45,13203.03375,0.0199888268347099,1681.19,1732.28,1654.9,1725.62,178009.9541,0.0264338143446862,71.28,1851821.931,0.0339425587467363,616.79,122027.611,0.0117116378249815,11,0.2802315829321742,0.8,,,,,,,,0.33,0.34,0.33,0.0322628826347277,0.044841853942351,0.0199888268347099,0.0264338143446862
2026-06-15,65746.45,67292.15,65354.0,66328.74,18559.80102,0.008856599862046,1725.63,1849.54,1709.66,1796.13,464135.2553,0.0408606761627705,73.98,3102777.468,0.0378787878787878,617.87,170537.642,0.0017510011511212,11,0.2802315829321742,0.8,,,,,,,,0.33,0.34,0.33,0.0292203651086994,0.0778785499935972,0.008856599862046,0.0408606761627705
2026-06-16,66328.74,66992.0,65360.92,65675.01,14302.05801,-0.0098559086151795,1796.14,1839.77,1758.0,1792.99,353577.549,-0.0017482030810688,73.52,2185905.595,-0.0062178967288457,604.94,192189.417,-0.0209267321604867,11,0.2802315829321742,0.8,,,,,,,,0.33,0.34,0.33,0.0248356262145982,0.0456053854176543,0.0098559086151795,0.0017482030810688
2026-06-17,65675.02,66445.93,63915.77,64509.4,19048.65409,-0.0177481510851691,1793.0,1810.21,1725.34,1750.6,334498.0575,-0.023642072738833,72.05,2443239.391,-0.0199945593035908,601.63,169384.189,-0.0054716170198698,11,0.2802315829321742,0.8,,,,,,,,0.33,0.34,0.33,0.0392215708098354,0.0484805209642409,0.0177481510851691,0.023642072738833
2026-06-18,64509.4,64806.0,62272.07,62958.01,16935.59661,-0.0240490533162608,1750.61,1762.99,1671.79,1711.11,312480.9656,-0.0225579801211013,69.71,2263712.329,-0.0324774462179042,578.48,151568.812,-0.0384787992620048,11,0.2802315829321742,0.8,,,,,,,,0.33,0.34,0.33,0.0402479366803366,0.0532987359082701,0.0240490533162608,0.0225579801211013
2026-06-19,62958.01,63666.0,62316.44,63543.91,14247.424,0.0093062026579302,1711.11,1719.51,1679.11,1711.19,165078.1984,4.675327711267663e-05,69.74,1884570.868,0.0004303543250609,581.42,94343.191,0.0050822846079379,11,0.2802315829321742,0.8,,,,,,,,0.33,0.34,0.33,0.0212382272353085,0.0236093011296232,0.0093062026579302,4.675327711267663e-05
2026-06-20,63543.9,64388.0,63184.21,64298.01,9522.10324,0.0118673843016585,1711.18,1749.55,1704.06,1741.08,159791.8211,0.0174673765040702,73.22,2267614.627,0.0498996271866933,588.03,84540.17,0.0113687179663581,11,0.2802315829321742,0.8,,,,,,,,0.33,0.34,0.33,0.0187220413197858,0.0261274611160888,0.0118673843016585,0.0174673765040702
2026-06-21,64298.01,64588.0,63270.0,63311.99,8034.66333,-0.0153351557847591,1741.08,1741.45,1702.0,1706.94,123762.4689,-0.0196085188503686,72.46,2122685.618,-0.010379677683693,584.23,63361.252,-0.006462255327109,11,0.2802315829321742,0.8,,,,,,,,0.33,0.34,0.33,0.0208175418273853,0.023111532918556,0.0153351557847591,0.0196085188503686
2026-06-22,63312.0,65622.83,63312.0,64020.01,15423.10851,0.0111830318396246,1706.94,1779.9,1706.94,1728.19,262657.182,0.012449178061326,71.95,2567224.067,-0.0070383659950316,590.15,105431.63,0.0101329955668143,11,0.2802315829321742,0.8,,,,,,,,0.33,0.34,0.33,0.0360954332871863,0.0422175802429131,0.0111830318396246,0.012449178061326
2026-06-23,64020.01,64275.38,61938.0,62734.57,20222.99292,-0.0200787222619928,1728.19,1736.25,1635.65,1667.13,248262.012,-0.035331763289916,69.71,2202519.285,-0.0311327310632384,578.08,108854.882,-0.020452427348979,11,0.2802315829321742,0.8,,,,,,,,0.33,0.34,0.33,0.037258245334271,0.0603432245835657,0.0200787222619928,0.035331763289916
2026-06-24,62734.57,63239.06,59102.7,61077.99,30678.28543,-0.0264061744585162,1667.13,1693.67,1552.95,1622.17,355728.3403,-0.0269685027562337,68.11,3368667.529,-0.0229522306699181,564.67,160907.998,-0.0231974813174647,11,0.2802315829321742,0.8,,,,,,,,0.33,0.34,0.33,0.0677225953244368,0.0867479980519921,0.0264061744585162,0.0269685027562337
2026-06-25,61078.0,61962.4,58115.01,59794.0,30386.00694,-0.0210221390717015,1622.18,1660.54,1532.9,1567.84,440671.005,-0.0334921740631377,67.72,3716901.281,-0.0057260314197621,560.62,156267.916,-0.007172330741849,11,0.2802315829321742,0.8,,,,,,,,0.33,0.34,0.33,0.0643440813459544,0.0814113685069904,0.0210221390717015,0.0334921740631377
2026-06-26,59794.64,60759.99,58337.0,60097.27,27403.55723,0.0050719135699233,1567.86,1594.7,1512.0,1578.68,423691.4393,0.0069139708133483,71.9,4422868.716,0.0617247489663319,567.64,186203.407,0.012521850808034,11,0.2802315829321742,0.8,,,,,,,,0.33,0.34,0.33,0.0403178047854752,0.0523855372843135,0.0050719135699233,0.0069139708133483
2026-06-27,60097.27,60941.17,59855.16,60029.0,9587.22916,-0.0011359917014532,1578.68,1611.02,1562.86,1573.99,131592.3598,-0.0029708363949628,70.5,1921832.56,-0.0194714881780251,557.2,81411.91,-0.0183919385526036,11,0.2802315829321742,0.8,,,,,,,,0.33,0.34,0.33,0.018091422479135,0.0305973989669566,0.0011359917014532,0.0029708363949628
2026-06-28,60029.01,60545.01,58905.0,59577.01,8907.13796,-0.0075295273950923,1574.0,1588.82,1548.37,1571.96,140181.1417,-0.001289715944828,71.38,1709274.918,0.012482269503546,551.07,76867.857,-0.0110014357501794,11,0.2802315829321742,0.8,,,,,,,,0.33,0.34,0.33,0.0275275647435143,0.0257322069263849,0.0075295273950923,0.001289715944828
2026-06-29,59577.01,60780.57,58900.01,60260.21,20203.14178,0.0114675107058914,1571.96,1637.58,1550.43,1613.07,309968.9748,0.0261520649380391,75.16,3861722.1,0.0529560100868591,559.52,105794.124,0.0153338051427223,11,0.2802315829321742,0.8,,,,,,,,0.33,0.34,0.33,0.0312073256963425,0.0540274135654372,0.0114675107058914,0.0261520649380391
2026-06-30,60260.2,60276.54,58201.0,58624.71,19639.82787,-0.0271406289490195,1613.07,1614.41,1550.2,1572.01,222057.2042,-0.0254545679976689,73.67,2668784.103,-0.0198243746673761,546.52,106315.52,-0.0232342007434944,11,0.2802315829321742,0.8,,,,,,,,0.33,0.34,0.33,0.0354038425094128,0.0408457961463349,0.0271406289490195,0.0254545679976689
2026-07-01,58624.71,61334.0,57800.19,60024.0,25093.44662,0.0238686042114324,1572.0,1646.26,1552.92,1609.58,306536.311,0.0238993390627286,77.46,3613325.296,0.0514456359440749,550.44,162073.172,0.0071726560784601,11,0.2802315829321742,0.8,,,,,,,,0.33,0.34,0.33,0.0588732840197254,0.0579902831794629,0.0238686042114324,0.0238993390627286
2026-07-02,60024.0,62200.0,59588.0,61560.0,21382.14163,0.0255897640943623,1609.59,1725.0,1597.22,1700.57,373453.5082,0.0565302749785658,80.73,3740503.81,0.0422153369481024,558.96,152316.814,0.0154785262698931,11,0.2802315829321742,0.8,,,,,,,,0.33,0.34,0.33,0.0424301494476933,0.075139512045961,0.0255897640943623,0.0565302749785658
2026-07-03,61560.0,62979.86,61248.86,62583.26,14048.98627,0.0166221572449642,1700.57,1775.78,1694.72,1758.21,244416.868,0.0338945177205289,82.34,1769217.383,0.0199430199430199,573.81,104658.991,0.0265671962215541,11,0.2802315829321742,0.8,,,,,,,,0.33,0.34,0.33,0.0276591535819642,0.0461037077482211,0.0166221572449642,0.0338945177205289
2026-07-04,62583.26,63461.99,62328.24,63144.01,9139.8274,0.0089600637614595,1758.22,1807.65,1744.09,1780.64,190880.1497,0.0127572929286035,81.8,1853790.462,-0.0065581734272529,575.37,96714.134,0.0027186699430126,11,0.2802315829321742,0.8,,,,,,,,0.33,0.34,0.33,0.0179549889213561,0.0356950310000899,0.0089600637614595,0.0127572929286035
2026-07-05,63144.01,63999.0,62436.59,63650.0,9172.07758,0.0080132699839621,1780.64,1808.0,1748.79,1785.65,389673.4191,0.0028135951118699,81.59,1405482.139,-0.0025672371638141,589.87,132836.834,0.0252011748961538,11,0.2802315829321742,0.8,,,,,,,,0.33,0.34,0.33,0.02454689709348,0.0331587937165738,0.0080132699839621,0.0028135951118699
2026-07-06,63650.01,64700.0,61306.84,64042.02,21435.28437,0.0061589945011781,1785.65,1833.4,1728.95,1799.56,305879.3304,0.0077898804356955,81.94,2393607.64,0.0042897413898761,586.01,140805.495,-0.0065438147388408,11,0.2802315829321742,0.8,,,,,,,,0.33,0.34,0.33,0.052983338127061,0.0580419658138656,0.0061589945011781,0.0077898804356955
2026-07-07,64042.93,64314.0,62671.39,63363.99,16834.20823,-0.010587267547151,1799.56,1813.16,1757.57,1771.45,241536.7253,-0.0156204850074461,80.58,1858989.517,-0.0165975103734439,576.82,93068.489,-0.0156823262401664,11,0.2802315829321742,0.8,,,,,,,,0.33,0.34,0.33,0.0259233990788774,0.0313810720031613,0.010587267547151,0.0156204850074461
2026-07-08,63364.0,63761.99,61544.56,62290.0,18620.09796,-0.0169495323763544,1771.45,1785.0,1713.44,1743.54,225231.2254,-0.0157554545711141,77.83,2171403.36,-0.0341275750806652,568.66,99416.988,-0.0141465275129157,11,0.2802315829321742,0.8,,,,,,,,0.33,0.34,0.33,0.0355984909295232,0.0410429356366931,0.0169495323763544,0.0157554545711141
2026-07-09,62290.01,63500.0,61705.29,63230.0,16742.80672,0.0150907047680206,1743.55,1762.36,1721.93,1745.16,173705.2572,0.000929144154995,78.04,1458437.834,0.0026981883592445,568.72,85621.609,0.0001055112017727,11,0.2802315829321742,0.8,,,,,,,,0.33,0.34,0.33,0.0283838367863355,0.0231669302528134,0.0150907047680206,0.000929144154995
2026-07-10,63230.01,64692.83,62926.01,64161.72,17589.00122,0.0147354104064525,1745.17,1812.0,1737.68,1796.85,215605.8045,0.0296190607164958,78.13,1853732.075,0.0011532547411583,575.43,87506.374,0.0117984245322828,11,0.2802315829321742,0.8,,,,,,,,0.33,0.34,0.33,0.0275369799936784,0.0413612711133372,0.0147354104064525,0.0296190607164958
2026-07-11,64161.72,64504.11,63819.0,63819.0,9151.97432,-0.0053415026903892,1796.85,1830.0,1786.58,1787.76,178703.4183,-0.0050588529927372,76.79,1341468.467,-0.0171509023422499,574.65,65716.339,-0.0013555080548458,11,0.2802315829321742,0.8,,,,,,,,0.33,0.34,0.33,0.0107352042495181,0.0242873763816172,0.0053415026903892,0.0050588529927372
2026-07-12,63819.01,64290.11,63640.83,63780.0,13914.83703,-0.0006111032764537,1787.76,1826.92,1779.46,1806.8,141072.9835,0.0106501991318745,76.92,1107014.96,0.0016929287667664,573.91,81716.052,-0.0012877403636996,11,0.2802315829321742,0.8,,,,,,,,0.33,0.34,0.33,0.0101799937284415,0.026267434137702,0.0006111032764537,0.0106501991318745
2026-07-13,63780.0,64425.0,61824.97,62334.52,21682.50204,-0.0226635308874255,1806.8,1846.0,1750.2,1776.72,295031.6198,-0.0166482178437015,75.01,1598648.362,-0.0248309932397295,567.49,76725.123,-0.0111864229583035,11,0.2802315829321742,0.8,,,,,,,,0.33,0.34,0.33,0.0417109171611492,0.05391958215138,0.0226635308874255,0.0166482178437015
2026-07-14,62334.52,65100.0,62272.2,65043.98,20552.41384,0.0434664452377271,1776.71,1896.14,1773.41,1891.87,368913.772,0.0648104372101399,77.87,1797979.602,0.0381282495667243,581.87,123235.186,0.0253396535621772,11,0.2802315829321742,0.8,,,,,,,,0.33,0.34,0.33,0.0434751993958549,0.0648723220940128,0.0434664452377271,0.0648104372101399
2026-07-15,65043.99,65600.0,64485.0,64756.28,18401.89741,-0.004423161067327,1891.87,1946.52,1864.38,1917.86,319800.9693,0.0137377303937373,77.29,1789391.588,-0.0074483112880441,580.55,112895.857,-0.0022685479574475,11,0.2802315829321742,0.8,,,,,,,,0.33,0.34,0.33,0.0172184072340165,0.0428289864745079,0.004423161067327,0.0137377303937373
2026-07-16,64756.28,64997.52,63748.74,63830.2,18764.52679,-0.0143010067903839,1917.86,1929.48,1857.54,1864.71,271689.0863,-0.02771318031556,75.32,1525454.678,-0.0254884202354769,572.45,86349.243,-0.0139522866247522,11,0.2802315829321742,0.8,,,,,,,,0.33,0.34,0.33,0.0195640934855287,0.0385797255337291,0.0143010067903839,0.02771318031556
2026-07-17,63830.2,64387.99,62537.56,63931.67,18189.89389,0.0015896863866946,1864.71,1871.08,1803.05,1841.93,253027.7556,-0.0122163768092625,75.04,1361493.075,-0.0037174721189588,568.09,142665.191,-0.0076163857105424,11,0.2802315829321742,0.8,,,,,,,,0.33,0.34,0.33,0.0289438708546171,0.0369340854429864,0.0015896863866946,0.0122163768092625
2026-07-18,63931.67,64865.0,63886.65,64834.22,8031.18012,0.0141174162977442,1841.94,1867.58,1837.58,1862.61,92597.9232,0.0112273539168155,75.52,651011.695,0.0063965884861405,570.65,62539.543,0.0045063282226407,11,0.2802315829321742,0.8,,,,,,,,0.33,0.34,0.33,0.0150900249898895,0.0161064312980173,0.0141174162977442,0.0112273539168155
2026-07-19,64834.21,64967.25,64280.0,64722.54,8379.91474,-0.0017225471363733,1862.61,1879.38,1851.71,1872.23,143922.6662,0.0051647956362308,76.38,1176910.446,0.0113877118644067,571.06,55097.203,0.0007184789275387,11,0.2802315829321742,0.8,,,,,,,,0.33,0.34,0.33,0.0106184028006317,0.0147791670895136,0.0017225471363733,0.0051647956362308
2026-07-20,64722.55,65799.0,63100.0,65255.51,21323.48702,0.0082346891824702,1872.24,1918.16,1843.14,1904.77,271195.633,0.0173803432270607,77.85,1867200.851,0.0192458758837392,571.27,102746.807,0.0003677371904879,11,0.2802315829321742,0.8,,,,,,,,0.33,0.34,0.33,0.0413604920105597,0.0393853326123363,0.0082346891824702,0.0173803432270607
2026-07-21,65255.51,66956.15,65148.75,66556.16,18618.28087,0.0199316502162039,1904.77,1953.0,1900.74,1930.09,326965.6779,0.0132929435049899,78.12,1283561.32,0.0034682080924857,573.95,102980.464,0.0046913018362597,11,0.2802315829321742,0.8,,,,,,,,0.33,0.34,0.33,0.0271560138084888,0.0270764575745172,0.0199316502162039,0.0132929435049899
2026-07-22,66556.15,66739.89,65553.67,66114.49,18074.86602,-0.0066360499163412,1930.09,1956.45,1910.68,1934.25,251140.8253,0.0021553399064293,77.97,1424652.173,-0.0019201228878649,571.08,84883.996,-0.0050004355780119,11,0.2802315829321742,0.8,,,,,,,,0.33,0.34,0.33,0.0179419065321384,0.0236629184438412,0.0066360499163412,0.0021553399064293
2026-07-23,66114.5,66313.14,64650.0,65098.97,14698.22673,-0.0153600216835977,1934.26,1941.5,1869.44,1878.38,219789.0733,-0.0288845805867906,75.88,1346651.926,-0.0268051814800565,567.41,70606.245,-0.006426420116271,11,0.2802315829321742,0.8,,,,,,,,0.33,0.34,0.33,0.0255478696513938,0.0383628445788391,0.0153600216835977,0.0288845805867906
2026-07-24,65098.98,65808.59,63739.75,64139.99,16821.2718,-0.0147311086488772,1878.38,1909.8,1848.09,1861.44,200795.4361,-0.0090184094805098,73.96,1450088.265,-0.0253031101739589,564.9,92488.873,-0.0044236090305069,11,0.2802315829321742,0.8,,,,,,,,0.33,0.34,0.33,0.0322550720697024,0.0331517534811758,0.0147311086488772,0.0090184094805098
2026-07-25,64140.0,64475.28,63810.0,64375.0,8863.0503,0.0036640167857837,1861.44,1877.07,1851.22,1874.89,88434.488,0.0072255887914733,74.52,726815.749,0.0075716603569497,568.94,53397.275,0.0071517082669501,11,0.2802315829321742,0.8,,,,,,,,0.33,0.34,0.33,0.0103344466019417,0.0137874755318978,0.0036640167857837,0.0072255887914733
2026-07-26,64375.01,65577.0,64293.81,65399.99,7933.06089,0.0159221747572815,1874.88,1967.36,1873.85,1954.72,153233.6949,0.0425784979385457,76.76,892413.373,0.0300590445517983,575.32,65829.015,0.0112138362568987,11,0.2802315829321742,0.8,,,,,,,,0.33,0.34,0.33,0.0196206452019335,0.0478380535319636,0.0159221747572815,0.0425784979385457
2026-07-27,65400.0,65744.6,63605.56,63755.86,14791.90543,-0.0251396062904596,1954.72,1981.24,1882.49,1892.53,342451.48,-0.0318152983547516,74.2,1608273.931,-0.0333507034914017,566.28,80438.84,-0.0157129945074047,11,0.2802315829321742,0.8,,,,,,,,0.33,0.34,0.33,0.0335504846142771,0.0521788293976845,0.0251396062904596,0.0318152983547516
2026-07-28,63755.86,64100.0,62742.47,63915.0,13889.82996,0.0024960842815076,1892.53,1929.67,1856.88,1922.23,289225.1629,0.0156932783099872,73.83,1697225.448,-0.0049865229110512,571.29,85096.072,0.008847213392668,11,0.2802315829321742,0.8,,,,,,,,0.33,0.34,0.33,0.021239615113823,0.0378674768367989,0.0024960842815076,0.0156932783099872
2026-07-29,63915.0,64744.81,63267.34,63984.28,16780.11912,0.0010839396072908,1922.22,1935.68,1872.0,1910.72,298562.344,-0.0059878370434339,73.68,1597653.875,-0.002031694433157,571.99,73479.164,0.0012252971345552,11,0.2802315829321742,0.8,,,,,,,,0.33,0.34,0.33,0.0230911405113881,0.0333277507955116,0.0010839396072908,0.0059878370434339
2026-07-30,63984.29,65176.6,63603.92,64780.02,17131.58486,0.0124364922133999,1910.72,1936.99,1893.99,1918.31,176531.6818,0.0039723245687488,74.51,1218863.451,0.0112649294245386,591.99,143197.779,0.0349656462525569,11,0.2802315829321742,0.8,,,,,,,,0.33,0.34,0.33,0.0242772385683116,0.0224155636992978,0.0124364922133999,0.0039723245687488
2026-07-31,64780.03,65409.56,62466.0,62887.88,20475.60686,-0.0292086973730479,1918.32,1936.15,1848.7,1862.6,242904.7865,-0.0290411872950669,72.87,1337998.051,-0.0220104683935041,587.01,118480.803,-0.0084123042618963,11,0.2802315829321742,0.8,,,,,,,,0.33,0.34,0.33,0.0468064752699565,0.0469504993020509,0.0292086973730479,0.0290411872950669
2026-08-01,62887.88,63150.0,62275.0,62823.64,7563.08904,-0.0010215004862621,1862.6,1875.45,1822.06,1844.94,108886.9878,-0.0094813701277782,71.95,1111519.095,-0.0126252229998627,575.13,105246.302,-0.0202381560791128,11,0.2802315829321742,0.8,,,,,,,,0.33,0.34,0.33,0.0139278781044842,0.0289386104697172,0.0010215004862621,0.0094813701277782
2026-08-02,62823.65,63796.33,62806.58,63570.0,8387.01154,0.0118802412595004,1844.95,1898.5,1843.67,1885.36,123655.0632,0.0219085715524622,73.63,845346.938,0.0233495482974286,588.46,77728.453,0.0231773685949263,11,0.2802315829321742,0.8,,,,,,,,0.33,0.34,0.33,0.0155694509988988,0.0290819790384859,0.0118802412595004,0.0219085715524622
2026-08-03,63570.01,64080.0,62300.0,63520.0,15543.29743,-0.0007865345288657,1885.36,1885.95,1828.62,1860.5,175607.0099,-0.0131858106674587,73.56,1227842.329,-0.0009506994431616,589.35,86837.856,0.0015124222546987,11,0.2802315829321742,0.8,,,,,,,,0.33,0.34,0.33,0.0280226700251889,0.0308142972319269,0.0007865345288657,0.0131858106674587
2026-08-04,63520.0,64549.16,63322.01,64106.56,13690.47909,0.0092342569269521,1860.5,1882.44,1848.38,1869.75,185254.5452,0.0049717817790917,73.75,1198568.943,0.0025829255029907,593.18,72215.24,0.0064986849919401,11,0.2802315829321742,0.8,,,,,,,,0.33,0.34,0.33,0.0191423467426734,0.018216339082765,0.0092342569269521,0.0049717817790917
2026-08-05,64106.55,65025.22,63880.0,64665.23,12742.85528,0.0087147087599148,1869.74,1928.0,1855.5,1908.9,238330.3269,0.0209386281588448,74.04,1549828.637,0.0039322033898305,593.85,134610.256,0.0011295053777944,11,0.2802315829321742,0.8,,,,,,,,0.33,0.34,0.33,0.0177099810825694,0.0379799884750379,0.0087147087599148,0.0209386281588448
2026-08-06,64665.24,64999.0,64172.0,64323.61,9864.43284,-0.0052829008726946,1908.91,1920.51,1892.04,1904.1,177529.7135,-0.0025145371680026,72.7,1276204.923,-0.0180983252296056,592.39,75644.298,-0.0024585332996548,11,0.2802315829321742,0.8,,,,,,,,0.33,0.34,0.33,0.0128568654651068,0.0149519458011659,0.0052829008726946,0.0025145371680026
2026-08-07,64323.61,65390.99,64166.0,64923.19,11807.40403,0.009321305194158,1904.1,1943.02,1894.35,1914.18,210276.529,0.0052938396092643,73.66,1552676.887,0.0132049518569463,592.57,93501.749,0.0003038538800452,11,0.2802315829321742,0.8,,,,,,,,0.33,0.34,0.33,0.0188682965208579,0.0254260309897711,0.009321305194158,0.0052938396092643
2026-08-08,64923.2,65192.54,64784.19,64962.6,5760.14298,0.0006070250090914,1914.19,1926.72,1912.27,1916.74,56872.3931,0.0013373872885518,76.01,1383412.487,0.0319033396687484,600.66,103985.027,0.0136523954975782,11,0.2802315829321742,0.8,,,,,,,,0.33,0.34,0.33,0.0062859245165679,0.0075388419921324,0.0006070250090914,0.0013373872885518
2026-08-09,64962.6,65474.46,64730.08,64901.59,7031.23606,-0.0009391557603913,1916.75,1938.22,1907.56,1910.65,87855.3253,-0.0031772697392447,76.27,980767.674,0.0034206025522955,602.23,84429.789,0.0026137914960211,11,0.2802315829321742,0.8,,,,,,,,0.33,0.34,0.33,0.0114693646180316,0.0160468950357208,0.0009391557603913,0.0031772697392447
2026-08-10,64901.59,65391.14,63806.27,63970.01,13638.40877,-0.0143537315495659,1910.65,1931.57,1867.96,1873.16,209809.0221,-0.0196215947452437,75.99,1278238.355,-0.0036711682181722,599.23,88229.74,-0.0049814854789698,11,0.2802315829321742,0.8,,,,,,,,0.33,0.34,0.33,0.0247752032554005,0.0339586580964786,0.0143537315495659,0.0196215947452437
2026-08-11,63970.01,64515.43,63238.0,63600.0,12891.63248,-0.0057841166509119,1873.16,1897.8,1853.62,1882.59,193300.5166,0.0050342736338593,76.3,1315794.682,0.0040794841426503,616.69,142486.98,0.0291373929876674,11,0.2802315829321742,0.8,,,,,,,,0.33,0.34,0.33,0.0200853773584905,0.0234676695403672,0.0057841166509119,0.0050342736338593
2026-08-12,63600.01,64500.0,63310.34,63479.99,13627.06822,-0.0018869496855346,1882.58,1925.0,1873.29,1879.81,171255.9975,-0.0014766890294752,75.63,1154149.214,-0.0087811271297509,610.44,105546.461,-0.0101347516580453,11,0.2802315829321742,0.8,,,,,,,,0.33,0.34,0.33,0.018740708686312,0.0275080992227938,0.0018869496855346,0.0014766890294752
2026-08-13,63479.99,64010.0,62802.27,63490.86,10793.85853,0.0001712350616311,1879.8,1900.0,1863.67,1886.15,154140.6308,0.003372681281619,76.28,1093508.557,0.0085944730926881,610.71,72494.102,0.0004423039119323,11,0.2802315829321742,0.8,,,,,,,,0.33,0.34,0.33,0.0190221080640584,0.0192614585266282,0.0001712350616311,0.003372681281619
2026-08-14,63490.86,63617.45,62535.24,63043.56,12340.82899,-0.0070451085400323,1886.16,1891.3,1864.28,1882.2,108123.7734,-0.0020942130795535,75.4,1063864.906,-0.0115364446775039,607.96,63640.088,-0.0045029555762964,11,0.2802315829321742,0.8,,,,,,,,0.33,0.34,0.33,0.0171660673984781,0.0143555413877377,0.0070451085400323,0.0020942130795535
2026-08-15,63043.56,63187.98,62920.0,63086.01,5405.16038,0.0006733439545609,1882.2,1886.59,1876.01,1882.64,48197.0909,0.0002337689937308,75.35,602113.822,-0.0006631299734749,607.76,60763.283,-0.0003289690111192,11,0.2802315829321742,0.8,,,,,,,,0.33,0.34,0.33,0.0042478514650079,0.0056197679853821,0.0006733439545609,0.0002337689937308
2026-08-16,63086.01,63390.0,62716.0,62900.0,4737.23135,-0.0029485142585495,1882.64,1892.31,1869.17,1876.0,68574.4231,-0.0035269621382739,74.61,681414.225,-0.0098208360982082,602.98,80369.888,-0.0078649466894826,11,0.2802315829321742,0.8,,,,,,,,0.33,0.34,0.33,0.0107154213036565,0.0123347547974412,0.0029485142585495,0.0035269621382739
2026-08-17,62900.0,64610.01,62751.1,64532.1,14255.64713,0.0259475357710652,1876.01,1918.71,1872.46,1913.6,175727.2871,0.0200426439232408,76.02,1269854.354,0.018898271009248,605.8,79044.355,0.0046767720322398,11,0.2802315829321742,0.8,,,,,,,,0.33,0.34,0.33,0.0288059740811162,0.0241691053511705,0.0259475357710652,0.0200426439232408
2026-08-18,64532.11,65058.81,64027.85,64725.42,11789.91312,0.0029957184099076,1913.59,1923.27,1885.78,1917.85,144436.9084,0.0022209448160535,77.05,1454862.952,0.0135490660352539,603.94,75872.892,-0.003070320237702,11,0.2802315829321742,0.8,,,,,,,,0.33,0.34,0.33,0.0159282087315926,0.0195479312772114,0.0029957184099076,0.0022209448160535
2026-08-19,64725.42,70000.0,64166.0,69334.79,29054.29976,0.0712142153731871,1917.85,2333.65,1906.0,2252.8,799553.3447,0.1746486951534271,85.38,4041510.276,0.1081116158338741,627.51,226890.368,0.0390270556677814,11,0.2802315829321742,0.8,,,,,,,,0.33,0.34,0.33,0.0841424629684463,0.1898304332386363,0.0712142153731871,0.1746486951534271
2026-08-20,69334.78,73400.0,68902.22,73025.15,35904.79287,0.0532252279122789,2252.81,2360.0,2221.54,2326.82,648620.7228,0.0328568892045455,87.66,3689410.426,0.0267041461700632,654.8,263411.368,0.0434893467833181,11,0.2802315829321742,0.8,,,,,,,,0.33,0.34,0.33,0.0615922048773607,0.0595061070473865,0.0532252279122789,0.0328568892045455
2026-08-21,73027.02,79500.0,73027.02,78338.03,44339.56568,0.0727541127953863,2326.83,2546.78,2324.99,2516.3,740662.9146,0.0814330287688775,93.72,5840669.108,0.0691307323750856,687.0,355316.535,0.0491753207086134,11,0.2802315829321742,0.8,,,,,,,,0.33,0.34,0.33,0.0826288330201818,0.0881413186027104,0.0727541127953863,0.0814330287688775
2026-08-22,78338.03,78828.15,76500.0,77074.93,18524.50847,-0.0161237141143325,2516.31,2529.99,2385.0,2422.6,485164.8901,-0.0372372133688353,93.82,7094617.466,0.0010670081092616,695.28,404464.119,0.0120524017467249,11,0.2802315829321742,0.8,,,,,,,,0.33,0.34,0.33,0.0302063200057397,0.0598489226450919,0.0161237141143325,0.0372372133688353
2026-08-23,77074.94,78052.85,75545.67,77734.0,15367.23185,0.008551029498178,2422.6,2484.62,2355.71,2463.41,378847.2022,0.0168455378518945,95.43,3782856.806,0.0171605201449585,702.37,166582.503,0.0101973305718559,11,0.2802315829321742,0.8,,,,,,,,0.33,0.34,0.33,0.0322533254431781,0.0523299004225848,0.008551029498178,0.0168455378518945
2026-08-24,77734.0,80000.0,76670.01,78992.75,30179.29391,0.0161930429413126,2463.42,2532.95,2424.73,2482.31,467435.1868,0.0076722916607467,98.97,4605794.101,0.0370952530650738,704.31,181212.211,0.0027620769679796,11,0.2802315829321742,0.8,,,,,,,,0.33,0.34,0.33,0.0421556408657757,0.0435964887544262,0.0161930429413126,0.0076722916607467
2026-08-25,78992.76,81272.62,77851.0,78539.14,24772.51394,-0.0057424257289434,2482.31,2532.5,2414.64,2442.64,341388.961,-0.0159810821372028,96.6,4972932.43,-0.0239466505001516,694.41,174433.512,-0.0140563104314861,11,0.2802315829321742,0.8,,,,,,,,0.33,0.34,0.33,0.0435657940741392,0.048251072609963,0.0057424257289434,0.0159810821372028
2026-08-26,78539.13,79251.6,77632.58,79023.75,14613.75887,0.0061702992928112,2442.65,2515.38,2432.32,2506.78,250583.2707,0.026258474437494,102.07,2636923.175,0.0566252587991717,707.52,138005.94,0.0188793364150861,11,0.2802315829321742,0.8,,,,,,,,0.33,0.34,0.33,0.0204877647542669,0.0331341402117457,0.0061702992928112,0.026258474437494
2026-08-27,79023.75,80848.74,78546.13,80249.58,16265.53695,0.0155121719736155,2506.78,2566.53,2481.74,2510.94,336914.06,0.0016594994375254,109.14,5165991.59,0.0692661898696973,711.85,121214.221,0.0061199683401176,11,0.2802315829321742,0.8,,,,,,,,0.33,0.34,0.33,0.0286931096711035,0.0337682302245375,0.0155121719736155,0.0016594994375254
2026-08-28,80249.59,81478.87,76888.0,77845.87,19756.43646,-0.0299529293486645,2510.94,2535.05,2405.97,2442.8,361082.4672,-0.0271372474053541,104.15,4462058.441,-0.0457210921751878,691.47,146682.795,-0.028629627028166,11,0.2802315829321742,0.8,,,,,,,,0.33,0.34,0.33,0.0589738415152916,0.0528410021287049,0.0299529293486645,0.0271372474053541
2026-08-29,77845.88,78330.0,77382.37,78230.0,7016.30257,0.0049344942769604,2442.79,2459.76,2430.45,2457.67,103523.9255,0.0060872768953659,105.61,1438492.498,0.0140182429188668,692.58,63792.521,0.0016052757169509,11,0.2802315829321742,0.8,,,,,,,,0.33,0.34,0.33,0.0121133836124249,0.0119259298441208,0.0049344942769604,0.0060872768953659
2026-08-30,78230.0,79400.0,77000.0,77682.0,9085.42405,-0.0070049852997571,2457.67,2534.98,2387.28,2416.88,268297.9503,-0.0165970207554309,101.75,2069486.493,-0.0365495691695861,684.74,96176.877,-0.0113199919142915,11,0.2802315829321742,0.8,,,,,,,,0.33,0.34,0.33,0.0308951880744574,0.0611118466783621,0.0070049852997571,0.0165970207554309
2026-08-31,77682.0,79250.0,77392.0,78581.29,15303.90602,0.0115765557014493,2416.89,2489.95,2401.35,2467.65,265221.8545,0.0210064215021019,103.06,2161872.059,0.012874692874693,691.44,92007.395,0.0097847358121332,11,0.2802315829321742,0.8,,,,,,,,0.33,0.34,0.33,0.0236443051520279,0.0359046055964176,0.0115765557014493,0.0210064215021019
2026-09-01,78581.3,79220.61,76420.0,77439.0,14130.63949,-0.0145364119117921,2467.64,2485.5,2383.34,2418.57,276587.6824,-0.0198893684274511,100.0,2492674.341,-0.0296914418785173,683.0,89663.098,-0.0122064098114081,11,0.2802315829321742,0.8,,,,,,,,0.33,0.34,0.33,0.0361653688709823,0.0422398359361109,0.0145364119117921,0.0198893684274511
2026-09-02,77439.01,77792.0,76264.0,77340.01,13070.9782,-0.0012782964656052,2418.58,2429.0,2356.41,2391.92,285609.6463,-0.0110189078670454,100.43,1936294.175,0.0042999999999999,688.84,101320.359,0.0085505124450953,11,0.2802315829321742,0.8,,,,,,,,0.33,0.34,0.33,0.0197569149525581,0.0303480049499983,0.0012782964656052,0.0110189078670454
2026-09-03,77340.01,82300.0,76968.0,81270.37,19806.42247,0.0508192331498276,2391.91,2529.84,2370.14,2507.51,351147.3009,0.0483251948225693,103.94,2855673.06,0.0349497162202527,725.22,166630.583,0.0528134254689043,11,0.2802315829321742,0.8,,,,,,,,0.33,0.34,0.33,0.0656081669124922,0.0636886792076602,0.0508192331498276,0.0483251948225693
2026-09-04,81270.37,81427.75,78660.0,79660.77,19198.62549,-0.0198054961482271,2507.5,2546.66,2431.61,2455.85,412267.7587,-0.0206021112577817,101.93,2246822.503,-0.019338079661343,721.37,150385.077,-0.0053087339014368,11,0.2802315829321742,0.8,,,,,,,,0.33,0.34,0.33,0.0347442034517115,0.0468473237371988,0.0198054961482271,0.0206021112577817
2026-09-05,79660.77,80200.0,79442.0,79831.75,9117.2402,0.0021463513345401,2455.86,2493.57,2444.47,2480.34,130096.5621,0.009972107416984,103.18,1567775.504,0.0122633179633082,766.53,337494.469,0.0626031024300981,11,0.2802315829321742,0.8,,,,,,,,0.33,0.34,0.33,0.0094949691069029,0.0197956731738392,0.0021463513345401,0.009972107416984
2026-09-06,79831.75,80559.99,79233.0,80341.83,8854.81827,0.0063894377863444,2480.33,2526.2,2460.92,2514.48,217690.0843,0.0137642419990806,106.55,2692250.92,0.0326613684822638,753.0,176811.28,-0.0176509725646745,11,0.2802315829321742,0.8,,,,,,,,0.33,0.34,0.33,0.016516800774889,0.0259616302376633,0.0063894377863444,0.0137642419990806
2026-09-07,80341.83,80443.99,78680.0,79112.01,10572.45495,-0.0153073436340697,2514.48,2536.64,2466.0,2490.16,256448.183,-0.0096719798924629,103.8,2196321.837,-0.025809479117785,739.98,120508.205,-0.0172908366533863,11,0.2802315829321742,0.8,,,,,,,,0.33,0.34,0.33,0.0222973730537247,0.0283676550904359,0.0153073436340697,0.0096719798924629
2026-09-08,79112.0,79485.0,77620.01,78455.8,19235.06605,-0.0082946950785347,2490.16,2507.99,2441.68,2485.06,244422.1272,-0.0020480611687602,103.37,1956384.98,-0.0041425818882465,752.02,185679.525,0.0162707100191896,11,0.2802315829321742,0.8,,,,,,,,0.33,0.34,0.33,0.0237712189538568,0.0266834603591059,0.0082946950785347,0.0020480611687602
2026-09-09,78455.8,79760.0,77770.0,78306.43,14129.92027,-0.0019038745382752,2485.07,2523.3,2442.44,2468.13,301745.8701,-0.0068127127715225,101.57,2152439.686,-0.0174131759698172,722.64,176050.225,-0.0390681098906944,11,0.2802315829321742,0.8,,,,,,,,0.33,0.34,0.33,0.0254129833271673,0.0327616454562766,0.0019038745382752,0.0068127127715225
2026-09-10,78306.43,78564.39,76464.0,76568.72,15320.36904,-0.0221911533957044,2468.14,2484.76,2405.85,2438.27,347434.2123,-0.0120982282132626,98.67,2017908.833,-0.02855173771783,708.72,176572.629,-0.0192627034207903,11,0.2802315829321742,0.8,,,,,,,,0.33,0.34,0.33,0.0274314367538075,0.0323631099098952,0.0221911533957044,0.0120982282132626
2026-09-11,76568.73,79890.0,76046.58,77225.7,19713.27729,0.0085802661974758,2438.27,2665.99,2433.77,2516.43,639601.9328,0.0320555147707184,102.46,3248395.127,0.0384108644978209,726.75,167042.961,0.0254402302742973,11,0.2802315829321742,0.8,,,,,,,,0.33,0.34,0.33,0.0497686650946511,0.092281525812361,0.0085802661974758,0.0320555147707184
2026-09-12,77225.71,77505.67,77059.75,77278.73,8060.44455,0.0006866884987768,2516.44,2546.01,2508.64,2525.93,159918.3258,0.0037751894549022,101.76,1098651.894,-0.0068319344134295,727.59,83502.756,0.0011558307533541,11,0.2802315829321742,0.8,,,,,,,,0.33,0.34,0.33,0.0057702811627468,0.0147945509178798,0.0006866884987768,0.0037751894549022
2026-09-13,77278.73,77450.0,76500.0,76842.01,6959.68366,-0.0056512315872685,2525.92,2527.56,2462.02,2477.1,216470.6683,-0.0193314937468576,99.3,1382002.404,-0.0241745283018868,716.41,75153.133,-0.0153657966712023,11,0.2802315829321742,0.8,,,,,,,,0.33,0.34,0.33,0.0123630290253989,0.0264583585644503,0.0056512315872685,0.0193314937468576
2026-09-14,76842.01,79600.0,76388.72,78189.21,15413.48971,0.0175320765294921,2477.1,2615.0,2464.71,2515.75,355412.3953,0.0156029227725971,102.53,2202678.496,0.0325276938569989,720.42,150914.224,0.0055973534707778,11,0.2802315829321742,0.8,,,,,,,,0.33,0.34,0.33,0.0410706285432478,0.0597396402663221,0.0175320765294921,0.0156029227725971
2026-09-15,78189.2,78250.46,74967.97,75644.48,21682.71734,-0.0325457950016377,2515.72,2520.0,2358.88,2398.26,442620.7591,-0.0467017787936002,96.88,2823506.302,-0.0551058226860431,712.06,131458.672,-0.0116043419116627,11,0.2802315829321742,0.8,,,,,,,,0.33,0.34,0.33,0.0433936488161463,0.0671820403125598,0.0325457950016377,0.0467017787936002
2026-09-16,75644.48,76560.76,75064.82,76206.01,14887.98431,0.0074232779444052,2398.26,2430.64,2369.11,2418.26,321896.138,0.0083393793833863,98.66,2342273.394,0.0183732452518579,725.92,125969.199,0.0194646518551808,11,0.2802315829321742,0.8,,,,,,,,0.33,0.34,0.33,0.0196302102681926,0.0254439142193146,0.0074232779444052,0.0083393793833863
2026-09-17,76206.0,77179.47,76000.0,76417.01,10925.02219,0.002768810491456,2418.26,2483.74,2413.56,2447.28,237879.9919,0.0120003638980092,101.64,2139152.106,0.0302047435637542,738.36,128358.555,0.0171368745867313,11,0.2802315829321742,0.8,,,,,,,,0.33,0.34,0.33,0.0154346525727714,0.0286767349874145,0.002768810491456,0.0120003638980092
2026-09-18,76417.01,81400.0,76296.0,80883.87,23907.77962,0.0584537395535365,2447.28,2646.0,2436.89,2612.14,507313.0893,0.0673645843548755,112.72,4710994.168,0.1090121999212907,761.31,226366.59,0.0310823988298389,11,0.2802315829321742,0.8,,,,,,,,0.33,0.34,0.33,0.0631028164206287,0.0800531365087629,0.0584537395535365,0.0673645843548755
2026-09-19,80883.86,81951.0,80844.58,81249.99,10663.76706,0.0045264896449688,2612.14,2668.0,2602.94,2632.69,181455.3065,0.0078671127887479,111.06,2009558.582,-0.0147267565649396,762.02,114202.512,0.0009326030132272,11,0.2802315829321742,0.8,,,,,,,,0.33,0.34,0.33,0.0136174785990742,0.0247123664388894,0.0045264896449688,0.0078671127887479
2026-09-20,81249.99,81497.33,80126.04,81178.0,10993.68293,-0.0008860308782807,2632.7,2649.89,2564.33,2645.21,221401.0223,0.0047555921889776,111.17,2425839.224,0.0009904556095803,772.56,120599.322,0.0138316579617332,11,0.2802315829321742,0.8,,,,,,,,0.33,0.34,0.33,0.0168923846362315,0.0323452580324435,0.0008860308782807,0.0047555921889776
2026-09-21,81178.01,87395.67,80850.22,86620.0,31963.17872,0.0670378674024982,2645.21,2807.34,2643.71,2776.19,573089.9372,0.0495159174507884,118.9,4612619.637,0.0695331474318612,799.41,291148.647,0.0347545821683752,11,0.2802315829321742,0.8,,,,,,,,0.33,0.34,0.33,0.0755651119833756,0.0589404903843037,0.0670378674024982,0.0495159174507884
2026-09-22,86620.01,86717.6,85114.0,86208.56,21328.45813,-0.0047499422766105,2776.2,2777.55,2715.91,2753.63,303015.6756,-0.00812624496162,118.57,3061691.573,-0.002775441547519,788.38,188677.606,-0.013797675785892,11,0.2802315829321742,0.8,,,,,,,,0.33,0.34,0.33,0.018601401067365,0.0223849972581647,0.0047499422766105,0.00812624496162
2026-09-23,86208.57,87278.54,83500.01,84397.6,22150.93277,-0.0210067306541251,2753.63,2789.0,2635.39,2684.71,331711.1234,-0.0250287801919648,114.99,3618913.656,-0.0301931348570464,767.38,202954.604,-0.0266369009868338,11,0.2802315829321742,0.8,,,,,,,,0.33,0.34,0.33,0.0447705858934377,0.0572166081252724,0.0210067306541251,0.0250287801919648
2026-09-24,84397.6,84942.45,82874.93,84410.24,18703.61971,0.0001497672919608,2684.7,2706.0,2600.15,2688.05,266808.2617,0.0012440822286206,117.04,2591401.405,0.0178276371858423,776.69,127430.118,0.0121321900492585,11,0.2802315829321742,0.8,,,,,,,,0.33,0.34,0.33,0.0244937107156667,0.0393779877606442,0.0001497672919608,0.0012440822286206
2026-09-25,84410.24,85255.0,83183.0,84099.99,18056.26519,-0.0036755019296237,2688.06,2743.0,2667.33,2691.61,234697.6543,0.0013243801268576,122.15,4022869.202,0.0436602870813396,777.13,131869.691,0.000566506585639,11,0.2802315829321742,0.8,,,,,,,,0.33,0.34,0.33,0.0246373394336907,0.0281132853570911,0.0036755019296237,0.0013243801268576
2026-09-26,84100.0,84473.58,83798.0,84433.1,8058.06465,0.0039608803758477,2691.62,2697.79,2664.79,2696.33,86484.0101,0.0017535972893545,121.41,1829712.799,-0.006058125255833,773.59,62074.163,-0.004555222420959,11,0.2802315829321742,0.8,,,,,,,,0.33,0.34,0.33,0.0080013643938218,0.0122388580032859,0.0039608803758477,0.0017535972893545
2026-09-27,84433.11,85159.03,84132.0,84472.0,9615.12963,0.0004607197888031,2696.33,2724.12,2669.78,2688.65,153365.8538,-0.002848316044401,121.99,2599055.894,0.0047772012190099,778.9,64692.328,0.0068641011388461,11,0.2802315829321742,0.8,,,,,,,,0.33,0.34,0.33,0.0121582299460176,0.0202108865043794,0.0004607197888031,0.002848316044401
2026-09-28,84472.01,84999.0,82563.0,83500.01,20960.72462,-0.0115066530921489,2688.65,2721.42,2635.69,2688.71,291823.7819,2.231603220947953e-05,118.89,2540742.748,-0.0254119190097548,763.96,133702.165,-0.0191808961355757,11,0.2802315829321742,0.8,,,,,,,,0.33,0.34,0.33,0.0291736492007605,0.0318851791379509,0.0115066530921489,2.231603220947953e-05
2026-09-29,83500.01,84563.99,82775.94,83663.66,13461.55331,0.0019598800048048,2688.71,2748.6,2652.2,2677.98,315936.4377,-0.0039907613688349,119.15,2423131.765,0.0021868954495751,758.66,129784.654,-0.0069375359966491,11,0.2802315829321742,0.8,,,,,,,,0.33,0.34,0.33,0.0213718835633057,0.0359972815330958,0.0019598800048048,0.0039907613688349
2026-09-30,83663.66,85649.95,82956.11,83623.6,18522.82001,-0.0004788219879454,2677.98,2738.51,2656.92,2686.01,271934.9508,0.0029985287418128,118.12,2912590.682,-0.0086445656735207,769.27,120162.171,0.0139851844040808,11,0.2802315829321742,0.8,,,,,,,,0.33,0.34,0.33,0.0322138726388244,0.030375910737488,0.0004788219879454,0.0029985287418128
2026-10-01,83623.59,85273.65,83186.0,84880.05,16766.05675,0.0150250646946554,2686.01,2722.0,2673.13,2706.42,263392.0729,0.0075986314272842,118.41,2144800.225,0.0024551303758888,771.75,92440.001,0.0032238355843852,11,0.2802315829321742,0.8,,,,,,,,0.33,0.34,0.33,0.0245952965390571,0.0180570643137428,0.0150250646946554,0.0075986314272842
2026-10-02,84880.05,87220.0,83888.0,84518.01,26497.91954,-0.0042653132273132,2706.43,2777.33,2650.88,2668.59,423663.9677,-0.0139778748309574,118.65,3212765.538,0.0020268558398783,768.25,143859.73,-0.0045351473922902,11,0.2802315829321742,0.8,,,,,,,,0.33,0.34,0.33,0.0394235500812193,0.0473845738760917,0.0042653132273132,0.0139778748309574
2026-10-03,84518.0,85037.63,84456.02,84753.56,6889.63623,0.0027869799584727,2668.59,2690.0,2665.67,2687.23,79160.812,0.0069849620960882,119.62,880399.615,0.0081753055204383,786.88,99408.693,0.0242499186462739,11,0.2802315829321742,0.8,,,,,,,,0.33,0.34,0.33,0.0068623666073731,0.0090539328602315,0.0027869799584727,0.0069849620960882
2026-10-04,84753.57,85574.01,84719.99,85453.78,5008.89012,0.0082618358450075,2687.24,2707.99,2686.54,2704.14,61220.1676,0.006292725222627,121.4,948993.858,0.0148804547734493,789.42,55765.201,0.0032279381862545,11,0.2802315829321742,0.8,,,,,,,,0.33,0.34,0.33,0.0099939405840208,0.0079322816126383,0.0082618358450075,0.006292725222627
