Date,Open,High,Low,Close,Volume,Return
2021-01-01,37.3596,38.959,36.9555,37.7762,2435989.127,
2021-01-02,37.7637,38.8798,36.8,38.2331,3018062.206,0.012094916905353026
2021-01-03,38.2331,41.7017,37.763,41.2575,4903626.697,0.07910423167360214
2021-01-04,41.256,43.2039,38.02,41.1333,5306248.166,-0.0030103617524086523
2021-01-05,41.13,41.8375,38.8014,41.8219,3513141.346,0.016740694279330892
2021-01-06,41.8271,42.267,40.4531,42.2417,3784444.687,0.010037803160545034
2021-01-07,42.244,44.9,41.366,43.5728,5026746.669,0.031511515871756934
2021-01-08,43.5728,43.722,40.2313,42.356,3548923.788,-0.027925678404876364
2021-01-09,42.345,44.0552,41.5,43.8479,2720363.636,0.035222872792520565
2021-01-10,43.8479,45.162,40.0,42.4031,4277406.29,-0.03295026671744827
2021-01-11,42.4033,42.5094,35.0374,38.1674,6372598.994,-0.09989128153366145
2021-01-12,38.1623,40.1989,37.0,38.2541,3261261.81,0.0022715720745976054
2021-01-13,38.2703,40.4499,37.02,40.1114,3512089.385,0.04855165851503496
2021-01-14,40.1114,42.0,39.5739,41.8723,3306689.933,0.04390023783762231
2021-01-15,41.8721,42.5622,38.6616,40.8668,3431358.936,-0.024013488630908908
2021-01-16,40.8951,44.12,40.625,43.142,3243054.414,0.055673554083021104
2021-01-17,43.1413,46.7228,40.9192,45.8675,3878914.299,0.06317509619396411
2021-01-18,45.8645,46.8888,44.0278,45.3412,3069449.938,-0.011474355480460052
2021-01-19,45.3592,47.2187,41.7,42.5241,5151546.872,-0.06213113018623251
2021-01-20,42.5241,43.0992,40.2,42.6069,3709936.492,0.0019471311562151428
2021-01-21,42.6056,42.7176,38.2,38.6343,3460575.242,-0.09323841912929598
2021-01-22,38.6596,41.528,36.8518,40.8936,3088685.295,0.05847912347318296
2021-01-23,40.8938,41.88,39.4555,40.9109,2531809.648,0.0004230490834751244
2021-01-24,40.9113,42.2,40.3144,41.8263,2340747.623,0.022375454952103357
2021-01-25,41.827,43.4241,40.5364,41.8347,2778238.02,0.00020083057788977676
2021-01-26,41.8347,42.598,39.6955,41.8396,2758108.622,0.00011712764762261685
2021-01-27,41.8397,42.0984,39.6102,40.8826,2638401.378,-0.0228730676201494
2021-01-28,40.8957,43.085,40.317,42.5254,2984098.651,0.04018335428764308
2021-01-29,42.5277,44.0,41.8017,42.8618,3433689.484,0.007910566390910034
2021-01-30,42.8653,45.1071,42.5911,44.7849,2767954.291,0.04486745773625933
2021-01-31,44.8022,45.8269,43.3,44.3292,2431692.198,-0.010175304622763504
2021-02-01,44.3291,52.3736,43.4331,51.4781,6095055.413,0.16126841901049405
2021-02-02,51.4762,53.0,49.1572,51.0071,4675040.877,-0.009149521835498886
2021-02-03,51.029,52.7,49.7823,52.12,2949735.036,0.02181853114566401
2021-02-04,52.12,57.0547,51.25,55.9599,4004741.294,0.07367421335379887
2021-02-05,55.9593,68.73,55.9202,67.7005,5040545.223,0.20980380593961057
2021-02-06,67.6217,75.5,61.7,72.8356,8482528.531,0.07585025221379449
2021-02-07,72.8693,74.8199,64.1803,68.3542,5969908.442,-0.06152760463289919
2021-02-08,68.355,79.8823,67.6152,79.8374,7860567.389,0.16799552917011673
2021-02-09,79.8734,116.24,78.0381,107.3469,12487305.868,0.34456908666865416
2021-02-10,107.3496,148.4,107.2811,128.9711,16613534.274,0.20144224006468758
2021-02-11,128.9463,132.8,117.7289,124.085,5920400.255,-0.03788523165267266
2021-02-12,124.1129,141.32,120.89,136.6139,5626020.824,0.10097030261514295
2021-02-13,136.7321,138.5067,125.0,133.3496,3785723.402,-0.02389434750051045
2021-02-14,133.3498,139.0,128.4615,135.8623,4405507.885,0.018842951159958377
2021-02-15,135.8623,139.369,118.0,130.303,4772752.806,-0.0409186360013043
2021-02-16,129.9493,133.4925,126.0,130.183,3258276.714,-0.0009209304467280299
2021-02-17,130.183,175.9997,126.7546,165.3233,10185662.26,0.26993002158499957
2021-02-18,165.3176,199.88,162.7969,195.6,11226893.373,0.18313631532881325
2021-02-19,195.5549,348.6969,194.9279,333.111,20188858.198,0.703021472392638
2021-02-20,333.2212,335.0,223.0,253.0,13497656.247,-0.2404934091038723
2021-02-21,253.01,309.4995,249.7044,295.2597,10646422.307,0.16703438735177878
2021-02-22,294.9167,296.0,220.5,267.5147,12604399.402,-0.09396812365520935
2021-02-23,267.1721,269.444,186.1,231.3646,15879767.559,-0.1351331347398853
2021-02-24,231.3646,281.0,213.0257,254.5056,11777825.187,0.10001962270805476
2021-02-25,254.3826,265.4014,231.5,234.9146,6871992.794,-0.07697669520827821
2021-02-26,234.7605,239.4,209.105,221.717,7410706.385,-0.05618041620231351
2021-02-27,221.9592,237.77,219.011,225.3853,4192697.152,0.016544964977877052
2021-02-28,225.4567,229.4,195.0,210.2138,5674373.249,-0.06731361805761071
2021-03-01,210.1177,260.0,209.1204,254.9637,7911568.194,0.2128780317942971
2021-03-02,254.9486,264.9,227.0,239.6841,5386013.794,-0.05992853100264861
2021-03-03,239.7204,254.8481,236.002,240.5701,4278388.733,0.0036965322272106693
2021-03-04,240.4801,249.9885,225.5308,229.6369,3999983.836,-0.0454470443334396
2021-03-05,229.6369,232.2,215.6439,225.4714,3654842.805,-0.01813950632498529
2021-03-06,225.5391,232.4996,219.1514,226.3814,2663375.536,0.004035988599884632
2021-03-07,226.3812,243.95,224.9542,240.11,3519962.929,0.060643674789536695
2021-03-08,240.1039,243.0986,228.7029,240.5509,3045991.968,0.0018362417225439298
2021-03-09,240.7852,297.2962,235.6001,293.2052,7937298.708,0.21889047182945465
2021-03-10,293.1305,295.5,263.8184,278.4499,6012304.148,-0.05032414159094034
2021-03-11,278.3522,315.2855,272.12,290.0301,6598662.207,0.041588091789582116
2021-03-12,289.786,290.5,247.5547,263.2201,5905880.87,-0.09243868136445144
2021-03-13,263.192,284.2857,255.4206,276.2822,3902398.386,0.049624249819827604
2021-03-14,276.2892,276.8847,263.0003,263.238,2432196.535,-0.047213320293525984
2021-03-15,263.35,267.7453,249.5327,254.5144,3362734.143,-0.033139592308101484
2021-03-16,254.3894,259.7847,240.199,258.5352,3013229.0,0.015797927347136254
2021-03-17,258.5611,272.1787,248.2001,269.7896,2856836.919,0.04353140307393355
2021-03-18,269.8578,277.8,257.01,261.4816,3152509.589,-0.03079436716611761
2021-03-19,261.5157,269.0,255.0,262.935,2262870.653,0.005558326092543364
2021-03-20,263.1083,274.6805,261.4,264.3023,2377018.11,0.005200144522410577
2021-03-21,264.2213,268.0305,257.0001,264.6513,1973476.754,0.0013204576728995665
2021-03-22,264.7152,277.0,252.9164,254.7976,3265655.831,-0.037232766285296925
2021-03-23,254.9689,262.97,251.838,255.4646,2587450.732,0.0026177640605720143
2021-03-24,255.5191,268.7062,240.3333,248.5236,3270691.795,-0.02717010497736283
2021-03-25,248.5345,250.0912,224.9686,233.9466,3498082.827,-0.05865438936181511
2021-03-26,234.0024,255.2113,233.8114,255.2105,2635329.155,0.0908921095668842
2021-03-27,255.1201,276.0,249.5001,269.2234,3089181.848,0.05490722364479539
2021-03-28,269.2864,281.3939,261.0,268.4263,3272613.755,-0.002960738182490874
2021-03-29,268.6234,277.9813,264.4585,275.2991,2728496.99,0.02560404848556197
2021-03-30,275.2986,311.5325,271.2857,311.2962,5532768.33,0.13075633011513665
2021-03-31,311.2962,316.6997,284.0,302.3724,4719335.506,-0.02866658828472679
2021-04-01,302.4591,339.0,300.7,334.7991,4390708.581,0.1072409386570996
2021-04-02,334.6706,356.9882,324.6162,338.2932,4205858.478,0.010436407983175577
2021-04-03,338.2932,349.1347,315.91,321.9497,3099870.848,-0.048311642090352436
2021-04-04,321.9597,352.3275,316.0,348.8617,2730876.03,0.08359069755306492
2021-04-05,348.8705,380.0,335.8442,368.0263,3473780.055,0.05493466322041085
2021-04-06,368.1506,411.755,363.8333,403.3648,4481056.436,0.0960216701904184
2021-04-07,403.2607,414.3803,356.0,375.5538,6179859.708,-0.0689475135163008
2021-04-08,375.5538,422.6323,371.78,418.7048,4092498.638,0.11489964953090603
2021-04-09,418.7047,453.9937,403.19,453.9937,3670424.433,0.084281097326804
2021-04-10,453.9898,487.4062,450.0,471.2975,4659107.212,0.0381146258196976
2021-04-11,471.2974,529.211,458.0165,525.9275,3644396.11,0.11591404579909725
2021-04-12,525.9275,638.5673,515.1,596.7104,9279328.84,0.13458680141274226
2021-04-13,596.7878,602.7871,530.2288,551.6442,5447746.544,-0.07552440849028286
2021-04-14,551.3956,590.5369,521.1313,550.0182,4213337.251,-0.0029475520634495433
2021-04-15,550.0182,556.9,533.7166,541.8824,2306850.045,-0.014791874159800544
2021-04-16,541.8351,547.6074,489.7356,508.2743,4192218.462,-0.06202102153529987
2021-04-17,508.2614,547.95,506.0,514.6861,2949040.221,0.012614842025260753
2021-04-18,514.8178,520.4237,428.0,481.4367,4468597.46,-0.06460131719119677
2021-04-19,481.5112,540.0,467.8846,504.0322,5031325.713,0.04693348055933422
2021-04-20,504.0322,589.5,470.207,586.3635,5730895.325,0.16334531801738073
2021-04-21,586.5201,613.8975,535.9186,543.6327,5685067.894,-0.07287424950563948
2021-04-22,543.6827,582.7051,480.0,505.2411,6375583.139,-0.07062047592059861
2021-04-23,505.2282,530.0,450.0,526.5357,6855584.921,0.04214740249754034
2021-04-24,526.4319,528.8088,482.3052,496.992,3005329.075,-0.0561095857317937
2021-04-25,496.992,517.74,478.01,505.0,2489756.6252,0.016112935419483554
2021-04-26,505.0,550.0,501.5,535.33,3098650.6351,0.06005940594059411
2021-04-27,535.33,579.5,525.0,568.78,2807308.6198,0.06248482244596776
2021-04-28,568.78,578.88,538.0,562.78,2384514.8852,-0.010548894124265962
2021-04-29,562.78,615.29,554.0,599.7,4336516.3347,0.06560289988983281
2021-04-30,599.66,628.0,585.72,622.65,3430512.4025,0.038269134567283425
2021-05-01,622.64,645.57,609.21,620.0,2427568.3909,-0.004256002569661854
2021-05-02,620.0,629.0,595.3,621.78,2066258.2844,0.002870967741935404
2021-05-03,621.77,680.0,621.22,676.15,2873379.617,0.08744250377947194
2021-05-04,676.15,677.71,604.14,609.3,3765315.6951,-0.0988685942468388
2021-05-05,609.41,656.67,605.0,651.1,2270137.4732,0.06860331527982932
2021-05-06,651.1,653.77,620.0,633.99,2065376.5442,-0.026278605436952818
2021-05-07,634.03,644.02,611.43,624.3,1979435.9584,-0.01528415274688888
2021-05-08,624.3,657.91,618.36,646.1,2186084.7749,0.03491910940253096
2021-05-09,646.07,679.0,630.54,661.74,2343402.1219,0.024206779136356493
2021-05-10,661.74,691.77,588.0,631.1,3074645.0692,-0.04630217305890527
2021-05-11,631.16,673.0,621.11,671.91,2640713.327,0.06466487086040229
2021-05-12,671.9,684.91,581.4,594.65,2813834.8185,-0.11498563795746453
2021-05-13,594.2,633.5,526.6,571.1,5485323.7047,-0.03960312789035558
2021-05-14,571.1,615.0,566.0,602.61,2187570.2996,0.05517422517947823
2021-05-15,602.61,611.31,560.0,563.41,2259793.5825,-0.06505036424885091
2021-05-16,563.42,606.78,534.88,564.32,2939528.1774,0.0016151648000568564
2021-05-17,564.66,564.66,483.0,512.07,4029118.3527,-0.09258931102920331
2021-05-18,512.06,534.0,490.0,507.88,2720596.4374,-0.008182475052239013
2021-05-19,507.9,516.5,280.0,334.8,11497731.3774,-0.3407891627943609
2021-05-20,334.8,423.83,284.27,391.17,8116861.4224,0.16836917562724008
2021-05-21,391.37,415.71,274.0,326.01,8827845.3858,-0.1665771915024159
2021-05-22,326.23,335.82,284.55,299.76,5303046.012,-0.08051900248458632
2021-05-23,299.75,313.45,211.7,260.72,8801148.1832,-0.13023752335201477
2021-05-24,260.72,350.0,257.4,345.64,7794003.641,0.32571340902117196
2021-05-25,345.64,378.12,306.61,343.18,7638986.0132,-0.007117231801874735
2021-05-26,343.18,388.28,336.21,379.16,5336916.0722,0.10484293956524282
2021-05-27,379.16,387.56,340.0,369.67,4275801.5014,-0.025029011499103304
2021-05-28,369.83,373.68,312.3,328.82,5253443.3619,-0.11050396299402176
2021-05-29,328.86,347.0,295.22,305.04,3764083.2923,-0.0723192019950124
2021-05-30,305.18,338.32,291.06,325.57,3739673.1138,0.0673026488329398
2021-05-31,325.55,356.0,307.55,353.33,4110136.8744,0.08526584144730776
2021-06-01,353.37,364.4,339.48,362.39,3652280.6916,0.025641751337276864
2021-06-02,362.36,419.43,350.43,401.54,4377024.6685,0.10803278236154434
2021-06-03,401.52,433.0,391.32,428.48,4214469.415,0.06709169696667838
2021-06-04,428.46,429.5,365.0,390.7,4926793.4499,-0.0881721433905901
2021-06-05,390.68,426.0,373.8,390.08,3977579.347,-0.001586895316099346
2021-06-06,390.05,400.29,381.5,393.73,1862065.4318,0.009357054963084588
2021-06-07,393.82,407.42,353.53,357.96,3028938.8445,-0.09084905899982232
2021-06-08,357.94,366.33,319.18,352.5,4986849.8512,-0.015253100905128991
2021-06-09,352.5,378.77,333.56,375.54,3494285.669,0.06536170212765957
2021-06-10,375.56,377.55,344.13,351.94,2417974.6499,-0.06284283964424564
2021-06-11,351.96,366.28,340.84,345.75,2215352.723,-0.017588225265670276
2021-06-12,345.76,348.88,325.3,343.7,2074837.0012,-0.0059291395516992695
2021-06-13,343.68,369.0,330.48,365.8,1958071.3656,0.06430026185627002
2021-06-14,365.81,377.33,355.07,370.19,1978613.2384,0.012001093493712478
2021-06-15,370.2,379.58,363.23,366.48,1545190.4369,-0.01002188065587939
2021-06-16,366.48,366.77,343.35,347.22,1531522.2062,-0.05255402750491156
2021-06-17,347.22,362.47,345.85,352.85,1239146.5273,0.016214503772824074
2021-06-18,352.84,357.12,327.22,337.16,1583897.2791,-0.044466487175853775
2021-06-19,337.21,345.0,331.11,334.01,1067456.2119,-0.009342745284138143
2021-06-20,334.03,340.57,310.13,339.08,1618406.0051,0.015179186251908616
2021-06-21,339.09,342.0,268.57,270.76,3729539.0167,-0.20148637489677956
2021-06-22,270.76,291.5,225.42,262.1,5570573.4851,-0.03198404491062179
2021-06-23,262.1,309.75,251.41,296.25,3319089.777,0.1302937809996183
2021-06-24,296.17,316.49,281.5,308.62,2635799.196,0.041755274261603414
2021-06-25,308.6,314.84,275.24,280.81,2711888.8709,-0.0901108158900914
2021-06-26,280.89,290.33,264.26,279.65,2263064.3633,-0.004130907018980889
2021-06-27,279.58,291.7,269.72,290.87,1539903.0268,0.040121580547112456
2021-06-28,290.89,299.96,283.55,290.0,1884580.1557,-0.0029910269192422456
2021-06-29,290.0,315.6,289.19,300.79,2126079.3416,0.03720689655172427
2021-06-30,300.79,304.88,281.53,303.71,2061866.47,0.009707769540210576
2021-07-01,303.75,304.0,281.0,287.43,1388151.0265,-0.05360376675117706
2021-07-02,287.49,290.74,276.4,287.17,1003331.2269,-0.0009045680687471691
2021-07-03,287.17,303.21,282.77,298.13,1016731.5662,0.03816554654037674
2021-07-04,298.18,314.91,292.58,307.62,1309414.0255,0.03183175124945503
2021-07-05,307.63,307.68,291.0,302.02,1403218.2408,-0.01820427800533131
2021-07-06,302.04,322.5,301.8,319.92,2066912.3595,0.059267598172306535
2021-07-07,319.91,340.0,318.23,327.51,1779058.2937,0.023724681170292472
2021-07-08,327.51,328.21,304.4,310.14,1644090.8501,-0.053036548502335856
2021-07-09,310.08,319.69,301.43,317.09,1106411.786,0.022409234539240375
2021-07-10,317.09,321.44,310.57,316.12,818970.9225,-0.0030590684032923976
2021-07-11,316.12,326.82,312.21,322.16,799617.835,0.019106668353789713
2021-07-12,322.17,334.37,308.57,316.12,1322836.6575,-0.01874844797616093
2021-07-13,316.11,318.33,305.2,308.94,930032.3155,-0.022712893837783188
2021-07-14,308.98,313.46,290.24,309.4,1430288.4026,0.0014889622580436246
2021-07-15,309.33,324.33,301.32,316.11,2185210.8398,0.02168713639301889
2021-07-16,316.12,323.5,301.5,302.88,1456105.4019,-0.041852519692512136
2021-07-17,302.94,306.71,295.0,300.52,1030879.9611,-0.00779186476492344
2021-07-18,300.56,309.18,298.7,302.1,815497.3527,0.005257553573805529
2021-07-19,302.04,303.94,278.85,280.54,1318041.7074,-0.07136709698775245
2021-07-20,280.54,283.6,254.52,264.44,1796600.5803,-0.057389320595993554
2021-07-21,264.43,298.92,261.02,293.26,1740736.0226,0.10898502495840257
2021-07-22,293.27,298.44,287.3,293.36,1173507.9432,0.00034099433949408287
2021-07-23,293.39,301.5,281.01,299.27,1640999.5389,0.020145895827651916
2021-07-24,299.29,307.79,295.43,301.56,1438901.3811,0.007651953085842322
2021-07-25,301.53,304.44,292.34,302.56,1083557.277,0.003316089667064537
2021-07-26,302.56,328.0,301.0,304.0,2575554.2802,0.004759386567953383
2021-07-27,304.0,318.41,297.61,313.48,1678708.0635,0.031184210526315814
2021-07-28,313.47,318.68,308.0,313.8,1308249.13,0.0010207987750414649
2021-07-29,313.84,320.31,308.6,317.03,998946.1839,0.01029318036966198
2021-07-30,317.1,325.66,306.16,322.58,1297421.6445,0.017506229694350672
2021-07-31,322.58,338.44,317.21,332.38,1393753.965,0.030380060760121452
2021-08-01,332.38,347.8,328.99,332.59,1514514.2178,0.0006318069679283056
2021-08-02,332.63,338.29,326.17,330.55,1018741.3098,-0.0061336781021676945
2021-08-03,330.53,334.73,317.02,323.43,1060806.3447,-0.021539857812736374
2021-08-04,323.44,337.39,319.78,334.77,969671.4228,0.03506168258974118
2021-08-05,334.78,340.17,323.37,337.91,1263649.4926,0.00937957403590528
2021-08-06,337.92,347.14,331.12,342.39,1267498.9178,0.01325796809801405
2021-08-07,342.39,359.74,340.34,356.18,1545801.188,0.040275708986827974
2021-08-08,356.18,359.87,337.0,341.79,1275768.154,-0.04040092088269975
2021-08-09,341.79,357.7,333.15,354.32,1284975.5132,0.036659937388454855
2021-08-10,354.32,376.6,348.0,371.92,1660844.1918,0.04967261232783926
2021-08-11,371.95,408.72,371.09,390.96,1911892.6875,0.05119380511938032
2021-08-12,390.92,406.18,371.59,385.66,1835305.9382,-0.013556374053611542
2021-08-13,385.69,411.46,382.91,410.76,1261827.2925,0.06508323393662807
2021-08-14,410.74,418.8,400.0,408.67,1439286.5064,-0.005088129321258128
2021-08-15,408.66,415.16,395.88,414.05,1238115.4178,0.013164656079477366
2021-08-16,414.05,437.0,410.79,415.72,1850324.1906,0.004033329308054556
2021-08-17,415.72,435.77,398.77,401.8,1984029.275,-0.03348407582026369
2021-08-18,401.86,412.36,385.47,396.15,1750539.5385,-0.014061722249875674
2021-08-19,396.23,431.7,390.89,431.27,1852873.4714,0.08865328789599891
2021-08-20,431.21,458.0,421.84,454.93,1691101.5102,0.05486122382730074
2021-08-21,454.92,460.0,443.47,448.74,1426818.8978,-0.013606488910381853
2021-08-22,448.74,458.34,437.77,448.68,1135535.8076,-0.00013370771493514955
2021-08-23,448.69,509.71,445.89,499.06,2660809.0219,0.11228492466791473
2021-08-24,499.06,504.2,461.12,471.62,2080297.6979,-0.05498336873321841
2021-08-25,471.62,507.0,470.0,503.19,2242911.0333,0.06693948517874548
2021-08-26,503.17,518.94,471.2,478.1,2229652.231,-0.04986188119795698
2021-08-27,478.2,495.0,467.1,494.5,1549790.9246,0.03430244718678099
2021-08-28,494.6,497.0,482.3,486.2,891854.5838,-0.01678463094034377
2021-08-29,486.1,495.5,475.0,479.7,910773.939,-0.013368983957219305
2021-08-30,479.7,480.9,457.0,460.3,1125497.9612,-0.04044194288096725
2021-08-31,460.2,477.8,448.2,463.9,1477345.5552,0.007820986313273881
2021-09-01,463.9,490.0,455.1,489.4,1320635.94,0.05496874326363432
2021-09-02,489.5,504.7,478.0,483.7,1245680.6988,-0.011646914589293011
2021-09-03,483.6,495.0,473.0,488.5,1094104.742,0.00992350630556138
2021-09-04,488.4,509.9,485.2,497.7,1248261.6277,0.018833162743091103
2021-09-05,497.8,505.2,488.4,504.8,878406.045,0.014265621860558575
2021-09-06,504.9,509.0,486.9,496.1,1121398.978,-0.017234548335974598
2021-09-07,496.1,504.8,369.0,418.7,3358688.1229,-0.15601693207014722
2021-09-08,418.7,425.5,382.3,415.0,2058507.11,-0.00883687604490091
2021-09-09,415.2,436.1,403.4,421.3,1543293.221,0.015180722891566356
2021-09-10,421.3,439.4,393.2,401.4,1528906.751,-0.04723474958461915
2021-09-11,401.4,415.3,399.3,405.1,922767.055,0.009217737917289526
2021-09-12,405.0,421.5,397.4,416.3,981402.883,0.027647494445815823
2021-09-13,416.4,419.7,383.0,399.1,1531654.719,-0.04131635839538794
2021-09-14,399.1,414.7,395.7,414.3,930635.792,0.03808569280881979
2021-09-15,414.3,438.0,409.6,431.3,1182055.631,0.041033067825247294
2021-09-16,431.2,435.0,415.6,424.3,1037049.02,-0.016230002318571746
2021-09-17,424.2,426.0,400.4,406.6,844137.727,-0.04171576714588732
2021-09-18,406.8,420.0,401.5,410.7,733479.739,0.010083620265617155
2021-09-19,410.8,419.0,402.8,408.6,743095.721,-0.005113221329437478
2021-09-20,408.5,410.1,353.7,364.1,1865673.9401,-0.10890846793930498
2021-09-21,364.1,376.0,336.8,344.4,1577059.1261,-0.054106014831090454
2021-09-22,344.4,379.9,342.3,379.0,1085212.972,0.10046457607433235
2021-09-23,378.9,384.6,369.0,383.5,992215.176,0.01187335092348274
2021-09-24,383.5,385.3,333.6,355.0,1718950.219,-0.0743155149934811
2021-09-25,355.0,360.8,343.2,349.6,916797.617,-0.015211267605633738
2021-09-26,349.6,353.0,320.0,344.0,1538759.1618,-0.016018306636155666
2021-09-27,344.0,357.6,335.0,335.5,956544.069,-0.02470930232558144
2021-09-28,335.5,344.6,330.0,333.0,922077.227,-0.007451564828613977
2021-09-29,332.9,375.4,331.2,367.7,1696420.045,0.10420420420420418
2021-09-30,367.7,388.8,366.4,387.5,1163674.206,0.05384824585259729
2021-10-01,387.5,423.4,381.5,421.5,1440336.041,0.08774193548387088
2021-10-02,421.4,438.2,410.6,427.1,1039006.518,0.013285883748517247
2021-10-03,427.0,437.2,421.5,430.5,820910.792,0.007960664949660412
2021-10-04,430.5,430.9,410.9,426.3,974423.359,-0.009756097560975618
2021-10-05,426.4,444.0,424.0,442.1,883699.828,0.03706310110250999
2021-10-06,442.0,442.8,414.7,434.9,1245088.683,-0.016285908165573515
2021-10-07,434.9,450.0,423.6,438.5,1159098.7447,0.008277765003449122
2021-10-08,438.5,441.6,415.7,419.2,1505999.188,-0.04401368301026232
2021-10-09,419.3,426.0,416.0,421.9,632123.526,0.006440839694656475
2021-10-10,421.9,422.3,402.0,404.1,729380.963,-0.04219009243896643
2021-10-11,404.0,424.0,399.8,413.1,759924.884,0.022271714922049046
2021-10-12,413.2,444.5,392.2,444.2,1966630.183,0.07528443476155888
2021-10-13,444.1,471.8,432.3,470.8,3383303.439,0.05988293561458802
2021-10-14,470.7,482.8,461.2,472.7,1431305.925,0.004035683942225976
2021-10-15,472.7,478.0,450.8,474.5,1508188.787,0.003807911994922808
2021-10-16,474.5,484.7,423.0,465.8,1040477.571,-0.018335089567966256
2021-10-17,465.8,472.4,454.2,470.9,890609.849,0.010948905109488871
2021-10-18,471.0,487.6,466.4,484.9,1091006.031,0.029730303673816127
2021-10-19,485.0,497.6,480.3,488.1,912494.969,0.006599298824500055
2021-10-20,488.1,505.9,481.3,501.3,946412.94,0.02704363859864789
2021-10-21,501.3,504.9,466.0,470.9,1851835.929,-0.060642329942150464
2021-10-22,470.9,498.0,470.7,479.3,1118876.638,0.017838182204289676
2021-10-23,479.3,485.7,472.6,485.5,521970.795,0.012935530982683074
2021-10-24,485.5,486.5,467.8,475.8,590939.031,-0.01997940267765186
2021-10-25,475.8,488.6,474.7,485.1,632116.761,0.01954602774274905
2021-10-26,485.1,489.8,473.5,478.1,702610.184,-0.01443001443001446
2021-10-27,478.2,486.4,435.3,448.7,1370950.214,-0.061493411420205035
2021-10-28,448.7,494.8,446.4,491.9,1523900.006,0.09627813683975939
2021-10-29,492.0,533.61,487.6,530.3,1411851.4394,0.0780646472860338
2021-10-30,530.3,540.5,510.2,528.3,1095033.1264,-0.003771450122572184
2021-10-31,528.4,535.0,508.9,524.6,1018991.819,-0.007003596441415683
2021-11-01,524.6,551.9,511.0,551.3,1274272.0851,0.05089592070148674
2021-11-02,551.3,564.0,537.4,554.4,1153919.1399,0.005623072737166668
2021-11-03,554.4,570.1,537.5,568.4,1262766.5996,0.025252525252525304
2021-11-04,568.4,568.9,543.6,558.7,1052950.033,-0.01706544686840239
2021-11-05,558.8,616.9,554.1,607.3,1989945.5433,0.08698764990155694
2021-11-06,607.3,637.8,595.1,637.7,1366385.957,0.050057632142269215
2021-11-07,637.7,669.3,630.5,649.6,1476373.2487,0.01866081229418226
2021-11-08,649.5,655.7,631.0,653.5,1290096.384,0.006003694581280694
2021-11-09,653.6,656.7,631.9,635.0,879119.398,-0.028309104820198883
2021-11-10,635.0,662.9,573.0,614.1,1814654.086,-0.03291338582677161
2021-11-11,614.2,635.2,605.7,628.4,1019740.949,0.023286109754111717
2021-11-12,628.4,634.5,602.7,626.9,1012909.088,-0.0023870146403565107
2021-11-13,626.8,655.0,619.6,649.5,900107.757,0.03605040676343929
2021-11-14,649.5,661.0,634.5,650.8,933689.139,0.002001539645881456
2021-11-15,650.7,659.5,630.3,633.8,953989.634,-0.02612169637369388
2021-11-16,633.9,635.2,573.7,588.7,2200954.903,-0.0711580940359734
2021-11-17,588.8,592.6,553.7,578.0,1453408.555,-0.01817564124341775
2021-11-18,577.9,588.2,510.0,531.8,1750338.428,-0.07993079584775098
2021-11-19,531.9,585.5,523.9,581.0,1300787.958,0.09251598345242584
2021-11-20,581.0,604.8,572.6,604.3,1119517.131,0.04010327022375204
2021-11-21,604.4,605.2,579.6,584.0,970133.807,-0.03359258646367691
2021-11-22,584.0,585.5,553.8,559.3,1141002.755,-0.04229452054794525
2021-11-23,559.4,605.0,557.9,591.1,1202541.917,0.05685678526729854
2021-11-24,591.1,594.3,576.8,590.3,1079667.803,-0.0013534088986636439
2021-11-25,590.4,650.0,587.4,639.1,1536194.042,0.08266982890055918
2021-11-26,639.1,657.9,564.2,587.3,2413553.439,-0.08105147864184015
2021-11-27,587.2,621.3,582.6,599.9,1183849.36,0.021454112038140627
2021-11-28,599.9,612.9,571.6,611.3,1281130.351,0.019003167194532322
2021-11-29,611.4,629.0,601.6,623.4,1090520.864,0.019793881891051912
2021-11-30,623.5,635.0,602.6,622.5,1380656.205,-0.0014436958614051365
2021-12-01,622.5,649.8,618.2,627.5,1384101.087,0.008032128514056325
2021-12-02,627.5,630.9,605.5,619.9,1104596.881,-0.012111553784860618
2021-12-03,619.9,628.0,574.0,595.0,1250950.167,-0.04016776899499919
2021-12-04,595.1,596.0,489.2,568.6,2611783.647,-0.044369747899159595
2021-12-05,568.5,582.0,539.9,557.8,1258393.72,-0.018994020400984968
2021-12-06,557.7,593.0,533.0,587.5,2005928.932,0.05324489064180726
2021-12-07,587.5,594.1,572.2,578.7,1017363.943,-0.014978723404255212
2021-12-08,578.7,607.6,567.0,607.2,1113215.449,0.04924831518921713
2021-12-09,607.3,617.0,567.7,570.2,1096635.012,-0.060935441370224
2021-12-10,570.2,595.1,550.2,552.4,1083121.564,-0.03121711680112249
2021-12-11,552.5,572.7,542.0,564.5,950448.474,0.021904417089065875
2021-12-12,564.6,574.8,559.3,570.3,544940.336,0.010274579273693352
2021-12-13,570.3,572.2,511.1,521.0,1037150.705,-0.08644573031737679
2021-12-14,521.0,535.8,509.7,528.1,1263782.101,0.013627639155470384
2021-12-15,528.0,546.7,501.6,541.1,1147515.305,0.024616549895853046
2021-12-16,541.1,545.3,524.8,526.2,735504.682,-0.027536499722786822
2021-12-17,526.2,535.8,511.0,525.5,921732.763,-0.0013302926643862234
2021-12-18,525.5,537.8,515.0,533.9,580436.098,0.015984776403425327
2021-12-19,533.9,544.4,527.1,529.8,540256.684,-0.007679340700505799
2021-12-20,529.8,534.8,505.6,524.0,727454.212,-0.010947527368818322
2021-12-21,524.0,535.7,509.8,528.3,686439.708,0.008206106870228824
2021-12-22,528.4,545.0,527.2,533.6,721787.109,0.010032178686352644
2021-12-23,533.6,552.6,524.3,549.0,844421.954,0.02886056971514228
2021-12-24,549.0,554.4,537.4,542.1,665688.415,-0.012568306010928953
2021-12-25,542.1,550.5,539.1,547.4,455399.793,0.009776793949455742
2021-12-26,547.4,549.3,535.6,546.4,536338.775,-0.001826817683595161
2021-12-27,546.5,572.0,543.1,563.7,803473.155,0.03166178623718907
2021-12-28,563.7,563.7,528.4,534.2,1002556.271,-0.052332801135355655
2021-12-29,534.2,540.5,510.3,514.5,740117.867,-0.03687757394234381
2021-12-30,514.5,527.8,508.3,518.5,639166.717,0.007774538386783325
2021-12-31,518.6,528.3,506.0,511.4,677844.749,-0.01369334619093543
2022-01-01,511.5,527.9,511.4,527.3,446171.541,0.03109112240907308
2022-01-02,527.4,533.9,518.0,531.0,404475.541,0.007016878437322349
2022-01-03,531.0,532.8,510.0,511.9,663841.021,-0.03596986817325809
2022-01-04,511.9,520.0,502.0,506.9,687436.638,-0.00976753272123465
2022-01-05,506.9,516.0,457.0,474.1,985152.004,-0.06470704280923245
2022-01-06,474.2,481.3,458.8,472.6,986669.9,-0.0031638894747944013
2022-01-07,472.6,473.9,437.5,448.1,1331260.03,-0.05184088023698685
2022-01-08,448.1,459.7,415.0,429.9,1062788.589,-0.04061593394331631
2022-01-09,429.8,444.5,427.0,438.7,688777.347,0.020469876715515367
2022-01-10,438.8,445.5,405.6,424.7,1221504.738,-0.03191246865739683
2022-01-11,424.8,467.7,421.3,463.6,1266092.819,0.09159406639981182
2022-01-12,463.6,489.9,456.6,487.8,836124.928,0.052200172562553826
2022-01-13,487.8,489.8,466.5,475.2,908052.937,-0.02583025830258312
2022-01-14,475.1,492.3,467.6,490.0,797022.181,0.031144781144781142
2022-01-15,489.9,500.9,485.0,494.5,548626.203,0.009183673469387754
2022-01-16,494.5,506.0,488.6,498.6,507042.332,0.008291203235591516
2022-01-17,498.6,499.1,466.9,475.2,757806.035,-0.04693140794223838
2022-01-18,475.1,479.6,457.2,471.4,707501.577,-0.007996632996633002
2022-01-19,471.5,473.1,453.7,461.9,585750.3,-0.02015273652948668
2022-01-20,461.9,478.7,438.2,440.2,1137854.894,-0.04697986577181201
2022-01-21,440.2,444.6,373.7,383.9,1891179.594,-0.127896410722399
2022-01-22,383.8,389.6,336.3,358.3,2635609.386,-0.06668403230007802
2022-01-23,358.3,389.0,356.3,383.9,1297043.923,0.0714485068378452
2022-01-24,384.0,384.0,336.0,371.3,1900214.42,-0.032821047147694626
2022-01-25,371.2,389.5,357.4,385.1,1006111.155,0.03716671155399953
2022-01-26,385.1,402.4,366.4,375.1,1073520.172,-0.025967281225655725
2022-01-27,375.1,393.8,360.0,389.9,962060.888,0.03945614502799244
2022-01-28,389.9,395.9,375.8,385.9,752320.615,-0.01025904077968709
2022-01-29,385.9,397.3,380.7,389.3,534573.782,0.008810572687224738
2022-01-30,389.4,389.6,372.2,377.2,536436.123,-0.031081428204469574
2022-01-31,377.2,385.4,365.2,374.3,620113.734,-0.007688229056203588
2022-02-01,374.4,388.4,373.7,384.2,555347.277,0.02644937216136789
2022-02-02,384.1,386.1,366.1,366.9,572340.04,-0.045028630921395085
2022-02-03,367.1,372.4,359.6,372.3,495715.227,0.014717906786590351
2022-02-04,372.2,399.7,369.5,399.5,849825.828,0.0730593607305936
2022-02-05,399.6,431.0,396.3,413.7,1031046.87,0.03554443053817269
2022-02-06,413.8,422.5,407.0,419.9,542631.176,0.014986705342035167
2022-02-07,419.9,439.0,413.3,433.5,758247.667,0.03238866396761142
2022-02-08,433.5,445.4,406.2,407.8,1148555.321,-0.059284890426758885
2022-02-09,407.9,427.7,407.1,422.9,633880.431,0.037027954879842895
2022-02-10,422.9,434.9,410.0,414.7,956240.339,-0.019389926696618542
2022-02-11,414.7,418.9,390.5,400.0,700843.2,-0.03544731130938028
2022-02-12,400.0,407.1,393.3,403.6,521080.237,0.009000000000000119
2022-02-13,403.6,407.8,394.7,397.9,388657.052,-0.014122893954410465
2022-02-14,398.0,404.5,390.6,403.4,472210.318,0.013822568484543885
2022-02-15,403.4,443.0,402.7,432.4,1184143.99,0.07188894397620227
2022-02-16,432.4,433.5,422.2,427.3,606252.493,-0.011794634597594778
2022-02-17,427.3,431.1,400.0,402.4,661874.717,-0.05827287619939159
2022-02-18,402.4,411.0,392.2,399.2,611936.679,-0.007952286282306154
2022-02-19,399.2,406.4,393.0,399.8,410279.304,0.0015030060120240218
2022-02-20,399.8,400.0,375.0,380.6,624148.525,-0.048024012006002925
2022-02-21,380.7,393.7,355.0,356.6,1219652.481,-0.06305832895428276
2022-02-22,356.7,375.4,348.7,374.3,940456.822,0.04963544587773416
2022-02-23,374.3,384.2,365.3,365.6,698692.661,-0.023243387656959658
2022-02-24,365.6,371.3,323.5,361.2,1949035.935,-0.012035010940919078
2022-02-25,361.2,377.2,356.8,375.0,783242.16,0.038205980066445155
2022-02-26,375.0,386.1,370.5,373.7,548687.941,-0.003466666666666729
2022-02-27,373.7,381.2,358.1,360.1,677364.949,-0.03639282847203629
2022-02-28,360.1,397.2,355.8,395.6,773064.48,0.09858372674257154
2022-03-01,395.7,424.9,390.4,408.7,1403695.832,0.03311425682507574
2022-03-02,408.7,415.7,403.8,409.3,788499.443,0.0014680694886224366
2022-03-03,409.3,413.2,397.4,402.6,577002.325,-0.016369411189836258
2022-03-04,402.6,403.5,372.0,374.2,756176.61,-0.07054148037754604
2022-03-05,374.1,387.3,367.2,384.7,453970.242,0.02805986103687874
2022-03-06,384.8,387.3,371.6,375.0,489079.158,-0.025214452820379485
2022-03-07,375.0,385.9,362.8,380.6,949294.91,0.014933333333333465
2022-03-08,380.6,388.7,375.3,381.4,647492.047,0.0021019442984759884
2022-03-09,381.4,402.7,381.0,393.2,1012850.747,0.030938647089669757
2022-03-10,393.2,394.5,363.0,372.0,791332.984,-0.05391658189216686
2022-03-11,372.1,380.0,364.7,371.9,510174.586,-0.00026881720430116385
2022-03-12,371.9,379.2,371.1,372.4,402475.646,0.0013444474321053779
2022-03-13,372.4,377.2,360.1,361.4,424762.642,-0.029538131041890403
2022-03-14,361.4,373.9,359.5,373.4,467814.984,0.03320420586607642
2022-03-15,373.4,374.7,361.7,371.7,440890.823,-0.004552758435993565
2022-03-16,371.7,386.6,367.8,385.4,668878.615,0.036857680925477476
2022-03-17,385.3,393.5,381.7,391.8,569457.408,0.01660612350804369
2022-03-18,391.9,400.0,384.0,397.2,553763.586,0.013782542113323082
2022-03-19,397.2,406.4,394.9,399.9,459996.613,0.006797583081570968
2022-03-20,399.9,400.8,386.2,390.8,398984.429,-0.022755688922230455
2022-03-21,390.8,399.5,384.8,396.0,541479.78,0.013306038894575156
2022-03-22,396.0,410.0,394.8,404.3,609034.607,0.020959595959596067
2022-03-23,404.3,411.7,397.9,408.4,535891.79,0.010140984417511767
2022-03-24,408.4,416.6,405.0,414.2,598366.115,0.014201762977473109
2022-03-25,414.2,421.5,405.5,410.3,609691.876,-0.00941574118783195
2022-03-26,410.3,416.4,407.5,415.8,280157.687,0.013404825737265424
2022-03-27,415.9,431.6,411.7,430.5,490998.1,0.03535353535353525
2022-03-28,430.6,441.0,427.6,430.2,719102.183,-0.0006968641114982743
2022-03-29,430.2,441.6,429.4,434.2,629773.894,0.009298000929800043
2022-03-30,434.2,449.3,425.5,442.1,768982.427,0.018194380469829685
2022-03-31,442.1,452.3,423.9,428.9,957924.695,-0.029857498303551333
2022-04-01,428.9,448.2,412.8,447.7,971822.655,0.04383306131965492
2022-04-02,447.8,454.2,435.7,437.2,827864.885,-0.023453205271387056
2022-04-03,437.3,455.7,432.2,450.4,676230.892,0.03019213174748403
2022-04-04,450.4,450.5,433.4,447.6,736637.271,-0.006216696269982114
2022-04-05,447.6,460.0,444.1,444.7,761168.725,-0.006478999106344974
2022-04-06,444.7,448.6,418.3,420.1,928930.806,-0.05531819203957722
2022-04-07,420.1,450.0,416.2,436.0,717661.036,0.037848131397286267
2022-04-08,436.1,442.0,418.4,421.5,684600.074,-0.03325688073394495
2022-04-09,421.5,428.2,419.6,426.6,356426.659,0.01209964412811404
2022-04-10,426.6,429.5,417.0,418.1,386650.883,-0.019924988279418687
2022-04-11,418.1,419.7,391.2,394.6,856354.224,-0.05620664912700313
2022-04-12,394.6,417.1,392.4,413.6,729790.918,0.04815002534211854
2022-04-13,413.7,424.6,410.3,423.4,630077.277,0.023694390715667257
2022-04-14,423.4,426.9,411.3,414.7,464220.208,-0.020547945205479423
2022-04-15,414.7,420.0,412.5,417.3,331730.773,0.006269592476489061
2022-04-16,417.3,419.0,411.6,417.3,237289.02,0.0
2022-04-17,417.3,418.2,405.5,406.6,302390.726,-0.02564102564102566
2022-04-18,406.7,418.0,396.2,416.8,628747.772,0.025086079685194163
2022-04-19,416.9,424.7,414.6,422.3,567586.931,0.013195777351247662
2022-04-20,422.3,431.4,414.9,418.4,677255.09,-0.00923514089509836
2022-04-21,418.4,426.0,401.2,404.9,771718.154,-0.03226577437858513
2022-04-22,404.9,413.9,403.3,406.6,563521.049,0.004198567547542664
2022-04-23,406.6,408.1,397.3,401.1,339347.45,-0.013526807673389096
2022-04-24,401.2,405.5,397.1,398.8,322889.805,-0.005734230865120926
2022-04-25,398.8,405.7,382.3,404.3,849798.678,0.013791374122367195
2022-04-26,404.4,407.5,380.8,385.9,629808.812,-0.045510759337126006
2022-04-27,386.0,394.8,383.3,391.3,567371.495,0.01399326250323929
2022-04-28,391.4,408.6,388.5,407.1,946336.334,0.040378226424738095
2022-04-29,407.2,410.7,389.7,393.0,694888.526,-0.03463522476050118
2022-04-30,393.0,399.9,376.3,377.1,574905.822,-0.04045801526717552
2022-05-01,377.1,391.4,375.5,389.9,564144.673,0.0339432511270219
2022-05-02,389.9,392.6,382.1,389.5,454918.112,-0.0010259040779686535
2022-05-03,389.5,392.3,379.8,383.9,388317.42,-0.014377406931964098
2022-05-04,383.9,403.1,382.7,402.6,599066.682,0.04871060171919783
2022-05-05,402.6,413.6,370.7,378.4,1224114.512,-0.060109289617486406
2022-05-06,378.5,383.3,370.6,379.1,702441.419,0.001849894291754861
2022-05-07,379.1,380.6,360.1,365.5,554852.531,-0.03587443946188351
2022-05-08,365.5,367.0,349.5,355.9,785184.087,-0.026265389876881096
2022-05-09,355.9,359.3,295.4,296.1,2137566.8702,-0.1680247260466422
2022-05-10,296.1,332.8,289.0,319.1,2160654.1754,0.07767646065518408
2022-05-11,319.1,323.0,260.8,271.5,3387753.9826,-0.14916953932936394
2022-05-12,271.4,285.0,218.8,269.0,4499625.6033,-0.009208103130755041
2022-05-13,269.0,313.5,265.4,290.6,1912387.361,0.08029739776951672
2022-05-14,290.7,299.5,272.1,296.9,1092874.023,0.02167928423950438
2022-05-15,296.9,312.6,285.7,312.4,774709.231,0.052206130010104435
2022-05-16,312.4,312.5,290.3,297.2,967622.834,-0.04865556978233032
2022-05-17,297.3,310.7,295.8,306.2,702265.607,0.030282637954239577
2022-05-18,306.2,308.6,286.8,287.7,731091.091,-0.06041802743305025
2022-05-19,287.8,308.9,286.8,307.1,685238.844,0.06743135210288509
2022-05-20,307.1,316.1,294.1,302.2,918118.177,-0.015955714750895633
2022-05-21,302.3,314.2,299.3,312.4,470778.483,0.03375248180013224
2022-05-22,312.5,323.7,311.5,319.4,640675.573,0.02240717029449435
2022-05-23,319.3,337.0,315.3,317.2,1016212.871,-0.006887914840325582
2022-05-24,317.1,330.4,312.1,328.3,1087140.698,0.03499369482976045
2022-05-25,328.3,337.9,324.0,325.7,1057736.755,-0.007919585744745716
2022-05-26,325.7,331.8,296.7,303.0,1539437.598,-0.06969603929996926
2022-05-27,303.0,309.8,290.6,301.6,1460549.008,-0.0046204620462045876
2022-05-28,301.5,310.5,296.9,307.5,601654.504,0.01956233421750664
2022-05-29,307.6,308.2,298.6,305.8,519507.747,-0.005528455284552813
2022-05-30,305.9,324.0,303.9,321.8,1006928.231,0.052321778940483954
2022-05-31,321.8,324.8,313.5,320.9,701746.39,-0.002796768178993214
2022-06-01,321.0,324.5,297.6,300.4,817984.609,-0.06388282954191338
2022-06-02,300.5,309.2,298.2,308.3,477670.4,0.026298268974700445
2022-06-03,308.4,310.3,293.3,298.6,468996.677,-0.03146286084982153
2022-06-04,298.6,302.9,294.8,301.3,293533.108,0.009042196918955137
2022-06-05,301.4,302.5,295.0,299.1,269695.901,-0.0073016926651178204
2022-06-06,299.1,312.3,288.0,295.1,758590.86,-0.01337345369441656
2022-06-07,295.1,295.9,273.5,290.3,969784.619,-0.016265672653337893
2022-06-08,290.3,294.6,283.9,288.5,509510.455,-0.006200482259731355
2022-06-09,288.5,293.4,286.3,289.9,335495.073,0.004852686308492116
2022-06-10,289.9,298.9,283.2,286.4,817523.364,-0.012073128665056942
2022-06-11,286.4,290.6,265.2,269.9,584351.456,-0.057611731843575376
2022-06-12,269.9,272.0,251.1,254.8,827755.035,-0.0559466469062615
2022-06-13,254.8,257.8,213.2,223.0,2377589.4089,-0.1248037676609105
2022-06-14,222.9,231.4,204.1,223.0,1922025.0844,0.0
2022-06-15,223.1,234.7,198.4,233.6,2105397.5515,0.047533632286995475
2022-06-16,233.6,237.2,207.7,210.2,975592.873,-0.10017123287671237
2022-06-17,210.3,222.1,207.7,215.8,690834.308,0.026641294005709026
2022-06-18,215.8,219.0,183.4,197.0,1404690.4959,-0.087117701575533
2022-06-19,197.0,217.0,189.7,215.1,1102166.171,0.09187817258883246
2022-06-20,215.1,219.8,204.8,216.5,880400.844,0.006508600650860119
2022-06-21,216.5,228.4,213.1,220.1,829003.565,0.016628175519630473
2022-06-22,220.2,221.0,211.2,214.4,690466.465,-0.02589731940027251
2022-06-23,214.4,231.7,214.0,228.9,783796.952,0.06763059701492535
2022-06-24,229.0,243.3,228.3,240.2,707275.387,0.04936653560506765
2022-06-25,240.3,242.1,229.7,239.7,490948.31,-0.002081598667776907
2022-06-26,239.7,245.2,233.2,233.9,456762.547,-0.02419691280767622
2022-06-27,234.0,241.0,230.0,233.8,483616.798,-0.00042753313381782565
2022-06-28,233.9,242.8,225.9,226.9,632626.779,-0.02951240376390074
2022-06-29,227.0,229.8,215.4,219.7,711780.691,-0.031732040546496365
2022-06-30,219.7,220.3,205.4,219.6,791526.898,-0.00045516613563945096
2022-07-01,219.6,226.8,213.5,216.9,816261.885,-0.012295081967213073
2022-07-02,216.9,219.7,213.8,218.3,342712.099,0.006454587367450415
2022-07-03,218.4,220.1,213.9,219.2,361103.065,0.004122766834631086
2022-07-04,219.2,232.2,214.8,231.5,514662.946,0.05611313868613155
2022-07-05,231.6,236.6,222.9,230.8,684927.621,-0.0030237580993519586
2022-07-06,230.8,240.0,229.0,238.6,644951.713,0.03379549393414205
2022-07-07,238.6,243.8,230.0,241.4,488193.225,0.011735121542330251
2022-07-08,241.4,247.7,237.0,240.7,643936.034,-0.0028997514498757537
2022-07-09,240.7,245.0,240.4,243.3,267778.165,0.010801828001661962
2022-07-10,243.3,243.5,231.7,234.7,396712.237,-0.03534730785039053
2022-07-11,234.7,235.0,225.1,225.6,419335.067,-0.03877290157648061
2022-07-12,225.7,228.3,220.2,220.6,410220.066,-0.022163120567375905
2022-07-13,220.6,231.3,216.4,230.5,714589.61,0.044877606527651936
2022-07-14,230.5,240.0,227.1,238.5,577524.874,0.03470715835141003
2022-07-15,238.6,242.7,235.4,238.5,446513.822,0.0
2022-07-16,238.6,251.5,233.9,249.8,423399.994,0.047379454926624875
2022-07-17,249.8,256.1,246.4,247.8,436448.547,-0.008006405124099225
2022-07-18,247.8,265.6,247.6,264.1,747067.029,0.06577885391444727
2022-07-19,264.1,274.8,255.8,268.6,946386.94,0.017039000378644475
2022-07-20,268.6,272.0,256.4,258.2,771496.808,-0.03871928518242751
2022-07-21,258.3,266.0,250.7,265.6,545140.272,0.028659953524399873
2022-07-22,265.6,271.4,261.1,262.4,508542.317,-0.012048192771084487
2022-07-23,262.5,272.6,252.7,259.2,488326.247,-0.012195121951219523
2022-07-24,259.2,266.2,257.1,261.4,333902.611,0.008487654320987525
2022-07-25,261.4,262.7,243.8,244.6,458768.533,-0.06426931905126232
2022-07-26,244.7,249.6,239.6,249.4,365533.647,0.019623875715453876
2022-07-27,249.5,272.0,247.5,271.6,656773.695,0.08901363271852447
2022-07-28,271.6,280.8,263.6,277.2,669832.4,0.020618556701030855
2022-07-29,277.2,302.0,274.8,293.6,1077799.221,0.059163059163059195
2022-07-30,293.6,300.2,285.1,287.8,683111.103,-0.01975476839237056
2022-07-31,287.8,297.1,282.1,283.4,564727.273,-0.015288394718554699
2022-08-01,283.5,290.5,277.9,283.2,493847.804,-0.0007057163020465218
2022-08-02,283.3,291.1,274.2,283.8,627814.081,0.0021186440677967155
2022-08-03,283.8,305.7,278.2,297.5,685924.62,0.04827343199436229
2022-08-04,297.6,313.4,297.2,311.8,808604.152,0.048067226890756265
2022-08-05,311.9,321.5,308.1,315.9,641807.573,0.013149454778704106
2022-08-06,315.9,322.9,312.6,315.2,394288.536,-0.0022158911047799323
2022-08-07,315.3,325.9,308.2,322.8,415090.183,0.02411167512690371
2022-08-08,322.7,334.0,320.8,324.9,580206.607,0.006505576208178265
2022-08-09,324.9,328.3,312.4,324.4,500589.395,-0.0015389350569405824
2022-08-10,324.5,336.8,313.6,328.8,831222.11,0.01356350184956856
2022-08-11,328.8,334.7,322.0,323.6,549578.328,-0.015815085158150777
2022-08-12,323.5,328.1,317.7,327.9,384848.843,0.01328800988875134
2022-08-13,327.9,333.0,322.8,324.3,405066.252,-0.010978956999085021
2022-08-14,324.3,331.0,315.8,317.6,378353.918,-0.020659882824545117
2022-08-15,317.6,327.4,313.6,319.5,455916.278,0.00598236775818628
2022-08-16,319.4,322.4,312.0,316.1,370975.919,-0.010641627543035881
2022-08-17,316.0,324.0,304.2,306.9,504236.732,-0.029104713698196893
2022-08-18,306.8,311.0,295.8,298.1,409051.886,-0.028673835125447855
2022-08-19,298.1,298.2,276.2,279.1,870296.511,-0.0637370010063737
2022-08-20,279.0,289.4,277.0,283.7,513021.106,0.016481547832318144
2022-08-21,283.8,304.2,283.4,301.9,528156.209,0.06415227352837505
2022-08-22,301.9,304.9,288.8,300.0,638895.985,-0.006293474660483578
2022-08-23,300.0,301.7,293.8,299.3,403374.952,-0.0023333333333332984
2022-08-24,299.3,300.5,294.3,296.4,344126.265,-0.009689274974941653
2022-08-25,296.4,307.5,296.0,301.2,398617.06,0.0161943319838056
2022-08-26,301.2,302.3,277.2,279.6,594770.355,-0.0717131474103585
2022-08-27,279.6,284.8,273.3,277.9,412732.716,-0.006080114449213303
2022-08-28,277.9,284.1,275.6,276.5,312819.026,-0.005037783375314797
2022-08-29,276.5,286.7,272.3,285.9,481690.832,0.033996383363471994
2022-08-30,285.9,292.0,276.1,281.6,436765.765,-0.015040223854494439
2022-08-31,281.7,290.0,277.7,279.2,388909.545,-0.008522727272727404
2022-09-01,279.3,280.3,270.7,278.3,415193.212,-0.003223495702005641
2022-09-02,278.3,283.4,273.7,277.5,321409.948,-0.002874595759971288
2022-09-03,277.4,278.8,274.2,277.8,148504.883,0.00108108108108107
2022-09-04,277.8,280.6,275.0,279.1,193440.808,0.004679625629949724
2022-09-05,279.1,282.0,273.4,276.9,258958.149,-0.007882479398065412
2022-09-06,276.9,286.3,261.0,262.5,640922.531,-0.052004333694474436
2022-09-07,262.5,280.4,258.6,278.9,431827.218,0.06247619047619035
2022-09-08,279.0,282.9,275.4,280.5,385559.749,0.0057368232341341585
2022-09-09,280.6,295.9,280.0,293.4,541869.409,0.04598930481283414
2022-09-10,293.4,298.6,290.3,296.7,328332.542,0.011247443762781195
2022-09-11,296.7,298.1,289.7,295.3,261093.945,-0.004718570947084499
2022-09-12,295.3,300.0,290.8,294.1,408686.168,-0.00406366407043679
2022-09-13,294.1,298.6,275.4,277.4,578322.33,-0.056783407004420416
2022-09-14,277.5,282.8,273.3,279.3,424974.985,0.006849315068493178
2022-09-15,279.4,280.5,266.3,271.1,520635.261,-0.029359112065878934
2022-09-16,271.1,276.6,268.5,274.9,311737.818,0.014016967908520694
2022-09-17,274.9,279.9,274.7,279.1,189707.951,0.015278283012004623
2022-09-18,279.1,280.3,263.1,266.2,327883.908,-0.04621999283410971
2022-09-19,266.3,273.0,256.7,271.9,508029.19,0.021412471825694945
2022-09-20,272.0,273.7,265.2,266.3,335455.454,-0.020595807282088874
2022-09-21,266.3,276.4,260.3,264.0,535775.821,-0.008636875704093216
2022-09-22,264.0,276.7,263.5,275.3,339390.821,0.042803030303030454
2022-09-23,275.4,277.9,268.3,276.7,363390.805,0.005085361423901036
2022-09-24,276.7,285.0,274.2,274.4,324988.432,-0.008312251535959603
2022-09-25,274.4,280.0,270.9,274.3,220895.598,-0.00036443148688036775
2022-09-26,274.3,276.9,270.8,276.1,267919.665,0.006562158220926095
2022-09-27,276.1,286.6,269.2,272.3,406749.835,-0.013763129300977894
2022-09-28,272.3,283.7,266.3,281.6,357981.397,0.03415350716121934
2022-09-29,281.6,285.6,277.1,284.1,301167.344,0.008877840909090828
2022-09-30,284.2,289.8,280.5,284.8,391981.587,0.0024639211545229855
2022-10-01,284.9,285.4,277.7,282.9,196754.497,-0.0066713483146068064
2022-10-02,282.9,287.9,279.4,284.7,200690.251,0.006362672322375529
2022-10-03,284.7,289.1,283.1,286.9,275974.883,0.007727432384966537
2022-10-04,287.0,298.2,286.3,296.2,321841.165,0.0324154757755315
2022-10-05,296.3,296.4,289.2,294.2,221018.685,-0.006752194463200523
2022-10-06,294.2,298.1,278.6,287.0,450036.833,-0.024473147518694782
2022-10-07,286.9,287.0,279.1,282.3,354485.961,-0.016376306620209058
2022-10-08,282.2,282.7,275.4,276.4,183653.119,-0.020899752036840358
2022-10-09,276.3,279.4,275.1,278.2,171008.247,0.0065123010130245795
2022-10-10,278.2,279.2,271.3,271.5,216924.869,-0.02408339324227171
2022-10-11,271.5,274.0,267.2,271.4,222137.683,-0.00036832412523024605
2022-10-12,271.3,272.9,269.2,270.9,167816.904,-0.0018422991893883855
2022-10-13,270.9,273.7,256.8,271.6,540797.212,0.0025839793281654533
2022-10-14,271.6,276.8,267.6,269.4,298386.918,-0.0081001472754052
2022-10-15,269.4,271.4,267.4,268.2,144084.716,-0.00445434298440972
2022-10-16,268.2,273.9,267.9,272.5,185597.074,0.016032811334824704
2022-10-17,272.4,275.9,269.8,275.6,187187.58,0.011376146788991015
2022-10-18,275.7,276.0,270.1,273.1,195691.117,-0.00907111756168355
2022-10-19,273.2,273.9,270.3,272.0,153657.96,-0.004027828634200037
2022-10-20,271.9,273.4,267.3,269.0,166135.496,-0.011029411764705843
2022-10-21,269.0,271.2,263.4,270.1,195432.212,0.004089219330855043
2022-10-22,270.1,271.1,268.4,270.4,84044.883,0.0011106997408365515
2022-10-23,270.5,276.8,268.7,276.0,134390.843,0.020710059171597628
2022-10-24,275.9,277.4,271.6,274.1,154182.094,-0.0068840579710144345
2022-10-25,274.2,289.9,272.0,284.2,387523.125,0.0368478657424296
2022-10-26,284.2,292.0,284.1,290.2,316408.936,0.02111189303307537
2022-10-27,290.3,293.3,284.7,286.7,315734.808,-0.012060647829083337
2022-10-28,286.8,301.1,285.7,297.9,416648.243,0.03906522497384013
2022-10-29,297.9,308.4,295.6,304.4,553646.125,0.021819402484055006
2022-10-30,304.5,318.8,302.3,313.5,538624.403,0.029894875164257595
2022-10-31,313.6,337.9,306.5,325.7,1047801.477,0.0389154704944179
2022-11-01,325.8,334.6,317.4,323.9,550045.706,-0.005526558182376462
2022-11-02,323.8,330.0,315.3,320.2,561329.564,-0.011423278789749913
2022-11-03,320.2,338.7,318.0,329.5,622354.86,0.029044347282948246
2022-11-04,329.6,358.9,328.3,354.6,751709.582,0.07617602427921089
2022-11-05,354.7,361.3,346.1,349.2,411760.064,-0.015228426395939132
2022-11-06,349.1,356.0,337.7,337.9,390974.879,-0.03235967926689576
2022-11-07,337.8,344.4,326.4,337.0,740465.512,-0.0026635099141757435
2022-11-08,337.0,398.3,298.0,327.4,3103916.384,-0.028486646884273048
2022-11-09,327.4,333.1,260.2,267.3,1901075.899,-0.18356750152718382
2022-11-10,267.1,313.0,263.2,304.0,1411238.91,0.13729891507669278
2022-11-11,304.1,306.0,279.0,290.4,695145.641,-0.044736842105263186
2022-11-12,290.4,294.5,271.6,282.8,545359.355,-0.0261707988980715
2022-11-13,282.9,286.5,273.2,276.4,442278.921,-0.022630834512022746
2022-11-14,276.4,292.0,268.0,279.0,818725.897,0.00940665701881338
2022-11-15,279.0,282.4,273.2,277.0,445565.664,-0.007168458781361964
2022-11-16,277.0,280.2,268.8,271.8,402896.799,-0.01877256317689524
2022-11-17,271.9,273.5,262.9,267.9,367805.83,-0.014348785871964753
2022-11-18,268.0,274.8,267.7,274.1,277946.366,0.02314296379246006
2022-11-19,274.1,274.6,268.9,272.6,194104.28,-0.005472455308281665
2022-11-20,272.6,273.8,261.8,264.2,306587.581,-0.030814380044020706
2022-11-21,264.2,265.3,250.0,253.9,581026.19,-0.038985616956850766
2022-11-22,254.0,267.8,252.0,266.7,357164.445,0.05041354864119718
2022-11-23,266.8,301.8,264.8,298.8,1224050.689,0.12035995500562446
2022-11-24,298.9,304.1,293.9,300.2,550792.655,0.004685408299865967
2022-11-25,300.3,306.6,294.1,300.8,465733.483,0.0019986675549634736
2022-11-26,300.8,317.8,299.9,311.4,569578.773,0.0352393617021276
2022-11-27,311.4,316.7,306.3,307.6,310095.845,-0.012202954399486043
2022-11-28,307.7,309.6,286.6,293.5,603763.83,-0.04583875162548767
2022-11-29,293.5,305.3,289.0,295.4,422502.385,0.0064735945485518975
2022-11-30,295.4,305.5,292.5,300.6,467009.694,0.017603249830738132
2022-12-01,300.6,302.0,290.0,292.3,798867.735,-0.027611443779108513
2022-12-02,292.3,293.9,285.4,293.4,364102.285,0.003763256927813874
2022-12-03,293.4,294.4,289.0,290.4,234377.055,-0.010224948875255602
2022-12-04,290.4,292.8,287.4,291.8,244356.783,0.004820936639118534
2022-12-05,291.8,297.2,286.1,288.4,294958.79,-0.011651816312542973
2022-12-06,288.5,290.8,286.5,290.2,247911.347,0.006241331484049928
2022-12-07,290.2,290.9,281.1,284.2,361435.528,-0.020675396278428626
2022-12-08,284.2,292.0,282.4,290.4,281655.085,0.02181562280084437
2022-12-09,290.4,292.0,284.4,286.0,308418.725,-0.015151515151515027
2022-12-10,286.1,289.9,285.7,288.2,148922.633,0.007692307692307665
2022-12-11,288.2,291.4,283.3,284.4,206340.146,-0.013185287994448291
2022-12-12,284.5,285.8,271.7,276.1,507509.835,-0.029184247538677766
2022-12-13,276.1,282.0,255.6,272.2,1309642.684,-0.014125316914161634
2022-12-14,272.2,278.4,265.5,267.7,580082.911,-0.016531961792799366
2022-12-15,267.7,268.1,256.5,258.8,350889.164,-0.033246171087037646
2022-12-16,258.9,264.7,224.7,231.2,876900.031,-0.10664605873261213
2022-12-17,231.2,245.0,220.0,242.1,788798.493,0.04714532871972321
2022-12-18,242.1,254.6,239.5,251.0,526139.427,0.03676166873192899
2022-12-19,251.1,253.3,236.8,240.4,408787.202,-0.042231075697211184
2022-12-20,240.3,253.5,239.1,251.4,320509.026,0.045757071547420924
2022-12-21,251.4,251.5,245.2,246.2,195051.385,-0.020684168655529134
2022-12-22,246.2,248.3,240.1,245.8,246104.196,-0.0016246953696180677
2022-12-23,245.9,248.7,243.7,246.2,175280.013,0.0016273393002439462
2022-12-24,246.2,246.3,243.4,244.5,96773.731,-0.006904955320877315
2022-12-25,244.6,245.8,241.4,243.2,125016.877,-0.005316973415132931
2022-12-26,243.2,244.9,242.0,244.3,117117.968,0.004523026315789602
2022-12-27,244.3,248.9,242.1,246.7,196642.12,0.009823986901350779
2022-12-28,246.7,247.4,241.5,244.5,208632.342,-0.00891771382245643
2022-12-29,244.6,246.9,243.3,246.3,161959.266,0.007361963190184007
2022-12-30,246.3,246.7,242.7,245.8,128406.533,-0.002030044660982555
2022-12-31,245.8,248.0,244.8,246.3,134141.311,0.002034174125305155
2023-01-01,246.3,246.7,243.4,244.4,109450.117,-0.007714169711733665
2023-01-02,244.5,247.9,240.7,245.2,173452.9,0.003273322422258529
2023-01-03,245.3,247.0,244.4,246.1,115059.991,0.0036704730831973453
2023-01-04,246.2,261.0,245.6,258.9,370055.082,0.05201137748882556
2023-01-05,258.9,259.2,255.2,256.7,145297.963,-0.008497489378138212
2023-01-06,256.7,260.7,254.2,259.9,199497.076,0.01246591351772497
2023-01-07,259.9,263.9,259.4,261.3,115152.77,0.0053866871873800015
2023-01-08,261.3,276.5,260.1,274.9,237308.89,0.05204745503252961
2023-01-09,274.9,283.5,271.3,272.6,437828.428,-0.008366678792287918
2023-01-10,272.6,278.8,270.2,277.1,259938.562,0.01650770359501097
2023-01-11,277.2,287.7,274.1,284.8,266107.304,0.027787802237459358
2023-01-12,284.9,288.6,278.5,287.7,391553.641,0.010182584269662787
2023-01-13,287.8,296.0,284.9,293.7,313541.811,0.02085505735140769
2023-01-14,293.7,314.4,293.1,305.1,706402.087,0.038815117466802995
2023-01-15,305.2,306.1,291.8,302.2,288696.868,-0.009505080301540625
2023-01-16,302.2,308.1,293.1,299.0,350990.993,-0.010589013898080757
2023-01-17,299.0,305.8,294.9,299.4,279993.876,0.0013377926421402897
2023-01-18,299.4,305.3,281.1,286.7,621064.665,-0.04241816967267864
2023-01-19,286.7,295.5,286.1,294.6,215522.146,0.027554935472619668
2023-01-20,294.6,305.4,286.6,305.1,423829.136,0.035641547861507084
2023-01-21,305.1,309.9,298.4,299.0,508000.024,-0.01999344477220588
2023-01-22,299.1,311.4,298.5,303.0,388815.192,0.013377926421404673
2023-01-23,303.1,307.8,300.8,305.1,301946.005,0.006930693069306937
2023-01-24,305.2,323.5,299.2,300.3,629758.279,-0.015732546705998107
2023-01-25,300.3,314.0,293.4,306.9,447238.539,0.0219780219780219
2023-01-26,306.9,309.5,301.6,304.7,342344.705,-0.007168458781361964
2023-01-27,304.8,310.5,298.8,308.0,271326.79,0.010830324909747224
2023-01-28,308.0,313.6,303.6,306.1,229517.8,-0.006168831168831046
2023-01-29,306.2,320.5,304.8,317.2,430698.673,0.03626265926167904
2023-01-30,317.1,320.8,302.0,307.2,413716.212,-0.031525851197982346
2023-01-31,307.2,314.4,305.3,312.0,278061.958,0.015625
2023-02-01,312.1,319.4,305.6,317.0,390978.523,0.01602564102564097
2023-02-02,317.1,334.4,316.3,323.5,587655.881,0.020504731861198833
2023-02-03,323.5,335.5,318.3,332.2,579577.162,0.02689335394126746
2023-02-04,332.3,334.1,327.0,330.4,212109.626,-0.005418422636965681
2023-02-05,330.4,337.8,324.0,327.8,396514.711,-0.007869249394673039
2023-02-06,327.8,331.5,320.7,324.3,290965.0,-0.010677242220866412
2023-02-07,324.4,333.7,323.2,333.0,265904.833,0.026827012025901986
2023-02-08,333.1,335.8,323.6,328.2,286865.867,-0.01441441441441449
2023-02-09,328.2,329.3,302.0,306.2,564612.572,-0.06703229737964655
2023-02-10,306.2,309.2,302.5,305.8,295784.976,-0.001306335728282093
2023-02-11,305.9,311.4,305.1,310.4,154488.761,0.015042511445388929
2023-02-12,310.5,321.0,306.0,312.6,291500.27,0.007087628865979578
2023-02-13,312.6,315.7,282.8,294.3,1065985.594,-0.05854126679462579
2023-02-14,294.3,301.7,289.8,296.2,494698.654,0.006455997281685333
2023-02-15,296.2,317.7,294.0,317.4,465921.943,0.07157326130992558
2023-02-16,317.5,327.8,303.9,304.4,858141.89,-0.04095778197857591
2023-02-17,304.4,317.5,302.8,313.0,508736.193,0.028252299605781905
2023-02-18,313.0,319.2,312.9,316.5,282485.39,0.011182108626198062
2023-02-19,316.6,318.9,310.3,311.5,336004.274,-0.01579778830963663
2023-02-20,311.5,319.8,308.0,315.4,514483.797,0.012520064205457482
2023-02-21,315.5,317.4,309.3,311.5,385161.297,-0.012365250475586453
2023-02-22,311.5,312.9,303.2,312.4,368344.986,0.002889245585874667
2023-02-23,312.5,315.3,305.8,308.3,300641.241,-0.013124199743917986
2023-02-24,308.3,312.1,298.6,302.3,328726.4,-0.019461563412260796
2023-02-25,302.3,303.0,295.5,302.4,178538.408,0.00033079722130313627
2023-02-26,302.5,309.8,300.7,308.7,151419.166,0.02083333333333348
2023-02-27,308.7,309.4,300.5,304.6,234405.821,-0.013281503077421375
2023-02-28,304.7,305.7,300.0,301.4,186649.192,-0.010505581089954141
2023-03-01,301.5,306.4,300.5,302.7,200883.893,0.00431320504313204
2023-03-02,302.6,303.8,295.8,299.8,200964.842,-0.009580442682523893
2023-03-03,299.8,300.0,286.6,290.4,266627.564,-0.031354236157438375
2023-03-04,290.5,291.5,285.8,289.6,127846.865,-0.0027548209366389242
2023-03-05,289.6,292.8,287.4,288.7,128456.559,-0.003107734806629958
2023-03-06,288.8,289.7,283.3,287.8,205220.757,-0.0031174229303774226
2023-03-07,287.9,290.5,283.4,289.3,200611.357,0.00521195274496189
2023-03-08,289.3,294.3,285.1,287.1,260938.374,-0.0076045627376425395
2023-03-09,287.1,291.4,271.2,277.1,318996.851,-0.034831069313827956
2023-03-10,277.1,278.1,265.0,277.4,404292.972,0.0010826416456151122
2023-03-11,277.5,281.8,270.5,276.0,370350.207,-0.005046863734679108
2023-03-12,276.0,288.8,273.2,288.1,316243.117,0.0438405797101451
2023-03-13,288.1,314.1,286.1,307.9,991752.464,0.06872613675807004
2023-03-14,307.9,319.5,302.0,308.4,703702.208,0.0016239038648913073
2023-03-15,308.5,312.7,300.0,306.3,413251.773,-0.006809338521400643
2023-03-16,306.3,332.8,302.8,329.4,1251303.89,0.07541625857002932
2023-03-17,329.4,340.0,325.0,338.9,726737.468,0.02884031572556167
2023-03-18,339.0,346.3,328.0,331.0,662698.511,-0.023310711124225336
2023-03-19,331.1,341.7,330.3,336.7,401972.619,0.017220543806646393
2023-03-20,336.7,339.1,331.3,332.5,511504.522,-0.012474012474012475
2023-03-21,332.5,339.9,327.1,334.4,477443.689,0.005714285714285561
2023-03-22,334.5,339.5,316.0,321.1,1286215.777,-0.03977272727272718
2023-03-23,321.2,332.1,318.9,329.4,383094.591,0.025848645281843607
2023-03-24,329.4,330.0,316.9,322.1,307030.002,-0.022161505768062972
2023-03-25,322.1,324.9,319.0,322.4,317118.332,0.0009313877677739058
2023-03-26,322.4,329.5,321.7,328.6,204700.193,0.019230769230769384
2023-03-27,328.6,329.8,305.9,310.6,578039.555,-0.054777845404747394
2023-03-28,310.6,315.8,306.8,313.2,329398.424,0.008370895041854398
2023-03-29,313.3,319.9,312.4,313.7,327282.226,0.0015964240102170901
2023-03-30,313.8,320.8,309.1,316.4,496156.738,0.008606949314631684
2023-03-31,316.4,319.8,311.8,316.9,266270.064,0.001580278128950674
2023-04-01,317.0,319.0,313.0,314.9,185904.183,-0.00631113916061854
2023-04-02,314.9,316.2,310.7,313.7,149805.667,-0.0038107335662114217
2023-04-03,313.8,314.1,299.5,308.8,450976.973,-0.015620019126553975
2023-04-04,308.8,312.7,308.2,310.8,305980.475,0.006476683937823857
2023-04-05,310.8,316.8,310.2,313.9,320350.363,0.009974259974259825
2023-04-06,314.0,315.2,310.6,312.3,232647.147,-0.0050971647021342825
2023-04-07,312.3,312.8,309.7,310.3,179863.362,-0.006404098623118748
2023-04-08,310.4,312.7,310.1,310.5,165372.944,0.0006445375443118184
2023-04-09,310.6,313.7,309.5,312.8,163948.725,0.007407407407407529
2023-04-10,312.8,318.7,311.5,318.5,271539.24,0.018222506393861915
2023-04-11,318.6,333.0,317.8,322.3,661117.672,0.011930926216640492
2023-04-12,322.3,323.3,316.7,319.9,354216.724,-0.007446478436239579
2023-04-13,319.9,325.1,317.7,324.7,348151.945,0.015004688965301716
2023-04-14,324.6,335.5,323.2,328.9,679955.061,0.012935016938712574
2023-04-15,328.8,336.0,326.9,333.0,418311.143,0.01246579507449086
2023-04-16,333.1,350.0,330.1,347.7,632598.777,0.04414414414414414
2023-04-17,347.7,350.0,337.5,340.0,556356.468,-0.022145527753810734
2023-04-18,340.0,346.7,337.0,343.1,391677.437,0.009117647058823675
2023-04-19,343.1,343.7,320.1,322.4,537444.082,-0.06033226464587593
2023-04-20,322.5,326.8,315.3,318.1,367453.933,-0.013337468982630107
2023-04-21,318.0,334.6,315.3,321.2,910773.894,0.009745363093366821
2023-04-22,321.3,333.1,319.9,332.2,381882.032,0.03424657534246567
2023-04-23,332.2,332.5,327.4,330.7,384622.154,-0.004515352197471456
2023-04-24,330.6,334.0,327.7,331.2,442775.294,0.001511944360447437
2023-04-25,331.2,340.0,328.6,338.4,436704.883,0.021739130434782483
2023-04-26,338.4,345.0,321.5,330.6,679551.584,-0.023049645390070816
2023-04-27,330.6,336.6,328.2,330.9,482850.957,0.0009074410163338875
2023-04-28,330.9,330.9,318.7,324.1,991210.156,-0.020550015110305075
2023-04-29,324.1,325.0,320.6,321.9,226488.689,-0.00678802838630066
2023-04-30,321.9,338.3,320.4,337.5,711720.726,0.048462255358807216
2023-05-01,337.5,339.6,326.1,328.5,719404.912,-0.026666666666666616
2023-05-02,328.4,328.5,321.4,321.5,437446.281,-0.0213089802130898
2023-05-03,321.4,327.6,320.4,325.9,608765.389,0.013685847589424593
2023-05-04,325.9,327.5,323.2,323.8,195370.268,-0.006443694384780541
2023-05-05,323.9,329.1,322.8,326.5,284536.108,0.008338480543545357
2023-05-06,326.6,328.5,319.5,321.9,275367.716,-0.01408882082695262
2023-05-07,322.0,325.4,320.4,321.0,203577.219,-0.002795899347623365
2023-05-08,321.0,322.1,311.1,313.8,379192.119,-0.02242990654205601
2023-05-09,313.8,315.8,311.2,312.1,260672.045,-0.005417463352453744
2023-05-10,312.2,316.7,308.0,314.3,360146.811,0.007049022749118894
2023-05-11,314.3,314.5,304.4,307.5,291854.667,-0.02163538020999045
2023-05-12,307.5,309.1,301.2,308.5,327008.927,0.003252032520325132
2023-05-13,308.6,311.8,307.5,310.7,151642.554,0.007131280388978922
2023-05-14,310.8,314.8,309.5,312.1,192884.821,0.0045059542967493815
2023-05-15,312.1,316.3,310.5,313.4,202895.171,0.004165331624479185
2023-05-16,313.4,314.0,309.3,311.4,182668.214,-0.0063816209317166805
2023-05-17,311.4,314.4,307.0,314.3,221274.514,0.009312780989081615
2023-05-18,314.3,314.9,306.1,309.3,236575.286,-0.01590836780146354
2023-05-19,309.3,311.5,307.5,308.9,191704.812,-0.001293242806337025
2023-05-20,308.9,312.0,307.8,310.6,104485.905,0.005503399158303779
2023-05-21,310.7,311.6,305.7,306.4,143182.429,-0.013522215067611199
2023-05-22,306.4,311.1,304.4,309.0,222082.435,0.008485639686684143
2023-05-23,309.1,315.4,309.0,313.5,225830.19,0.014563106796116498
2023-05-24,313.5,313.6,303.6,306.0,292692.62,-0.02392344497607657
2023-05-25,305.9,306.9,302.2,304.5,287322.502,-0.004901960784313708
2023-05-26,304.6,308.5,301.4,306.8,398588.895,0.007553366174055887
2023-05-27,306.9,307.7,304.0,307.4,144742.086,0.0019556714471966608
2023-05-28,307.4,314.6,306.7,314.1,257233.179,0.021795705920624853
2023-05-29,314.2,317.3,310.4,311.6,461485.115,-0.007959248646927763
2023-05-30,311.7,314.2,310.8,311.5,291304.59,-0.0003209242618742447
2023-05-31,311.4,311.9,305.0,306.8,437132.418,-0.01508828250401284
2023-06-01,306.8,307.7,303.1,304.9,255618.722,-0.006192959582790203
2023-06-02,304.9,308.4,303.1,307.2,300583.675,0.007543456871105247
2023-06-03,307.3,308.2,303.0,306.6,158805.926,-0.001953124999999889
2023-06-04,306.6,307.6,304.5,305.0,187805.427,-0.005218525766471083
2023-06-05,305.1,305.1,272.0,276.9,1096020.019,-0.09213114754098373
2023-06-06,277.0,285.8,273.2,281.2,708685.58,0.015529071867100175
2023-06-07,281.2,281.8,253.4,259.3,1188263.837,-0.0778805120910383
2023-06-08,259.3,267.5,257.1,262.0,579854.02,0.010412649440802113
2023-06-09,261.9,264.4,255.7,260.5,509660.501,-0.005725190839694694
2023-06-10,260.6,260.7,228.4,238.7,1603602.202,-0.08368522072936668
2023-06-11,238.8,239.3,233.4,235.4,402562.359,-0.013824884792626668
2023-06-12,235.4,239.3,220.4,231.3,1579141.84,-0.017417162276975318
2023-06-13,231.3,247.0,228.7,244.2,1230681.021,0.05577172503242522
2023-06-14,244.1,252.8,232.9,237.9,970411.718,-0.025798525798525707
2023-06-15,237.9,240.8,230.6,236.4,602141.969,-0.006305170239596425
2023-06-16,236.5,243.8,232.2,239.3,562586.529,0.012267343485617532
2023-06-17,239.4,249.8,237.2,244.5,491313.272,0.0217300459674048
2023-06-18,244.5,248.7,242.3,244.1,359878.981,-0.0016359918200409274
2023-06-19,244.1,245.0,238.3,243.1,425074.269,-0.004096681687832837
2023-06-20,243.0,248.1,238.7,247.7,639069.672,0.018922254216371837
2023-06-21,247.8,254.7,245.0,248.8,1006328.557,0.004440855874041194
2023-06-22,248.9,257.0,239.4,240.8,1032630.471,-0.032154340836012874
2023-06-23,240.8,249.8,239.7,244.3,638290.193,0.014534883720930258
2023-06-24,244.4,248.7,230.4,236.4,791496.05,-0.032337290216946424
2023-06-25,236.4,244.0,235.0,238.8,513198.598,0.010152284263959421
2023-06-26,238.9,241.3,233.6,236.1,526248.09,-0.011306532663316604
2023-06-27,236.1,240.8,234.5,237.5,360259.85,0.005929690808979204
2023-06-28,237.5,237.6,224.6,230.6,643304.047,-0.02905263157894744
2023-06-29,230.6,236.7,230.4,233.1,352025.974,0.010841283607979202
2023-06-30,233.2,241.7,230.7,240.3,843439.594,0.03088803088803105
2023-07-01,240.4,249.0,240.0,247.9,723099.401,0.03162713275072826
2023-07-02,247.8,248.5,242.9,246.5,598172.063,-0.005647438483259437
2023-07-03,246.5,254.7,245.3,246.5,873992.727,0.0
2023-07-04,246.5,246.9,240.4,242.5,488909.055,-0.016227180527383367
2023-07-05,242.5,243.9,235.8,238.9,520015.694,-0.014845360824742193
2023-07-06,239.0,244.5,231.5,232.2,673275.441,-0.02804520719966519
2023-07-07,232.3,236.2,231.1,235.6,431534.586,0.014642549526270532
2023-07-08,235.7,237.6,234.2,236.3,259727.721,0.0029711375212224667
2023-07-09,236.3,237.0,232.9,234.1,235123.329,-0.009310198899703859
2023-07-10,234.1,247.0,231.3,246.2,1193826.524,0.051687313114053834
2023-07-11,246.2,249.5,244.6,248.6,660141.384,0.009748172217709294
2023-07-12,248.6,250.5,242.6,243.9,599390.712,-0.01890587288817369
2023-07-13,243.9,257.8,242.7,256.1,1037831.391,0.05002050020500204
2023-07-14,256.2,261.7,243.4,248.1,1071118.696,-0.03123779773525981
2023-07-15,248.1,252.5,246.9,251.1,383772.673,0.012091898428053138
2023-07-16,251.1,252.1,242.0,242.3,433016.609,-0.035045798486658675
2023-07-17,242.3,244.9,239.8,244.1,792745.158,0.0074288072637225255
2023-07-18,244.1,246.7,237.5,240.2,932504.771,-0.015977058582548165
2023-07-19,240.3,244.1,239.6,240.8,444676.507,0.0024979184013322886
2023-07-20,240.9,245.0,240.3,242.8,449387.8,0.008305647840531671
2023-07-21,242.8,245.4,242.0,243.7,295187.787,0.0037067545304776406
2023-07-22,243.8,244.9,240.1,241.1,184432.523,-0.010668855149774337
2023-07-23,241.1,244.0,240.4,242.5,171931.133,0.005806719203649946
2023-07-24,242.4,243.1,235.0,238.9,463451.698,-0.014845360824742193
2023-07-25,238.9,239.8,236.2,237.7,307201.312,-0.005023022185014714
2023-07-26,237.8,240.4,236.3,239.0,318667.814,0.005469078670593319
2023-07-27,239.0,244.5,238.4,240.6,310179.989,0.006694560669455951
2023-07-28,240.7,242.9,239.7,241.9,232739.179,0.005403158769742289
2023-07-29,241.9,242.9,241.1,242.4,102406.899,0.0020669698222406385
2023-07-30,242.5,243.8,240.3,242.5,255246.532,0.0004125412541253759
2023-07-31,242.6,244.5,240.5,241.0,333099.771,-0.006185567010309256
2023-08-01,241.0,247.8,237.3,247.7,813075.175,0.027800829875518573
2023-08-02,247.8,248.8,235.7,240.7,630364.599,-0.0282599919257166
2023-08-03,240.7,242.8,238.3,241.1,303966.677,0.0016618196925632933
2023-08-04,241.1,243.4,240.2,241.7,274715.344,0.002488593944421469
2023-08-05,241.7,243.3,240.1,243.2,176422.282,0.006206040546131497
2023-08-06,243.3,245.5,242.8,243.2,278149.257,0.0
2023-08-07,243.1,244.9,239.7,242.1,302098.545,-0.004523026315789491
2023-08-08,242.0,248.0,241.5,245.2,377607.574,0.01280462618752587
2023-08-09,245.2,245.5,242.8,243.8,294212.606,-0.005709624796084722
2023-08-10,243.9,244.1,240.5,241.5,261873.92,-0.009433962264150941
2023-08-11,241.5,242.3,238.0,239.7,287357.204,-0.007453416149068359
2023-08-12,239.8,241.4,239.3,240.3,114025.156,0.0025031289111390187
2023-08-13,240.3,241.8,239.8,240.2,132878.878,-0.00041614648356236295
2023-08-14,240.2,241.5,239.7,240.4,201261.953,0.0008326394671107629
2023-08-15,240.5,240.8,234.0,236.7,397828.347,-0.015391014975041695
2023-08-16,236.8,237.4,230.7,232.0,427014.475,-0.01985635825940002
2023-08-17,232.1,232.4,212.5,218.1,1023773.861,-0.059913793103448354
2023-08-18,218.1,220.3,213.5,216.1,674545.267,-0.009170105456212774
2023-08-19,216.0,219.2,213.6,216.8,323294.673,0.003239241092087175
2023-08-20,216.9,218.0,215.4,216.5,190457.433,-0.0013837638376383854
2023-08-21,216.6,216.9,206.2,210.4,782096.622,-0.028175519630484924
2023-08-22,210.4,213.0,203.4,210.9,875925.591,0.002376425855513231
2023-08-23,210.9,218.8,210.8,216.6,646096.521,0.027027027027026973
2023-08-24,216.7,221.2,215.6,219.0,368866.011,0.011080332409972415
2023-08-25,219.0,219.6,213.7,218.4,380692.105,-0.002739726027397249
2023-08-26,218.5,219.3,216.1,216.5,146835.271,-0.00869963369963378
2023-08-27,216.4,219.8,215.9,218.4,186853.184,0.00877598152424941
2023-08-28,218.4,219.5,215.1,218.8,310319.442,0.001831501831501825
2023-08-29,218.8,234.8,217.0,226.9,666199.649,0.037020109689213765
2023-08-30,226.9,227.3,221.7,223.8,305094.438,-0.01366240634640803
2023-08-31,223.8,226.0,214.4,216.7,452017.913,-0.03172475424486154
2023-09-01,216.7,218.4,211.2,213.7,461833.238,-0.013844023996308241
2023-09-02,213.7,215.9,213.0,214.4,207729.726,0.0032756200280767978
2023-09-03,214.4,215.2,213.2,214.4,168458.242,0.0
2023-09-04,214.4,216.5,213.1,215.2,305315.445,0.003731343283581934
2023-09-05,215.3,216.1,213.5,214.6,242764.079,-0.0027881040892192566
2023-09-06,214.6,218.8,211.8,215.2,300823.424,0.002795899347623365
2023-09-07,215.2,217.9,213.6,217.1,247735.496,0.008828996282527868
2023-09-08,217.1,218.8,213.4,214.7,235244.296,-0.011054813450023016
2023-09-09,214.7,215.4,214.1,214.1,94752.246,-0.0027945971122496083
2023-09-10,214.2,214.3,211.1,212.4,281482.379,-0.00794021485287244
2023-09-11,212.4,212.7,203.9,206.1,580093.123,-0.029661016949152574
2023-09-12,206.2,214.3,204.9,210.7,523734.999,0.02231926249393501
2023-09-13,210.8,213.3,209.3,212.5,301454.875,0.008542952064546805
2023-09-14,212.5,215.0,211.0,212.2,354022.553,-0.0014117647058824456
2023-09-15,212.2,215.0,210.9,214.1,312856.997,0.008953817153628751
2023-09-16,214.1,216.0,213.3,214.9,288697.085,0.0037365716954693706
2023-09-17,214.9,216.8,213.3,216.5,333002.468,0.007445323406235493
2023-09-18,216.4,221.3,214.9,216.0,600156.61,-0.002309468822170868
2023-09-19,216.0,219.9,215.3,217.2,347261.748,0.005555555555555536
2023-09-20,217.2,217.8,213.3,214.4,368825.746,-0.012891344383057057
2023-09-21,214.3,215.1,209.1,210.8,412312.209,-0.016791044776119368
2023-09-22,210.8,213.0,209.6,211.1,237677.235,0.0014231499051231555
2023-09-23,211.1,211.7,209.9,210.5,117618.21,-0.0028422548555187
2023-09-24,210.4,211.2,206.5,208.3,185179.502,-0.010451306413301609
2023-09-25,208.3,210.6,206.5,209.9,272401.465,0.0076812289966394776
2023-09-26,210.0,213.7,209.7,212.6,280709.589,0.012863268222963242
2023-09-27,212.6,216.0,210.5,212.0,409367.397,-0.002822201317027262
2023-09-28,212.1,217.0,211.5,215.0,394085.543,0.014150943396226356
2023-09-29,215.0,217.6,214.3,215.2,371923.961,0.0009302325581395099
2023-09-30,215.2,216.5,214.1,214.6,179075.156,-0.0027881040892192566
2023-10-01,214.6,219.4,213.1,218.2,415044.578,0.016775396085740857
2023-10-02,218.2,221.6,213.1,214.6,565949.136,-0.016498625114573784
2023-10-03,214.6,215.8,212.4,213.5,294511.083,-0.005125815470643058
2023-10-04,213.5,213.8,210.8,213.4,328882.49,-0.0004683840749414303
2023-10-05,213.4,213.9,210.2,210.6,259374.039,-0.013120899718837897
2023-10-06,210.7,214.6,210.1,213.4,258866.553,0.013295346628680038
2023-10-07,213.4,213.8,211.5,212.3,125590.792,-0.005154639175257714
2023-10-08,212.2,212.8,208.8,211.4,225258.305,-0.004239284032030222
2023-10-09,211.3,212.2,202.0,205.8,572318.205,-0.026490066225165587
2023-10-10,205.9,213.1,205.5,208.6,577725.014,0.013605442176870763
2023-10-11,208.6,208.8,204.3,206.6,397200.817,-0.009587727708533111
2023-10-12,206.6,207.3,202.8,205.1,355516.958,-0.007260406582768608
2023-10-13,205.1,208.3,204.3,206.1,331300.92,0.004875670404680621
2023-10-14,206.1,207.1,205.7,206.5,142741.132,0.0019408054342553438
2023-10-15,206.5,213.0,206.3,209.7,365630.554,0.015496368038740771
2023-10-16,209.8,219.0,209.6,214.6,773179.81,0.023366714353838747
2023-10-17,214.7,215.0,209.0,211.4,372808.016,-0.014911463187325169
2023-10-18,211.4,213.9,209.9,210.2,260942.338,-0.0056764427625355385
2023-10-19,210.3,211.5,208.2,211.2,274491.489,0.004757373929590969
2023-10-20,211.2,216.6,210.5,212.1,344927.206,0.0042613636363637575
2023-10-21,212.1,215.8,211.4,214.2,263182.512,0.00990099009900991
2023-10-22,214.2,218.4,213.6,217.8,291845.069,0.016806722689075793
2023-10-23,217.8,231.0,216.9,228.5,841393.165,0.04912764003673087
2023-10-24,228.6,238.1,221.2,225.2,1011409.17,-0.01444201312910287
2023-10-25,225.2,229.1,221.5,222.1,624789.777,-0.013765541740674903
2023-10-26,222.1,228.1,219.2,223.2,726200.668,0.004952723998199016
2023-10-27,223.2,231.6,219.9,224.1,970917.489,0.0040322580645162365
2023-10-28,224.2,228.4,224.1,225.7,347691.437,0.007139669790272141
2023-10-29,225.7,228.1,223.6,227.1,269033.796,0.006202924235711116
2023-10-30,227.1,229.2,224.6,228.0,397120.276,0.003963011889035695
2023-10-31,228.0,229.3,223.9,226.2,465273.268,-0.007894736842105288
2023-11-01,226.3,229.5,222.3,227.9,578647.208,0.0075154730327144925
2023-11-02,228.0,233.7,227.5,231.9,829216.687,0.0175515577007459
2023-11-03,231.9,232.4,225.6,230.2,501371.786,-0.007330746011211753
2023-11-04,230.3,238.7,229.3,237.1,391480.947,0.029973935708079935
2023-11-05,237.2,245.5,236.1,244.0,613299.473,0.02910164487557987
2023-11-06,244.0,256.1,241.5,255.1,844924.324,0.0454918032786884
2023-11-07,255.1,255.6,242.1,246.2,865045.808,-0.03488827910623282
2023-11-08,246.2,248.3,244.0,246.7,500403.192,0.002030869212022779
2023-11-09,246.7,255.9,240.0,251.6,1320420.474,0.019862180786380135
2023-11-10,251.7,258.0,248.1,251.0,814936.218,-0.0023847376788552754
2023-11-11,251.1,255.2,246.0,251.5,738756.911,0.0019920318725099584
2023-11-12,251.6,252.0,244.5,247.4,637126.209,-0.016302186878727642
2023-11-13,247.5,250.2,240.3,241.1,953917.532,-0.02546483427647539
2023-11-14,241.1,249.4,233.7,242.3,992864.124,0.004977187888842938
2023-11-15,242.3,254.5,242.1,253.7,911316.433,0.047049112670243476
2023-11-16,253.7,256.0,240.0,242.7,1090149.24,-0.04335829720141904
2023-11-17,242.7,245.9,238.3,244.9,757117.698,0.0090646889163577
2023-11-18,244.9,245.2,238.5,244.8,485737.217,-0.0004083299305839283
2023-11-19,244.8,246.9,241.8,246.4,379101.104,0.006535947712418277
2023-11-20,246.5,268.4,238.6,253.1,1523794.58,0.027191558441558294
2023-11-21,253.1,271.9,224.0,225.5,4050392.778,-0.10904780719083362
2023-11-22,225.5,238.5,224.6,236.1,1791363.245,0.047006651884700545
2023-11-23,236.2,239.2,230.2,233.8,718114.377,-0.009741634900465868
2023-11-24,233.8,236.7,231.6,232.7,616904.315,-0.0047048759623611325
2023-11-25,232.8,235.7,232.1,234.4,313338.264,0.007305543618392862
2023-11-26,234.5,234.5,227.9,231.7,437624.722,-0.011518771331058053
2023-11-27,231.8,232.9,222.5,227.2,831147.034,-0.019421665947345734
2023-11-28,227.3,231.7,224.3,229.6,547422.862,0.010563380281690238
2023-11-29,229.6,231.2,226.1,227.3,416529.001,-0.010017421602787402
2023-11-30,227.3,229.2,225.9,227.6,360874.419,0.0013198416190056683
2023-12-01,227.6,230.0,227.0,228.5,425879.275,0.003954305799648505
2023-12-02,228.5,230.1,224.8,229.0,456196.933,0.002188183807439792
2023-12-03,229.1,231.9,225.9,228.1,594689.614,-0.003930131004366788
2023-12-04,228.1,237.4,224.8,233.5,1475825.971,0.023673827268741787
2023-12-05,233.5,234.9,227.9,231.2,861796.38,-0.00985010706638123
2023-12-06,231.3,234.8,228.6,229.4,858794.132,-0.007785467128027634
2023-12-07,229.5,234.8,228.3,232.6,793571.247,0.013949433304272008
2023-12-08,232.6,240.0,232.2,238.9,764638.52,0.02708512467755808
2023-12-09,238.8,245.5,236.3,237.7,838098.223,-0.005023022185014714
2023-12-10,237.8,241.4,236.8,239.8,433591.534,0.008834665544804388
2023-12-11,239.8,248.2,228.0,246.4,2010717.772,0.02752293577981657
2023-12-12,246.4,257.3,245.5,254.6,1877670.629,0.03327922077922074
2023-12-13,254.6,255.9,244.1,252.0,1149182.339,-0.01021209740769835
2023-12-14,252.1,254.0,247.7,253.3,818946.787,0.00515873015873014
2023-12-15,253.2,253.4,242.6,244.9,655654.892,-0.033162258191867355
2023-12-16,244.9,248.4,242.7,244.4,444080.33,-0.0020416496529195305
2023-12-17,244.4,244.5,238.8,238.8,464957.446,-0.022913256955810146
2023-12-18,238.9,241.7,232.0,241.7,876189.244,0.012144053601339966
2023-12-19,241.7,254.8,241.3,252.9,1569167.394,0.04633843607778254
2023-12-20,252.8,261.9,250.1,260.3,1116951.002,0.02926057730328191
2023-12-21,260.4,274.9,256.2,272.1,1286767.653,0.04533230887437578
2023-12-22,272.1,276.5,264.9,271.1,967819.921,-0.00367511944138188
2023-12-23,271.1,272.0,265.6,271.0,408213.412,-0.0003688675765400884
2023-12-24,271.0,272.9,261.9,264.5,572645.135,-0.023985239852398532
2023-12-25,264.4,268.2,261.5,266.9,469743.423,0.009073724007561346
2023-12-26,266.8,303.2,264.0,297.7,2356245.345,0.11539902585237916
2023-12-27,297.7,324.4,285.1,324.1,2126454.61,0.08867987907289221
2023-12-28,324.0,338.3,320.0,322.6,2249136.219,-0.004628201172477642
2023-12-29,322.6,325.6,307.0,313.7,1407022.74,-0.027588344699318146
2023-12-30,313.7,320.8,312.2,317.1,561853.413,0.010838380618425347
2023-12-31,317.0,325.5,307.4,311.8,667097.557,-0.01671397035635447
2024-01-01,311.9,316.0,307.0,313.5,619455.158,0.005452212957023805
2024-01-02,313.5,321.3,305.8,312.2,937764.737,-0.00414673046252001
2024-01-03,312.3,334.3,293.6,315.8,2132158.122,0.011531069827034113
2024-01-04,315.9,324.3,310.9,323.7,1133774.957,0.02501583280557318
2024-01-05,323.6,327.3,308.6,317.5,1157056.276,-0.019153537225826356
2024-01-06,317.6,317.6,300.2,307.5,909358.183,-0.03149606299212604
2024-01-07,307.6,310.0,300.0,302.4,498367.089,-0.016585365853658662
2024-01-08,302.5,308.1,290.0,303.7,984590.842,0.004298941798941858
2024-01-09,303.6,306.8,295.7,301.1,1401490.155,-0.008561080013170796
2024-01-10,301.1,310.0,288.8,305.8,1032565.477,0.015609432082364538
2024-01-11,305.7,316.8,301.4,308.2,1179601.543,0.007848266841072427
2024-01-12,308.2,313.0,289.1,296.6,1003340.774,-0.037637897469175785
2024-01-13,296.7,303.1,290.8,302.2,436784.239,0.018880647336479983
2024-01-14,302.2,306.7,298.7,299.5,393054.947,-0.00893448047650558
2024-01-15,299.4,320.6,299.4,317.5,1704540.89,0.06010016694490816
2024-01-16,317.6,319.4,313.0,315.2,951149.445,-0.007244094488188968
2024-01-17,315.1,316.3,306.8,309.4,1071343.496,-0.01840101522842641
2024-01-18,309.3,315.6,305.7,313.0,921121.889,0.011635423400129463
2024-01-19,313.0,316.2,305.0,314.7,835724.4,0.005431309904153414
2024-01-20,314.7,317.3,312.2,317.2,326090.187,0.007944073721004141
2024-01-21,317.3,321.7,316.1,318.6,359764.313,0.004413619167717542
2024-01-22,318.7,320.3,303.6,305.9,704437.647,-0.03986189579409938
2024-01-23,305.9,311.7,290.3,298.8,928195.378,-0.02321019941157232
2024-01-24,298.8,300.7,290.3,293.1,802312.815,-0.01907630522088355
2024-01-25,293.0,296.7,287.5,292.1,1004156.719,-0.003411804844762889
2024-01-26,292.1,304.2,290.7,302.2,709942.404,0.034577199589181706
2024-01-27,302.2,307.7,301.9,305.6,285357.667,0.011250827266710894
2024-01-28,305.7,309.1,303.1,305.3,409403.057,-0.0009816753926702448
2024-01-29,305.3,311.0,304.4,310.7,442799.505,0.017687520471667106
2024-01-30,310.7,313.1,306.3,307.6,386375.467,-0.009977470228516139
2024-01-31,307.7,308.2,298.6,300.5,459007.698,-0.023081924577373236
2024-02-01,300.5,302.2,296.4,300.2,373269.789,-0.0009983361064892504
2024-02-02,300.2,305.2,299.8,301.4,309501.649,0.003997335109926725
2024-02-03,301.4,303.8,299.5,299.7,198730.962,-0.0056403450564034285
2024-02-04,299.6,307.7,298.0,304.7,503405.323,0.016683350016683418
2024-02-05,304.7,306.8,299.5,301.2,488672.271,-0.011486708237610777
2024-02-06,301.2,304.1,300.9,302.7,260762.321,0.004980079681274896
2024-02-07,302.8,308.7,300.7,307.3,352421.789,0.015196564255038014
2024-02-08,307.4,320.6,307.3,319.2,921496.502,0.038724373576309645
2024-02-09,319.2,326.3,317.9,324.0,739178.081,0.015037593984962516
2024-02-10,324.0,325.4,318.9,323.0,321477.064,-0.0030864197530864335
2024-02-11,323.0,324.9,320.1,320.7,280308.105,-0.007120743034055743
2024-02-12,320.6,332.2,315.6,327.8,576734.162,0.022139070782662973
2024-02-13,327.9,329.2,318.6,324.7,441545.83,-0.009456985967053133
2024-02-14,324.6,334.6,323.4,333.9,452466.98,0.028333846627656367
2024-02-15,333.9,366.6,333.3,354.2,1361590.403,0.06079664570230614
2024-02-16,354.3,366.8,349.1,360.4,1061855.986,0.017504234895539206
2024-02-17,360.4,363.7,348.2,352.9,630266.52,-0.02081021087680357
2024-02-18,352.9,358.1,349.1,349.8,495667.634,-0.008784358175120355
2024-02-19,349.8,356.2,349.3,351.6,830917.534,0.005145797598627766
2024-02-20,351.7,361.6,344.8,354.6,972650.558,0.008532423208191142
2024-02-21,354.6,379.3,350.9,379.2,1701415.313,0.06937394247038897
2024-02-22,379.2,387.3,373.7,382.6,1409647.481,0.008966244725738592
2024-02-23,382.7,385.8,369.0,375.5,1027891.295,-0.01855723993727132
2024-02-24,375.5,383.3,371.7,381.7,444587.481,0.01651131824234353
2024-02-25,381.6,391.0,377.6,388.5,643002.671,0.0178150379879487
2024-02-26,388.5,404.9,382.0,401.6,1196262.204,0.033719433719433756
2024-02-27,401.5,403.7,389.6,394.6,915873.073,-0.017430278884462136
2024-02-28,394.6,427.3,394.1,414.6,1348008.995,0.05068423720223003
2024-02-29,414.7,419.7,391.1,399.4,1146024.362,-0.03666184273999051
2024-03-01,399.3,408.6,398.8,407.4,586580.611,0.02003004506760142
2024-03-02,407.4,414.8,405.8,410.9,590018.543,0.00859106529209619
2024-03-03,410.9,416.8,402.2,414.5,838274.346,0.008761255779995203
2024-03-04,414.5,423.8,410.6,418.4,1045414.001,0.009408926417370234
2024-03-05,418.5,427.2,356.1,394.1,2073303.79,-0.05807839388145308
2024-03-06,394.1,434.7,385.6,429.4,1804741.112,0.08957117482872357
2024-03-07,429.4,476.8,423.2,474.6,1672134.41,0.10526315789473695
2024-03-08,474.6,489.6,462.5,485.8,1660311.361,0.02359882005899694
2024-03-09,485.8,493.8,480.7,488.3,852029.241,0.0051461506792918055
2024-03-10,488.3,537.5,484.8,528.9,1944137.084,0.08314560720868314
2024-03-11,528.9,533.8,505.5,523.0,1608146.397,-0.011155227831348036
2024-03-12,523.0,548.5,519.0,537.5,1924767.687,0.027724665391969383
2024-03-13,537.4,633.5,531.7,630.5,2526002.564,0.1730232558139535
2024-03-14,630.5,631.5,565.5,603.2,2119540.3,-0.043298969072164906
2024-03-15,603.2,635.2,540.9,632.7,3066312.788,0.048905835543766596
2024-03-16,632.7,645.2,567.2,576.4,1811838.042,-0.08898372056266801
2024-03-17,576.4,590.5,548.6,571.7,1712920.341,-0.008154059680777093
2024-03-18,571.7,587.7,540.1,555.4,2284301.814,-0.028511457057897593
2024-03-19,555.4,560.6,495.8,507.7,2551361.512,-0.08588404753330936
2024-03-20,507.7,559.0,500.0,556.8,1425296.579,0.09671065589915306
2024-03-21,556.7,571.0,540.6,553.8,953921.372,-0.0053879310344827624
2024-03-22,553.8,588.1,535.5,553.8,1181298.51,0.0
2024-03-23,553.8,567.7,543.4,551.9,608753.329,-0.003430841459010403
2024-03-24,551.9,573.0,548.7,567.7,442930.35,0.028628374705562676
2024-03-25,567.8,598.0,564.4,587.0,802695.512,0.033996829311255805
2024-03-26,587.1,597.0,571.9,580.4,569324.079,-0.011243611584327073
2024-03-27,580.4,585.6,560.3,574.3,531668.402,-0.010509993108201332
2024-03-28,574.2,591.7,574.1,583.4,503901.624,0.01584537698067212
2024-03-29,583.4,620.0,582.1,612.5,1042401.169,0.04988001371271866
2024-03-30,612.5,612.9,596.9,600.7,501020.148,-0.019265306122448922
2024-03-31,600.7,608.8,600.4,606.7,325136.967,0.009988346928583303
2024-04-01,606.7,607.7,568.7,575.8,723114.09,-0.050931267512774214
2024-04-02,575.8,578.2,546.3,551.4,998260.814,-0.04237582493921499
2024-04-03,551.4,567.9,539.0,561.5,683925.233,0.018317011244106007
2024-04-04,561.6,597.6,560.8,585.5,879640.68,0.042742653606411496
2024-04-05,585.4,591.5,564.4,577.8,634206.619,-0.013151152860802817
2024-04-06,577.8,591.3,575.1,585.4,226975.996,0.01315334025614412
2024-04-07,585.5,591.1,578.0,583.9,263849.216,-0.0025623505295524485
2024-04-08,583.8,601.1,577.7,586.4,483568.312,0.004281555060798192
2024-04-09,586.3,590.3,571.2,580.5,596275.792,-0.010061391541609788
2024-04-10,580.4,610.6,573.4,609.7,816050.7,0.05030146425495263
2024-04-11,609.7,618.4,592.0,604.6,579678.194,-0.0083647695587995
2024-04-12,604.6,634.5,571.0,595.6,1517722.658,-0.014885874958650347
2024-04-13,595.6,600.2,508.0,553.1,1761628.473,-0.07135661517797176
2024-04-14,553.0,576.0,536.1,566.4,965488.003,0.024046284577833976
2024-04-15,566.4,585.5,544.7,552.7,698443.303,-0.024187853107344504
2024-04-16,552.7,554.2,522.8,537.6,623668.813,-0.027320426994753122
2024-04-17,537.5,547.9,512.6,534.1,657909.358,-0.00651041666666663
2024-04-18,534.0,555.9,527.0,552.1,589697.296,0.033701554016101865
2024-04-19,552.0,564.3,524.0,554.0,545504.183,0.003441405542474074
2024-04-20,554.1,574.3,548.8,570.9,242132.859,0.030505415162454863
2024-04-21,570.9,582.6,566.3,579.6,277755.724,0.015239096163951693
2024-04-22,579.6,608.7,578.4,604.5,522892.157,0.04296066252587982
2024-04-23,604.4,618.3,598.7,606.2,556883.344,0.0028122415219189456
2024-04-24,606.2,618.5,592.6,608.8,656953.677,0.0042890135268887075
2024-04-25,608.8,617.9,600.7,613.2,453745.517,0.007227332457293123
2024-04-26,613.3,615.0,597.0,598.0,302119.884,-0.024787997390737226
2024-04-27,598.0,599.7,585.0,596.2,268783.912,-0.003010033444815985
2024-04-28,596.2,609.0,596.2,600.2,258059.431,0.006709158000670845
2024-04-29,600.2,602.8,581.3,592.8,330474.005,-0.012329223592136063
2024-04-30,592.8,604.3,555.7,578.4,766513.446,-0.02429149797570851
2024-05-01,578.4,580.4,536.7,561.8,669027.318,-0.028699861687413564
2024-05-02,561.8,565.9,539.5,560.5,359794.315,-0.002313990744036931
2024-05-03,560.5,590.0,558.9,587.0,342906.433,0.04727921498661902
2024-05-04,587.0,593.6,582.5,585.7,197129.251,-0.0022146507666097603
2024-05-05,585.7,595.0,579.3,592.0,180458.236,0.010756359911217261
2024-05-06,592.0,602.3,583.1,588.2,278669.005,-0.006418918918918881
2024-05-07,588.2,600.4,576.0,576.5,289488.709,-0.019891193471608393
2024-05-08,576.5,590.0,574.4,588.6,297016.617,0.020988725065047786
2024-05-09,588.6,605.8,586.3,596.8,464857.601,0.013931362555215543
2024-05-10,596.8,597.0,581.5,585.6,296215.516,-0.018766756032171483
2024-05-11,585.7,594.5,580.8,592.2,210698.305,0.01127049180327866
2024-05-12,592.2,600.1,587.3,594.8,191190.562,0.004390408645727595
2024-05-13,594.8,598.4,585.2,591.7,389810.286,-0.0052118359112305335
2024-05-14,591.7,593.1,562.0,567.1,453308.316,-0.041575122528308306
2024-05-15,567.1,587.3,560.0,581.0,402812.993,0.024510668312466954
2024-05-16,581.0,586.6,565.1,569.2,411937.056,-0.020309810671256368
2024-05-17,569.2,584.5,568.6,580.9,236919.616,0.020555165144061638
2024-05-18,580.9,581.9,574.2,580.3,168074.711,-0.0010328800137717753
2024-05-19,580.3,581.9,571.3,574.5,142157.485,-0.009994830260210197
2024-05-20,574.6,602.0,568.8,599.6,469252.806,0.04369016536118364
2024-05-21,599.6,631.4,593.3,618.5,1023559.613,0.0315210140093396
2024-05-22,618.5,626.3,610.1,614.8,404848.487,-0.005982215036378413
2024-05-23,614.8,617.5,580.0,599.3,607671.947,-0.02521145087833443
2024-05-24,599.4,605.5,588.3,600.3,251965.176,0.0016686133822794158
2024-05-25,600.3,606.7,599.5,602.4,121538.958,0.0034982508745626806
2024-05-26,602.3,605.4,598.0,600.2,122983.66,-0.0036520584329348127
2024-05-27,600.3,614.4,599.6,603.9,229302.377,0.006164611796067865
2024-05-28,603.9,606.0,593.8,601.7,284862.985,-0.0036429872495444826
2024-05-29,601.7,603.6,593.1,595.7,212706.254,-0.009971746717633345
2024-05-30,595.7,602.2,586.5,595.1,225452.344,-0.0010072183985228023
2024-05-31,595.1,599.0,590.0,593.7,168608.054,-0.0023525457906233838
2024-06-01,593.8,608.4,593.1,601.9,156464.894,0.013811689405423433
2024-06-02,601.9,606.0,596.0,602.9,198299.996,0.0016614055490944413
2024-06-03,602.8,638.8,601.2,626.4,654161.467,0.03897827168684698
2024-06-04,626.4,688.2,624.8,685.7,736322.6803,0.09466794380587484
2024-06-05,685.7,716.0,684.7,698.8,673820.5652,0.01910456467843069
2024-06-06,698.8,721.8,692.0,711.2,544042.9592,0.01774470520892968
2024-06-07,711.1,712.0,658.9,684.0,594753.99,-0.03824521934758163
2024-06-08,684.0,694.9,677.9,682.7,216849.473,-0.0019005847953216248
2024-06-09,682.7,684.8,670.3,673.0,173565.78,-0.014208290610810081
2024-06-10,673.1,674.8,613.3,625.1,692122.616,-0.07117384843982166
2024-06-11,625.1,629.0,595.8,602.5,640655.92,-0.03615421532554797
2024-06-12,602.5,635.4,591.3,619.4,454148.661,0.028049792531120277
2024-06-13,619.4,619.9,595.6,599.8,313465.472,-0.03164352599289644
2024-06-14,599.8,612.5,590.0,603.3,279802.085,0.005835278426141954
2024-06-15,603.3,609.7,601.3,608.2,122650.197,0.008121995690369754
2024-06-16,608.2,611.8,601.1,610.8,104827.154,0.0042749095692204975
2024-06-17,610.9,612.6,591.4,604.3,235509.028,-0.010641781270465
2024-06-18,604.3,605.2,575.0,588.6,459142.573,-0.025980473274863414
2024-06-19,588.6,605.9,586.6,599.3,260529.062,0.01817872918790342
2024-06-20,599.3,608.0,584.6,587.7,289498.772,-0.019355915234440024
2024-06-21,587.7,589.3,577.8,586.1,191182.614,-0.0027224774544836183
2024-06-22,586.2,591.4,581.0,591.1,100439.584,0.008530967411704449
2024-06-23,591.1,593.2,576.0,577.5,141025.834,-0.023007951277279726
2024-06-24,577.5,582.0,551.2,568.1,356915.248,-0.016277056277056223
2024-06-25,568.1,580.0,566.4,578.2,177300.699,0.017778560112656328
2024-06-26,578.3,584.7,567.4,573.0,154770.344,-0.008993427879626537
2024-06-27,573.1,584.7,566.4,581.7,199582.231,0.015183246073298573
2024-06-28,581.8,585.3,565.6,567.4,210308.565,-0.024583118445934415
2024-06-29,567.4,573.9,566.9,570.0,99951.169,0.004582305252026853
2024-06-30,570.0,585.3,568.3,582.2,169894.148,0.02140350877192998
2024-07-01,582.3,588.3,576.2,576.9,188481.951,-0.009103400893163971
2024-07-02,576.9,582.0,573.9,580.1,144561.934,0.005546888542208528
2024-07-03,580.1,581.0,550.5,556.7,288318.808,-0.040337872780555006
2024-07-04,556.7,558.1,511.6,513.6,511359.494,-0.07742051374169212
2024-07-05,513.5,516.1,454.8,497.7,992708.164,-0.030957943925233655
2024-07-06,497.8,530.7,496.0,526.0,226597.141,0.056861563190677034
2024-07-07,526.0,526.6,488.4,490.7,279027.459,-0.06711026615969584
2024-07-08,490.7,524.2,471.0,510.6,580970.096,0.040554310169146124
2024-07-09,510.5,520.8,506.5,516.9,203358.601,0.012338425381903662
2024-07-10,516.9,529.4,511.3,524.7,205460.208,0.015089959373186357
2024-07-11,524.7,545.1,520.1,524.8,262788.577,0.0001905850962453659
2024-07-12,524.9,537.5,517.0,533.8,207870.778,0.017149390243902385
2024-07-13,533.9,539.4,527.3,532.4,161128.431,-0.0026227051330085516
2024-07-14,532.5,547.7,531.2,544.8,148566.273,0.023290758827948954
2024-07-15,544.9,586.8,543.8,585.3,335372.772,0.07433920704845809
2024-07-16,585.3,587.5,554.4,576.2,347825.03,-0.015547582436357232
2024-07-17,576.3,584.0,564.3,568.9,198271.205,-0.012669212079139291
2024-07-18,568.9,579.6,561.6,571.9,153121.784,0.005273334505185412
2024-07-19,572.0,598.7,565.0,593.4,331877.529,0.03759398496240607
2024-07-20,593.4,597.9,586.7,593.1,144679.404,-0.0005055611729017917
2024-07-21,593.2,603.4,581.5,602.5,243931.763,0.015848929354240315
2024-07-22,602.5,605.6,580.3,587.2,212452.69,-0.025394190871369182
2024-07-23,587.3,593.5,577.2,581.9,214355.311,-0.009025885558583191
2024-07-24,582.0,589.1,570.4,574.9,160535.208,-0.012029558343357949
2024-07-25,574.9,576.6,553.1,570.6,286997.522,-0.007479561662897871
2024-07-26,570.7,582.8,570.2,580.9,155492.92,0.018051174202593723
2024-07-27,580.9,592.8,572.6,581.6,184468.855,0.0012050266827337008
2024-07-28,581.6,584.9,574.5,583.9,92606.642,0.003954607977991742
2024-07-29,583.9,598.0,572.2,574.3,213824.089,-0.016441171433464685
2024-07-30,574.3,588.3,566.6,588.2,165024.413,0.024203378025422495
2024-07-31,588.1,592.9,574.7,576.5,194701.723,-0.019891193471608393
2024-08-01,576.5,578.0,553.7,575.1,280418.865,-0.002428447528187272
2024-08-02,575.2,577.6,540.2,542.9,283605.001,-0.05599026256303263
2024-08-03,542.9,545.3,521.3,529.6,245777.525,-0.024498065942162417
2024-08-04,529.7,532.2,486.5,496.9,390238.285,-0.061744712990936645
2024-08-05,496.9,499.9,400.0,464.2,2114679.75,-0.06580800965989131
2024-08-06,464.3,494.4,463.5,484.8,458815.007,0.04437742352434304
2024-08-07,484.9,497.7,468.1,475.0,322182.487,-0.020214521452145195
2024-08-08,475.0,521.7,467.5,517.1,286744.608,0.0886315789473684
2024-08-09,517.2,518.4,498.7,508.7,195125.106,-0.01624444014697357
2024-08-10,508.7,525.4,507.2,523.1,126212.238,0.028307450363672215
2024-08-11,523.2,535.8,502.3,503.4,206038.714,-0.03766010323073987
2024-08-12,503.5,524.0,499.2,518.2,285951.347,0.029400079459674267
2024-08-13,518.3,527.0,513.1,524.2,255029.497,0.01157854110382095
2024-08-14,524.2,531.9,515.4,523.4,220850.011,-0.0015261350629531822
2024-08-15,523.4,533.9,510.0,519.2,229628.306,-0.008024455483377824
2024-08-16,519.2,524.5,509.9,519.7,174036.141,0.0009630200308166081
2024-08-17,519.7,547.7,518.3,541.6,196365.586,0.04213969597844902
2024-08-18,541.7,542.6,530.8,531.2,148890.018,-0.019202363367799125
2024-08-19,531.3,560.7,529.1,558.4,233275.352,0.051204819277108404
2024-08-20,558.5,574.9,558.2,569.4,422053.693,0.019699140401146176
2024-08-21,569.4,575.1,546.1,570.1,345601.77,0.0012293642430629692
2024-08-22,570.2,590.0,559.7,582.9,365020.284,0.022452201368180935
2024-08-23,583.0,600.6,574.3,591.7,387772.663,0.015096929147366822
2024-08-24,591.7,592.4,574.6,580.5,325168.897,-0.01892851106979898
2024-08-25,580.5,583.9,569.0,573.9,195984.559,-0.01136950904392764
2024-08-26,573.9,575.6,546.7,548.2,280985.576,-0.04478132078759356
2024-08-27,548.3,558.3,520.5,533.3,298073.974,-0.027179861364465707
2024-08-28,533.3,546.8,522.4,537.0,269794.777,0.006937933620851489
2024-08-29,537.0,545.5,530.9,536.4,166187.113,-0.0011173184357542443
2024-08-30,536.4,543.4,522.0,535.2,197825.895,-0.0022371364653243075
2024-08-31,535.2,541.5,531.1,532.9,95954.072,-0.004297458893871564
2024-09-01,532.9,533.2,507.7,512.4,203698.867,-0.03846875586413967
2024-09-02,512.3,530.2,501.5,526.3,262984.426,0.027127244340358958
2024-09-03,526.4,538.4,517.9,518.7,224481.65,-0.014440433212996262
2024-09-04,518.8,523.7,495.8,507.6,435892.306,-0.02139965297860036
2024-09-05,507.6,512.9,496.7,502.4,177237.32,-0.010244286840031647
2024-09-06,502.4,509.9,471.3,487.2,357704.727,-0.030254777070063632
2024-09-07,487.3,499.5,482.9,493.5,140367.312,0.012931034482758674
2024-09-08,493.6,506.9,490.7,503.1,135677.173,0.019452887537994012
2024-09-09,503.2,525.7,501.7,518.7,207528.54,0.03100775193798455
2024-09-10,518.7,524.3,509.2,517.0,161417.812,-0.003277424330055956
2024-09-11,517.0,535.4,506.5,530.1,204079.602,0.025338491295938237
2024-09-12,530.2,548.7,530.0,544.5,273877.8,0.02716468590831922
2024-09-13,544.6,559.7,538.7,556.4,276743.273,0.02185491276400353
2024-09-14,556.4,559.2,547.5,553.3,138432.964,-0.005571531272465902
2024-09-15,553.4,561.9,546.0,553.4,205254.79,0.00018073377914329392
2024-09-16,553.4,555.2,527.0,533.7,267953.69,-0.035598120708348224
2024-09-17,533.7,552.7,529.0,546.2,195288.36,0.023421397789020082
2024-09-18,546.2,559.7,536.8,559.5,201182.985,0.024350054924935804
2024-09-19,559.5,572.2,553.0,567.0,308427.742,0.013404825737265424
2024-09-20,566.9,577.1,555.0,569.0,257077.709,0.003527336860670305
2024-09-21,569.1,590.0,566.4,588.6,208752.23,0.034446397188049316
2024-09-22,588.7,594.6,576.4,588.7,202978.791,0.00016989466530747954
2024-09-23,588.7,616.0,583.4,604.5,376010.207,0.026838797350093424
2024-09-24,604.5,613.4,598.5,605.9,261622.131,0.0023159636062861644
2024-09-25,605.8,608.3,584.2,587.4,220793.948,-0.030533091269186352
2024-09-26,587.5,609.0,580.8,596.3,334337.474,0.015151515151515138
2024-09-27,596.3,614.7,596.0,606.8,356901.64,0.017608586282072736
2024-09-28,606.9,618.6,594.5,601.1,262593.381,-0.009393539881344615
2024-09-29,601.1,602.8,592.4,595.6,160103.084,-0.009149891864914328
2024-09-30,595.6,595.8,563.5,567.4,324086.737,-0.04734721289456023
2024-10-01,567.4,583.1,536.8,547.3,476372.945,-0.03542474444836097
2024-10-02,547.2,558.3,535.4,542.5,282193.663,-0.008770327060113159
2024-10-03,542.5,550.8,534.3,544.8,220702.342,0.0042396313364054805
2024-10-04,544.8,557.8,541.8,555.3,186169.628,0.01927312775330403
2024-10-05,555.3,565.2,551.6,563.0,124906.382,0.013866378534125756
2024-10-06,563.0,571.9,561.1,570.3,106787.34,0.012966252220248498
2024-10-07,570.4,581.8,563.5,564.3,213046.676,-0.010520778537611797
2024-10-08,564.4,586.8,559.5,580.8,286276.177,0.029239766081871288
2024-10-09,580.8,586.0,566.2,570.7,324396.054,-0.017389807162534243
2024-10-10,570.8,572.9,551.5,563.9,178198.309,-0.011915191869633857
2024-10-11,563.8,577.5,560.1,573.6,185095.358,0.017201631494945913
2024-10-12,573.7,579.2,573.6,576.6,135773.959,0.0052301255230124966
2024-10-13,576.6,578.5,564.9,572.2,118779.976,-0.007630939993062746
2024-10-14,572.3,592.3,558.9,589.1,252803.176,0.029535127577769993
2024-10-15,589.0,599.9,577.7,594.5,324305.897,0.009166525207944254
2024-10-16,594.6,605.5,589.7,600.9,259951.129,0.010765349032800575
2024-10-17,601.0,606.3,585.1,592.9,194199.416,-0.013313363288400715
2024-10-18,592.9,602.4,591.8,599.2,136743.669,0.010625737898465326
2024-10-19,599.3,601.4,595.4,597.7,78940.239,-0.00250333778371159
2024-10-20,597.8,607.3,593.1,605.9,123572.057,0.013719257152417397
2024-10-21,605.9,611.8,591.5,598.8,275880.778,-0.011718105297903958
2024-10-22,598.8,609.0,587.0,593.8,203756.934,-0.008350033400133627
2024-10-23,593.8,595.0,573.0,584.9,225698.465,-0.01498821151902996
2024-10-24,584.9,598.0,583.3,594.5,145781.537,0.01641306206189097
2024-10-25,594.5,597.6,565.8,575.3,254214.693,-0.03229604709840206
2024-10-26,575.3,587.1,571.6,583.4,119987.437,0.014079610637928175
2024-10-27,583.4,591.0,581.7,589.2,94455.099,0.009941720946177623
2024-10-28,589.3,604.6,585.5,601.1,189815.882,0.02019687712152063
2024-10-29,601.1,612.2,599.9,606.3,301555.357,0.00865080685410069
2024-10-30,606.3,606.7,594.1,595.6,186706.281,-0.017648029028533574
2024-10-31,595.5,596.5,571.1,576.6,279156.175,-0.031900604432505086
2024-11-01,576.5,585.5,567.7,573.1,242255.184,-0.006070065903572619
2024-11-02,573.1,577.2,562.4,568.6,143716.603,-0.007852032804048115
2024-11-03,568.6,569.3,547.0,557.7,217508.468,-0.019169890960253233
2024-11-04,557.7,564.8,543.6,552.5,264951.833,-0.009324009324009452
2024-11-05,552.51,572.8,551.22,563.21,211437.753,0.019384615384615556
2024-11-06,563.21,595.0,563.0,592.22,535934.927,0.05150831838923309
2024-11-07,592.22,611.2,587.01,598.26,377600.506,0.01019891256627603
2024-11-08,598.27,605.9,588.1,597.82,318752.718,-0.0007354661852705391
2024-11-09,597.82,638.0,597.51,624.66,772172.655,0.044896457127563405
2024-11-10,624.67,644.2,611.62,627.33,812783.747,0.004274325232926923
2024-11-11,627.34,665.54,613.0,659.63,1006384.738,0.051488052540130225
2024-11-12,659.63,667.4,610.0,625.33,1166459.013,-0.05199884783893993
2024-11-13,625.42,638.06,598.6,620.68,1034672.114,-0.0074360737530585475
2024-11-14,620.68,660.4,610.5,622.3,1060649.7,0.0026100406006315247
2024-11-15,622.3,628.3,603.4,619.37,654908.221,-0.00470834002892484
2024-11-16,619.37,633.7,617.5,622.69,447887.923,0.005360285451345703
2024-11-17,622.69,647.6,605.2,618.9,595820.376,-0.006086495688063187
2024-11-18,618.93,630.91,612.1,618.93,483382.136,4.84730974308345e-05
2024-11-19,618.93,621.41,605.21,615.5,420441.21,-0.005541822176982736
2024-11-20,615.49,620.78,600.0,605.39,411142.628,-0.016425670186839936
2024-11-21,605.39,629.37,593.05,621.86,647295.158,0.02720560299971919
2024-11-22,621.86,639.64,615.05,633.0,582665.923,0.017913999935676772
2024-11-23,633.0,680.0,631.1,650.42,1071184.972,0.02751974723538697
2024-11-24,650.42,687.75,637.08,659.65,914571.368,0.014190830540266264
2024-11-25,659.65,676.79,626.43,636.2,783511.29,-0.03554915485484722
2024-11-26,636.16,645.57,600.02,613.51,814621.938,-0.03566488525620881
2024-11-27,613.5,646.75,607.79,644.14,629623.885,0.04992583657968086
2024-11-28,644.15,664.68,639.79,653.83,684789.628,0.015043313565374028
2024-11-29,653.84,663.8,648.42,654.67,429893.73,0.001284737622929466
2024-11-30,654.67,677.2,648.0,653.43,545812.569,-0.0018940840423419258
2024-12-01,653.44,664.17,645.16,655.99,434417.253,0.003917787674272866
2024-12-02,656.0,667.2,627.99,647.82,771630.192,-0.012454458147227787
2024-12-03,647.83,750.01,622.85,734.64,1575647.798,0.1340187089006204
2024-12-04,734.64,793.86,720.0,739.53,2092976.428,0.006656321463573978
2024-12-05,739.54,739.9,690.0,717.1,1159099.388,-0.030330074506781268
2024-12-06,717.1,745.93,705.06,730.22,747138.475,0.018295914098452215
2024-12-07,730.22,761.0,729.69,749.72,445276.173,0.026704280901646005
2024-12-08,749.71,757.26,727.47,742.0,343120.564,-0.01029717761297555
2024-12-09,742.0,742.5,642.0,689.19,1068109.724,-0.07117250673854436
2024-12-10,689.2,704.92,649.13,676.8,984801.75,-0.017977625908675576
2024-12-11,676.8,713.0,658.54,711.21,526819.302,0.05084219858156036
2024-12-12,711.2,725.61,699.36,705.77,576876.965,-0.0076489363197931315
2024-12-13,705.77,729.88,696.8,725.72,548598.294,0.028266999164033635
2024-12-14,725.73,732.11,705.01,715.79,341929.145,-0.013682963126274705
2024-12-15,715.8,724.08,702.66,718.87,282457.795,0.004302938012545665
2024-12-16,718.87,730.0,704.16,720.58,483844.553,0.002378733289746471
2024-12-17,720.58,737.37,712.24,717.69,502868.872,-0.004010658080990326
2024-12-18,717.7,722.0,681.0,686.38,726576.022,-0.04362607811171959
2024-12-19,686.39,705.57,648.63,665.62,840266.48,-0.030245636527870823
2024-12-20,665.61,680.58,618.69,678.6,982349.406,0.019500615967068313
2024-12-21,678.6,693.39,652.0,663.49,529437.789,-0.022266430887120547
2024-12-22,663.5,669.71,639.37,649.77,333704.376,-0.020678533210749306
2024-12-23,649.77,698.5,638.1,694.16,606364.091,0.0683164812164303
2024-12-24,694.16,699.0,682.68,696.9,386936.217,0.00394721677999299
2024-12-25,696.89,713.28,695.94,702.72,232510.25,0.008351269909599779
2024-12-26,702.71,719.99,683.0,689.4,381100.002,-0.018954918032786927
2024-12-27,689.4,718.88,685.73,691.85,347156.043,0.0035538149115172946
2024-12-28,691.86,731.24,691.3,722.13,344251.861,0.043766712437667055
2024-12-29,722.13,724.7,690.0,694.71,241528.144,-0.0379710024510822
2024-12-30,694.71,712.2,687.75,705.36,297267.103,0.015330137755322326
2024-12-31,705.35,714.99,698.48,702.3,235464.832,-0.004338210275603993
2025-01-01,702.31,711.5,700.3,707.84,135703.339,0.007888366794817081
2025-01-02,707.84,715.8,698.04,706.25,292533.811,-0.002246270343580492
2025-01-03,706.24,715.69,697.03,714.88,291701.675,0.01221946902654869
2025-01-04,714.87,721.84,707.82,713.41,167274.262,-0.0020562891674127393
2025-01-05,713.41,713.93,702.51,709.29,115144.345,-0.005775080248384579
2025-01-06,709.29,745.29,705.91,729.42,357347.859,0.02838049316922553
2025-01-07,729.42,733.33,691.2,698.01,436096.682,-0.043061610594719024
2025-01-08,698.0,707.46,674.72,696.03,427277.957,-0.002836635578286839
2025-01-09,696.03,701.72,675.12,685.48,331906.578,-0.015157392641121703
2025-01-10,685.47,700.69,683.18,693.21,234590.487,0.011276769562934108
2025-01-11,693.21,701.47,690.39,696.7,87734.79,0.005034549415040113
2025-01-12,696.71,698.63,689.8,693.34,78211.295,-0.004822735754270169
2025-01-13,693.35,700.0,660.0,688.64,386629.943,-0.006778780973259901
2025-01-14,688.64,699.97,686.3,698.89,159723.609,0.014884409851301017
2025-01-15,698.89,715.0,688.45,714.59,282718.752,0.022464193220678608
2025-01-16,714.59,717.5,700.5,708.1,268104.726,-0.009082131012188799
2025-01-17,708.1,729.97,708.1,721.76,289751.278,0.019291060584663233
2025-01-18,721.76,723.32,695.0,709.52,370480.456,-0.01695854577698963
2025-01-19,709.52,714.6,676.0,683.19,712985.298,-0.037109595219303126
2025-01-20,683.2,709.38,671.0,682.51,668236.487,-0.0009953307279089163
2025-01-21,682.51,697.0,675.01,692.21,294203.471,0.014212245974418058
2025-01-22,692.21,704.13,689.93,695.52,218410.233,0.00478178587422895
2025-01-23,695.52,697.65,680.26,689.74,331191.456,-0.008310328962502833
2025-01-24,689.73,691.31,678.75,680.45,280584.305,-0.013468843332270053
2025-01-25,680.45,689.56,677.68,686.4,140203.276,0.008744213388198974
2025-01-26,686.4,690.82,664.64,667.37,195887.168,-0.027724358974358987
2025-01-27,667.36,680.53,637.79,679.74,486667.795,0.018535445105413828
2025-01-28,679.75,682.88,659.4,661.29,202591.474,-0.027142731044222823
2025-01-29,661.28,680.01,659.37,667.97,255536.138,0.010101468342179842
2025-01-30,667.97,682.99,666.0,677.53,145419.421,0.014312020000898151
2025-01-31,677.53,689.44,673.5,677.47,190707.861,-8.855696426723902e-05
2025-02-01,677.48,681.56,650.73,652.94,177371.372,-0.03620824538355938
2025-02-02,652.94,663.22,600.0,617.8,506728.603,-0.0538181149875947
2025-02-03,617.8,619.19,500.0,617.21,1340856.885,-0.0009550016186467003
2025-02-04,617.21,619.24,557.88,572.69,549571.473,-0.07213104129874759
2025-02-05,572.69,580.0,561.22,569.55,227055.225,-0.005482896505963231
2025-02-06,569.55,589.99,568.87,571.72,334342.953,0.003810025458695687
2025-02-07,571.71,589.9,570.58,577.71,222673.88,0.01047715665010851
2025-02-08,577.7,633.73,573.62,612.39,490805.546,0.06003011891779608
2025-02-09,612.39,648.13,602.4,615.81,774091.071,0.005584676431685587
2025-02-10,615.81,622.42,596.24,618.65,360129.038,0.004611812084896361
2025-02-11,618.65,646.94,615.08,642.11,488539.291,0.03792128020690222
2025-02-12,642.12,705.48,626.88,696.93,822216.623,0.08537478002211452
2025-02-13,696.92,732.0,658.28,664.72,1766921.695,-0.04621698018452347
2025-02-14,664.73,684.86,652.0,659.71,650460.875,-0.007537008063545514
2025-02-15,659.72,671.43,653.46,662.21,255950.897,0.003789543890497349
2025-02-16,662.21,686.04,653.11,673.1,362205.963,0.016444934386372845
2025-02-17,673.1,682.29,657.99,667.51,323350.276,-0.008304858119150271
2025-02-18,667.52,668.3,629.65,648.18,366356.988,-0.028958367664904006
2025-02-19,648.19,664.44,636.99,653.38,352798.243,0.008022462896109195
2025-02-20,653.38,659.03,645.88,656.36,215894.368,0.004560898711316597
2025-02-21,656.36,668.5,635.0,647.47,317327.155,-0.013544396367846878
2025-02-22,647.47,679.9,645.21,668.57,297923.184,0.0325883824733193
2025-02-23,668.57,671.1,648.49,658.42,166658.013,-0.015181656371060726
2025-02-24,658.41,659.56,610.6,614.2,360147.153,-0.0671607788341787
2025-02-25,614.19,628.7,586.0,623.49,647434.612,0.015125366330185575
2025-02-26,623.49,632.14,594.07,611.57,428035.431,-0.01911818954594291
2025-02-27,611.57,619.77,595.84,605.41,295518.116,-0.010072436515852767
2025-02-28,605.41,606.33,559.71,588.07,600999.319,-0.028641746915313404
2025-03-01,588.07,609.48,586.4,607.93,292254.356,0.03377148978863054
2025-03-02,607.94,635.01,601.5,623.94,469069.23,0.026335268863191708
2025-03-03,623.94,624.36,567.5,576.1,497949.879,-0.07667403917043314
2025-03-04,576.09,588.75,546.83,584.01,488869.851,0.013730255164033922
2025-03-05,584.01,606.06,580.57,598.24,206205.988,0.02436602112977515
2025-03-06,598.25,612.9,589.2,596.5,223701.39,-0.00290853169296601
2025-03-07,596.49,610.2,577.23,594.77,289363.933,-0.0029002514668902135
2025-03-08,594.77,602.77,590.11,593.1,117220.631,-0.0028078080602584876
2025-03-09,593.1,593.1,550.2,554.65,246382.904,-0.06482886528410059
2025-03-10,554.65,573.4,523.01,531.49,410154.62,-0.04175606238168206
2025-03-11,531.49,566.0,507.0,551.61,691870.521,0.0378558392443884
2025-03-12,551.61,574.95,544.63,569.87,367224.211,0.03310309820344082
2025-03-13,569.87,613.71,567.99,579.8,647497.028,0.017425026760489182
2025-03-14,579.8,589.81,576.61,587.76,213012.082,0.013728872024836303
2025-03-15,587.76,619.96,587.49,619.83,254324.009,0.054563086974275254
2025-03-16,619.82,622.8,593.06,602.2,255774.316,-0.028443282835616257
2025-03-17,602.21,643.72,602.04,631.69,591668.184,0.04897044171371645
2025-03-18,631.68,643.33,620.28,627.81,443437.833,-0.006142253320458035
2025-03-19,627.81,628.2,604.36,618.7,399993.645,-0.014510759624727032
2025-03-20,618.71,637.75,616.55,630.47,578472.125,0.019023759495716774
2025-03-21,630.47,637.8,624.92,635.17,262205.569,0.0074547559757005555
2025-03-22,635.16,636.1,623.79,627.01,140206.083,-0.012846954358675555
2025-03-23,627.01,629.14,619.5,623.79,155602.578,-0.005135484282547398
2025-03-24,623.8,639.5,618.0,637.08,307575.991,0.02130524695811098
2025-03-25,637.08,644.88,627.05,629.82,554571.557,-0.011395743077792453
2025-03-26,629.82,634.01,615.3,617.99,222093.835,-0.018783144390460804
2025-03-27,618.0,642.5,617.2,637.36,743401.847,0.031343549248369795
2025-03-28,637.36,637.51,616.0,619.81,317817.16,-0.0275354587674157
2025-03-29,619.81,623.84,596.97,602.99,254422.261,-0.027137348542295103
2025-03-30,603.0,613.37,593.58,602.2,195649.405,-0.0013101378132306385
2025-03-31,602.2,608.89,587.26,604.81,254764.269,0.004334108269677728
2025-04-01,604.81,618.54,604.46,611.13,565603.069,0.010449562672574908
2025-04-02,611.12,614.0,584.85,590.68,399507.957,-0.03346260206502716
2025-04-03,590.67,610.58,578.46,592.67,507928.514,0.003368998442473181
2025-04-04,592.68,600.0,585.0,597.71,177145.405,0.008503889179475976
2025-04-05,597.71,599.0,588.71,593.13,85938.079,-0.00766257884258259
2025-04-06,593.13,593.78,544.17,555.54,332256.265,-0.06337565120631228
2025-04-07,555.55,567.6,520.0,554.6,727293.86,-0.0016920473773264222
2025-04-08,554.6,566.0,547.64,553.72,212191.86,-0.0015867291741795686
2025-04-09,553.72,585.97,534.3,582.32,378370.127,0.0516506537600232
2025-04-10,582.32,583.58,566.17,578.03,369219.863,-0.00736708339057579
2025-04-11,578.03,590.36,575.7,585.93,174700.72,0.013667110703596608
2025-04-12,585.93,600.48,584.0,597.29,151268.708,0.01938798149949661
2025-04-13,597.3,598.67,580.32,584.28,144896.285,-0.021781714075239766
2025-04-14,584.29,593.1,583.14,584.54,153827.795,0.00044499212706239355
2025-04-15,584.53,590.84,579.38,579.52,141640.579,-0.00858794949875108
2025-04-16,579.52,587.0,576.0,582.8,174537.948,0.005659856432910004
2025-04-17,582.8,592.97,581.0,590.49,151848.259,0.0131949210706932
2025-04-18,590.5,596.08,587.08,591.71,191575.748,0.002066080712628482
2025-04-19,591.7,594.49,587.7,591.73,96609.003,3.380034138333876e-05
2025-04-20,591.74,595.23,587.5,592.77,115343.598,0.0017575583458671051
2025-04-21,592.77,608.52,592.53,597.34,171926.422,0.007709566948394864
2025-04-22,597.32,619.9,595.0,618.51,285468.164,0.03544045267351925
2025-04-23,618.5,619.99,601.38,605.71,314125.448,-0.020694895797966018
2025-04-24,605.72,606.78,592.59,601.55,204214.28,-0.006867973122451465
2025-04-25,601.56,610.35,597.2,599.91,257426.554,-0.0027262904164242485
2025-04-26,599.9,609.25,599.34,607.23,137533.142,0.012201830274541248
2025-04-27,607.23,608.68,597.0,603.46,121784.476,-0.006208520659387706
2025-04-28,603.46,608.27,598.2,606.16,143778.008,0.004474198786994954
2025-04-29,606.16,610.75,598.1,601.0,236809.997,-0.008512603932954943
2025-04-30,601.0,604.44,591.42,599.88,210580.664,-0.0018635607321131342
2025-05-01,599.88,605.28,598.14,599.63,156229.229,-0.0004167500166699645
2025-05-02,599.64,603.61,595.12,600.69,141344.865,0.0017677567833498387
2025-05-03,600.69,601.2,595.23,599.36,100770.294,-0.002214120428174371
2025-05-04,599.36,600.49,584.7,586.03,143960.835,-0.022240389749065725
2025-05-05,586.02,599.98,583.55,597.61,201100.589,0.019760080541951774
2025-05-06,597.61,603.18,593.23,602.57,214613.107,0.008299727246866784
2025-05-07,602.57,609.07,597.89,602.7,194088.591,0.00021574256932810343
2025-05-08,602.7,629.33,600.8,629.17,384267.525,0.04391903102704475
2025-05-09,629.17,671.15,623.12,666.29,480734.869,0.05899836292258054
2025-05-10,666.29,678.95,648.83,663.9,444595.43,-0.003587026670068605
2025-05-11,663.9,668.49,647.83,651.15,319998.959,-0.01920469950293724
2025-05-12,651.15,693.0,647.31,660.07,586386.945,0.013698840512938792
2025-05-13,660.08,672.0,640.66,664.13,416309.75,0.006150862787280165
2025-05-14,664.12,667.33,647.15,652.47,290029.994,-0.017556803637841956
2025-05-15,652.47,661.0,642.29,651.88,313560.813,-0.0009042561343817201
2025-05-16,651.88,659.97,644.0,646.76,200793.607,-0.007854206295637267
2025-05-17,646.76,646.9,635.05,639.51,141777.711,-0.011209722308120451
2025-05-18,639.5,655.19,634.39,651.53,189475.296,0.018795640412190506
2025-05-19,651.54,653.53,633.51,649.62,210901.52,-0.0029315610946540893
2025-05-20,649.62,653.75,640.14,650.0,169584.291,0.0005849573596872215
2025-05-21,650.0,678.0,648.49,673.31,470531.895,0.03586153846153839
2025-05-22,673.31,690.02,673.0,686.57,390007.996,0.01969375176367505
2025-05-23,686.57,691.35,652.19,656.98,343668.707,-0.043098300246151244
2025-05-24,656.99,677.47,655.4,668.01,165142.039,0.016788943346829344
2025-05-25,668.0,671.67,657.1,669.44,169208.322,0.002140686516669099
2025-05-26,669.45,678.33,668.22,674.29,180148.252,0.007244861376672906
2025-05-27,674.3,697.73,666.56,686.91,326163.491,0.01871598273739794
2025-05-28,686.9,689.22,680.04,686.89,211875.743,-2.9115895823328408e-05
2025-05-29,686.89,691.24,673.33,675.02,260985.136,-0.017280787316746538
2025-05-30,675.02,678.5,653.22,655.36,218723.509,-0.029125062961097403
2025-05-31,655.36,661.42,645.04,658.01,158379.39,0.0040435791015625
2025-06-01,658.01,662.48,647.58,660.77,131807.448,0.004194465129709224
2025-06-02,660.77,667.0,650.05,665.93,143785.605,0.007809071235074239
2025-06-03,665.93,673.43,657.11,661.59,158377.459,-0.006517201507665882
2025-06-04,661.6,671.76,660.84,663.23,124473.802,0.0024788766456567135
2025-06-05,663.24,670.92,625.44,633.32,271543.149,-0.0450974774964944
2025-06-06,633.33,651.51,629.38,642.7,169535.957,0.014810838122907732
2025-06-07,642.71,653.81,639.69,650.82,90666.37,0.012634199470981766
2025-06-08,650.82,656.39,646.49,652.0,72300.314,0.0018130973233765335
2025-06-09,652.0,667.74,648.01,665.58,127272.158,0.020828220858895685
2025-06-10,665.58,674.0,657.26,673.51,176645.056,0.011914420505423795
2025-06-11,673.51,674.8,662.2,667.43,177934.085,-0.009027334412258226
2025-06-12,667.42,669.93,651.91,654.75,152793.975,-0.018998247007176672
2025-06-13,654.76,659.42,639.01,655.35,223303.917,0.0009163802978235935
2025-06-14,655.35,655.36,639.0,645.61,93690.143,-0.014862287327382373
2025-06-15,645.61,652.0,642.77,648.19,79324.646,0.003996220628552871
2025-06-16,648.19,659.46,646.26,650.74,124203.787,0.00393403168823947
2025-06-17,650.74,659.0,640.11,648.08,182982.263,-0.004087654055383028
2025-06-18,648.09,654.31,637.35,644.77,143725.674,-0.005107394148870625
2025-06-19,644.77,646.5,638.66,644.65,80404.985,-0.00018611287746017613
2025-06-20,644.65,651.02,638.0,641.61,143279.622,-0.0047157372217482285
2025-06-21,641.61,644.84,621.94,628.97,143508.116,-0.019700441077913355
2025-06-22,628.98,635.51,601.25,615.81,243515.033,-0.0209230964910887
2025-06-23,615.81,642.79,615.05,640.49,219674.329,0.040077296568747034
2025-06-24,640.5,644.09,636.17,643.53,131607.231,0.004746366063482554
2025-06-25,643.53,652.64,641.85,646.07,169433.154,0.003946979938775241
2025-06-26,646.06,650.0,641.12,642.3,103057.286,-0.005835281006702164
2025-06-27,642.3,648.44,639.16,645.71,81302.955,0.005309045617312824
2025-06-28,645.72,649.18,644.25,648.6,57714.965,0.004475693422743898
2025-06-29,648.61,656.0,646.72,654.9,73235.796,0.00971322849213685
2025-06-30,654.9,660.0,651.17,656.9,110702.196,0.0030539013589860886
2025-07-01,656.9,659.1,644.0,646.33,85803.055,-0.016090729182523855
2025-07-02,646.34,664.85,643.71,659.71,112807.955,0.020701499234137444
2025-07-03,659.7,664.57,656.7,663.59,99001.436,0.005881372118051953
2025-07-04,663.58,664.17,650.21,653.6,89027.412,-0.015054476408625783
2025-07-05,653.6,656.75,652.0,656.16,51648.289,0.003916768665850556
2025-07-06,656.17,664.99,653.54,663.13,82399.119,0.01062240916849544
2025-07-07,663.13,663.5,656.77,661.06,83232.984,-0.003121559875137625
2025-07-08,661.06,662.6,657.36,660.63,86374.042,-0.0006504704565394315
2025-07-09,660.63,671.5,659.05,668.68,123551.595,0.012185338237742593
2025-07-10,668.69,687.7,667.25,685.8,214967.536,0.025602679906681747
2025-07-11,685.8,697.24,682.83,689.99,268353.904,0.006109652960046841
2025-07-12,689.98,697.0,679.63,685.86,134785.185,-0.005985593994115801
2025-07-13,685.86,694.12,685.12,692.0,84925.723,0.008952264310500668
2025-07-14,692.01,707.54,686.05,689.12,253634.996,-0.004161849710982657
2025-07-15,689.13,693.21,675.3,689.92,188962.491,0.0011609008590665049
2025-07-16,689.93,715.56,685.2,708.61,238334.938,0.02709009740259738
2025-07-17,708.61,727.85,706.14,720.65,409572.675,0.016991010569989085
2025-07-18,720.64,765.56,718.73,729.92,556430.085,0.012863387219870903
2025-07-19,729.92,742.5,718.76,733.2,188095.81,0.004493643138974157
2025-07-20,733.2,761.29,731.5,756.82,253255.203,0.03221494817239501
2025-07-21,756.82,781.99,746.06,766.22,338419.952,0.012420390581644236
2025-07-22,766.22,788.35,745.0,786.68,359074.056,0.0267025136383805
2025-07-23,786.69,809.84,752.47,776.74,709087.1566,-0.012635379061371799
2025-07-24,776.74,786.16,742.62,770.74,363436.737,-0.007724592527744156
2025-07-25,770.74,786.0,752.22,785.45,284068.121,0.01908555414277191
2025-07-26,785.44,798.0,778.28,793.29,128764.391,0.009981539245018656
2025-07-27,793.3,847.12,791.04,844.0,397296.2555,0.0639236596956978
2025-07-28,844.0,861.1,820.64,824.07,517734.6912,-0.02361374407582928
2025-07-29,824.07,835.06,800.12,805.1,427366.132,-0.023019889087092182
2025-07-30,805.11,811.64,766.21,793.51,369598.736,-0.014395727238852407
2025-07-31,793.51,814.8,781.38,783.14,335026.145,-0.013068518355156211
2025-08-01,783.13,795.4,744.69,757.08,393831.558,-0.03327629797992693
2025-08-02,757.08,770.11,732.36,736.42,209282.992,-0.02728905795952885
2025-08-03,736.43,755.53,730.01,751.21,142700.965,0.020083647918307523
2025-08-04,751.21,770.0,750.47,768.63,171505.406,0.023189254669133685
2025-08-05,768.62,769.79,745.11,755.13,179458.96,-0.01756371726318251
2025-08-06,755.13,774.84,746.26,769.55,163684.71,0.01909604968680889
2025-08-07,769.55,788.68,764.17,788.67,188106.802,0.024845689039048713
2025-08-08,788.67,798.5,780.74,793.5,195309.718,0.006124234470691325
2025-08-09,793.5,819.44,792.81,798.83,202384.753,0.006717076244486586
2025-08-10,798.83,815.5,793.68,807.22,162735.303,0.010502860433383887
2025-08-11,807.22,827.59,792.0,805.09,316220.572,-0.0026386858601125107
2025-08-12,805.09,839.9,797.73,832.47,268762.259,0.03400862015426842
2025-08-13,832.48,858.89,828.23,848.01,395861.313,0.01866733936358056
2025-08-14,848.02,869.4,820.6,840.42,592656.9793,-0.008950366151342593
2025-08-15,840.42,853.53,812.57,827.81,252091.108,-0.015004402560624519
2025-08-16,827.8,839.79,825.06,838.71,114512.1,0.013167272683345388
2025-08-17,838.71,864.0,838.04,855.38,164953.856,0.01987576158624549
2025-08-18,855.38,858.51,825.0,846.99,233741.603,-0.009808506161004482
2025-08-19,847.0,851.95,823.0,824.11,211802.026,-0.027013305942218957
2025-08-20,824.1,881.02,818.57,869.05,392159.8615,0.05453155525354614
2025-08-21,869.05,883.86,833.46,839.49,277889.676,-0.034014153385881096
2025-08-22,839.49,900.71,839.23,900.21,430842.5317,0.07232962870314119
2025-08-23,900.2,900.21,875.55,880.42,209279.872,-0.02198375934504182
2025-08-24,880.42,886.66,859.34,876.51,289492.317,-0.004441062220303937
2025-08-25,876.51,880.75,832.76,839.32,320570.155,-0.04242963571436709
2025-08-26,839.32,868.0,829.59,863.7,194882.089,0.029047324024210175
2025-08-27,863.7,867.1,852.9,855.18,135243.457,-0.009864536297325532
2025-08-28,855.18,881.36,850.85,873.47,232414.922,0.02138731027386065
2025-08-29,873.48,878.0,850.19,862.3,180524.219,-0.012788075148545519
2025-08-30,862.3,864.0,851.61,862.0,101039.981,-0.00034790676098794826
2025-08-31,862.0,867.7,857.0,857.65,94241.193,-0.005046403712297032
2025-09-01,857.66,869.15,840.0,845.68,254185.715,-0.013956742260828991
2025-09-02,845.68,856.68,840.71,851.8,164333.169,0.007236779869454146
2025-09-03,851.8,864.06,848.91,854.76,116453.022,0.003474994130077569
2025-09-04,854.76,856.72,841.1,843.63,108195.902,-0.013021198933033884
2025-09-05,843.62,857.73,842.22,850.14,120856.951,0.007716653035098275
2025-09-06,850.14,865.0,849.55,860.85,144234.054,0.012597925047639347
2025-09-07,860.86,884.05,860.55,880.05,136538.058,0.02230353720160294
2025-09-08,880.05,885.85,870.01,878.08,177574.781,-0.0022385091756149667
2025-09-09,878.08,884.83,871.38,880.01,150610.03,0.002197977405247853
2025-09-10,880.0,907.38,877.04,893.77,306830.178,0.015636185952432324
2025-09-11,893.77,904.53,888.38,902.77,179913.182,0.010069704733880025
2025-09-12,902.77,929.9,901.41,924.8,240267.9372,0.024402671776864615
2025-09-13,924.81,943.86,922.11,933.68,251751.2324,0.009602076124567427
2025-09-14,933.68,944.95,921.91,926.51,159814.975,-0.00767929054922456
2025-09-15,926.51,935.72,910.64,919.68,175249.087,-0.007371749900162983
2025-09-16,919.68,959.0,916.66,955.65,284918.8385,0.039111430062630514
2025-09-17,955.65,995.44,946.1,989.98,362193.1958,0.035923193637838136
2025-09-18,989.97,1006.88,979.48,981.04,402672.5617,-0.009030485464352922
2025-09-19,981.05,1002.99,973.9,984.1,333582.761,0.003119138873032723
2025-09-20,984.1,1048.0,982.9,1043.77,380966.0766,0.06063408190224573
2025-09-21,1043.77,1083.47,1039.2,1047.8,464411.2823,0.0038610038610038533
2025-09-22,1047.8,1050.55,976.89,992.9,588730.396,-0.052395495323535046
2025-09-23,992.9,1027.37,962.38,1015.98,420071.07,0.023245039782455512
2025-09-24,1015.98,1034.5,991.46,1018.49,363049.882,0.00247052107324941
2025-09-25,1018.49,1019.9,939.55,945.9,635121.254,-0.07127217743915015
2025-09-26,945.9,966.23,932.01,960.8,384757.514,0.015752193677978532
2025-09-27,960.81,985.79,955.56,968.45,245246.415,0.007962114904246587
2025-09-28,968.46,993.65,962.68,993.01,188486.48,0.02536011151840567
2025-09-29,993.01,1036.0,991.12,1029.79,291982.5,0.03703890192445192
2025-09-30,1029.79,1034.01,992.93,1008.51,258830.971,-0.020664407306344
2025-10-01,1008.51,1036.2,1003.35,1026.5,269007.811,0.017838196944006457
2025-10-02,1026.5,1099.22,1022.01,1090.22,380679.445,0.06207501217730149
2025-10-03,1090.22,1192.42,1083.84,1189.4,744996.7206,0.09097246427326611
2025-10-04,1189.4,1190.47,1134.93,1150.75,337438.509,-0.03249537581974116
2025-10-05,1150.75,1189.0,1143.14,1167.38,306730.178,0.01445144470997195
2025-10-06,1167.38,1239.94,1161.85,1223.19,587477.5601,0.047807911733968256
2025-10-07,1223.17,1349.99,1204.61,1304.43,1351678.4887,0.06641650111593456
2025-10-08,1304.43,1334.19,1264.32,1307.4,826555.123,0.0022768565580368882
2025-10-09,1307.4,1320.0,1224.38,1255.35,925627.604,-0.039811840293712875
2025-10-10,1255.35,1278.52,860.11,1102.47,1505025.673,-0.12178276974548918
2025-10-11,1102.57,1182.76,1073.0,1135.07,1050905.245,0.029569965622647354
2025-10-12,1135.07,1319.8,1107.43,1302.65,1205248.016,0.14763847163611077
2025-10-13,1302.65,1375.11,1251.28,1294.55,1483076.9719,-0.006218093885541065
2025-10-14,1294.54,1318.26,1143.01,1208.52,1398659.782,-0.06645552508593722
2025-10-15,1208.55,1222.76,1148.92,1162.57,707327.747,-0.038021712507860905
2025-10-16,1162.57,1195.0,1122.31,1144.83,716826.497,-0.015259296214421458
2025-10-17,1144.83,1156.3,1021.0,1071.15,1066221.771,-0.06435890044810133
2025-10-18,1071.15,1131.05,1069.41,1092.43,419996.517,0.019866498622975293
2025-10-19,1092.42,1133.76,1068.04,1109.88,409987.572,0.015973563523520973
2025-10-20,1109.88,1143.2,1088.19,1100.19,481311.055,-0.008730673586333726
2025-10-21,1100.2,1114.53,1052.46,1057.16,541524.501,-0.039111426208200406
2025-10-22,1057.16,1083.8,1053.25,1071.82,397249.062,0.013867342691739948
2025-10-23,1071.83,1161.9,1071.83,1126.72,774946.718,0.05122128715642571
2025-10-24,1126.71,1144.17,1097.39,1109.01,342712.642,-0.015718190854870806
2025-10-25,1109.0,1120.89,1100.96,1116.53,162716.583,0.006780822535414455
2025-10-26,1116.53,1143.35,1114.48,1138.19,240939.545,0.019399389178974324
2025-10-27,1138.19,1182.6,1131.44,1138.88,494467.695,0.0006062256740966276
2025-10-28,1138.88,1148.94,1074.0,1103.45,351579.17,-0.031109511098623255
2025-10-29,1103.45,1121.35,1082.59,1107.7,459713.496,0.0038515564819430193
2025-10-30,1107.7,1129.55,1043.48,1079.05,508291.657,-0.02586440371941867
2025-10-31,1079.06,1104.93,1071.43,1088.9,537669.646,0.009128399981465307
2025-11-01,1088.9,1096.93,1081.8,1094.53,163493.548,0.005170355404536586
2025-11-02,1094.54,1094.92,1071.74,1083.25,132402.548,-0.010305793354225101
2025-11-03,1083.25,1087.24,960.18,993.54,685198.885,-0.08281560120009235
2025-11-04,993.54,1002.12,880.8,936.77,985275.518,-0.05713911870684618
2025-11-05,936.79,969.27,900.39,959.33,526144.027,0.024082752436564103
2025-11-06,959.32,965.23,925.07,950.4,312622.425,-0.00930857994642098
2025-11-07,950.4,995.6,925.7,991.15,452713.504,0.04287668350168361
2025-11-08,991.14,1007.41,980.05,991.03,301705.689,-0.00012107148262119338
2025-11-09,991.01,1007.16,975.84,996.63,256660.748,0.005650686659334214
2025-11-10,996.63,1019.56,976.22,991.98,281128.796,-0.004665723488155082
2025-11-11,991.99,1008.6,956.08,958.08,283951.869,-0.0341740760902437
2025-11-12,958.08,978.61,937.9,952.86,216987.116,-0.005448396793587218
2025-11-13,952.87,972.2,905.72,927.15,334345.078,-0.026981928090170637
2025-11-14,927.15,934.04,887.88,915.25,438193.008,-0.01283503208758019
2025-11-15,915.26,945.22,914.91,932.28,161984.705,0.018606937995083284
2025-11-16,932.27,949.77,908.16,926.56,252157.877,-0.006135495773801902
2025-11-17,926.59,939.55,891.72,907.36,332891.856,-0.020721809704714156
2025-11-18,907.36,939.99,884.4,932.79,357275.458,0.02802636219361654
2025-11-19,932.79,941.06,872.38,897.77,296358.274,-0.037543284126116294
2025-11-20,897.78,917.0,865.57,866.51,301802.981,-0.034819608585717976
2025-11-21,866.51,877.33,790.79,830.46,654486.049,-0.04160367451039226
2025-11-22,830.47,842.93,813.77,833.78,167225.62,0.003997784360474821
2025-11-23,833.78,855.46,833.28,843.6,167524.177,0.011777687159682415
2025-11-24,843.6,876.3,830.01,864.92,248464.802,0.025272641062114687
2025-11-25,864.9,867.66,837.47,862.57,158750.859,-0.0027170142903388816
2025-11-26,862.58,897.25,851.72,891.78,159649.392,0.033863918290689465
2025-11-27,891.77,904.86,883.8,895.74,141249.084,0.004440557088071007
2025-11-28,895.75,906.5,876.15,887.19,174843.677,-0.00954518052113329
2025-11-29,887.2,889.0,868.25,872.9,80059.932,-0.016107034569821654
2025-11-30,872.9,899.75,869.56,875.31,106230.587,0.0027609119028524365
2025-12-01,875.3,877.12,801.7,826.61,342746.385,-0.055637431310050056
2025-12-02,826.6,885.0,820.46,876.61,233149.68,0.06048801732376807
2025-12-03,876.6,922.63,873.6,920.76,227309.929,0.05036447222824281
2025-12-04,920.77,928.24,886.79,899.92,165779.563,-0.02263347669316651
2025-12-05,899.92,907.92,870.18,883.57,137493.999,-0.018168281625033256
2025-12-06,883.57,897.9,878.01,890.38,81289.981,0.00770736896906854
2025-12-07,890.38,906.0,870.23,894.37,131888.814,0.004481232732092
2025-12-08,894.38,913.29,888.93,897.12,121354.06,0.003074790075695777
2025-12-09,897.13,928.0,881.78,897.3,209645.573,0.00020064205457459572
2025-12-10,897.3,915.0,884.27,893.43,186333.021,-0.004312938816449341
2025-12-11,893.43,894.7,859.54,885.91,182476.864,-0.008416999653022561
2025-12-12,885.92,896.07,870.58,881.58,110640.466,-0.004887629668927862
2025-12-13,881.59,904.22,880.32,896.82,92401.054,0.01728714353773908
2025-12-14,896.82,899.5,870.11,877.27,110914.028,-0.021799246225552626
2025-12-15,877.27,895.42,840.75,858.6,210867.871,-0.02128193144641899
2025-12-16,858.61,878.44,847.0,875.63,240835.336,0.019834614488702496
2025-12-17,875.64,876.16,833.39,843.07,378073.209,-0.037184655619382556
2025-12-18,843.07,853.49,818.39,830.07,432024.878,-0.015419834651926867
2025-12-19,830.08,862.33,822.38,856.17,1227346.957,0.03144313130217924
2025-12-20,856.17,859.7,850.9,854.17,57015.132,-0.002335984675940539
2025-12-21,854.17,859.91,845.5,858.64,69986.817,0.0052331503096574306
2025-12-22,858.63,871.0,850.85,858.66,147275.988,2.3292648839934316e-05
2025-12-23,858.67,861.46,838.24,844.3,103894.874,-0.016723732327114327
2025-12-24,844.3,850.0,835.21,846.58,84917.781,0.002700461921118169
2025-12-25,846.57,847.99,826.81,829.64,72777.087,-0.020009922275508574
2025-12-26,829.63,847.16,821.21,834.72,120232.786,0.006123137746492535
2025-12-27,834.72,846.54,834.0,845.04,89882.366,0.012363427257044313
2025-12-28,845.05,867.22,839.2,859.32,91601.986,0.016898608349900757
2025-12-29,859.32,872.12,846.0,852.46,127151.447,-0.007983056370153174
2025-12-30,852.46,864.05,848.7,861.65,73233.047,0.010780564483964028
2025-12-31,861.66,877.29,857.69,864.3,149994.618,0.0030754946904194558
2026-01-01,864.31,874.51,856.14,864.39,80713.662,0.0001041305102396084
2026-01-02,864.4,891.14,859.64,881.25,129071.742,0.019505084510464066
2026-01-03,881.25,884.24,868.65,878.63,79965.205,-0.0029730496453900246
2026-01-04,878.64,902.85,878.47,895.43,118687.107,0.01912067650774496
2026-01-05,895.43,916.55,890.59,910.31,140352.785,0.016617714394201677
2026-01-06,910.31,923.93,891.66,917.64,166897.189,0.008052201997121866
2026-01-07,917.64,920.27,892.64,900.3,148651.79,-0.018896299202301625
2026-01-08,900.31,905.0,875.1,892.26,134522.755,-0.008930356547817375
2026-01-09,892.27,901.06,885.28,896.86,81581.367,0.005155447963598014
2026-01-10,896.87,915.91,896.81,907.93,124912.493,0.012343063577369806
2026-01-11,907.93,917.33,898.75,904.32,98621.081,-0.003976077450904669
2026-01-12,904.32,910.81,894.0,905.78,108522.173,0.0016144727530076342
2026-01-13,905.79,952.96,902.25,943.73,311914.997,0.04189759102651869
2026-01-14,943.73,954.68,928.5,948.47,183208.698,0.005022622995983994
2026-01-15,948.48,948.85,924.05,931.2,131201.468,-0.01820827227007704
2026-01-16,931.21,939.43,923.69,938.16,77470.383,0.007474226804123685
2026-01-17,938.17,959.52,935.5,947.12,86187.331,0.009550609704101598
2026-01-18,947.11,953.33,931.7,932.51,76848.25,-0.015425711631049888
2026-01-19,932.51,932.51,901.0,923.6,209440.56,-0.009554857320564936
2026-01-20,923.6,933.13,884.0,884.2,163760.229,-0.04265915980944124
2026-01-21,884.19,893.69,864.54,883.36,201618.221,-0.0009500113096584384
2026-01-22,883.35,897.58,878.18,888.06,98786.472,0.005320594095272524
2026-01-23,888.06,904.99,883.1,891.63,96135.61,0.00401999864873992
2026-01-24,891.62,894.24,886.53,887.17,51272.563,-0.0050020748516761415
2026-01-25,887.18,887.75,856.0,866.02,120780.226,-0.023839850310537924
2026-01-26,866.02,881.44,864.91,879.41,102700.704,0.015461536685065003
2026-01-27,879.41,901.22,876.2,898.36,138529.639,0.021548538224491542
2026-01-28,898.35,909.43,894.41,902.91,110273.24,0.005064784718820992
2026-01-29,902.92,906.67,852.81,868.69,270228.686,-0.03789967992380183
2026-01-30,868.69,869.77,831.83,858.81,295951.354,-0.011373447374782852
2026-01-31,858.81,860.85,750.0,781.38,407306.151,-0.09015963950117012
2026-02-01,781.39,789.72,739.63,758.54,259125.52,-0.0292303360720777
2026-02-02,758.54,781.58,728.44,773.94,306663.484,0.020302159411501153
2026-02-03,773.94,783.57,736.08,754.78,243948.823,-0.024756441067783186
2026-02-04,754.78,765.33,687.3,697.27,424472.167,-0.07619438776862131
2026-02-05,697.27,703.0,602.17,608.3,799178.67,-0.1275976307599639
2026-02-06,608.3,669.65,570.06,657.21,593322.593,0.0804044057208615
2026-02-07,657.21,663.88,630.83,647.0,217520.601,-0.015535369212276162
2026-02-08,647.01,653.0,632.3,639.93,124172.092,-0.010927357032457619
2026-02-09,639.93,646.15,616.01,636.39,148751.241,-0.005531855046645662
2026-02-10,636.38,642.0,613.8,619.85,153549.27,-0.025990351828281355
2026-02-11,619.85,624.14,587.14,608.11,236351.539,-0.018940066145035073
2026-02-12,608.11,620.87,600.6,614.29,121298.457,0.010162635049579816
2026-02-13,614.29,622.81,592.49,618.94,211419.814,0.007569714629898083
2026-02-14,618.93,637.24,615.7,632.77,113845.924,0.02234465376288486
2026-02-15,632.77,642.49,608.82,615.16,132426.591,-0.027830017225848325
2026-02-16,615.17,631.24,604.49,627.19,105660.883,0.019555887899083357
2026-02-17,627.19,631.86,609.3,617.74,91934.084,-0.01506720451537824
2026-02-18,617.76,626.57,601.3,604.8,97256.01,-0.020947324116942445
2026-02-19,604.8,614.8,596.0,607.83,109354.363,0.005009920634920784
2026-02-20,607.82,629.74,601.23,625.91,159590.806,0.029745159008275124
2026-02-21,625.9,634.8,624.0,625.61,81656.565,-0.00047930213608982086
2026-02-22,625.61,626.87,610.02,614.8,68568.879,-0.017279135563689985
2026-02-23,614.8,616.0,583.13,596.41,245062.961,-0.029912166558230258
2026-02-24,596.4,602.9,577.06,583.6,168285.85,-0.021478513103401986
2026-02-25,583.61,640.55,581.51,629.42,221645.31,0.0785126799177518
2026-02-26,629.42,633.83,614.2,625.74,126675.344,-0.00584665247370586
2026-02-27,625.74,633.65,605.25,614.03,128167.72,-0.018713842810112902
2026-02-28,614.03,621.49,588.64,617.14,172105.1,0.005064899109163967
2026-03-01,617.14,632.16,610.89,617.96,169960.927,0.0013287098551382215
2026-03-02,617.96,652.87,612.96,637.79,202581.15,0.03208945562819587
2026-03-03,637.79,643.29,621.0,633.56,150191.056,-0.006632277081798144
2026-03-04,633.57,666.16,626.2,657.99,199919.683,0.038559883831050135
2026-03-05,658.0,665.42,646.14,647.85,128037.624,-0.01541056854967393
2026-03-06,647.85,651.62,624.77,627.31,115031.736,-0.031704869954464865
2026-03-07,627.31,630.19,617.8,620.26,63118.814,-0.011238462642074842
2026-03-08,620.27,624.27,607.86,611.98,81939.554,-0.013349240641021498
2026-03-09,611.99,643.0,611.01,634.64,121341.376,0.0370273538350927
2026-03-10,634.64,652.36,634.38,642.0,100783.446,0.011597125929661
2026-03-11,642.01,656.29,635.02,651.46,120145.814,0.01473520249221183
2026-03-12,651.47,657.7,641.63,651.72,101534.056,0.00039910355202166237
2026-03-13,651.72,679.0,650.34,655.73,231981.0,0.00615294911925357
2026-03-14,655.72,658.27,650.11,657.7,55240.265,0.0030042853003522385
2026-03-15,657.7,679.0,654.46,673.77,92999.094,0.024433632355177037
2026-03-16,673.77,687.82,670.13,679.71,226915.256,0.008816064829244574
2026-03-17,679.7,686.53,663.4,668.61,147117.033,-0.01633049388709895
2026-03-18,668.62,676.47,644.43,652.27,144505.186,-0.0244387610116511
2026-03-19,652.28,656.4,633.32,639.15,117679.658,-0.020114369816180422
2026-03-20,639.16,647.65,636.38,642.11,96688.002,0.004631150747085977
2026-03-21,642.11,646.38,627.76,630.7,54236.699,-0.01776954104436934
2026-03-22,630.7,637.7,622.16,626.41,102353.579,-0.006801966069446719
2026-03-23,626.41,650.85,620.33,639.11,257556.874,0.020274261266582716
2026-03-24,639.12,640.17,626.99,638.3,101174.299,-0.0012673874606876634
2026-03-25,638.31,652.8,637.5,647.66,117518.94,0.014663951120162944
2026-03-26,647.67,648.47,623.01,628.86,94718.073,-0.029027576197387495
2026-03-27,628.86,631.87,605.86,613.95,131734.63,-0.023709569697547894
2026-03-28,613.95,619.0,609.9,611.08,70087.882,-0.004674647772619944
2026-03-29,611.08,615.3,596.42,606.09,83411.719,-0.008165870262486052
2026-03-30,606.09,621.4,605.09,609.29,122880.083,0.005279743932419256
2026-03-31,609.29,619.77,598.82,617.43,139130.615,0.013359812240476554
2026-04-01,617.42,621.9,609.58,610.81,126557.565,-0.010721863207165172
2026-04-02,610.81,613.6,570.31,583.52,297618.319,-0.044678377891651966
2026-04-03,583.52,590.31,581.93,588.31,76506.375,0.008208801754866935
2026-04-04,588.32,596.58,587.1,593.36,59665.434,0.008583909843449922
2026-04-05,593.36,604.06,587.13,601.5,78031.95,0.013718484562491584
2026-04-06,601.5,610.29,596.25,600.11,104959.549,-0.0023108894430590166
2026-04-07,600.1,624.85,592.2,620.1,163526.892,0.03331055973071595
2026-04-08,620.11,621.46,599.45,601.16,162114.686,-0.030543460732140093
2026-04-09,601.15,612.1,596.94,603.03,107305.176,0.0031106527380397875
2026-04-10,603.03,610.34,597.4,605.54,104265.932,0.004162313649403782
2026-04-11,605.54,614.12,603.4,607.05,94267.47,0.0024936420385111013
2026-04-12,607.06,607.44,589.1,592.19,103774.251,-0.024479037970512985
2026-04-13,592.19,617.97,591.6,614.71,138504.5,0.0380283355004305
2026-04-14,614.71,625.38,610.86,613.75,173382.031,-0.0015617120268094364
2026-04-15,613.75,627.64,610.45,622.59,114943.22,0.014403258655804496
2026-04-16,622.58,637.4,614.89,635.77,131546.701,0.021169630093641034
2026-04-17,635.77,645.67,626.66,643.12,153486.838,0.011560784560454396
2026-04-18,643.12,648.79,628.03,629.9,119665.359,-0.020556039308371687
2026-04-19,629.9,630.43,615.0,616.06,100590.742,-0.021971741546277235
2026-04-20,616.07,632.08,615.97,629.26,92147.711,0.021426484433334503
2026-04-21,629.26,640.7,625.0,631.72,105373.239,0.003909353844198105
2026-04-22,631.73,654.19,631.19,637.47,134986.339,0.009102133856772054
2026-04-23,637.47,640.38,631.0,638.54,98409.256,0.0016785103612717567
2026-04-24,638.55,640.49,632.04,636.21,70625.818,-0.003648949165283244
2026-04-25,636.21,638.5,627.15,628.53,58918.337,-0.012071485830150497
2026-04-26,628.52,638.06,627.0,635.76,54446.34,0.011503030881580889
2026-04-27,635.77,639.81,618.38,626.83,103945.488,-0.014046180948785625
2026-04-28,626.83,627.58,619.0,624.55,62347.742,-0.003637349839669568
2026-04-29,624.56,629.61,610.26,617.39,101813.172,-0.011464254263069407
2026-04-30,617.39,620.53,613.47,615.38,78612.445,-0.0032556406809309824
2026-05-01,615.38,622.84,613.79,615.34,88053.74,-6.500048750357479e-05
2026-05-02,615.34,621.81,614.15,618.03,51973.994,0.0043715669386028555
2026-05-03,618.03,622.27,615.09,617.27,72850.13,-0.0012297137679400105
2026-05-04,617.28,639.0,615.61,622.63,206649.001,0.008683396244755226
2026-05-05,622.64,635.0,622.58,630.42,147021.795,0.012511443393347532
2026-05-06,630.41,664.26,628.97,647.74,241695.256,0.027473747660289982
2026-05-07,647.74,653.49,633.68,637.02,144173.809,-0.016549850248556597
2026-05-08,637.02,651.53,634.76,649.36,107752.676,0.019371448306175765
2026-05-09,649.37,656.0,646.23,649.75,98352.892,0.0006005913514846029
2026-05-10,649.76,666.66,644.84,663.55,119277.217,0.02123893805309729
2026-05-11,663.56,673.0,649.46,670.6,183665.245,0.010624670333810649
2026-05-12,670.6,671.47,650.49,664.95,161617.089,-0.008425290784372153
2026-05-13,664.95,685.68,663.77,671.68,226062.768,0.010121061733964876
2026-05-14,671.68,687.66,665.42,678.27,159800.03,0.009811219628394596
2026-05-15,678.28,689.98,669.16,672.38,166504.371,-0.008683857460893174
2026-05-16,672.37,674.92,650.7,656.2,129778.336,-0.0240637734614354
2026-05-17,656.2,657.6,640.01,649.48,95811.952,-0.010240780249923809
2026-05-18,649.48,649.7,634.3,643.53,126181.22,-0.009161175093921337
2026-05-19,643.53,647.19,636.1,640.02,80953.937,-0.0054542911752365475
2026-05-20,640.03,651.77,637.52,649.5,82942.653,0.014812037123839827
2026-05-21,649.5,659.82,646.33,658.58,103055.678,0.013979984603541329
2026-05-22,658.58,664.2,648.31,650.44,123907.62,-0.01235992590118129
2026-05-23,650.45,663.93,635.29,656.26,113009.638,0.008947789188856747
2026-05-24,656.26,662.6,649.68,656.57,73668.177,0.0004723737543048667
2026-05-25,656.58,673.07,655.76,663.15,114244.753,0.010021779855917679
2026-05-26,663.15,668.01,653.45,656.43,122333.282,-0.01013345396969012
2026-05-27,656.43,659.9,646.57,648.84,101737.594,-0.011562542845390822
2026-05-28,648.83,649.38,628.22,638.24,145257.685,-0.01633684729671414
2026-05-29,638.23,645.0,630.86,643.1,115255.263,0.00761469039859608
2026-05-30,643.11,729.0,642.66,718.74,566380.966,0.11761778883532892
2026-05-31,718.74,745.74,703.0,710.55,380165.732,-0.011394941147007343
2026-06-01,710.54,729.57,674.07,693.1,533342.526,-0.024558440644571022
2026-06-02,693.1,695.51,642.47,650.69,310137.34,-0.06118886163612747
2026-06-03,650.7,657.51,616.21,620.63,300913.443,-0.046197113833008174
2026-06-04,620.63,624.57,588.1,604.53,401431.765,-0.025941382143950587
2026-06-05,604.5,608.0,556.46,572.22,534838.035,-0.05344647908292388
2026-06-06,572.17,584.43,559.68,574.53,226190.523,0.0040369088811993414
2026-06-07,574.54,610.54,573.6,604.44,192844.362,0.05205994465040997
2026-06-08,604.44,610.44,591.55,601.86,121475.506,-0.0042684137383364185
2026-06-09,601.86,605.68,583.84,593.44,134636.725,-0.013989964443558267
2026-06-10,593.44,598.52,580.68,586.53,114846.002,-0.01164397411701279
2026-06-11,586.51,607.33,586.51,605.76,115805.929,0.0327860467495269
2026-06-12,605.77,613.39,596.58,603.83,105336.327,-0.0031860802958266765
2026-06-13,603.84,612.33,599.33,609.65,73491.153,0.009638474405047726
2026-06-14,609.66,617.24,602.79,616.79,122027.611,0.011711637824981525
2026-06-15,616.79,632.9,612.66,617.87,170537.642,0.0017510011511212564
2026-06-16,617.87,619.5,601.33,604.94,192189.417,-0.020926732160486794
2026-06-17,604.94,612.5,595.11,601.63,169384.189,-0.005471617019869868
2026-06-18,601.63,604.31,573.0,578.48,151568.812,-0.038478799262004815
2026-06-19,578.48,583.29,570.82,581.42,94343.191,0.005082284607937915
2026-06-20,581.41,589.43,580.12,588.03,84540.17,0.011368717966358188
2026-06-21,588.03,592.56,583.6,584.23,63361.252,-0.00646225532710909
2026-06-22,584.23,602.31,584.07,590.15,105431.63,0.010132995566814351
2026-06-23,590.14,592.83,570.57,578.08,108854.882,-0.020452427348979008
2026-06-24,578.09,582.21,546.6,564.67,160907.998,-0.023197481317464796
2026-06-25,564.66,572.72,540.6,560.62,156267.916,-0.007172330741849087
2026-06-26,560.63,570.34,550.37,567.64,186203.407,0.01252185080803403
2026-06-27,567.65,568.66,554.53,557.2,81411.91,-0.01839193855260368
2026-06-28,557.19,558.89,545.62,551.07,76867.857,-0.011001435750179422
2026-06-29,551.07,563.16,546.17,559.52,105794.124,0.015333805142722312
2026-06-30,559.51,560.4,543.68,546.52,106315.52,-0.02323420074349447
2026-07-01,546.52,559.55,537.25,550.44,162073.172,0.007172656078460182
2026-07-02,550.45,567.17,546.21,558.96,152316.814,0.0154785262698931
2026-07-03,558.95,575.21,556.99,573.81,104658.991,0.026567196221554124
2026-07-04,573.81,578.82,568.7,575.37,96714.134,0.0027186699430126193
2026-07-05,575.38,593.47,568.19,589.87,132836.834,0.02520117489615381
2026-07-06,589.88,593.1,570.12,586.01,140805.495,-0.006543814738840803
2026-07-07,586.02,587.92,575.28,576.82,93068.489,-0.01568232624016641
2026-07-08,576.83,579.0,560.4,568.66,99416.988,-0.014146527512915785
2026-07-09,568.66,577.15,565.48,568.72,85621.609,0.00010551120177271223
2026-07-10,568.73,578.31,568.02,575.43,87506.374,0.011798424532282858
2026-07-11,575.44,583.01,573.06,574.65,65716.339,-0.0013555080548458553
2026-07-12,574.65,584.63,570.13,573.91,81716.052,-0.0012877403636996076
2026-07-13,573.91,579.89,562.37,567.49,76725.123,-0.011186422958303521
2026-07-14,567.5,584.64,566.74,581.87,123235.186,0.025339653562177267
2026-07-15,581.88,585.3,575.8,580.55,112895.857,-0.0022685479574475753
2026-07-16,580.56,585.87,571.69,572.45,86349.243,-0.01395228662475223
2026-07-17,572.45,574.84,555.59,568.09,142665.191,-0.0076163857105424615
2026-07-18,568.09,572.75,566.25,570.65,62539.543,0.004506328222640743
2026-07-19,570.66,572.61,566.33,571.06,55097.203,0.0007184789275387349
2026-07-20,571.06,575.91,562.97,571.27,102746.807,0.00036773719048799336
2026-07-21,571.28,579.79,570.75,573.95,102980.464,0.004691301836259765
2026-07-22,573.96,575.63,566.89,571.08,84883.996,-0.005000435578011997
2026-07-23,571.09,572.24,563.71,567.41,70606.245,-0.006426420116271037
2026-07-24,567.41,571.31,556.0,564.9,92488.873,-0.004423609030506981
2026-07-25,564.91,570.0,563.9,568.94,53397.275,0.0071517082669501075
2026-07-26,568.94,576.57,568.94,575.32,65829.015,0.011213836256898757
2026-07-27,575.31,577.2,565.4,566.28,80438.84,-0.01571299450740471
2026-07-28,566.28,575.66,562.03,571.29,85096.072,0.00884721339266803
2026-07-29,571.29,573.56,565.27,571.99,73479.164,0.0012252971345552144
2026-07-30,571.99,596.0,571.05,591.99,143197.779,0.03496564625255694
2026-07-31,591.99,595.5,583.99,587.01,118480.803,-0.00841230426189632
2026-08-01,587.01,592.8,573.5,575.13,105246.302,-0.020238156079112835
2026-08-02,575.14,590.99,574.03,588.46,77728.453,0.023177368594926362
2026-08-03,588.46,594.32,581.03,589.35,86837.856,0.0015124222546987198
2026-08-04,589.35,594.96,588.0,593.18,72215.24,0.0064986849919401735
2026-08-05,593.19,605.5,591.79,593.85,134610.256,0.0011295053777944375
2026-08-06,593.86,598.32,589.95,592.39,75644.298,-0.0024585332996548415
2026-08-07,592.4,594.68,585.3,592.57,93501.749,0.00030385388004527947
2026-08-08,592.57,612.0,590.65,600.66,103985.027,0.01365239549757824
2026-08-09,600.66,611.55,600.21,602.23,84429.789,0.002613791496021145
2026-08-10,602.22,606.84,597.32,599.23,88229.74,-0.004981485478969816
2026-08-11,599.24,617.73,598.46,616.69,142486.98,0.029137392987667488
2026-08-12,616.69,620.55,608.83,610.44,105546.461,-0.010134751658045338
2026-08-13,610.44,614.99,605.0,610.71,72494.102,0.0004423039119323402
2026-08-14,610.71,612.9,602.98,607.96,63640.088,-0.00450295557629643
2026-08-15,607.97,612.85,606.97,607.76,60763.283,-0.00032896901111922894
2026-08-16,607.76,608.54,601.5,602.98,80369.888,-0.007864946689482677
2026-08-17,602.99,608.0,601.01,605.8,79044.355,0.004676772032239818
2026-08-18,605.81,606.0,600.0,603.94,75872.892,-0.00307032023770204
2026-08-19,603.95,636.59,601.39,627.51,226890.368,0.03902705566778142
2026-08-20,627.51,658.3,622.28,654.8,263411.368,0.04348934678331817
2026-08-21,654.8,692.0,653.24,687.0,355316.535,0.04917532070861341
2026-08-22,687.0,726.08,681.8,695.28,404464.119,0.01205240174672495
2026-08-23,695.28,707.27,676.98,702.37,166582.503,0.0101973305718559
2026-08-24,702.37,716.84,692.94,704.31,181212.211,0.0027620769679796986
2026-08-25,704.31,719.18,688.0,694.41,174433.512,-0.014056310431486141
2026-08-26,694.42,708.39,691.4,707.52,138005.94,0.0188793364150861
2026-08-27,707.52,715.79,701.05,711.85,121214.221,0.006119968340117632
2026-08-28,711.84,719.99,685.39,691.47,146682.795,-0.02862962702816607
2026-08-29,691.47,694.36,686.97,692.58,63792.521,0.0016052757169509047
2026-08-30,692.58,704.04,679.09,684.74,96176.877,-0.01131999191429156
2026-08-31,684.73,694.73,682.29,691.44,92007.395,0.009784735812133238
2026-09-01,691.44,694.83,674.6,683.0,89663.098,-0.012206409811408192
2026-09-02,683.0,689.72,679.74,688.84,101320.359,0.008550512445095304
2026-09-03,688.82,728.0,686.24,725.22,166630.583,0.05281342546890433
2026-09-04,725.22,729.9,708.88,721.37,150385.077,-0.005308733901436824
2026-09-05,721.38,780.64,719.49,766.53,337494.469,0.06260310243009815
2026-09-06,766.52,769.0,740.24,753.0,176811.28,-0.017650972564674516
2026-09-07,753.01,756.43,733.0,739.98,120508.205,-0.017290836653386377
2026-09-08,739.98,761.39,737.01,752.02,185679.525,0.01627071001918967
2026-09-09,752.03,757.78,717.61,722.64,176050.225,-0.039068109890694425
2026-09-10,722.64,726.36,703.62,708.72,176572.629,-0.019262703420790395
2026-09-11,708.72,741.61,706.5,726.75,167042.961,0.025440230274297315
2026-09-12,726.76,739.89,725.06,727.59,83502.756,0.0011558307533541257
2026-09-13,727.6,729.92,713.1,716.41,75153.133,-0.015365796671202303
2026-09-14,716.41,733.75,713.9,720.42,150914.224,0.005597353470777833
2026-09-15,720.43,725.32,707.04,712.06,131458.672,-0.011604341911662708
2026-09-16,712.07,726.77,704.29,725.92,125969.199,0.01946465185518087
2026-09-17,725.92,739.49,720.89,738.36,128358.555,0.0171368745867313
2026-09-18,738.36,768.92,735.22,761.31,226366.59,0.031082398829838986
2026-09-19,761.32,773.76,757.06,762.02,114202.512,0.0009326030132272844
2026-09-20,762.03,777.98,745.9,772.56,120599.322,0.013831657961733246
2026-09-21,772.56,807.49,766.01,799.41,291148.647,0.034754582168375237
2026-09-22,799.41,802.37,780.12,788.38,188677.606,-0.013797675785892083
2026-09-23,788.39,799.0,756.83,767.38,202954.604,-0.0266369009868338
2026-09-24,767.39,786.29,763.04,776.69,127430.118,0.012132190049258584
2026-09-25,776.7,790.29,768.58,777.13,131869.691,0.0005665065856390594
2026-09-26,777.14,778.08,766.82,773.59,62074.163,-0.004555222420959071
2026-09-27,773.59,783.23,770.85,778.9,64692.328,0.006864101138846168
2026-09-28,778.9,784.55,756.2,763.96,133702.165,-0.01918089613557572
2026-09-29,763.96,769.33,750.47,758.66,129784.654,-0.006937535996649147
2026-09-30,758.67,779.42,756.17,769.27,120162.171,0.013985184404080808
2026-10-01,769.28,774.48,763.02,771.75,92440.001,0.003223835584385215
2026-10-02,771.75,784.46,760.35,768.25,143859.73,-0.0045351473922902175
2026-10-03,768.25,792.82,764.83,786.88,99408.693,0.024249918646273905
2026-10-04,786.88,795.12,782.15,789.42,55765.201,0.003227938186254553
