Date,Open,High,Low,Close,Volume,Return
2021-01-01,28923.63,29600.0,28624.57,29331.69,54182.925011,
2021-01-02,29331.7,33300.0,28946.53,32178.33,129993.873362,0.09704998245924479
2021-01-03,32176.45,34778.11,31962.99,33000.05,120957.56675,0.025536440206810118
2021-01-04,33000.05,33600.0,28130.0,31988.71,140899.88569,-0.03064662023239373
2021-01-05,31989.75,34360.0,29900.0,33949.53,116049.997038,0.061297251436522426
2021-01-06,33949.53,36939.21,33288.0,36769.36,127139.20131,0.08305947092640165
2021-01-07,36769.36,40365.0,36300.0,39432.28,132825.700437,0.0724222559217782
2021-01-08,39432.48,41950.0,36500.0,40582.81,139789.957499,0.029177364331963496
2021-01-09,40586.96,41380.0,38720.0,40088.22,75785.979675,-0.012187179744330034
2021-01-10,40088.22,41350.0,35111.11,38150.02,118209.544503,-0.04834836767509265
2021-01-11,38150.02,38264.74,30420.0,35404.47,251156.138287,-0.07196719687171849
2021-01-12,35410.37,36628.0,32531.0,34051.24,133948.151996,-0.03822200981966406
2021-01-13,34049.15,37850.0,32380.0,37371.38,124477.914938,0.09750423185763579
2021-01-14,37371.38,40100.0,36701.23,39144.5,102950.389421,0.04744593322483692
2021-01-15,39145.21,39747.76,34408.0,36742.22,118300.920916,-0.06136954105940806
2021-01-16,36737.43,37950.0,35357.8,35994.98,86348.431508,-0.020337366658846334
2021-01-17,35994.98,36852.5,33850.0,35828.61,80157.727384,-0.004622033405769388
2021-01-18,35824.99,37469.83,34800.0,36631.27,70698.11875,0.02240276695076915
2021-01-19,36622.46,37850.0,35844.06,35891.49,79611.307769,-0.02019531400358221
2021-01-20,35901.94,36415.31,33400.0,35468.23,89368.422918,-0.011792767589197228
2021-01-21,35468.23,35600.0,30071.0,30850.13,135004.076658,-0.13020384721763678
2021-01-22,30851.99,33826.53,28850.0,32945.17,142971.684049,0.06791024867642359
2021-01-23,32950.0,33456.0,31390.16,32078.0,64595.287675,-0.026321612545936124
2021-01-24,32078.0,33071.0,30900.0,32259.9,57978.037966,0.005670553026996705
2021-01-25,32259.45,34875.0,31910.0,32254.2,88499.226921,-0.00017668994634212343
2021-01-26,32254.19,32921.88,30837.37,32467.77,84972.20691,0.0066214632512975324
2021-01-27,32464.01,32557.29,29241.72,30366.15,95911.961711,-0.06472942243954538
2021-01-28,30362.19,33783.98,29842.1,33364.86,92621.145617,0.09875173507342883
2021-01-29,33368.18,38531.9,31915.4,34252.2,231827.005626,0.0265950464051099
2021-01-30,34246.28,34933.0,32825.0,34262.88,84889.68134,0.00031180478918146903
2021-01-31,34262.89,34342.69,32171.67,33092.98,68742.280384,-0.03414482378597461
2021-02-01,33092.97,34717.27,32296.16,33526.37,82718.276882,0.013096130961913977
2021-02-02,33517.09,35984.33,33418.0,35466.24,78056.65988,0.057861021041049066
2021-02-03,35472.71,37662.63,35362.38,37618.87,80784.333663,0.06069518505485805
2021-02-04,37620.26,38708.27,36161.95,36936.66,92080.735898,-0.018134781826248392
2021-02-05,36936.65,38310.12,36570.0,38290.24,66681.334275,0.03664597719447271
2021-02-06,38289.32,40955.51,38215.94,39186.94,98757.311183,0.023418500380253615
2021-02-07,39181.01,39700.0,37351.0,38795.69,84363.679763,-0.009984193713517775
2021-02-08,38795.69,46794.45,37988.89,46374.87,138597.536914,0.1953613919484356
2021-02-09,46374.86,48142.19,44961.09,46420.42,115499.861712,0.0009822129959609072
2021-02-10,46420.42,47310.0,43727.0,44807.58,97154.1822,-0.03474419231881132
2021-02-11,44807.58,48678.9,43994.02,47969.51,89561.081454,0.07056685498301851
2021-02-12,47968.66,48985.8,46125.0,47287.6,85870.035697,-0.014215488129855847
2021-02-13,47298.15,48150.0,46202.53,47153.69,63768.097399,-0.0028318206041328953
2021-02-14,47156.78,49707.43,47014.17,48577.79,73735.475533,0.03020124193885998
2021-02-15,48580.47,49010.92,45570.79,47911.1,79398.156784,-0.013724173125208128
2021-02-16,47911.1,50689.18,47003.62,49133.45,88813.266298,0.025512876974229215
2021-02-17,49133.45,52618.74,48947.0,52119.71,85743.637818,0.060778553103842725
2021-02-18,52117.67,52530.0,50901.9,51552.6,60758.046954,-0.01088091242257494
2021-02-19,51552.61,56368.0,50710.2,55906.0,79659.77802,0.08444578934913083
2021-02-20,55906.0,57700.46,53863.93,55841.19,80948.205314,-0.0011592673416090937
2021-02-21,55841.19,58352.8,55477.59,57408.57,58166.708511,0.02806852790923675
2021-02-22,57412.35,57508.47,47622.0,54087.67,134019.434944,-0.05784676399359889
2021-02-23,54087.67,54183.59,44892.56,48891.0,169375.025051,-0.09607864417158285
2021-02-24,48891.0,51374.99,46988.69,49676.2,91881.209252,0.016060215581599868
2021-02-25,49676.21,52041.73,46674.34,47073.73,83310.673121,-0.05238866902057715
2021-02-26,47073.73,48424.11,44106.78,46276.87,109423.200663,-0.016927912871998907
2021-02-27,46276.88,48394.0,45000.0,46106.43,66060.834292,-0.0036830494370082567
2021-02-28,46103.67,46638.46,43000.0,45135.66,83055.369042,-0.021054980834560366
2021-03-01,45134.11,49790.0,44950.53,49587.03,85086.111648,0.09862202081458427
2021-03-02,49595.76,50200.0,47047.6,48440.65,64221.06214,-0.02311854531315949
2021-03-03,48436.61,52640.0,48100.71,50349.37,81035.913705,0.03940326977445596
2021-03-04,50349.37,51773.88,47500.0,48374.09,82649.716829,-0.0392314739985824
2021-03-05,48374.09,49448.93,46300.0,48751.71,78192.496372,0.007806245037374371
2021-03-06,48746.81,49200.0,47070.0,48882.2,44399.234242,0.0026766240609816805
2021-03-07,48882.2,51450.03,48882.2,50971.75,55235.028032,0.04274664397265271
2021-03-08,50959.11,52402.78,49274.67,52375.17,66987.359664,0.027533290499148988
2021-03-09,52375.18,54895.0,51789.41,54884.5,71656.737076,0.04791067981259056
2021-03-10,54874.67,57387.69,53005.0,55851.59,84749.238943,0.017620457506217546
2021-03-11,55851.59,58150.0,54272.82,57773.16,81914.812859,0.034404929206133694
2021-03-12,57773.15,58081.51,54962.84,57221.72,73405.406047,-0.009544916705265916
2021-03-13,57221.72,61844.0,56078.23,61188.39,83245.091346,0.06932105501197783
2021-03-14,61188.38,61724.79,58966.78,58968.31,52601.05275,-0.03628270003508838
2021-03-15,58976.08,60633.43,54600.0,55605.2,102771.427298,-0.05703249762457163
2021-03-16,55605.2,56938.29,53271.34,56900.75,77986.694355,0.023299079942163736
2021-03-17,56900.74,58974.73,54123.69,58912.97,70421.620841,0.03536368149804714
2021-03-18,58912.97,60129.97,57023.0,57648.16,66580.406675,-0.021469126407987926
2021-03-19,57641.0,59468.0,56270.74,58030.01,52392.652961,0.0066238020432916045
2021-03-20,58030.01,59880.0,57820.17,58102.28,44476.941776,0.0012453901007425383
2021-03-21,58100.02,58589.1,55450.11,57351.56,48564.470274,-0.012920663354346829
2021-03-22,57351.56,58430.73,53650.0,54083.25,62581.626169,-0.05698729031956584
2021-03-23,54083.25,55830.9,53000.0,54340.89,59789.365427,0.004763766970365069
2021-03-24,54342.8,57200.0,51700.0,52303.65,83537.465021,-0.03749000062383956
2021-03-25,52303.66,53287.0,50427.56,51293.78,87400.534538,-0.019307830333064713
2021-03-26,51293.78,55073.46,51214.6,55025.59,63813.774692,0.07275365551144786
2021-03-27,55025.59,56700.36,53950.0,55817.14,50105.475055,0.014385125175395697
2021-03-28,55817.14,56559.75,54691.84,55777.63,39050.387511,-0.0007078470878300047
2021-03-29,55777.65,58405.82,54800.01,57635.47,67857.937398,0.03330797669244823
2021-03-30,57635.46,59368.0,57071.35,58746.57,55122.443122,0.01927805915350378
2021-03-31,58746.57,59800.0,56769.0,58740.55,60975.542666,-0.00010247406784769097
2021-04-01,58739.46,59490.0,57935.45,58720.44,47415.61722,-0.00034235294017503914
2021-04-02,58720.45,60200.0,58428.57,58950.01,47382.418781,0.0039095415497567565
2021-04-03,58950.01,59791.72,56880.0,57051.94,47409.852113,-0.03219795891468047
2021-04-04,57051.95,58492.85,56388.0,58202.01,41314.081973,0.020158297859809826
2021-04-05,58202.01,59272.0,56777.77,59129.99,54258.01579,0.015944122891975665
2021-04-06,59129.99,59495.24,57413.02,57991.15,54201.000727,-0.019259938992041037
2021-04-07,57990.03,58655.0,55473.0,55953.45,71228.405659,-0.03513812021317053
2021-04-08,55953.44,58153.31,55700.0,58077.52,44283.147019,0.03796137682305556
2021-04-09,58077.52,58894.9,57654.0,58142.54,40831.884911,0.0011195381620978662
2021-04-10,58142.55,61500.0,57900.01,59769.13,69906.424117,0.0279759019815784
2021-04-11,59769.13,60699.0,59232.52,60002.43,41156.715391,0.0039033527842884386
2021-04-12,59998.8,61300.0,59350.59,59860.0,56375.037117,-0.002373737196976866
2021-04-13,59860.01,63777.77,59805.15,63575.0,82848.688746,0.062061476779151414
2021-04-14,63575.01,64854.0,61301.0,62959.53,82616.343993,-0.009681006685017701
2021-04-15,62959.53,63800.0,62020.0,63159.98,51649.70034,0.003183791238594136
2021-04-16,63158.74,63520.61,60000.0,61334.8,91764.139884,-0.028897729226640023
2021-04-17,61334.81,62506.05,59580.91,60006.66,58912.256128,-0.021653938710161302
2021-04-18,60006.67,60499.0,50931.3,56150.01,124882.131824,-0.06427036598937519
2021-04-19,56150.01,57526.81,54221.58,55633.14,78229.042267,-0.009205163097922964
2021-04-20,55633.14,57076.24,53329.96,56425.0,72744.482151,0.01423360248945138
2021-04-21,56425.0,56757.91,53536.02,53787.63,66984.756909,-0.0467411608329642
2021-04-22,53787.62,55521.48,50500.0,51690.96,104656.631337,-0.03898052396062068
2021-04-23,51690.95,52131.85,47500.0,51125.14,132230.780719,-0.010946208002327706
2021-04-24,51110.56,51166.22,48657.14,50047.84,55361.512573,-0.021071824937789918
2021-04-25,50047.84,50567.91,46930.0,49066.77,58255.645004,-0.019602644190038987
2021-04-26,49066.76,54356.62,48753.44,54001.39,86310.802124,0.10056948928979836
2021-04-27,54001.38,55460.0,53222.0,55011.97,54064.034675,0.0187139627331816
2021-04-28,55011.97,56428.0,53813.16,54846.22,55130.459015,-0.0030129806294884043
2021-04-29,54846.23,55195.84,52330.94,53555.0,52486.019455,-0.023542552248814963
2021-04-30,53555.0,57963.0,53013.01,57694.27,68578.910045,0.07729007562319112
2021-05-01,57697.25,58458.07,56956.14,57800.37,42600.351836,0.0018390041160067927
2021-05-02,57797.35,57911.02,56035.25,56578.21,36812.878863,-0.021144501324126486
2021-05-03,56578.21,58981.44,56435.0,57169.39,57649.931286,0.010448898966580966
2021-05-04,57169.39,57200.0,53046.69,53200.01,85324.625903,-0.06943191102791191
2021-05-05,53205.05,58069.82,52900.0,57436.11,77263.923439,0.07962592488234499
2021-05-06,57436.11,58360.0,55200.0,56393.68,70181.671908,-0.0181493837239326
2021-05-07,56393.68,58650.0,55241.63,57314.75,74542.747829,0.016332858575641707
2021-05-08,57315.49,59500.0,56900.0,58862.05,69709.906028,0.026996541030014143
2021-05-09,58866.53,59300.0,56235.66,58240.84,69806.11991,-0.010553658936445554
2021-05-10,58240.83,59500.0,53400.0,55816.14,89586.34925,-0.04163229788581346
2021-05-11,55816.14,56862.43,54370.0,56670.02,64329.54055,0.01529808403089139
2021-05-12,56670.02,58000.01,48600.0,49631.32,99842.789836,-0.12420500292747383
2021-05-13,49537.15,51367.19,46000.0,49670.97,147332.002121,0.0007988907004690127
2021-05-14,49671.92,51483.0,48799.75,49841.45,80082.204306,0.0034321858421528795
2021-05-15,49844.16,50700.0,46555.0,46762.99,89437.449359,-0.061765056995733425
2021-05-16,46762.99,49795.89,43825.39,46431.5,114269.812775,-0.007088725507072957
2021-05-17,46426.83,46686.0,42001.0,43538.04,166657.172736,-0.062316746174472026
2021-05-18,43538.02,45799.29,42250.02,42849.78,116979.860784,-0.015808244927883797
2021-05-19,42849.78,43584.9,30000.0,36690.09,354347.243161,-0.1437507963868193
2021-05-20,36671.23,42451.67,34850.0,40526.64,203017.596923,0.10456638291157105
2021-05-21,40525.39,42200.0,33488.0,37252.01,202100.888258,-0.08080191202626219
2021-05-22,37263.35,38829.0,35200.62,37449.73,126542.243689,0.005307633064632
2021-05-23,37458.51,38270.64,31111.01,34655.25,217136.046593,-0.07461949658916112
2021-05-24,34681.44,39920.0,34031.0,38796.29,161630.893971,0.1194924289970496
2021-05-25,38810.99,39791.77,36419.62,38324.72,111996.228404,-0.012155028225637077
2021-05-26,38324.72,40841.0,37800.44,39241.91,104780.773396,0.023932073084943717
2021-05-27,39241.92,40411.14,37134.27,38529.98,86547.158794,-0.018142083298188116
2021-05-28,38529.99,38877.83,34684.0,35663.49,135377.62972,-0.07439635317744797
2021-05-29,35661.79,37338.58,33632.76,34605.15,112663.092689,-0.029675727193272383
2021-05-30,34605.15,36488.0,33379.0,35641.27,73535.386967,0.029941208172771905
2021-05-31,35641.26,37499.0,34153.84,37253.81,94160.735289,0.04524361786210207
2021-06-01,37253.82,37894.81,35666.0,36693.09,81234.66377,-0.015051346426043444
2021-06-02,36694.85,38225.0,35920.0,37568.68,67587.372495,0.02386253106511349
2021-06-03,37568.68,39476.0,37170.0,39246.79,75889.106011,0.044667792427096176
2021-06-04,39246.78,39289.07,35555.15,36829.0,91317.799245,-0.06160478347401155
2021-06-05,36829.15,37925.0,34800.0,35513.2,70459.62149,-0.03572728013250437
2021-06-06,35516.07,36480.0,35222.0,35796.31,47650.206637,0.007971965353727573
2021-06-07,35796.31,36900.0,33300.0,33552.79,77574.952573,-0.06267461646186423
2021-06-08,33556.96,34068.01,31000.0,33380.81,123251.189037,-0.00512565423024447
2021-06-09,33380.8,37534.79,32396.82,37388.05,136607.597517,0.12004621817145855
2021-06-10,37388.05,38491.0,35782.0,36675.72,109527.284943,-0.0190523442650794
2021-06-11,36677.83,37680.4,35936.77,37331.98,78466.0053,0.017893581911957
2021-06-12,37331.98,37463.63,34600.36,35546.11,87717.54999,-0.047837537682169584
2021-06-13,35546.12,39380.0,34757.0,39020.57,86921.025555,0.09774515411109674
2021-06-14,39020.56,41064.05,38730.0,40516.29,108522.391949,0.03833157742185733
2021-06-15,40516.28,41330.0,39506.4,40144.04,80679.622838,-0.009187662542646469
2021-06-16,40143.8,40527.14,38116.01,38349.01,87771.976937,-0.04471473224917066
2021-06-17,38349.0,39559.88,37365.0,38092.97,79541.307119,-0.006676573919378925
2021-06-18,38092.97,38202.84,35129.29,35819.84,95228.042935,-0.05967321529405567
2021-06-19,35820.48,36457.0,34803.52,35483.72,68712.449461,-0.00938362650419422
2021-06-20,35483.72,36137.72,33336.0,35600.16,89878.17085,0.003281504870402685
2021-06-21,35600.17,35750.0,31251.23,31608.93,168778.873159,-0.11211269836989501
2021-06-22,31614.12,33298.78,28805.0,32509.56,204208.179762,0.028492897418546104
2021-06-23,32509.56,34881.0,31683.0,33678.07,126966.100563,0.0359435809035864
2021-06-24,33675.07,35298.0,32286.57,34663.09,86625.80426,0.029248113089615835
2021-06-25,34663.08,35500.0,31275.0,31584.45,116061.130356,-0.08881608650584805
2021-06-26,31576.09,32730.0,30151.0,32283.65,107820.375287,0.022137475878161617
2021-06-27,32283.65,34749.0,31973.45,34700.34,96613.244211,0.07485801636432043
2021-06-28,34702.49,35297.71,33862.72,34494.89,82222.267819,-0.0059206912670018985
2021-06-29,34494.89,36600.0,34225.43,35911.73,90788.79622,0.04107390978779768
2021-06-30,35911.72,36100.0,34017.55,35045.0,77152.197634,-0.0241350110395685
2021-07-01,35045.0,35057.57,32711.0,33504.69,71708.266112,-0.043952346982451096
2021-07-02,33502.33,33977.04,32699.0,33786.55,56172.181378,0.008412553585781524
2021-07-03,33786.54,34945.61,33316.73,34669.13,43044.578641,0.026122229111880113
2021-07-04,34669.12,35967.85,34357.15,35286.51,43703.475789,0.017807773082278322
2021-07-05,35288.13,35293.78,33125.55,33690.14,64123.874245,-0.04524023486595874
2021-07-06,33690.15,35118.88,33532.0,34220.01,58210.596349,0.01572774705002722
2021-07-07,34220.02,35059.09,33777.77,33862.12,53807.521675,-0.010458500742694055
2021-07-08,33862.11,33929.64,32077.0,32875.71,70136.48032,-0.02913019031295161
2021-07-09,32875.71,34100.0,32261.07,33815.81,47153.939899,0.028595580141082877
2021-07-10,33815.81,34262.0,33004.78,33502.87,34761.175468,-0.009254251191971874
2021-07-11,33502.87,34666.0,33306.47,34258.99,31572.647448,0.022568812761414092
2021-07-12,34259.0,34678.43,32658.34,33086.63,48181.403762,-0.03422050679252364
2021-07-13,33086.94,33340.0,32202.25,32729.77,41126.361008,-0.010785625492834905
2021-07-14,32729.12,33114.03,31550.0,32820.02,46777.823484,0.002757428481776625
2021-07-15,32820.03,33185.25,31133.0,31880.0,51639.576353,-0.02864166444749261
2021-07-16,31874.49,32249.18,31020.0,31383.87,48499.864154,-0.015562421580928465
2021-07-17,31383.86,31955.92,31164.31,31520.07,34012.242132,0.004339808952815494
2021-07-18,31520.07,32435.0,31108.97,31778.56,35923.716186,0.008200806660645155
2021-07-19,31778.57,31899.0,30407.44,30839.65,47340.468499,-0.02954539160994074
2021-07-20,30839.65,31063.07,29278.0,29790.35,61034.049017,-0.034024380951145794
2021-07-21,29790.34,32858.0,29482.61,32144.51,82796.265128,0.079024247784937
2021-07-22,32144.51,32591.35,31708.0,32287.83,46148.092433,0.004458615172544311
2021-07-23,32287.58,33650.0,31924.32,33634.09,50112.863626,0.04169558623171632
2021-07-24,33634.1,34500.0,33401.14,34258.14,47977.550138,0.018554091994164246
2021-07-25,34261.51,35398.0,33851.12,35381.02,47852.928313,0.03277702759110679
2021-07-26,35381.02,40550.0,35205.78,37237.6,152452.512724,0.05247389702162342
2021-07-27,37241.33,39542.61,36383.0,39457.87,88397.267015,0.05962441188476175
2021-07-28,39456.61,40900.0,38772.0,40019.56,101344.528441,0.014235182993912021
2021-07-29,40019.57,40640.0,39200.0,40016.48,53998.439283,-7.696236540322143e-05
2021-07-30,40018.49,42316.71,38313.23,42206.37,73602.784805,0.054724703422190046
2021-07-31,42206.36,42448.0,41000.15,41461.83,44849.791012,-0.01764046517148954
2021-08-01,41461.84,42599.0,39422.01,39845.44,53953.186326,-0.03898501344489613
2021-08-02,39850.27,40480.01,38690.0,39147.82,50837.351954,-0.017508151497385938
2021-08-03,39146.86,39780.0,37642.03,38207.05,57117.435853,-0.0240312231945482
2021-08-04,38207.04,39969.66,37508.56,39723.18,52329.35243,0.0396819435156599
2021-08-05,39723.17,41350.0,37332.7,40862.46,84343.755621,0.028680483284570846
2021-08-06,40862.46,43392.43,39853.86,42836.87,75753.941347,0.04831843212572129
2021-08-07,42836.87,44700.0,42446.41,44572.54,73396.740808,0.040518133094224584
2021-08-08,44572.54,45310.0,43261.0,43794.37,69329.092698,-0.017458506964153186
2021-08-09,43794.36,46454.15,42779.0,46253.4,74587.884845,0.056149454827184364
2021-08-10,46248.87,46700.0,44589.46,45584.99,53814.643421,-0.014451045760960346
2021-08-11,45585.0,46743.47,45341.14,45511.0,52734.901977,-0.0016231219969555788
2021-08-12,45510.67,46218.12,43770.0,44399.0,55266.108781,-0.024433653402474165
2021-08-13,44400.06,47886.0,44217.39,47800.0,48239.370431,0.07660082434289062
2021-08-14,47799.99,48144.0,45971.03,47068.51,46114.359022,-0.015303138075313805
2021-08-15,47068.5,47372.27,45500.0,46973.82,42110.711334,-0.002011748406737346
2021-08-16,46973.82,48053.83,45660.0,45901.29,52480.574014,-0.022832505425362415
2021-08-17,45901.3,47160.0,44376.0,44695.95,57039.341629,-0.026259392709878204
2021-08-18,44695.95,46000.0,44203.28,44705.29,54099.415985,0.00020896747915655212
2021-08-19,44699.37,47033.0,43927.7,46760.62,53411.75392,0.04597509601212746
2021-08-20,46760.62,49382.99,46622.99,49322.47,56850.352228,0.05478648486696702
2021-08-21,49322.47,49757.04,48222.0,48821.87,46745.136584,-0.01014953225173032
2021-08-22,48821.88,49500.0,48050.0,49239.22,37007.887795,0.008548423073512001
2021-08-23,49239.22,50500.0,49029.0,49488.85,52462.541954,0.005069739122593786
2021-08-24,49488.85,49860.0,47600.0,47674.01,51014.594748,-0.03667169473527865
2021-08-25,47674.01,49264.3,47126.28,48973.32,44655.830342,0.027254053099372122
2021-08-26,48973.32,49352.84,46250.0,46843.87,49371.277774,-0.04348183868277655
2021-08-27,46843.86,49149.93,46348.0,49069.9,42068.104965,0.047520198480612175
2021-08-28,49069.9,49299.0,48346.88,48895.35,26681.063786,-0.0035571704853688546
2021-08-29,48895.35,49632.27,47762.54,48767.83,32652.283473,-0.0026080189629483774
2021-08-30,48767.84,48888.61,46853.0,46982.91,40288.35083,-0.036600357243699366
2021-08-31,46982.91,48246.11,46700.0,47100.89,48645.52737,0.0025111258540604364
2021-09-01,47100.89,49156.0,46512.0,48810.52,49904.65528,0.036297190987261585
2021-09-02,48810.51,50450.13,48584.06,49246.64,54410.770538,0.008934959103078732
2021-09-03,49246.63,51000.0,48316.84,49999.14,59025.644157,0.015280230285761531
2021-09-04,49998.0,50535.69,49370.0,49915.64,34664.65959,-0.001670028724494066
2021-09-05,49917.54,51900.0,49450.0,51756.88,40544.835873,0.036887035806813184
2021-09-06,51756.88,52780.0,50969.33,52663.9,49249.667081,0.017524626677651423
2021-09-07,52666.2,52920.0,42843.05,46863.73,123048.802719,-0.11013559573066178
2021-09-08,46868.57,47340.99,44412.02,46048.31,65069.3152,-0.017399810044996578
2021-09-09,46048.31,47399.97,45513.08,46395.14,50651.66002,0.007531872505201598
2021-09-10,46395.14,47033.0,44132.29,44850.91,49048.26618,-0.033284305209554166
2021-09-11,44842.2,45987.93,44722.22,45173.69,30440.4081,0.007196732463176314
2021-09-12,45173.68,46460.0,44742.06,46025.24,32094.28052,0.0188505743055305
2021-09-13,46025.23,46880.0,43370.0,44940.73,65429.15056,-0.02356337522628882
2021-09-14,44940.72,47250.0,44594.44,47111.52,44855.85099,0.04830339872093736
2021-09-15,47103.28,48500.0,46682.32,48121.41,43204.71174,0.02143615828994716
2021-09-16,48121.4,48557.0,47021.1,47737.82,40725.08895,-0.007971295936673561
2021-09-17,47737.81,48150.0,46699.56,47299.98,34461.92776,-0.009171763603784133
2021-09-18,47299.98,48843.2,47035.56,48292.74,30906.47038,0.020988592384182825
2021-09-19,48292.75,48372.83,46829.18,47241.75,29847.24349,-0.02176289852263502
2021-09-20,47241.75,47347.25,42500.0,43015.62,78003.524443,-0.08945752432964482
2021-09-21,43016.64,43639.0,39600.0,40734.38,84534.080485,-0.05303282853995839
2021-09-22,40734.09,44000.55,40565.39,43543.61,58349.05542,0.0689645945267856
2021-09-23,43546.37,44978.0,43069.09,44865.26,48699.57655,0.03035232953813427
2021-09-24,44865.26,45200.0,40675.0,42810.57,84113.426292,-0.045796903885099605
2021-09-25,42810.58,42966.84,41646.28,42670.64,33594.57189,-0.003268585304984306
2021-09-26,42670.63,43950.0,40750.0,43160.9,49879.99765,0.011489398799736872
2021-09-27,43160.9,44350.0,42098.0,42147.35,39776.84383,-0.023483059899121694
2021-09-28,42147.35,42787.38,40888.0,41026.54,43372.2624,-0.026592656477809395
2021-09-29,41025.01,42590.0,40753.88,41524.28,33511.53487,0.012132146654336484
2021-09-30,41524.29,44141.37,41410.17,43824.1,46381.22781,0.05538494586781506
2021-10-01,43820.01,48495.0,43283.03,48141.61,66244.87492,0.09851907968446594
2021-10-02,48141.6,48336.59,47430.18,47634.9,30508.98131,-0.010525406192273157
2021-10-03,47634.89,49228.08,47088.0,48200.01,30825.05601,0.011863360687227154
2021-10-04,48200.01,49536.12,46891.0,49224.94,46796.49372,0.021264103472177665
2021-10-05,49224.93,51886.3,49022.4,51471.99,52125.66793,0.045648608205515195
2021-10-06,51471.99,55750.0,50382.41,55315.0,79877.545181,0.07466216091509192
2021-10-07,55315.0,55332.31,53357.0,53785.22,54917.37766,-0.027655789568833078
2021-10-08,53785.22,56100.0,53617.61,53951.43,46160.25785,0.003090254162760653
2021-10-09,53955.67,55489.0,53661.67,54949.72,55177.08013,0.01850349471737811
2021-10-10,54949.72,56561.31,54080.0,54659.0,89237.836128,-0.005290654802244665
2021-10-11,54659.01,57839.04,54415.06,57471.35,52933.165751,0.05145264274867811
2021-10-12,57471.35,57680.0,53879.0,55996.93,53471.2855,-0.025654869774244027
2021-10-13,55996.91,57777.0,54167.19,57367.0,55808.44492,0.02446687702343686
2021-10-14,57370.83,58532.54,56818.05,57347.94,43053.336781,-0.00033224676207577186
2021-10-15,57347.94,62933.0,56850.0,61672.42,82512.908022,0.0754077653007239
2021-10-16,61672.42,62378.42,60150.0,60875.57,35467.88096,-0.012920686426769024
2021-10-17,60875.57,61718.39,58963.0,61528.33,39099.24124,0.01072285647592297
2021-10-18,61528.32,62695.78,59844.45,62009.84,51798.44844,0.007825825924415497
2021-10-19,62005.6,64486.0,61322.22,64280.59,53628.107744,0.03661918818045651
2021-10-20,64280.59,67000.0,63481.4,66001.41,51428.934856,0.026770445013028166
2021-10-21,66001.4,66639.74,62000.0,62193.15,68538.64537,-0.05769967641600382
2021-10-22,62193.15,63732.39,60000.0,60688.22,52119.35886,-0.02419768093431507
2021-10-23,60688.23,61747.64,59562.15,61286.75,27626.93678,0.009862375268215207
2021-10-24,61286.75,61500.0,59510.63,60852.22,31226.57676,-0.007090113278971355
2021-10-25,60852.22,63710.63,60650.0,63078.78,36853.83806,0.036589626475418635
2021-10-26,63078.78,63293.48,59817.55,60328.81,40217.50083,-0.04359580194797685
2021-10-27,60328.81,61496.0,58000.0,58413.44,62124.49016,-0.03174884437468595
2021-10-28,58413.44,62499.0,57820.0,60575.89,61056.35301,0.0370197338146836
2021-10-29,60575.9,62980.0,60174.81,62253.71,43973.90414,0.027697818389461615
2021-10-30,62253.7,62359.25,60673.0,61859.19,31478.12566,-0.006337292990249099
2021-10-31,61859.19,62405.3,59945.36,61299.8,39267.63794,-0.009042957077194158
2021-11-01,61299.81,62437.74,59405.0,60911.11,44687.66672,-0.006340803722035049
2021-11-02,60911.12,64270.0,60624.68,63219.99,46368.2841,0.03790572852801399
2021-11-03,63220.57,63500.0,60382.76,62896.48,43336.09049,-0.005117210553180929
2021-11-04,62896.49,63086.31,60677.01,61395.01,35930.93314,-0.023872083143603562
2021-11-05,61395.01,62595.72,60721.0,60937.12,31604.48749,-0.0074580979789725665
2021-11-06,60940.18,61560.49,60050.0,61470.61,25590.57408,0.008754762286107276
2021-11-07,61470.62,63286.35,61322.78,63273.59,25515.6883,0.029330764734561754
2021-11-08,63273.58,67789.0,63273.58,67525.83,54442.094554,0.06720402619797627
2021-11-09,67525.82,68524.25,66222.4,66947.66,44661.378068,-0.008562205011030555
2021-11-10,66947.67,69000.0,62822.9,64882.43,65171.504046,-0.030848426965184528
2021-11-11,64882.42,65600.07,64100.0,64774.26,37237.98058,-0.0016671693708142366
2021-11-12,64774.25,65450.7,62278.0,64122.23,44490.10816,-0.010066189872335096
2021-11-13,64122.22,65000.0,63360.22,64380.0,22504.97383,0.004019978718768691
2021-11-14,64380.01,65550.51,63576.27,65519.1,25705.07347,0.017693383038210664
2021-11-15,65519.11,66401.82,63400.0,63606.74,37829.37124,-0.029187824619080538
2021-11-16,63606.73,63617.31,58574.07,60058.87,77455.15609,-0.05577820840998915
2021-11-17,60058.87,60840.23,58373.0,60344.87,46289.38491,0.004761994356537125
2021-11-18,60344.86,60976.0,56474.26,56891.62,62146.99931,-0.05722524549311314
2021-11-19,56891.62,58320.0,55600.0,58052.24,50715.88726,0.020400544052006087
2021-11-20,58057.1,59845.0,57353.0,59707.51,33811.5901,0.028513456156041617
2021-11-21,59707.52,60029.76,58486.65,58622.02,31902.22785,-0.01818012507974298
2021-11-22,58617.7,59444.0,55610.0,56247.18,51724.32047,-0.04051105710789216
2021-11-23,56243.83,58009.99,55317.0,57541.27,49917.85017,0.02300719787196437
2021-11-24,57541.26,57735.0,55837.0,57138.29,39612.04964,-0.007003321268369556
2021-11-25,57138.29,59398.9,57000.0,58960.36,42153.51522,0.03188877371023868
2021-11-26,58960.37,59150.0,53500.0,53726.53,65927.87066,-0.08876862352943571
2021-11-27,53723.72,55280.0,53610.0,54721.03,29716.99957,0.018510408172647708
2021-11-28,54716.47,57445.05,53256.64,57274.88,36163.7137,0.046670356899349175
2021-11-29,57274.89,58865.97,56666.67,57776.25,40125.28009,0.008753750335225519
2021-11-30,57776.25,59176.99,55875.55,56950.56,49161.05194,-0.014291166352956464
2021-12-01,56950.56,59053.55,56458.01,57184.07,44956.63656,0.004100223070677478
2021-12-02,57184.07,57375.47,55777.77,56480.34,37574.05976,-0.012306399317152494
2021-12-03,56484.26,57600.0,51680.0,53601.05,58927.69027,-0.050978623712250926
2021-12-04,53601.05,53859.1,42000.3,49152.47,114203.373748,-0.08299426970180623
2021-12-05,49152.46,49699.05,47727.21,49396.33,45580.82012,0.004961296960254602
2021-12-06,49396.32,50891.11,47100.0,50441.92,58571.21575,0.021167362028717385
2021-12-07,50441.91,51936.33,50039.74,50588.95,38253.46877,0.00291483750023791
2021-12-08,50588.95,51200.0,48600.0,50471.19,38425.92466,-0.002327781066813861
2021-12-09,50471.19,50797.76,47320.0,47545.59,37692.68665,-0.057965742436427714
2021-12-10,47535.9,50125.0,46852.0,47140.54,44233.57391,-0.0085191917904478
2021-12-11,47140.54,49485.71,46751.0,49389.99,28889.19358,0.04771795147022062
2021-12-12,49389.99,50777.0,48638.0,50053.9,26017.93421,0.013442197497914199
2021-12-13,50053.9,50189.97,45672.75,46702.75,50869.52093,-0.06695082700848487
2021-12-14,46702.76,48700.41,46290.0,48343.28,39955.98445,0.035127053546097464
2021-12-15,48336.95,49500.0,46547.0,48864.98,51629.181,0.010791572272299321
2021-12-16,48864.98,49436.43,47511.0,47632.38,31949.86739,-0.02522460870750398
2021-12-17,47632.38,47995.96,45456.0,46131.2,43104.4887,-0.03151595616259362
2021-12-18,46133.83,47392.37,45500.0,46834.48,25020.05271,0.015245213651498446
2021-12-19,46834.47,48300.01,46406.91,46681.23,29305.70665,-0.003272161877317714
2021-12-20,46681.24,47537.57,45558.85,46914.16,35848.50609,0.004989799968852626
2021-12-21,46914.17,49328.96,46630.0,48889.88,37713.92924,0.042113511144609594
2021-12-22,48887.59,49576.13,48421.87,48588.16,27004.2022,-0.00617142034302387
2021-12-23,48588.17,51375.0,47920.42,50838.81,35192.54046,0.04632095555789717
2021-12-24,50838.82,51810.0,50384.43,50820.0,31684.84269,-0.00036999292469663825
2021-12-25,50819.99,51156.23,50142.32,50399.66,19135.51613,-0.008271153089334793
2021-12-26,50399.67,51280.0,49412.0,50775.49,22569.88914,0.007456994749567736
2021-12-27,50775.48,52088.0,50449.0,50701.44,28792.21566,-0.0014583808053845182
2021-12-28,50701.44,50704.05,47313.01,47543.74,45853.33924,-0.06228028237462302
2021-12-29,47543.74,48139.08,46096.99,46464.66,39498.87,-0.022696573723480662
2021-12-30,46464.66,47900.0,45900.0,47120.87,30352.29569,0.014122776320756536
2021-12-31,47120.88,48548.26,45678.0,46216.93,34937.99796,-0.01918343188485272
2022-01-01,46216.93,47954.63,46208.37,47722.65,19604.46325,0.032579403261964845
2022-01-02,47722.66,47990.0,46654.0,47286.18,18340.4604,-0.009145971566960398
2022-01-03,47286.18,47570.0,45696.0,46446.1,27662.0771,-0.01776586732106511
2022-01-04,46446.1,47557.54,45500.0,45832.01,35491.4136,-0.013221562197902492
2022-01-05,45832.01,47070.0,42500.0,43451.13,51784.11857,-0.0519479726069183
2022-01-06,43451.14,43816.0,42430.58,43082.31,38880.37305,-0.008488156694659077
2022-01-07,43082.3,43145.83,40610.0,41566.48,54836.50818,-0.0351845107655554
2022-01-08,41566.48,42300.0,40501.0,41679.74,32952.73111,0.002724791707163998
2022-01-09,41679.74,42786.7,41200.02,41864.62,22724.39426,0.004435728245905768
2022-01-10,41864.62,42248.5,39650.0,41822.49,50729.17019,-0.0010063390041520348
2022-01-11,41822.49,43100.0,41268.93,42729.29,37296.43729,0.021682114096984728
2022-01-12,42729.29,44322.0,42450.0,43902.66,33943.2928,0.027460554575093665
2022-01-13,43902.65,44500.0,42311.22,42560.11,34910.87762,-0.03058015163545902
2022-01-14,42558.35,43448.78,41725.95,43059.96,32640.88292,0.011744565509816507
2022-01-15,43059.96,43800.0,42555.0,43084.29,21936.05616,0.0005650260706233645
2022-01-16,43084.29,43475.0,42581.79,43071.66,20602.35271,-0.0002931462953200681
2022-01-17,43071.66,43176.18,41540.42,42201.62,27562.08613,-0.020199825128634497
2022-01-18,42201.63,42691.0,41250.0,42352.12,29324.08257,0.003566213808853691
2022-01-19,42352.12,42559.13,41138.56,41660.01,31685.72159,-0.01634180296051302
2022-01-20,41660.0,43505.0,40553.31,40680.91,42330.33953,-0.023502154704235556
2022-01-21,40680.92,41100.0,35440.45,36445.31,88860.891999,-0.10411763158690412
2022-01-22,36445.31,36835.22,34008.0,35071.42,90471.338961,-0.03769730590849685
2022-01-23,35071.42,36499.0,34601.01,36244.55,44279.52354,0.033449743409305954
2022-01-24,36244.55,37550.0,32917.17,36660.35,91904.753211,0.011472069593911227
2022-01-25,36660.35,37545.14,35701.0,36958.32,49232.40183,0.008127854753159802
2022-01-26,36958.32,38919.98,36234.63,36809.34,69830.16036,-0.004031027384361674
2022-01-27,36807.24,37234.47,35507.01,37160.1,53020.87934,0.009529103211304513
2022-01-28,37160.11,38000.0,36155.01,37716.56,42154.26956,0.01497466368497391
2022-01-29,37716.57,38720.74,37268.44,38166.84,26129.49682,0.011938522495158699
2022-01-30,38166.83,38359.26,37351.63,37881.76,21430.66527,-0.0074693110564038045
2022-01-31,37881.75,38744.0,36632.61,38466.9,36855.2458,0.015446484007078931
2022-02-01,38466.9,39265.2,38000.0,38694.59,34574.44663,0.005919114875386322
2022-02-02,38694.59,38855.92,36586.95,36896.36,35794.6813,-0.046472388000493026
2022-02-03,36896.37,37387.0,36250.0,37311.61,32081.10999,0.011254497733651725
2022-02-04,37311.98,41772.33,37026.73,41574.25,64703.95874,0.11424433306415893
2022-02-05,41571.7,41913.69,40843.01,41382.59,32532.34372,-0.004610065124446061
2022-02-06,41382.6,42656.0,41116.56,42380.87,22405.16704,0.02412318803632174
2022-02-07,42380.87,44500.5,41645.85,43839.99,51060.62006,0.03442874108058658
2022-02-08,43839.99,45492.0,42666.0,44042.99,64880.29387,0.004630475508776266
2022-02-09,44043.0,44799.0,43117.92,44372.72,34428.16729,0.007486548937753801
2022-02-10,44372.71,45821.0,43174.01,43495.44,62357.29091,-0.01977070596528674
2022-02-11,43495.44,43920.0,41938.51,42373.73,44975.1687,-0.025789140194926174
2022-02-12,42373.73,43079.49,41688.88,42217.87,26556.85681,-0.003678222332563097
2022-02-13,42217.87,42760.0,41870.0,42053.66,17732.08113,-0.0038895851448687013
2022-02-14,42053.65,42842.4,41550.56,42535.94,34010.1306,0.01146820514552127
2022-02-15,42535.94,44751.4,42427.03,44544.86,38095.19576,0.04722876701443535
2022-02-16,44544.85,44549.97,43307.0,43873.56,28471.8727,-0.015070201141052064
2022-02-17,43873.56,44164.71,40073.21,40515.7,47245.99494,-0.07653493356819008
2022-02-18,40515.71,40959.88,39450.0,39974.44,43845.92241,-0.013359265667383102
2022-02-19,39974.45,40444.32,39639.03,40079.17,18042.0551,0.0026199241315199018
2022-02-20,40079.17,40125.44,38000.0,38386.89,33439.29011,-0.042223429277602254
2022-02-21,38386.89,39494.35,36800.0,37008.16,62347.68496,-0.035916689265527824
2022-02-22,37008.16,38429.0,36350.0,38230.33,53785.94589,0.03302433841617636
2022-02-23,38230.33,39249.93,37036.79,37250.01,43560.732,-0.025642467642837508
2022-02-24,37250.02,39843.0,34322.28,38327.21,120476.29458,0.02891811304211722
2022-02-25,38328.68,39683.53,38014.37,39219.17,56574.57125,0.02327223922638777
2022-02-26,39219.16,40348.45,38573.18,39116.72,29361.2568,-0.0026122429413982795
2022-02-27,39116.73,39855.7,37000.0,37699.07,46229.44719,-0.03624153558887355
2022-02-28,37699.08,44225.84,37450.17,43160.0,73945.63858,0.14485582800848928
2022-03-01,43160.0,44949.0,42809.98,44421.2,61743.09873,0.029221501390175986
2022-03-02,44421.2,45400.0,43334.09,43892.98,57782.65081,-0.011891169081429398
2022-03-03,43892.99,44101.12,41832.28,42454.0,50940.61021,-0.032783830124999525
2022-03-04,42454.0,42527.3,38550.0,39148.66,61964.68498,-0.07785697460781071
2022-03-05,39148.65,39613.24,38407.59,39397.96,30363.13341,0.006368034052761873
2022-03-06,39397.97,39693.87,38088.57,38420.81,39677.26158,-0.024802045588147248
2022-03-07,38420.8,39547.57,37155.0,37988.0,63994.11559,-0.011264988947395915
2022-03-08,37988.01,39362.08,37867.65,38730.63,55583.06638,0.019549068126776703
2022-03-09,38730.63,42594.06,38656.45,41941.71,67392.58799,0.08290802395933139
2022-03-10,41941.7,42039.63,38539.73,39422.0,71962.93154,-0.0600764727999884
2022-03-11,39422.01,40236.26,38223.6,38729.57,59018.7642,-0.01756455786109279
2022-03-12,38729.57,39486.71,38660.52,38807.36,24034.36432,0.0020085428265792515
2022-03-13,38807.35,39310.0,37578.51,37777.34,32791.82359,-0.026541872469552308
2022-03-14,37777.35,39947.12,37555.0,39671.37,46945.45375,0.05013666923081428
2022-03-15,39671.37,39887.61,38098.33,39280.33,46015.54926,-0.00985698250400735
2022-03-16,39280.33,41718.0,38828.48,41114.0,88120.76167,0.04668163429380545
2022-03-17,41114.01,41478.82,40500.0,40917.9,37189.38087,-0.004769664834362919
2022-03-18,40917.89,42325.02,40135.04,41757.51,45408.00969,0.020519381493185218
2022-03-19,41757.51,42400.0,41499.29,42201.13,29067.18108,0.010623717745622097
2022-03-20,42201.13,42296.26,40911.0,41262.11,30653.33468,-0.022251062945470856
2022-03-21,41262.11,41544.22,40467.94,41002.25,39426.24877,-0.006297787485904149
2022-03-22,41002.26,43361.0,40875.51,42364.13,59454.94294,0.03321476260449119
2022-03-23,42364.13,43025.96,41751.47,42882.76,40828.87039,0.012242196405308103
2022-03-24,42882.76,44220.89,42560.46,43991.46,56195.12374,0.025854212741903693
2022-03-25,43991.46,45094.14,43579.0,44313.16,54614.43648,0.007312782981060417
2022-03-26,44313.16,44792.99,44071.97,44511.27,23041.61741,0.004470680944441696
2022-03-27,44511.27,46999.0,44421.46,46827.76,41874.91071,0.05204277478490282
2022-03-28,46827.76,48189.84,46663.56,47122.21,58949.2614,0.00628793689896745
2022-03-29,47122.21,48096.47,46950.85,47434.8,36772.28457,0.006633602286480356
2022-03-30,47434.79,47700.22,46445.42,47067.99,40947.2085,-0.007732930253737891
2022-03-31,47067.99,47600.0,45200.0,45510.34,48645.12667,-0.033093616277219406
2022-04-01,45510.35,46720.09,44200.0,46283.49,56271.06474,0.016988447021050623
2022-04-02,46283.49,47213.0,45620.0,45811.0,37073.53582,-0.010208607864272912
2022-04-03,45810.99,47444.11,45530.92,46407.35,33394.67794,0.013017615856453668
2022-04-04,46407.36,46890.71,45118.0,46580.51,44641.87514,0.003731305493634096
2022-04-05,46580.5,47200.0,45353.81,45497.55,42192.74852,-0.023249208735584892
2022-04-06,45497.54,45507.14,43121.0,43170.47,60849.32936,-0.05114736947374088
2022-04-07,43170.47,43900.99,42727.35,43444.19,37396.54156,0.006340445216371338
2022-04-08,43444.2,43970.62,42107.14,42252.01,42375.04203,-0.0274416440955626
2022-04-09,42252.02,42800.0,42125.48,42753.97,17891.66047,0.011880144873581244
2022-04-10,42753.96,43410.3,41868.0,42158.85,22771.09403,-0.013919643017946681
2022-04-11,42158.85,42414.71,39200.0,39530.45,63560.44721,-0.06234515410168928
2022-04-12,39530.45,40699.0,39254.63,40074.94,57751.01778,0.01377393882437472
2022-04-13,40074.95,41561.31,39588.54,41147.79,41342.27254,0.026771094354726355
2022-04-14,41147.78,41500.0,39551.94,39942.38,36807.01401,-0.02929464741605814
2022-04-15,39942.37,40870.36,39766.4,40551.9,24026.35739,0.015259982004077077
2022-04-16,40551.9,40709.35,39991.55,40378.71,15805.44718,-0.004270823315307148
2022-04-17,40378.7,40595.67,39546.17,39678.12,19988.49259,-0.01735047999304573
2022-04-18,39678.11,41116.73,38536.51,40801.13,54243.49575,0.028303004275403998
2022-04-19,40801.13,41760.0,40571.0,41493.18,35788.85843,0.016961540035778544
2022-04-20,41493.19,42199.0,40820.0,41358.19,40877.35041,-0.0032533057239767516
2022-04-21,41358.19,42976.0,39751.0,40480.01,59316.27657,-0.021233521099448538
2022-04-22,40480.01,40795.06,39177.0,39709.18,46664.0196,-0.01904223837889374
2022-04-23,39709.19,39980.0,39285.0,39441.6,20291.42375,-0.00673849220759537
2022-04-24,39441.61,39940.0,38929.62,39450.13,26703.61186,0.00021626911687144812
2022-04-25,39450.12,40616.0,38200.0,40426.08,63037.12784,0.024738828490552534
2022-04-26,40426.08,40797.31,37702.26,38112.65,66650.258,-0.057226176765098224
2022-04-27,38112.64,39474.72,37881.31,39235.72,57083.12272,0.029467119184837465
2022-04-28,39235.72,40372.63,38881.43,39742.07,56086.6715,0.012905332182001406
2022-04-29,39742.06,39925.25,38175.0,38596.11,51453.65715,-0.028834934868767537
2022-04-30,38596.11,38795.38,37578.2,37630.8,35321.18989,-0.025010551581493567
2022-05-01,37630.8,38675.0,37386.38,38468.35,38812.24104,0.022257034131615505
2022-05-02,38468.35,39167.34,38052.0,38525.16,53200.92628,0.0014767984589929561
2022-05-03,38525.16,38651.51,37517.8,37728.95,40316.45358,-0.02066727302365534
2022-05-04,37728.95,40023.77,37670.0,39690.0,62574.61736,0.0519773277549469
2022-05-05,39690.0,39845.51,35571.9,36552.97,88722.43355,-0.07903829680020158
2022-05-06,36552.97,36675.63,35258.0,36013.77,68437.80187,-0.014751195320106825
2022-05-07,36013.77,36146.3,34785.0,35472.39,34281.70682,-0.015032583370194197
2022-05-08,35472.4,35514.22,33713.95,34038.4,72445.64344,-0.040425525317014155
2022-05-09,34038.39,34243.15,30033.33,30076.31,191876.926428,-0.11640059462254393
2022-05-10,30074.23,32658.99,29730.4,31017.1,165532.00311,0.031280100517649734
2022-05-11,31017.11,32162.59,27785.0,29103.94,207063.739278,-0.061680814776365334
2022-05-12,29103.94,30243.0,26700.0,29029.75,204507.263138,-0.002549139394872224
2022-05-13,29029.74,31083.37,28751.67,29287.05,97872.36957,0.00886332124803002
2022-05-14,29287.05,30343.27,28630.0,30086.74,51095.87863,0.02730524241943111
2022-05-15,30086.74,31460.0,29480.0,31328.89,46275.66912,0.04128562948328729
2022-05-16,31328.89,31328.9,29087.04,29874.01,73082.19658,-0.04643892586044385
2022-05-17,29874.01,30788.37,29450.38,30444.93,56724.13307,0.019110926186340693
2022-05-18,30444.93,30709.99,28654.47,28715.32,59749.15799,-0.05681110122440747
2022-05-19,28715.33,30545.18,28691.38,30319.23,67877.36415,0.0558555502776914
2022-05-20,30319.22,30777.33,28730.0,29201.01,60517.25325,-0.03688154349566264
2022-05-21,29201.01,29656.18,28947.28,29445.06,20987.13124,0.008357587631386831
2022-05-22,29445.07,30487.99,29255.11,30293.94,36158.98748,0.0288292840972304
2022-05-23,30293.93,30670.51,28866.35,29109.15,63901.49932,-0.03910980215845139
2022-05-24,29109.14,29845.86,28669.0,29654.58,59442.96036,0.018737407310072562
2022-05-25,29654.58,30223.74,29294.21,29542.15,59537.38659,-0.0037913199242747275
2022-05-26,29542.14,29886.64,28019.56,29201.35,94581.65463,-0.011536059494654305
2022-05-27,29201.35,29397.66,28282.9,28629.8,90998.5201,-0.019572725233593657
2022-05-28,28629.81,29266.0,28450.0,29031.33,34479.35127,0.01402489713515287
2022-05-29,29031.33,29587.78,28839.21,29468.1,27567.34764,0.015044780931497082
2022-05-30,29468.1,32222.0,29299.62,31734.22,96785.9476,0.07690078423787083
2022-05-31,31734.23,32399.0,31200.01,31801.04,62433.11632,0.002105613435591014
2022-06-01,31801.05,31982.97,29301.0,29805.83,103395.63382,-0.06274040094286226
2022-06-02,29805.84,30689.0,29594.55,30452.62,56961.42928,0.02170011705763586
2022-06-03,30452.63,30699.0,29282.36,29700.21,54067.44727,-0.02470756210795655
2022-06-04,29700.21,29988.88,29485.0,29864.04,25617.90113,0.005516122613274499
2022-06-05,29864.03,30189.0,29531.42,29919.21,23139.9281,0.001847372291223781
2022-06-06,29919.2,31765.64,29890.23,31373.1,68836.92456,0.048593863273796334
2022-06-07,31373.1,31589.6,29218.96,31125.33,110674.51658,-0.007897530049628454
2022-06-08,31125.32,31327.22,29843.88,30204.77,68542.61276,-0.0295759113236711
2022-06-09,30204.77,30700.0,29944.1,30109.93,46291.1865,-0.00313990141292253
2022-06-10,30109.93,30382.8,28850.0,29091.88,76204.2498,-0.03381110484149241
2022-06-11,29091.87,29440.41,28099.99,28424.7,65901.39895,-0.02293354709286577
2022-06-12,28424.71,28544.96,26560.0,26574.53,92474.598809,-0.06509022082906779
2022-06-13,26574.53,26895.84,21925.77,22487.41,254611.034966,-0.153798392671479
2022-06-14,22485.27,23362.88,20846.0,22136.41,187201.64671,-0.015608733953799026
2022-06-15,22136.42,22800.0,20111.62,22583.72,200774.493467,0.02020698026464096
2022-06-16,22583.72,22995.73,20232.0,20401.31,99673.59429,-0.09663642659402438
2022-06-17,20400.6,21365.43,20246.66,20468.81,86694.33663,0.0033086110646816103
2022-06-18,20468.81,20792.06,17622.0,18970.79,196441.655524,-0.07318549539518904
2022-06-19,18970.79,20815.95,17960.41,20574.0,128320.87595,0.08450939576053496
2022-06-20,20574.0,21090.0,19637.03,20573.89,109028.94154,-5.346553903051721e-06
2022-06-21,20573.9,21723.0,20348.4,20723.52,104371.0749,0.007272810343595726
2022-06-22,20723.51,20900.0,19770.51,19987.99,92133.97938,-0.035492522505829016
2022-06-23,19988.0,21233.0,19890.07,21110.13,83127.08716,0.056140712497855016
2022-06-24,21110.12,21558.41,20736.72,21237.69,77430.36622,0.006042596611200324
2022-06-25,21237.68,21614.5,20906.62,21491.19,51431.67794,0.011936326408380493
2022-06-26,21491.18,21888.0,20964.73,21038.07,53278.10464,-0.021083988369187567
2022-06-27,21038.08,21539.85,20510.0,20742.56,64475.0013,-0.014046440571782393
2022-06-28,20742.57,21212.1,20202.01,20281.29,63801.0832,-0.022237852994037355
2022-06-29,20281.28,20432.31,19854.92,20123.01,77309.04379,-0.007804237304431916
2022-06-30,20123.0,20179.08,18626.0,19942.21,93846.64806,-0.008984739360562877
2022-07-01,19942.21,20918.35,18975.0,19279.8,111844.59494,-0.03321647901611702
2022-07-02,19279.8,19467.39,18977.01,19252.81,46180.3021,-0.00139991078745616
2022-07-03,19252.82,19647.63,18781.0,19315.83,51087.46631,0.003273288418677689
2022-07-04,19315.83,20354.01,19055.31,20236.71,74814.04601,0.04767488634969341
2022-07-05,20236.71,20750.0,19304.4,20175.83,96041.13756,-0.003008394151025384
2022-07-06,20175.84,20675.22,19761.25,20564.51,82439.5808,0.019264634961733806
2022-07-07,20564.51,21838.1,20251.68,21624.98,85014.58261,0.051567968310453294
2022-07-08,21624.99,22527.37,21189.26,21594.75,403081.57349,-0.001397920368018779
2022-07-09,21594.75,21980.0,21322.12,21591.83,178417.84468,-0.00013521805068350545
2022-07-10,21592.15,21607.65,20655.0,20862.47,192188.21556,-0.0337794434283708
2022-07-11,20861.11,20868.48,19875.23,19963.61,137535.40724,-0.04308502301021888
2022-07-12,19963.61,20059.42,19240.0,19328.75,139506.45862,-0.0318008616678046
2022-07-13,19331.28,20366.61,18910.94,20234.87,209250.24888,0.046879389510444236
2022-07-14,20234.87,20900.0,19616.07,20588.84,174809.21696,0.01749307013091772
2022-07-15,20588.84,21200.0,20382.29,20830.04,143343.3049,0.011715084482661453
2022-07-16,20830.04,21588.94,20478.61,21195.6,121011.67393,0.017549654249343627
2022-07-17,21195.6,21684.54,20750.01,20798.16,118229.4525,-0.018751061541074532
2022-07-18,20799.58,22777.63,20762.45,22432.58,239942.73132,0.07858483635090807
2022-07-19,22432.58,23800.0,21579.54,23396.62,263770.76574,0.04297499440545827
2022-07-20,23398.48,24276.74,22906.19,23223.3,238762.17094,-0.007407907637940858
2022-07-21,23223.3,23442.77,22341.46,23152.19,184817.68191,-0.003062010997575748
2022-07-22,23152.19,23756.49,22500.0,22684.83,171598.43966,-0.020186427288303888
2022-07-23,22684.83,23000.77,21934.57,22451.07,122137.77375,-0.010304683790885893
2022-07-24,22448.58,23014.64,22257.15,22579.68,115189.67277,0.00572845748554518
2022-07-25,22577.13,22666.0,21250.0,21310.9,180344.76643,-0.056191230345159826
2022-07-26,21310.9,21347.82,20706.5,21254.67,177817.24326,-0.0026385558563929434
2022-07-27,21254.67,23112.63,21042.53,22952.45,210971.19796,0.07987797505207106
2022-07-28,22954.31,24199.72,22582.13,23842.93,236029.0741,0.038796729760875115
2022-07-29,23845.25,24442.66,23414.03,23773.75,198298.50623,-0.0029014890367921042
2022-07-30,23777.28,24668.0,23502.25,23643.51,151060.13211,-0.005478311162521732
2022-07-31,23644.64,24194.82,23227.31,23293.32,127743.32483,-0.014811252643960215
2022-08-01,23296.36,23509.68,22850.0,23268.01,144210.16219,-0.0010865776110919878
2022-08-02,23266.9,23459.89,22654.37,22987.79,158073.28225,-0.012043144213879864
2022-08-03,22985.93,23647.68,22681.22,22818.37,145948.80995,-0.007369999464933441
2022-08-04,22816.91,23223.32,22400.0,22622.98,154854.67016,-0.008562837748708585
2022-08-05,22622.41,23472.86,22586.95,23312.42,175251.69749,0.030475207068211052
2022-08-06,23313.56,23354.36,22909.52,22954.21,83911.80307,-0.01536562913674333
2022-08-07,22954.21,23402.0,22844.62,23174.39,88890.00877,0.009592140178206865
2022-08-08,23174.39,24245.0,23154.25,23810.0,170958.44152,0.027427259142527527
2022-08-09,23810.98,23933.25,22865.0,23149.95,143182.50858,-0.027721545569088568
2022-08-10,23151.32,24226.0,22664.69,23954.05,208916.54953,0.034734416273037194
2022-08-11,23954.05,24918.54,23852.13,23934.39,249759.79557,-0.0008207380380352847
2022-08-12,23933.09,24456.5,23583.0,24403.68,174207.5704,0.019607351597429545
2022-08-13,24401.7,24888.0,24291.22,24441.38,152852.25435,0.0015448489735974125
2022-08-14,24443.06,25047.56,24144.0,24305.24,151206.14473,-0.005570061919580649
2022-08-15,24305.25,25211.32,23773.22,24094.82,242539.54758,-0.008657392397688812
2022-08-16,24093.04,24247.49,23671.22,23854.74,179324.94821,-0.009963967358959214
2022-08-17,23856.15,24446.71,23180.4,23342.66,210668.68766,-0.021466593222143726
2022-08-18,23342.66,23600.0,23111.04,23191.2,144185.97011,-0.006488549291297496
2022-08-19,23191.45,23208.67,20783.57,20834.39,283995.87747,-0.10162518541515753
2022-08-20,20834.39,21382.85,20761.9,21140.07,183041.68363,0.014671895841442906
2022-08-21,21140.07,21800.0,21069.11,21515.61,159200.6841,0.017764368802941632
2022-08-22,21516.7,21548.71,20890.18,21399.83,222222.04526,-0.0053812092708502846
2022-08-23,21400.75,21684.87,20890.14,21529.12,200967.77164,0.006041636779357429
2022-08-24,21529.11,21900.0,21145.0,21368.08,174383.22046,-0.0074801013696795815
2022-08-25,21368.05,21819.88,21310.15,21559.04,169915.78301,0.008936694359062525
2022-08-26,21559.04,21886.77,20107.9,20241.05,273811.61955,-0.061133983702428396
2022-08-27,20239.14,20402.93,19800.0,20037.6,162582.46032,-0.010051356031431258
2022-08-28,20037.6,20171.18,19520.0,19555.61,139307.95976,-0.024054277957439862
2022-08-29,19555.61,20433.62,19550.79,20285.73,210509.49545,0.03733557787253883
2022-08-30,20287.2,20576.25,19540.0,19811.66,256634.35529,-0.02336962978408963
2022-08-31,19813.03,20490.0,19797.94,20050.02,276946.60765,0.012031298740236895
2022-09-01,20048.44,20208.37,19565.66,20131.46,245289.97263,0.004061841334821459
2022-09-02,20132.64,20441.26,19755.29,19951.86,245986.6033,-0.00892135990136822
2022-09-03,19950.98,20055.93,19652.72,19831.9,146639.03204,-0.006012472020152426
2022-09-04,19832.45,20029.23,19583.1,20000.3,145588.77893,0.00849136996455191
2022-09-05,20000.3,20057.27,19633.83,19796.84,222543.01057,-0.010172847407288854
2022-09-06,19795.34,20180.0,18649.51,18790.61,356315.05718,-0.05082780888262972
2022-09-07,18790.61,19464.06,18510.77,19292.84,287394.7788,0.026727711340930327
2022-09-08,19292.85,19458.25,19012.0,19319.77,262813.28273,0.0013958546279344564
2022-09-09,19320.54,21597.22,19291.75,21360.11,428919.74652,0.10560891770450676
2022-09-10,21361.62,21810.8,21111.13,21648.34,307997.33504,0.013493844366906371
2022-09-11,21647.21,21860.0,21350.0,21826.87,280702.55149,0.008246821696259232
2022-09-12,21826.87,22488.0,21538.51,22395.74,395395.61828,0.02606282989727804
2022-09-13,22395.44,22799.0,19860.0,20173.57,431915.03333,-0.0992228879242214
2022-09-14,20173.62,20541.48,19617.62,20226.71,340826.40151,0.0026341396193136912
2022-09-15,20227.17,20330.24,19497.0,19701.88,333069.76076,-0.02594737354715615
2022-09-16,19701.88,19890.0,19320.01,19803.3,283791.07064,0.005147732094602064
2022-09-17,19803.3,20189.0,19748.08,20113.62,179350.24338,0.015670115586796207
2022-09-18,20112.61,20117.26,19335.62,19416.18,254217.46904,-0.03467501126102601
2022-09-19,19417.45,19686.2,18232.56,19537.02,380512.40306,0.006223675305853105
2022-09-20,19537.02,19634.62,18711.87,18875.0,324098.3286,-0.03388541343562124
2022-09-21,18874.31,19956.0,18125.98,18461.36,385034.10021,-0.021914701986754936
2022-09-22,18461.36,19550.17,18356.39,19401.63,379321.72111,0.050931784007245406
2022-09-23,19401.63,19500.0,18531.42,19289.91,385886.91829,-0.00575827907242854
2022-09-24,19288.57,19316.14,18805.34,18920.5,239496.56746,-0.019150426310957425
2022-09-25,18921.99,19180.21,18629.2,18807.38,191191.4492,-0.005978700351470523
2022-09-26,18809.13,19318.96,18680.72,19227.82,439239.21943,0.022355054239346472
2022-09-27,19226.68,20385.86,18816.32,19079.13,593260.74161,-0.007733065942992945
2022-09-28,19078.1,19790.0,18471.28,19412.82,521385.45547,0.017489791201171112
2022-09-29,19412.82,19645.52,18843.01,19591.51,406424.93256,0.009204742020994416
2022-09-30,19590.54,20185.0,19155.36,19422.61,444322.9534,-0.008621081274490683
2022-10-01,19422.61,19484.0,19159.42,19310.95,165625.13959,-0.005748969886127497
2022-10-02,19312.24,19395.91,18920.35,19056.8,206812.47032,-0.01316092683166814
2022-10-03,19057.74,19719.1,18959.68,19629.08,293585.75212,0.03003022543134226
2022-10-04,19629.08,20475.0,19490.6,20337.82,327012.00127,0.03610663362725086
2022-10-05,20337.82,20365.6,19730.0,20158.26,312239.75224,-0.00882887153097045
2022-10-06,20158.26,20456.6,19853.0,19960.67,320122.1702,-0.00980193727037948
2022-10-07,19960.67,20068.82,19320.0,19530.09,220874.83913,-0.02157142019781888
2022-10-08,19530.09,19627.38,19237.14,19417.96,102480.09842,-0.005741396993050318
2022-10-09,19416.52,19558.0,19316.04,19439.02,113900.82681,0.0010845629510001231
2022-10-10,19439.96,19525.0,19020.25,19131.87,212509.09849,-0.015800693656367493
2022-10-11,19131.87,19268.09,18860.0,19060.0,243473.84286,-0.003756559081783406
2022-10-12,19060.0,19238.31,18965.88,19155.53,213826.26731,0.005012067156348277
2022-10-13,19155.1,19513.79,18190.0,19375.13,399756.68337,0.011464052417239357
2022-10-14,19375.58,19951.87,19070.37,19176.93,351634.32601,-0.010229608781979871
2022-10-15,19176.93,19227.68,18975.18,19069.39,113847.64232,-0.005607779764540077
2022-10-16,19068.4,19425.84,19063.74,19262.98,131894.61885,0.010151871664484391
2022-10-17,19262.98,19676.96,19152.03,19549.86,222813.87634,0.01489281513036933
2022-10-18,19548.48,19706.66,19091.0,19327.44,260313.07848,-0.011377063569764756
2022-10-19,19327.44,19360.16,19065.97,19123.97,186137.29538,-0.01052751942316199
2022-10-20,19123.35,19347.82,18900.0,19041.92,223530.13068,-0.004290427144573172
2022-10-21,19041.92,19250.0,18650.0,19164.37,269310.75769,0.006430549020266962
2022-10-22,19164.37,19257.0,19112.72,19204.35,110403.90837,0.002086163020229792
2022-10-23,19204.29,19695.0,19070.11,19570.4,167057.20184,0.019060785707404992
2022-10-24,19570.4,19601.15,19157.0,19329.72,256168.14467,-0.012298164575072601
2022-10-25,19330.6,20415.87,19237.0,20080.07,326370.67061,0.03881846193323013
2022-10-26,20079.02,21020.0,20050.41,20771.59,380492.69576,0.03443812695872084
2022-10-27,20771.61,20872.21,20200.0,20295.11,328643.57791,-0.022939023926430213
2022-10-28,20295.11,20750.0,20000.09,20591.84,287039.94569,0.014620763326732344
2022-10-29,20591.84,21085.0,20554.01,20809.67,254881.77755,0.010578462148112866
2022-10-30,20809.68,20931.21,20515.0,20627.48,192795.60886,-0.008755064352293895
2022-10-31,20627.48,20845.92,20237.95,20490.74,303567.61628,-0.006629021092251608
2022-11-01,20490.74,20700.0,20330.74,20483.62,279932.43771,-0.000347474029732564
2022-11-02,20482.81,20800.0,20048.04,20151.84,373716.27299,-0.01619733230747289
2022-11-03,20151.84,20393.32,20031.24,20207.82,319185.1544,0.0027779101064715483
2022-11-04,20207.12,21302.05,20180.96,21148.52,453694.39165,0.04655128559141963
2022-11-05,21148.52,21480.65,21080.65,21299.37,245621.98525,0.007132886840308439
2022-11-06,21299.37,21365.27,20886.13,20905.58,230036.97217,-0.018488340265463088
2022-11-07,20905.58,21069.77,20384.89,20591.13,386977.60337,-0.015041438697228293
2022-11-08,20590.67,20700.88,17166.83,18547.23,760705.362783,-0.09926118673428808
2022-11-09,18545.38,18587.76,15588.0,15922.81,731926.929729,-0.14149929666047167
2022-11-10,15922.68,18199.0,15754.26,17601.15,608448.36432,0.10540476209915228
2022-11-11,17602.45,17695.0,16361.6,17070.31,393552.86492,-0.03015939299420778
2022-11-12,17069.98,17119.1,16631.39,16812.08,167819.96035,-0.015127434709738652
2022-11-13,16813.16,16954.28,16229.0,16329.85,184960.78846,-0.028683541834204962
2022-11-14,16331.78,17190.0,15815.21,16619.46,380210.7775,0.017735006751439686
2022-11-15,16617.72,17134.69,16527.72,16900.57,282461.84391,0.016914508654312543
2022-11-16,16900.57,17015.92,16378.61,16662.76,261493.40809,-0.014071123044962497
2022-11-17,16661.61,16751.0,16410.74,16692.56,228038.97873,0.0017884192054620218
2022-11-18,16692.56,17011.0,16546.04,16700.45,214224.18184,0.00047266566662029774
2022-11-19,16699.43,16822.41,16553.53,16700.68,104963.15558,1.3772083985674755e-05
2022-11-20,16700.68,16753.33,16180.0,16280.23,154842.13478,-0.025175621591456254
2022-11-21,16279.5,16319.0,15476.0,15781.29,324096.997753,-0.03064698717401404
2022-11-22,15781.29,16315.0,15616.63,16226.94,239548.06623,0.028239136344367255
2022-11-23,16227.96,16706.0,16160.2,16603.11,264927.70408,0.023181819862524877
2022-11-24,16603.11,16812.63,16458.05,16598.95,206565.92346,-0.00025055546822250196
2022-11-25,16599.55,16666.0,16342.81,16522.14,182089.49533,-0.004627401130794517
2022-11-26,16521.35,16701.99,16385.0,16458.57,181804.81666,-0.0038475645406708114
2022-11-27,16457.61,16600.0,16401.0,16428.78,162025.47607,-0.0018099992891241756
2022-11-28,16428.77,16487.04,15995.27,16212.91,252695.40367,-0.013139746225830473
2022-11-29,16212.18,16548.71,16100.0,16442.53,248106.25009,0.014162787556336154
2022-11-30,16442.91,17249.0,16428.3,17163.64,303019.80719,0.0438563894972368
2022-12-01,17165.53,17324.0,16855.01,16977.37,232818.18218,-0.010852593039704872
2022-12-02,16978.0,17105.73,16787.85,17092.74,202372.2062,0.0067955166200655
2022-12-03,17092.13,17188.98,16858.74,16885.2,154542.57306,-0.01214199712860553
2022-12-04,16885.2,17202.84,16878.25,17105.7,178619.13387,0.013058773363655796
2022-12-05,17106.65,17424.25,16867.0,16966.35,233703.29225,-0.00814640733790506
2022-12-06,16966.35,17107.01,16906.37,17088.96,218730.76883,0.007226657471996134
2022-12-07,17088.96,17142.21,16678.83,16836.64,220657.41334,-0.014765088103664614
2022-12-08,16836.64,17299.0,16733.49,17224.1,236417.97804,0.023012905187733468
2022-12-09,17224.1,17360.0,17058.21,17128.56,238422.06465,-0.005546879082216072
2022-12-10,17128.56,17227.72,17092.0,17127.49,140573.97937,-6.246876561721848e-05
2022-12-11,17127.49,17270.99,17071.0,17085.05,155286.47871,-0.0024778878866665854
2022-12-12,17085.05,17241.89,16871.85,17209.83,226227.49694,0.0073034612131659404
2022-12-13,17208.93,18000.0,17080.14,17774.7,284462.9139,0.03282252061757718
2022-12-14,17775.82,18387.95,17660.94,17803.15,266681.22209,0.0016005896020749866
2022-12-15,17804.01,17854.82,17275.51,17356.34,223701.96882,-0.025097244027040277
2022-12-16,17356.96,17531.73,16527.32,16632.12,253379.04116,-0.041726539120575
2022-12-17,16631.5,16796.82,16579.85,16776.52,144825.66684,0.008681996041394635
2022-12-18,16777.54,16863.26,16663.07,16738.21,112619.31646,-0.0022835486739801736
2022-12-19,16739.0,16815.99,16256.3,16438.88,179094.28305,-0.017883035282745152
2022-12-20,16438.88,17061.27,16397.2,16895.56,248808.92324,0.027780481395326184
2022-12-21,16896.15,16925.0,16723.0,16824.67,156810.96362,-0.004195776878659463
2022-12-22,16824.68,16868.52,16559.85,16821.43,176044.27235,-0.0001925743565845961
2022-12-23,16821.9,16955.14,16731.13,16778.5,161612.00947,-0.0025521016940890373
2022-12-24,16778.52,16869.99,16776.62,16836.12,100224.29096,0.003434156807819555
2022-12-25,16835.73,16857.96,16721.0,16832.11,125441.07202,-0.00023817839264617113
2022-12-26,16832.11,16944.52,16791.0,16919.39,124564.00656,0.005185327329728651
2022-12-27,16919.39,16972.83,16592.37,16706.36,173749.58616,-0.012590879458420079
2022-12-28,16706.06,16785.19,16465.33,16547.31,193037.56577,-0.00952032639066791
2022-12-29,16547.32,16664.41,16488.91,16633.47,160998.47158,0.00520688861210683
2022-12-30,16633.47,16677.35,16333.0,16607.48,164916.31174,-0.0015625122118235746
2022-12-31,16607.48,16644.09,16470.0,16542.4,114490.42864,-0.003918716144773238
2023-01-01,16541.77,16628.0,16499.01,16616.75,96925.41374,0.004494511074571994
2023-01-02,16617.17,16799.23,16548.7,16672.87,121888.57191,0.003377315058600505
2023-01-03,16672.78,16778.4,16605.28,16675.18,159541.53733,0.0001385484322735664
2023-01-04,16675.65,16991.87,16652.66,16850.36,220362.18862,0.01050543382440261
2023-01-05,16850.36,16879.82,16753.0,16831.85,163473.56641,-0.0010984928511914571
2023-01-06,16831.85,17041.0,16679.0,16950.65,207401.28415,0.007058047689350921
2023-01-07,16950.31,16981.91,16908.0,16943.57,104526.5688,-0.00041768309769840695
2023-01-08,16943.83,17176.99,16911.0,17127.83,135155.89695,0.010874921873017529
2023-01-09,17127.83,17398.8,17104.66,17178.26,266211.52723,0.0029443309514396443
2023-01-10,17179.04,17499.0,17146.34,17440.66,221382.42581,0.015275120995956515
2023-01-11,17440.64,18000.0,17315.6,17943.26,262221.60653,0.02881771676071887
2023-01-12,17943.26,19117.04,17892.05,18846.62,454568.32178,0.05034536644957499
2023-01-13,18846.62,20000.0,18714.12,19930.01,368615.87823,0.05748457813655716
2023-01-14,19930.01,21258.0,19888.05,20954.92,393913.74951,0.0514254634092004
2023-01-15,20952.76,21050.74,20551.01,20871.5,178542.22549,-0.003980926674976515
2023-01-16,20872.99,21474.05,20611.48,21185.65,293078.08262,0.0150516254222266
2023-01-17,21185.65,21647.45,20841.31,21134.81,275407.74409,-0.0023997375582056613
2023-01-18,21132.29,21650.0,20407.15,20677.47,350916.01949,-0.02163918199406567
2023-01-19,20677.47,21192.0,20659.19,21071.59,251385.84925,0.019060358931726196
2023-01-20,21071.59,22755.93,20861.28,22667.21,338079.13659,0.07572375886205074
2023-01-21,22666.0,23371.8,22422.0,22783.55,346445.48432,0.0051325240292035
2023-01-22,22783.35,23078.71,22292.37,22707.88,253577.75286,-0.003321255906125198
2023-01-23,22706.02,23180.0,22500.0,22916.45,293588.37938,0.009184917306239049
2023-01-24,22917.81,23162.2,22462.93,22632.89,293158.78254,-0.012373644259909389
2023-01-25,22631.94,23816.73,22300.0,23060.94,346042.83223,0.01891274158978362
2023-01-26,23060.42,23282.47,22850.01,23009.65,288924.43581,-0.002224107083232396
2023-01-27,23009.65,23500.0,22534.88,23074.16,280833.86315,0.0028036063130034705
2023-01-28,23074.16,23189.0,22878.46,23022.6,148115.71085,-0.0022345342148967218
2023-01-29,23021.4,23960.54,22967.76,23742.3,295688.79204,0.03126058742279336
2023-01-30,23743.37,23800.51,22500.0,22826.15,302405.90121,-0.03858724723383988
2023-01-31,22827.38,23320.0,22714.77,23125.13,264649.34909,0.01309813525276926
2023-02-01,23125.13,23812.66,22760.23,23732.66,310790.42271,0.026271419879585478
2023-02-02,23731.41,24255.0,23363.27,23488.94,364177.20751,-0.010269392474337113
2023-02-03,23489.33,23715.7,23204.62,23431.9,332571.02904,-0.002428376929737852
2023-02-04,23431.9,23587.78,23253.96,23326.84,166126.47295,-0.004483631288969336
2023-02-05,23327.66,23433.33,22743.0,22932.91,209251.33917,-0.016887413811729313
2023-02-06,22932.91,23158.25,22628.13,22762.52,265371.6069,-0.007429933663019583
2023-02-07,22762.52,23350.25,22745.78,23240.46,308006.72482,0.020996796488262248
2023-02-08,23242.42,23452.0,22665.85,22963.0,280056.30717,-0.011938662143520351
2023-02-09,22961.85,23011.39,21688.0,21796.35,402894.6955,-0.05080564386186481
2023-02-10,21797.83,21938.16,21451.0,21625.19,338591.94247,-0.007852690932197315
2023-02-11,21625.19,21906.32,21599.78,21862.55,177021.58433,0.01097608853378862
2023-02-12,21862.02,22090.0,21630.0,21783.54,204435.65163,-0.0036139425638820333
2023-02-13,21782.37,21894.99,21351.07,21773.97,295730.76791,-0.0004393225343538587
2023-02-14,21774.63,22319.08,21532.77,22199.84,361958.40109,0.01955867487646934
2023-02-15,22199.84,24380.0,22047.28,24324.05,375669.16111,0.09568582476270104
2023-02-16,24322.87,25250.0,23505.25,23517.72,450080.68366,-0.033149496074872276
2023-02-17,23517.72,25021.11,23339.37,24569.97,496813.21376,0.04474285772600406
2023-02-18,24568.24,24877.0,24430.0,24631.95,216917.25213,0.002522591602675872
2023-02-19,24632.05,25192.0,24192.57,24271.76,300395.99542,-0.014622878010064233
2023-02-20,24272.51,25121.23,23840.83,24842.2,346938.56997,0.02350220997570851
2023-02-21,24843.89,25250.0,24148.34,24452.16,376000.82868,-0.01570070283630276
2023-02-22,24450.67,24476.05,23574.69,24182.21,379425.75365,-0.011039924489288477
2023-02-23,24182.21,24599.59,23608.0,23940.2,398400.45437,-0.01000777017485166
2023-02-24,23940.2,24132.35,22841.19,23185.29,343582.57453,-0.031533153440656325
2023-02-25,23184.04,23219.13,22722.0,23157.07,191311.8101,-0.0012171510470647684
2023-02-26,23157.07,23689.99,23059.18,23554.85,202323.73623,0.017177475388725716
2023-02-27,23554.85,23897.99,23106.77,23492.09,283706.0859,-0.002664419429544207
2023-02-28,23492.09,23600.0,23020.97,23141.57,264140.99894,-0.014920766947512987
2023-03-01,23141.57,24000.0,23020.03,23628.97,315287.41737,0.021061665219775483
2023-03-02,23629.76,23796.93,23195.9,23465.32,239315.45219,-0.00692582029601807
2023-03-03,23465.32,23476.95,21971.13,22354.34,319954.19785,-0.04734561471993559
2023-03-04,22354.34,22410.0,22157.08,22346.57,121257.38132,-0.0003475835117475734
2023-03-05,22346.57,22662.09,22189.22,22430.24,154841.75786,0.00374419877412957
2023-03-06,22430.24,22602.19,22258.0,22410.0,203751.82957,-0.0009023532516817534
2023-03-07,22409.41,22557.91,21927.0,22197.96,292519.80912,-0.009461847389558242
2023-03-08,22198.56,22287.0,21580.0,21705.44,301460.57272,-0.022187624448372745
2023-03-09,21704.37,21834.99,20042.72,20362.22,443658.28584,-0.06188402538718396
2023-03-10,20362.21,20367.78,19549.09,20150.69,618456.4671,-0.010388356475865668
2023-03-11,20150.69,20686.51,19765.03,20455.73,427831.82133,0.015137943167206735
2023-03-12,20455.73,22150.0,20270.6,21997.11,430944.94288,0.07535199183798391
2023-03-13,21998.05,24500.0,21813.88,24113.48,687889.31259,0.09621127502658289
2023-03-14,24112.27,26386.87,23976.42,24670.41,699360.93423,0.023096210086640312
2023-03-15,24670.41,25196.97,23896.95,24285.66,581450.72984,-0.01559560623435119
2023-03-16,24285.66,25167.4,24123.0,24998.78,439421.32998,0.02936383034267953
2023-03-17,24998.78,27756.84,24890.0,27395.13,624460.68091,0.09585867790348179
2023-03-18,27395.13,27724.85,26578.0,26907.49,371238.97174,-0.017800244057976755
2023-03-19,26907.49,28390.1,26827.22,27972.87,372066.99054,0.039594179910500626
2023-03-20,27972.87,28472.0,27124.47,27717.01,477378.23373,-0.009146719660871439
2023-03-21,27717.01,28438.55,27303.1,28105.47,420929.7422,0.014015220256441863
2023-03-22,28107.81,28868.05,26601.8,27250.97,224113.41296,-0.030403334297558482
2023-03-23,27250.97,28750.0,27105.0,28295.41,128649.60818,0.038326709104299805
2023-03-24,28295.42,28374.3,27000.0,27454.47,86242.06544,-0.029720014659621374
2023-03-25,27454.46,27787.33,27156.09,27462.95,50844.08102,0.0003088750210802349
2023-03-26,27462.96,28194.4,27417.76,27968.05,49671.70353,0.018392051837111456
2023-03-27,27968.05,28023.86,26508.14,27124.91,88039.46898,-0.030146542215134797
2023-03-28,27124.9,27520.0,26631.78,27261.07,78602.44341,0.005019740157663266
2023-03-29,27261.06,28650.0,27240.1,28348.6,89486.16008,0.03989315166279228
2023-03-30,28348.6,29184.68,27686.0,28028.53,98865.43256,-0.011290504645732002
2023-03-31,28028.53,28656.69,27511.71,28465.36,78198.12139,0.015585191231934026
2023-04-01,28465.36,28819.71,28220.27,28452.73,30238.44753,-0.00044369718141634706
2023-04-02,28452.74,28530.0,27856.43,28171.87,37365.65692,-0.0098711090289052
2023-04-03,28171.87,28500.99,27200.24,27800.0,79180.01405,-0.013200046713263913
2023-04-04,27800.0,28444.44,27662.79,28165.47,49722.55691,0.013146402877697971
2023-04-05,28165.47,28775.0,27805.1,28170.01,60737.64732,0.00016119028015504355
2023-04-06,28170.01,28182.05,27711.0,28033.82,40118.94963,-0.004834574073633635
2023-04-07,28033.83,28100.0,27766.94,27906.33,24762.09387,-0.004547721288072681
2023-04-08,27906.34,28154.99,27859.02,27938.38,19479.96735,0.0011484849494720617
2023-04-09,27938.38,28530.0,27800.0,28323.76,32531.16101,0.013793927922807203
2023-04-10,28323.76,29770.0,28170.0,29637.34,67754.0622,0.046377317135860574
2023-04-11,29637.35,30550.0,29590.0,30200.42,67990.07621,0.01899900598366777
2023-04-12,30200.43,30486.0,29637.4,29888.07,62049.48451,-0.010342571394702404
2023-04-13,29888.07,30595.0,29854.59,30373.84,51934.11731,0.01625297317625396
2023-04-14,30373.84,31000.0,29966.0,30466.93,75984.19452,0.003064808400913499
2023-04-15,30466.93,30595.6,30202.0,30295.09,25429.81247,-0.005640213831849872
2023-04-16,30295.1,30549.99,30120.0,30304.65,26431.99322,0.0003155626868909245
2023-04-17,30304.66,30316.06,29240.65,29430.27,56441.81127,-0.028852997807267244
2023-04-18,29430.27,30485.0,29096.78,30380.01,62004.89434,0.03227085582293321
2023-04-19,30380.01,30413.53,28520.0,28797.1,86575.48656,-0.05210366948529643
2023-04-20,28797.1,29088.3,28010.0,28243.65,76879.09372,-0.019218949130294316
2023-04-21,28243.65,28374.02,27125.0,27262.84,77684.7679,-0.03472674388756414
2023-04-22,27262.84,27882.72,27140.35,27816.85,36023.69686,0.020321067064179577
2023-04-23,27816.85,27816.85,27311.25,27590.6,34812.09581,-0.0081335593354388
2023-04-24,27590.59,28000.0,26942.82,27510.93,53111.56874,-0.002887577653258644
2023-04-25,27510.93,28399.99,27192.0,28300.79,52325.14637,0.02871077059190652
2023-04-26,28300.8,30036.0,27235.0,28415.29,129228.40403,0.004045823455811615
2023-04-27,28415.29,29890.0,28378.86,29472.77,95430.82431,0.03721517535101704
2023-04-28,29472.77,29599.54,28891.0,29311.7,54298.16578,-0.005465044513970008
2023-04-29,29311.69,29448.88,29031.0,29230.45,20466.83058,-0.002771930662499922
2023-04-30,29230.45,29969.39,29079.59,29233.21,39752.5372,9.442208382015593e-05
2023-05-01,29233.2,29337.34,27666.95,28068.26,64433.65958,-0.039850225137779915
2023-05-02,28068.26,28879.88,27872.0,28669.86,50824.5224,0.02143346256590184
2023-05-03,28669.85,29266.66,28113.69,29026.16,64615.79213,0.012427685381093623
2023-05-04,29026.16,29379.83,28663.64,28838.16,42575.47501,-0.006476915995777599
2023-05-05,28838.16,29677.0,28800.0,29505.61,58415.83048,0.023144680520532646
2023-05-06,29505.6,29820.0,28300.0,28848.2,49249.28459,-0.02228084760830229
2023-05-07,28848.19,29138.29,28395.23,28430.1,30003.41028,-0.01449310528906489
2023-05-08,28430.09,28631.01,27262.0,27668.79,68244.36179,-0.02677830890499855
2023-05-09,27668.8,27818.0,27353.0,27628.27,40113.31069,-0.0014644659199046783
2023-05-10,27628.28,28331.42,26777.0,27598.75,71155.11355,-0.0010684708090662465
2023-05-11,27598.74,27630.14,26702.05,26968.62,47635.31365,-0.02283183115177323
2023-05-12,26968.61,27091.12,25811.46,26795.01,67207.93494,-0.0064374817843849685
2023-05-13,26795.01,27045.45,26692.03,26775.28,22814.90421,-0.0007363311303112408
2023-05-14,26775.27,27200.0,26560.53,26917.62,21594.8036,0.005316097534741049
2023-05-15,26917.61,27663.59,26726.0,27162.14,40430.08333,0.009084012628159499
2023-05-16,27162.15,27296.89,26852.11,27033.84,33270.45451,-0.0047234864410535815
2023-05-17,27033.85,27500.0,26544.71,27405.61,42958.97785,0.013752023389943968
2023-05-18,27405.62,27485.33,26361.2,26821.28,49198.65143,-0.021321546938747327
2023-05-19,26821.28,27183.6,26630.0,26880.26,28754.13544,0.0021990001968585915
2023-05-20,26880.26,27150.0,26825.11,27102.43,14434.54718,0.008265173030320483
2023-05-21,27102.42,27277.55,26666.03,26747.78,21347.87279,-0.013085542514084558
2023-05-22,26747.78,27099.89,26538.21,26849.27,26458.83828,0.0037943335858154903
2023-05-23,26849.28,27495.83,26798.11,27219.61,38700.83858,0.013793298663241194
2023-05-24,27219.61,27219.61,26080.5,26329.01,54393.0657,-0.03271905806144915
2023-05-25,26329.0,26631.98,25871.89,26473.79,37435.44895,0.005498877473934849
2023-05-26,26473.8,26932.16,26327.24,26705.92,35061.18713,0.008768294981564617
2023-05-27,26705.93,26895.0,26551.0,26854.27,15095.6867,0.005554948116372804
2023-05-28,26854.28,28261.32,26764.36,28065.0,43916.00855,0.04508519501740316
2023-05-29,28065.01,28447.14,27524.6,27736.4,42385.41945,-0.011708533760912077
2023-05-30,27736.39,28038.59,27554.0,27694.4,32686.75371,-0.0015142556351941394
2023-05-31,27694.39,27835.51,26839.01,27210.35,46588.80573,-0.017478262753480966
2023-06-01,27210.36,27350.0,26605.05,26817.93,39217.8088,-0.014421718206491185
2023-06-02,26817.93,27300.0,26505.0,27242.59,36380.90269,0.01583492834831035
2023-06-03,27242.59,27333.29,26914.93,27069.22,16595.34117,-0.006363932357385971
2023-06-04,27069.22,27455.02,26951.0,27115.21,19258.41049,0.001698977658018963
2023-06-05,27115.2,27129.33,25388.0,25728.2,65805.60305,-0.05115247125137512
2023-06-06,25728.2,27355.33,25351.02,27230.08,68392.60438,0.05837485716062529
2023-06-07,27230.07,27391.77,26125.01,26339.34,59619.44364,-0.0327116189155523
2023-06-08,26339.34,26810.0,26210.0,26498.61,31075.51083,0.006046848554291717
2023-06-09,26498.62,26783.33,26269.91,26477.81,27934.7097,-0.000784946833060296
2023-06-10,26477.8,26533.87,25358.0,25841.21,64944.60108,-0.024042773930321393
2023-06-11,25841.22,26206.88,25634.7,25925.55,30014.29595,0.003263779056785765
2023-06-12,25925.54,26106.48,25602.11,25905.19,29900.50893,-0.0007853256729365432
2023-06-13,25905.2,26433.21,25712.57,25934.25,41065.60853,0.0011217829323004747
2023-06-14,25934.24,26098.0,24820.56,25128.6,45077.31608,-0.03106509731339835
2023-06-15,25128.6,25759.01,24800.0,25598.49,48664.86063,0.018699410233757652
2023-06-16,25598.49,26518.0,25175.56,26345.0,51596.91662,0.029162266993092212
2023-06-17,26345.01,26839.99,26181.0,26516.99,27842.2195,0.006528373505409135
2023-06-18,26516.99,26700.0,26255.85,26339.97,21538.31022,-0.006675719981792838
2023-06-19,26339.98,27068.09,26256.61,26844.35,35872.65974,0.019148844892382
2023-06-20,26844.35,28402.74,26652.0,28307.99,69666.95525,0.05452320506922326
2023-06-21,28308.0,30800.0,28257.99,29993.89,108926.40412,0.0595556236949355
2023-06-22,29993.89,30500.0,29525.61,29884.92,59054.5646,-0.003633073269255882
2023-06-23,29884.92,31431.94,29800.0,30688.5,73931.89635,0.026889146766998273
2023-06-24,30688.51,30800.0,30250.0,30527.43,30513.30135,-0.005248545872232224
2023-06-25,30527.44,31046.01,30277.49,30462.66,30223.44801,-0.002121698420076701
2023-06-26,30462.67,30666.0,29930.0,30267.99,45180.41489,-0.0063904465335593574
2023-06-27,30267.99,30994.97,30226.17,30692.44,42699.64157,0.014023065291087988
2023-06-28,30692.44,30709.74,29858.8,30077.41,40463.51937,-0.020038485047132126
2023-06-29,30077.4,30843.98,30049.98,30447.31,36330.62903,0.012298266373334643
2023-06-30,30447.31,31282.0,29500.0,30472.0,89419.07618,0.0008109090753829484
2023-07-01,30471.99,30661.6,30320.57,30585.9,17501.75075,0.003737857705434555
2023-07-02,30585.9,30791.0,30155.0,30617.03,23286.41019,0.00101778924275564
2023-07-03,30617.02,31380.0,30570.27,31156.2,43761.64311,0.017610133967925767
2023-07-04,31156.2,31350.69,30620.0,30766.51,33206.11943,-0.012507622880839175
2023-07-05,30766.52,30878.07,30200.0,30504.81,33215.67122,-0.008506002143239377
2023-07-06,30504.8,31500.0,29850.45,29895.43,71319.6261,-0.019976521735424746
2023-07-07,29895.42,30449.0,29701.02,30344.7,34070.53895,0.015028049437656454
2023-07-08,30344.7,30386.81,30044.47,30284.63,13094.59042,-0.001979587868721766
2023-07-09,30284.63,30445.52,30061.12,30160.71,15388.50196,-0.004091844608965056
2023-07-10,30160.71,31045.78,29950.0,30411.57,41262.87652,0.008317443455409412
2023-07-11,30411.57,30813.63,30300.0,30622.1,28476.83311,0.006922694224599457
2023-07-12,30622.1,30983.25,30210.0,30380.0,38108.99669,-0.007906054777431892
2023-07-13,30380.0,31804.2,30251.0,31454.23,70772.51836,0.03535977616853181
2023-07-14,31454.23,31630.0,29900.0,30312.01,60749.48424,-0.036313716787853334
2023-07-15,30312.0,30390.9,30200.0,30289.52,14118.55329,-0.0007419501379155591
2023-07-16,30289.52,30441.46,30064.29,30231.99,15760.1281,-0.0018993368003190625
2023-07-17,30232.0,30336.96,29659.2,30138.0,30882.76839,-0.0031089584245033164
2023-07-18,30138.01,30239.78,29512.0,29859.13,30003.8601,-0.009253102395646695
2023-07-19,29859.14,30189.09,29761.96,29909.21,25657.36137,0.0016772089474810237
2023-07-20,29909.21,30417.46,29570.96,29800.0,37540.68193,-0.003651383637347849
2023-07-21,29800.0,30061.7,29726.34,29901.72,23881.40865,0.003413422818792089
2023-07-22,29901.72,29999.0,29625.1,29794.0,14660.40467,-0.0036024683529910506
2023-07-23,29793.99,30350.0,29730.0,30083.75,18292.78637,0.009725112438746075
2023-07-24,30083.75,30099.58,28861.9,29176.5,39628.99691,-0.03015747704325422
2023-07-25,29176.5,29376.0,29047.65,29228.91,21565.7478,0.001796308673075897
2023-07-26,29228.91,29690.0,29096.94,29351.96,33931.63366,0.0042098730332400525
2023-07-27,29351.95,29567.49,29083.85,29222.78,22476.47626,-0.004401068957575638
2023-07-28,29222.78,29542.22,29123.12,29314.14,23993.61627,0.003126328159059444
2023-07-29,29314.14,29406.92,29256.18,29352.9,10851.36844,0.0013222287947045608
2023-07-30,29352.9,29449.0,29033.24,29281.09,15706.97441,-0.0024464362976061027
2023-07-31,29281.09,29530.0,29101.8,29232.25,22605.48964,-0.0016679706937139382
2023-08-01,29232.26,29739.25,28585.7,29705.99,44719.65162,0.01620607377126304
2023-08-02,29705.99,30047.5,28927.5,29186.01,48181.65141,-0.01750421379661149
2023-08-03,29186.0,29433.33,28968.0,29193.64,26476.91994,0.00026142662186434684
2023-08-04,29193.65,29333.08,28807.54,29113.99,23551.95217,-0.002728333979592712
2023-08-05,29114.0,29152.23,28978.64,29072.13,11645.52018,-0.0014377967430778682
2023-08-06,29072.13,29205.09,28991.88,29088.42,13178.1972,0.0005603304608226001
2023-08-07,29088.43,29276.78,28701.03,29211.06,30966.87746,0.004216110740975276
2023-08-08,29211.06,30244.0,29146.45,29770.42,45700.53392,0.019148911405474367
2023-08-09,29770.41,30160.0,29376.67,29581.99,38003.88725,-0.006329437072100319
2023-08-10,29581.99,29738.0,29320.2,29455.75,23463.45373,-0.0042674613844437825
2023-08-11,29455.76,29564.52,29252.45,29426.03,20637.0443,-0.0010089710837443144
2023-08-12,29426.02,29481.35,29381.56,29430.17,8971.48068,0.0001406917616817438
2023-08-13,29430.18,29474.65,29272.32,29303.84,11101.70947,-0.004292533818187172
2023-08-14,29303.85,29695.32,29102.45,29430.93,31443.11532,0.004336974266853755
2023-08-15,29430.92,29499.26,29059.6,29200.0,27503.87691,-0.007846507059070196
2023-08-16,29200.01,29259.85,28723.08,28730.51,32996.69854,-0.016078424657534285
2023-08-17,28730.51,28783.48,25166.0,26623.41,100271.54033,-0.07334015302895769
2023-08-18,26623.41,26832.6,25619.0,26054.0,69790.65711,-0.0213875683092436
2023-08-19,26054.0,26281.0,25801.09,26100.01,26160.75343,0.001765947647194288
2023-08-20,26100.01,26299.0,25971.05,26189.99,19056.91209,0.003447508257659715
2023-08-21,26190.0,26258.42,25812.0,26126.92,30267.24233,-0.0024081719771562593
2023-08-22,26126.92,26139.42,25300.0,26056.0,34247.06688,-0.0027144416563451568
2023-08-23,26055.99,26819.27,25812.82,26432.72,44023.69978,0.014458090267116974
2023-08-24,26432.71,26577.87,25864.0,26180.05,30205.22116,-0.009558985984038038
2023-08-25,26180.05,26314.05,25777.15,26060.01,27753.33772,-0.0045851707693453925
2023-08-26,26060.0,26125.77,25985.92,26017.37,10022.22322,-0.0016362234703670708
2023-08-27,26017.38,26182.23,25966.11,26101.77,12099.64216,0.003243986613558514
2023-08-28,26101.78,26253.99,25864.5,26120.0,22692.62655,0.0006984200688304742
2023-08-29,26120.0,28142.85,25922.0,27716.34,74251.99488,0.061115620214395205
2023-08-30,27716.34,27768.57,27017.24,27299.99,35448.25848,-0.015021824670934159
2023-08-31,27299.99,27587.51,25655.01,25940.78,51032.80401,-0.04978793032524931
2023-09-01,25940.77,26156.0,25333.75,25805.05,41032.15056,-0.005232302189833948
2023-09-02,25805.04,25987.5,25752.47,25869.51,16250.77698,0.002497960670488908
2023-09-03,25869.52,26135.0,25800.0,25971.21,17474.47667,0.003931268895313478
2023-09-04,25971.21,26108.02,25631.21,25826.02,21777.59609,-0.005590421085501895
2023-09-05,25826.03,25915.49,25562.62,25792.1,21323.39337,-0.0013134040785224288
2023-09-06,25792.11,26040.0,25372.51,25759.95,27262.52386,-0.0012465057129895651
2023-09-07,25759.95,26443.14,25615.38,26255.0,27687.49567,0.01921781680476853
2023-09-08,26255.0,26445.5,25647.26,25910.5,28999.76471,-0.01312131022662355
2023-09-09,25910.5,25945.09,25796.64,25901.61,10980.62277,-0.0003431041469674767
2023-09-10,25901.6,26033.66,25570.57,25841.61,18738.26914,-0.002316458320544501
2023-09-11,25841.6,25900.69,24901.0,25162.52,41682.32,-0.026278935406888304
2023-09-12,25162.53,26567.0,25131.48,25840.1,56434.38537,0.026928145511657675
2023-09-13,25840.1,26405.22,25764.17,26222.0,31610.82753,0.01477935456906132
2023-09-14,26222.0,26860.49,26126.77,26522.73,38333.1725,0.011468614140797806
2023-09-15,26522.73,26888.0,26224.0,26600.0,26227.29369,0.0029133501717206745
2023-09-16,26599.99,26777.0,26445.0,26559.67,13960.93351,-0.001516165413533943
2023-09-17,26559.67,26623.25,26399.0,26527.51,12998.10277,-0.0012108584180451354
2023-09-18,26527.5,27409.0,26377.35,26762.51,43000.43256,0.00885872816559119
2023-09-19,26762.5,27483.57,26667.79,27210.26,36190.52187,0.016730493514995448
2023-09-20,27210.25,27388.63,26800.0,27125.0,34207.21867,-0.0031333768953327734
2023-09-21,27125.01,27159.6,26377.7,26568.08,34476.82662,-0.020531612903225693
2023-09-22,26568.08,26743.38,26468.77,26580.14,18198.2292,0.00045392817245337724
2023-09-23,26580.14,26632.81,26509.0,26575.96,9440.7026,-0.00015726027026197187
2023-09-24,26575.97,26738.54,26122.08,26248.38,15706.65771,-0.012326177492741452
2023-09-25,26248.39,26446.15,25990.46,26304.81,26266.2039,0.0021498469619840588
2023-09-26,26304.8,26397.46,26088.34,26221.67,18495.35066,-0.0031606386816709353
2023-09-27,26221.68,26850.0,26112.06,26372.99,34771.57978,0.005770799495226742
2023-09-28,26373.0,27308.48,26342.4,27021.39,44517.83491,0.024585759900564774
2023-09-29,27021.39,27244.89,26665.16,26906.96,28478.76219,-0.004234793250828317
2023-09-30,26906.96,27094.99,26886.31,26962.56,12804.62307,0.002066379851161315
2023-10-01,26962.57,28065.51,26954.09,27992.57,24602.81468,0.03820149125305594
2023-10-02,27992.58,28580.0,27281.44,27494.51,57071.14241,-0.017792578530660186
2023-10-03,27494.51,27676.52,27160.5,27426.46,28928.96555,-0.0024750395624435484
2023-10-04,27426.45,27839.72,27202.0,27778.57,29816.142,0.012838332034101452
2023-10-05,27778.57,28120.39,27352.0,27410.39,30681.49619,-0.013254101993011136
2023-10-06,27410.39,28295.0,27175.94,27931.09,37983.24277,0.01899644623808716
2023-10-07,27931.1,28029.67,27842.08,27956.67,13348.83825,0.0009158253401495564
2023-10-08,27956.67,28095.14,27687.5,27917.05,19693.56921,-0.0014171931063320375
2023-10-09,27917.06,27987.93,27260.0,27590.12,31534.74639,-0.01171076456860598
2023-10-10,27590.12,27735.0,27298.0,27390.12,22776.84383,-0.007248971733359588
2023-10-11,27390.12,27477.39,26538.66,26875.52,37349.44706,-0.018787796475517426
2023-10-12,26875.52,26947.04,26555.0,26759.63,23428.64112,-0.004312102612340163
2023-10-13,26759.63,27130.0,26685.0,26862.0,24115.76499,0.0038255386939205493
2023-10-14,26862.0,26989.58,26789.0,26852.48,10417.25576,-0.00035440399076769324
2023-10-15,26852.48,27293.33,26808.25,27154.15,15274.6917,0.011234344090378379
2023-10-16,27154.14,30000.0,27112.66,28500.78,78399.22445,0.04959205130707445
2023-10-17,28500.77,28613.65,28069.32,28395.91,38428.44532,-0.003679548419376566
2023-10-18,28395.91,28982.36,28142.87,28320.0,32162.47591,-0.00267327231280845
2023-10-19,28320.0,28916.89,28100.66,28713.71,35895.50179,0.013902189265536657
2023-10-20,28713.71,30207.55,28578.29,29669.04,59422.0992,0.0332708660775638
2023-10-21,29669.05,30379.99,29464.77,29909.8,27517.51897,0.00811485642946308
2023-10-22,29909.8,30248.0,29640.0,29992.46,22852.54563,0.002763642685674972
2023-10-23,29992.46,34741.91,29883.6,33069.99,93513.64246,0.10261012267749958
2023-10-24,33069.99,35280.0,32832.34,33922.73,115265.02418,0.02578591647593509
2023-10-25,33922.73,35132.85,33679.05,34496.05,54887.02529,0.0169007624091575
2023-10-26,34496.05,34824.13,33751.0,34151.66,39744.66255,-0.009983461874620403
2023-10-27,34151.66,34245.0,33390.95,33892.02,32330.40106,-0.007602558704320916
2023-10-28,33892.01,34493.33,33860.0,34081.0,16880.13144,0.005575943835746777
2023-10-29,34081.01,34750.11,33930.0,34525.89,20685.52176,0.013053901000557477
2023-10-30,34525.88,34856.0,34062.84,34474.73,33657.95976,-0.0014817865665446295
2023-10-31,34474.74,34720.49,34025.0,34639.77,32737.89822,0.004787274621149917
2023-11-01,34639.78,35582.0,34097.39,35421.43,53473.28165,0.022565392322177802
2023-11-02,35421.43,35984.99,34300.0,34941.59,48015.57732,-0.013546601591183705
2023-11-03,34941.58,34946.5,34120.0,34716.78,39071.20644,-0.006433880083877019
2023-11-04,34716.78,35255.0,34585.18,35062.07,18377.55545,0.009945910882288134
2023-11-05,35062.06,35380.0,34448.0,35011.88,24528.73376,-0.0014314614054447006
2023-11-06,35011.89,35276.33,34725.9,35046.09,22346.47086,0.00097709691681791
2023-11-07,35046.09,35888.0,34523.06,35399.12,38688.73692,0.010073306323187703
2023-11-08,35399.13,36106.0,35100.0,35624.72,33401.34137,0.006373039781779832
2023-11-09,35624.72,37972.24,35534.05,36701.09,82537.88885,0.030214132209319677
2023-11-10,36701.1,37526.0,36324.71,37301.63,43414.04898,0.016363001752808914
2023-11-11,37301.63,37408.26,36666.93,37130.0,22984.97235,-0.004601139414014854
2023-11-12,37129.99,37222.22,36731.1,37064.13,17687.18874,-0.0017740371667116506
2023-11-13,37064.13,37417.99,36333.0,36462.93,32798.18252,-0.016220534516795504
2023-11-14,36462.93,36744.0,34800.0,35551.19,45503.68416,-0.025004573137704433
2023-11-15,35551.2,37980.0,35360.0,37858.2,53569.13385,0.06489262384747163
2023-11-16,37858.2,37929.54,35500.0,36163.51,47490.39566,-0.044764146208747246
2023-11-17,36163.51,36800.0,35861.1,36613.92,38283.61112,0.012454819789339933
2023-11-18,36613.91,36845.49,36178.58,36568.1,17102.24186,-0.0012514366120863762
2023-11-19,36568.11,37500.0,36384.02,37359.86,21246.34648,0.021651658139197894
2023-11-20,37359.85,37750.0,36677.0,37448.78,36022.70291,0.0023800945720888755
2023-11-21,37448.79,37649.44,35735.0,35741.65,47646.54804,-0.04558573069670091
2023-11-22,35741.65,37861.1,35632.01,37408.34,45051.30697,0.046631590875071405
2023-11-23,37408.35,37653.44,36870.0,37294.28,23827.92882,-0.003049052697874255
2023-11-24,37294.27,38414.0,37251.51,37713.57,44680.80646,0.011242742854936427
2023-11-25,37713.57,37888.0,37591.1,37780.67,11396.14464,0.001779200431038408
2023-11-26,37780.67,37814.63,37150.0,37447.43,21264.53723,-0.008820383545342092
2023-11-27,37447.42,37569.23,36707.0,37242.7,30001.07376,-0.005467130855174918
2023-11-28,37242.7,38377.0,36868.41,37818.87,37544.46667,0.0154706828452289
2023-11-29,37818.88,38450.0,37570.0,37854.64,32994.19107,0.0009458241348827556
2023-11-30,37854.65,38145.85,37500.0,37723.96,24740.29147,-0.0034521527611939273
2023-12-01,37723.97,38999.0,37615.86,38682.52,43415.66324,0.025409845625962824
2023-12-02,38682.51,39717.14,38641.61,39450.35,26696.92161,0.019849534104810163
2023-12-03,39450.35,40250.0,39274.86,39972.26,26710.65335,0.013229540422328379
2023-12-04,39972.26,42420.0,39972.26,41991.1,79272.33059,0.05050602592898157
2023-12-05,41991.1,44488.0,41414.0,44073.32,67490.74644,0.04958717442505667
2023-12-06,44073.82,44297.21,43335.28,43762.69,51431.10492,-0.007048028149456376
2023-12-07,43762.69,44047.33,42821.1,43273.14,47103.26845,-0.011186469570312108
2023-12-08,43273.15,44700.0,43081.1,44170.99,42900.37556,0.02074843655902936
2023-12-09,44171.0,44358.02,43584.51,43713.6,24925.97008,-0.010354986383596998
2023-12-10,43713.59,44049.0,43563.0,43789.51,18956.61758,0.0017365305076681992
2023-12-11,43789.5,43804.5,40222.0,41253.4,76663.89804,-0.05791592552645597
2023-12-12,41253.41,42104.12,40680.0,41492.39,42722.69773,0.005793219467971067
2023-12-13,41492.38,43475.2,40555.0,42869.03,45865.99773,0.033178132182793085
2023-12-14,42869.03,43420.0,41400.0,43022.26,42047.05709,0.0035743752541170792
2023-12-15,43022.26,43080.81,41666.0,41940.3,33421.7932,-0.02514884155318664
2023-12-16,41940.29,42724.43,41605.0,42278.03,24118.85747,0.008052636724105389
2023-12-17,42278.02,42424.07,41252.0,41374.65,27722.11452,-0.02136759919986808
2023-12-18,41374.64,42757.81,40542.93,42657.8,46734.0925,0.03101295116695857
2023-12-19,42657.8,43497.0,41811.1,42275.99,40927.86444,-0.00895053190741213
2023-12-20,42275.99,44283.0,42206.0,43668.93,48710.2947,0.03294872574243679
2023-12-21,43668.92,44242.35,43286.72,43861.8,34624.29384,0.004416641305385882
2023-12-22,43861.79,44398.26,43412.54,43969.04,32783.19638,0.0024449520995490914
2023-12-23,43969.04,43988.68,43291.1,43702.16,16557.1293,-0.006069725424980743
2023-12-24,43702.15,43946.0,42500.0,42991.5,25144.33496,-0.016261438793872096
2023-12-25,42991.5,43802.32,42720.43,43576.13,27021.23992,0.013598734633590404
2023-12-26,43576.12,43592.68,41637.6,42508.93,41010.04282,-0.024490472192000512
2023-12-27,42508.93,43677.0,42098.69,43428.85,36191.21136,0.021640629392459365
2023-12-28,43428.86,43787.57,42241.79,42563.76,35150.52485,-0.01991970775187457
2023-12-29,42563.76,43111.0,41300.0,42066.95,42597.18912,-0.011672136108276221
2023-12-30,42066.94,42612.32,41520.3,42140.28,22906.57818,0.0017431736790995966
2023-12-31,42140.29,42899.0,41965.84,42283.58,23585.91603,0.0034005469351414686
2024-01-01,42283.58,44184.1,42180.77,44179.55,27174.29903,0.04483939155577654
2024-01-02,44179.55,45879.63,44148.34,44946.91,65146.40661,0.017369122139089255
2024-01-03,44946.91,45500.0,40750.0,42845.23,81194.55173,-0.04675916542427505
2024-01-04,42845.23,44729.58,42613.77,44151.1,48038.06334,0.030478772082679795
2024-01-05,44151.1,44357.46,42450.0,44145.11,48075.25327,-0.00013567045894657959
2024-01-06,44145.12,44214.42,43397.05,43968.32,17835.06144,-0.00400474707164622
2024-01-07,43968.32,44480.59,43572.09,43929.02,23023.8508,-0.0008938253724500855
2024-01-08,43929.01,47248.99,43175.0,46951.04,72814.57589,0.06879324874536241
2024-01-09,46951.04,47972.0,44748.67,46110.0,69927.66617,-0.01791312822889546
2024-01-10,46110.0,47695.93,44300.36,46653.99,89911.41203,0.011797657774886172
2024-01-11,46654.0,48969.48,45606.06,46339.16,87470.3296,-0.006748190240534524
2024-01-12,46339.16,46515.53,41500.0,42782.73,86327.93707,-0.07674783056058854
2024-01-13,42782.74,43257.0,42436.12,42847.99,36118.47464,0.0015253818538460973
2024-01-14,42847.99,43079.0,41720.0,41732.35,28228.40894,-0.0260371606696137
2024-01-15,41732.35,43400.43,41718.05,42511.1,40269.89303,0.018660583456239666
2024-01-16,42511.1,43578.01,42050.0,43137.95,45045.74589,0.014745560571238991
2024-01-17,43137.94,43198.0,42200.69,42776.1,33266.21388,-0.008388205744593757
2024-01-18,42776.09,42930.0,40683.28,41327.5,43907.51641,-0.0338647048234878
2024-01-19,41327.51,42196.86,40280.0,41659.03,48342.74559,0.008022019236585853
2024-01-20,41659.03,41872.56,41456.3,41696.04,15923.99493,0.0008884028264701804
2024-01-21,41696.05,41881.39,41500.98,41580.33,11730.16301,-0.00277508367701107
2024-01-22,41580.32,41689.65,39431.58,39568.02,55426.19911,-0.048395719803089654
2024-01-23,39568.02,40176.74,38555.0,39897.6,57956.63351,0.008329453937801379
2024-01-24,39897.59,40555.0,39484.19,40084.88,39293.82861,0.004694016682707636
2024-01-25,40084.89,40300.24,39550.0,39961.09,31022.11853,-0.003088196846292135
2024-01-26,39961.09,42246.82,39822.52,41823.51,47384.96726,0.04660583582680067
2024-01-27,41823.51,42200.0,41394.34,42120.63,16224.41667,0.007104138318376307
2024-01-28,42120.63,42842.68,41620.81,42031.06,27294.99838,-0.0021265114030820653
2024-01-29,42031.05,43333.0,41804.88,43302.7,31542.74207,0.03025476873531141
2024-01-30,43302.71,43882.36,42683.99,42941.1,37619.24546,-0.008350518558888909
2024-01-31,42941.1,43745.11,42276.84,42580.0,39871.13688,-0.008409193057467013
2024-02-01,42580.0,43285.13,41884.28,43082.94,35231.04664,0.011811648661343321
2024-02-02,43082.95,43488.0,42546.79,43200.0,29672.14418,0.0027170847671955656
2024-02-03,43199.99,43380.01,42880.0,43011.09,12033.40998,-0.004372916666666726
2024-02-04,43011.1,43119.04,42222.0,42582.88,17066.89404,-0.00995580442160382
2024-02-05,42582.88,43569.76,42258.1,42708.7,29467.75905,0.0029547085589325395
2024-02-06,42708.7,43399.98,42574.0,43098.95,24675.85433,0.009137482526979213
2024-02-07,43098.96,44396.5,42788.0,44349.6,34392.59915,0.029018108329785353
2024-02-08,44349.6,45614.3,44331.1,45288.65,45439.62231,0.021173809910348673
2024-02-09,45288.66,48200.0,45242.12,47132.77,73503.481,0.04071925305788526
2024-02-10,47132.78,48170.0,46800.0,47751.09,24802.35936,0.013118685789101692
2024-02-11,47751.08,48592.66,47557.16,48299.99,29958.80837,0.011495025558578842
2024-02-12,48300.0,50334.82,47710.01,49917.27,59009.96705,0.03348406490353306
2024-02-13,49917.28,50368.61,48300.95,49699.59,55551.56706,-0.004360815405169416
2024-02-14,49699.6,52043.71,49225.01,51795.17,57046.37401,0.04216493536465804
2024-02-15,51795.17,52816.62,51314.0,51880.0,53816.03055,0.001637797501195637
2024-02-16,51880.01,52572.08,51566.0,52124.11,37772.25318,0.004705281418658558
2024-02-17,52124.1,52162.82,50625.0,51642.64,25674.00622,-0.00923699224792518
2024-02-18,51642.64,52377.0,51163.28,52137.67,21992.10363,0.009585683458475325
2024-02-19,52137.68,52488.77,51677.0,51774.73,29534.99432,-0.0069611856456185395
2024-02-20,51774.74,52985.0,50760.37,52258.82,49614.47318,0.009349928044047662
2024-02-21,52258.82,52366.8,50625.0,51849.39,43079.40049,-0.007834658340927003
2024-02-22,51849.38,52065.78,50940.78,51288.42,35309.44574,-0.010819220824005882
2024-02-23,51288.42,51548.54,50521.0,50744.15,30545.79544,-0.010611947102289299
2024-02-24,50744.15,51698.0,50585.0,51568.22,16560.4211,0.016239704478250294
2024-02-25,51568.21,51958.55,51279.8,51728.85,18721.63159,0.0031149029382824267
2024-02-26,51728.85,54910.0,50901.44,54476.47,51256.72199,0.05311581448263403
2024-02-27,54476.48,57588.15,54450.13,57037.34,67194.98562,0.04700873606531397
2024-02-28,57037.35,64000.0,56691.85,62432.1,118763.46984,0.09458295215029322
2024-02-29,62432.11,63676.35,60364.7,61130.98,78425.07603,-0.020840561185672013
2024-03-01,61130.99,63114.23,60777.0,62387.9,47737.93473,0.02056109684484042
2024-03-02,62387.9,62433.19,61561.12,61987.28,25534.73659,-0.006421437490282567
2024-03-03,61987.28,63231.88,61320.0,63113.97,28994.90903,0.018176148396896963
2024-03-04,63113.97,68499.0,62300.0,68245.71,84835.16005,0.08130909844524137
2024-03-05,68245.71,69000.0,59005.0,63724.01,132696.7813,-0.0662561793261438
2024-03-06,63724.01,67641.1,62779.14,66074.04,78738.85491,0.03687825044280779
2024-03-07,66074.04,67980.0,65551.0,66823.17,53059.8869,0.011337735667442228
2024-03-08,66823.18,69990.0,66082.66,68124.19,74261.932842,0.01946959415424332
2024-03-09,68124.2,68541.1,67861.1,68313.27,19872.89743,0.002775519239201163
2024-03-10,68313.28,69887.61,68094.75,68955.88,38404.66835,0.009406810711886537
2024-03-11,68955.88,72800.0,67024.96,72078.1,75292.825726,0.04527851721999632
2024-03-12,72078.1,73000.0,68620.82,71452.01,68783.546691,-0.008686272251904659
2024-03-13,71452.0,73650.25,71333.31,73072.41,52659.711647,0.02267815838910625
2024-03-14,73072.4,73777.0,68555.0,71388.94,71757.628746,-0.02303838069662678
2024-03-15,71388.94,72419.71,65600.0,69499.85,103334.03546,-0.026461942143979122
2024-03-16,69499.84,70043.0,64780.0,65300.63,55926.95336,-0.06042056205876711
2024-03-17,65300.64,68904.4,64533.0,68393.48,49742.21589,0.04736324902225286
2024-03-18,68393.47,68956.0,66565.2,67609.99,55691.08088,-0.011455624132592601
2024-03-19,67610.0,68124.11,61555.0,61937.4,101005.32487,-0.08390165417862072
2024-03-20,61937.41,68100.0,60775.0,67840.51,90420.58592,0.09530768162693293
2024-03-21,67840.51,68240.47,64529.01,65501.27,53357.48002,-0.034481462477213065
2024-03-22,65501.28,66649.62,62260.0,63796.64,51482.37821,-0.026024380901316868
2024-03-23,63796.64,65999.0,63000.0,63990.01,26410.11409,0.003031037371247214
2024-03-24,63990.02,67628.69,63772.29,67209.99,31395.78015,0.05032004214407837
2024-03-25,67210.0,71150.0,66385.06,69880.01,53431.14486,0.039726534701165495
2024-03-26,69880.0,71561.1,69280.0,69988.0,38934.38417,0.0015453632591067024
2024-03-27,69987.99,71769.54,68359.18,69469.99,49119.35685,-0.007401411670572067
2024-03-28,69469.99,71552.06,68903.62,70780.6,35439.03239,0.018865844086057848
2024-03-29,70780.6,70916.16,69009.0,69850.54,25445.08353,-0.01314004119772949
2024-03-30,69850.53,70321.1,69540.0,69582.18,13644.61142,-0.0038419173280550556
2024-03-31,69582.17,71366.0,69562.99,71280.01,19396.34433,0.024400356528065048
2024-04-01,71280.0,71288.23,68062.86,69649.8,41445.32039,-0.022870507453632394
2024-04-02,69649.81,69674.23,64550.0,65463.99,71799.82793,-0.0600979471584987
2024-04-03,65463.99,66903.63,64493.07,65963.28,39887.21778,0.007626941162614864
2024-04-04,65963.27,69309.91,65064.52,68487.79,41510.48453,0.03827144435510177
2024-04-05,68487.8,68756.67,65952.56,67820.62,37915.23073,-0.009741444423889245
2024-04-06,67820.63,69692.0,67447.83,68896.0,20134.28919,0.01585623959202964
2024-04-07,68896.0,70326.29,68824.0,69360.39,21534.74433,0.006740449372967916
2024-04-08,69360.38,72797.99,69043.24,71620.0,45723.87624,0.03257781566683815
2024-04-09,71620.0,71758.19,68210.0,69146.0,39293.90242,-0.034543423624685876
2024-04-10,69146.0,71172.08,67518.0,70631.08,42006.02377,0.02147745350417951
2024-04-11,70631.08,71305.89,69567.21,70006.23,31917.25595,-0.008846672031632585
2024-04-12,70006.22,71227.46,65086.86,67116.52,56072.86229,-0.04127789769567636
2024-04-13,67116.52,67929.0,60660.57,63924.51,71395.22019,-0.047559229828960214
2024-04-14,63924.52,65840.0,62134.0,65661.84,61599.17818,0.027177838359652595
2024-04-15,65661.85,66867.07,62274.4,63419.99,52389.53069,-0.034142357265650736
2024-04-16,63419.99,64365.0,61600.0,63793.39,53435.29331,0.005887733504845949
2024-04-17,63793.4,64499.0,59678.16,61277.37,50610.54509,-0.03944013635268473
2024-04-18,61277.38,64117.09,60803.35,63470.08,43601.60918,0.03578335689015377
2024-04-19,63470.09,65450.0,59600.01,63818.01,69774.30271,0.005481795516879773
2024-04-20,63818.01,65419.0,63090.07,64940.59,23137.42975,0.017590332258871744
2024-04-21,64940.58,65695.56,64237.5,64941.15,19316.42152,8.623266280816111e-06
2024-04-22,64941.15,67232.35,64500.0,66819.32,31397.99371,0.028921107802987844
2024-04-23,66819.32,67183.01,65765.81,66414.0,22599.90004,-0.0060659102786441155
2024-04-24,66414.0,67070.43,63606.06,64289.59,33595.69637,-0.031987382178456425
2024-04-25,64289.58,65297.94,62794.0,64498.34,31341.46338,0.003247026462604552
2024-04-26,64498.33,64820.01,63297.48,63770.01,27085.19346,-0.0112922286061935
2024-04-27,63770.0,63923.41,62391.24,63461.98,20933.06052,-0.004830326982856015
2024-04-28,63461.98,64370.0,62781.0,63118.62,16949.20005,-0.0054104835682718955
2024-04-29,63118.62,64228.35,61765.53,63866.0,28150.22947,0.01184087991784355
2024-04-30,63866.0,64734.0,59191.6,60672.0,54947.65535,-0.05001096044843889
2024-05-01,60672.01,60841.63,56552.82,58364.97,81166.46823,-0.03802462420886077
2024-05-02,58364.97,59625.0,56911.84,59060.61,47583.81961,0.011918793070569533
2024-05-03,59060.6,63333.0,58811.32,62882.01,43628.40143,0.06470302287768459
2024-05-04,62882.01,64540.0,62541.03,63892.04,24368.69282,0.016062304624168355
2024-05-05,63892.03,64646.0,62822.17,64012.0,18526.75029,0.0018775421789631874
2024-05-06,64012.0,65500.0,62700.0,63165.19,34674.91949,-0.013228925826407556
2024-05-07,63165.18,64422.41,62261.0,62312.08,25598.79472,-0.013506014942723965
2024-05-08,62312.07,63020.22,60888.0,61193.03,26121.19004,-0.01795879707433945
2024-05-09,61193.03,63429.03,60630.0,63074.01,30660.8061,0.030738468090238502
2024-05-10,63074.0,63469.13,60187.12,60799.99,36529.34025,-0.03605320162773862
2024-05-11,60799.99,61515.0,60487.09,60825.99,13374.56936,0.0004276316492815013
2024-05-12,60825.99,61888.0,60610.0,61483.99,12753.13236,0.010817744191257805
2024-05-13,61484.0,63450.0,60749.21,62940.08,32733.41839,0.02368242529478004
2024-05-14,62940.09,63118.36,61142.77,61577.49,29088.72041,-0.021649003306001613
2024-05-15,61577.49,66444.16,61319.47,66206.5,43559.74719,0.0751737363767182
2024-05-16,66206.51,66752.01,64602.77,65235.21,31106.3671,-0.014670613912531216
2024-05-17,65235.21,67451.2,65106.38,67024.0,26292.23409,0.027420621471134998
2024-05-18,67024.0,67400.01,66600.0,66915.2,14441.25774,-0.0016232991167343114
2024-05-19,66915.2,67700.0,65857.25,66274.01,18025.30409,-0.009582127827459264
2024-05-20,66274.0,71515.56,66060.31,71446.62,50816.7011,0.07804884599558704
2024-05-21,71446.62,71979.0,69162.94,70148.34,49607.4336,-0.018171328468722492
2024-05-22,70148.34,70666.0,68842.19,69166.62,27673.18026,-0.013994914206095221
2024-05-23,69166.62,70096.12,66312.16,67969.65,40513.17374,-0.017305602037514634
2024-05-24,67969.66,69250.0,66600.12,68549.99,28095.83664,0.008538222574340226
2024-05-25,68549.99,69610.0,68500.0,69290.57,12130.39418,0.010803502670095222
2024-05-26,69290.56,69562.23,68128.01,68507.67,11872.11797,-0.011298795781301996
2024-05-27,68507.67,70687.56,68250.0,69436.43,23136.92737,0.01355702215532939
2024-05-28,69436.43,69591.81,67277.91,68398.39,32622.97042,-0.014949501292044975
2024-05-29,68398.4,68935.68,67124.65,67652.42,23159.83149,-0.010906250863507161
2024-05-30,67652.41,69500.0,67128.0,68352.17,28478.2184,0.01034331070492378
2024-05-31,68352.17,69044.1,66670.0,67540.01,26690.32184,-0.011881992919902995
2024-06-01,67540.01,67900.0,67428.44,67766.85,8837.66133,0.0033586018124664996
2024-06-02,67766.84,68460.0,67257.47,67765.63,15426.32529,-1.8002902599123516e-05
2024-06-03,67765.62,70288.0,67612.48,68809.9,29633.374,0.015410024226145236
2024-06-04,68809.89,71063.45,68567.32,70537.84,29619.78489,0.025111793506457758
2024-06-05,70537.83,71758.0,70383.66,71108.0,28703.18082,0.00808303741651284
2024-06-06,71108.0,71700.0,70117.64,70799.06,21842.00449,-0.004344658828823844
2024-06-07,70799.06,71997.02,68420.0,69355.6,35598.45045,-0.020388123797123736
2024-06-08,69355.6,69582.2,69168.02,69310.46,9773.82967,-0.0006508486697541782
2024-06-09,69310.46,69857.14,69130.24,69648.14,9890.56709,0.004871991904252138
2024-06-10,69648.15,70195.94,69172.29,69540.0,17122.66941,-0.0015526617078359672
2024-06-11,69540.0,69590.01,66051.0,67314.24,41436.01588,-0.032006902502156986
2024-06-12,67314.23,69999.0,66905.0,68263.99,37175.32356,0.014109198885703833
2024-06-13,68263.98,68449.3,66251.78,66773.01,29079.55571,-0.021841383722223218
2024-06-14,66773.01,67370.24,65078.0,66043.99,28408.18797,-0.010917884336799966
2024-06-15,66043.99,66478.48,65857.1,66228.25,11451.80242,0.0027899586321176173
2024-06-16,66228.25,66998.7,66034.5,66676.87,9392.52223,0.006773846508098869
2024-06-17,66676.86,67298.81,65130.0,66504.33,27386.16851,-0.002587703951910103
2024-06-18,66504.33,66588.23,64060.0,65175.32,42350.10244,-0.019983811580388866
2024-06-19,65175.32,65727.54,64666.0,64974.37,20060.79576,-0.0030832222994838787
2024-06-20,64974.37,66482.94,64559.15,64869.99,24265.29031,-0.0016064796011104887
2024-06-21,64869.99,65066.66,63379.35,64143.56,25993.56442,-0.011198244365383747
2024-06-22,64143.56,64546.81,63943.82,64262.01,7308.95542,0.0018466390078755168
2024-06-23,64262.01,64521.0,63178.32,63210.01,8224.45447,-0.016370480786393027
2024-06-24,63210.01,63369.8,58402.0,60293.3,52161.35414,-0.04614316624851034
2024-06-25,60293.3,62420.0,60257.06,61806.01,31189.24361,0.025089189014368074
2024-06-26,61806.01,62487.81,60712.0,60864.99,22485.66463,-0.015225380185519222
2024-06-27,60864.98,62389.22,60606.63,61706.47,18344.28631,0.013825353458531753
2024-06-28,61706.46,62225.31,60063.0,60427.84,24821.19255,-0.020721165868020086
2024-06-29,60427.84,61224.0,60383.77,60986.68,11509.55904,0.009248055201046546
2024-06-30,60986.68,63058.76,60712.21,62772.01,17326.30136,0.029274097229099905
2024-07-01,62772.01,63861.76,62497.2,62899.99,24547.10538,0.002038806786655245
2024-07-02,62900.0,63288.83,61806.28,62135.47,18573.11875,-0.01215453293394797
2024-07-03,62135.46,62285.94,59400.0,60208.58,32160.11127,-0.031011111688702075
2024-07-04,60208.57,60498.19,56771.0,57050.01,54568.77276,-0.05246046327616427
2024-07-05,57050.02,57546.0,53485.93,56628.79,81348.24756,-0.007383346646214428
2024-07-06,56628.79,58475.0,56018.0,58230.13,21651.31558,0.02827784241902398
2024-07-07,58230.13,58449.46,55724.37,55857.81,19118.93918,-0.040740420809639244
2024-07-08,55857.81,58236.73,54260.16,56714.62,48090.2049,0.015339126256471713
2024-07-09,56714.61,58296.0,56289.45,58050.0,27732.20788,0.023545604290392763
2024-07-10,58050.0,59470.0,57157.79,57725.85,24951.73799,-0.005583979328165345
2024-07-11,57725.85,59650.0,57050.0,57339.89,29761.05735,-0.0066860860429079905
2024-07-12,57339.89,58526.68,56542.47,57889.1,23652.4569,0.009578148824491928
2024-07-13,57889.09,59850.0,57756.63,59204.02,15357.74519,0.02271446610847283
2024-07-14,59204.01,61420.69,59194.01,60797.91,21178.33907,0.026921989418961845
2024-07-15,60797.91,64900.0,60632.3,64724.14,38690.9782,0.06457837119729937
2024-07-16,64724.06,65388.97,62373.24,65043.99,42530.52915,0.0049417419837483045
2024-07-17,65044.0,66128.63,63854.0,64087.99,29567.52954,-0.014697745325894074
2024-07-18,64087.99,65133.3,63238.48,63987.92,22568.7225,-0.001561447004345129
2024-07-19,63987.92,67386.0,63300.67,66660.0,35634.72739,0.041759132036171875
2024-07-20,66660.01,67598.0,66222.46,67139.96,14386.92434,0.007200120012001321
2024-07-21,67139.97,68366.66,65777.0,68165.34,21819.11191,0.015272276003738927
2024-07-22,68165.35,68474.55,66559.97,67532.01,21451.04303,-0.009291085469536275
2024-07-23,67532.0,67750.98,65441.08,65936.01,31406.15316,-0.023633237038257815
2024-07-24,65936.0,67102.01,65111.0,65376.0,23082.56277,-0.00849323457697837
2024-07-25,65376.01,66175.49,63456.7,65799.95,35126.42934,0.006484795643661334
2024-07-26,65799.95,68200.0,65722.63,67907.99,24244.36023,0.0320371064111753
2024-07-27,67908.0,69399.99,66650.0,67896.5,31710.21921,-0.00016919953012906053
2024-07-28,67896.49,68318.43,67066.66,68249.88,10868.69394,0.005204686544961978
2024-07-29,68249.88,70079.99,66428.0,66784.69,36467.29633,-0.02146802309396001
2024-07-30,66784.68,67000.0,65302.67,66188.0,23132.25441,-0.008934532749946156
2024-07-31,66188.0,66849.24,64530.0,64628.0,22625.43905,-0.023569227050220576
2024-08-01,64628.01,65659.78,62302.0,65354.02,35542.26854,0.011233830537847433
2024-08-02,65354.02,65596.14,61230.01,61498.33,38820.42937,-0.05899698289408972
2024-08-03,61498.34,62198.22,59850.0,60697.99,28034.71567,-0.013014011925201907
2024-08-04,60697.99,61117.63,57122.77,58161.0,31616.52003,-0.04179693594466638
2024-08-05,58161.0,58305.59,49000.0,54018.81,162065.59186,-0.07121937380719046
2024-08-06,54018.82,57040.99,53950.0,56022.01,55884.77676,0.03708337891930613
2024-08-07,56022.0,57736.05,54558.62,55134.16,44269.37684,-0.01584823536320812
2024-08-08,55133.76,62745.14,54730.0,61685.99,48349.52949,0.11883431252058596
2024-08-09,61686.0,61744.37,59535.0,60837.99,30972.48017,-0.013747043696631933
2024-08-10,60837.99,61470.58,60242.0,60923.51,9995.20621,0.0014057006156844576
2024-08-11,60923.51,61858.0,58286.73,58712.59,19189.84512,-0.03629009556409346
2024-08-12,58712.59,60711.09,57642.21,59346.64,37009.91743,0.0107992169992841
2024-08-13,59346.64,61578.1,58392.88,60587.15,27858.95851,0.02090278404977952
2024-08-14,60587.16,61800.0,58433.18,58683.39,28422.76326,-0.031421844400999266
2024-08-15,58683.39,59849.38,56078.54,57541.06,37686.17622,-0.019465985179111134
2024-08-16,57541.05,59817.76,57098.62,58874.6,27610.84344,0.023175450712934476
2024-08-17,58874.59,59700.0,58785.05,59491.99,7721.72931,0.010486525598475405
2024-08-18,59491.99,60284.99,58408.92,58427.35,13634.85717,-0.017895518371464747
2024-08-19,58427.35,59617.63,57787.3,59438.5,22809.31251,0.017306107499313272
2024-08-20,59438.5,61400.0,58548.23,59013.8,31477.44548,-0.007145200501358473
2024-08-21,59013.8,61820.93,58783.47,61156.03,27983.6422,0.03630049242719502
2024-08-22,61156.03,61400.0,59724.87,60375.84,21241.20588,-0.012757368324922358
2024-08-23,60375.83,64955.0,60342.14,64037.24,38118.07089,0.06064346268308651
2024-08-24,64037.24,64494.5,63531.0,64157.01,15857.15616,0.0018703179587378216
2024-08-25,64157.02,65000.0,63773.27,64220.0,12305.47977,0.0009818100937060148
2024-08-26,64219.99,64481.0,62800.0,62834.0,19470.05276,-0.021582061663033336
2024-08-27,62834.0,63212.0,58034.01,59415.0,35135.94178,-0.05441321577489899
2024-08-28,59415.0,60234.98,57860.0,59034.9,36868.54275,-0.006397374400403888
2024-08-29,59034.9,61166.99,58713.09,59359.01,27020.90743,0.0054901422717748005
2024-08-30,59359.0,59944.07,57701.1,59123.99,28519.32195,-0.003959297838693754
2024-08-31,59123.99,59462.38,58744.0,58973.99,8798.409,-0.0025370412247210927
2024-09-01,58974.0,59076.59,57201.0,57301.86,20705.15741,-0.028353686091105557
2024-09-02,57301.77,59425.69,57128.0,59132.13,22895.01461,0.03194084799341579
2024-09-03,59132.12,59809.65,57415.0,57487.73,22828.18447,-0.0278089086254798
2024-09-04,57487.74,58519.0,55606.0,57970.9,35560.82146,0.008404750022309004
2024-09-05,57970.9,58327.07,55643.65,56180.0,27806.91413,-0.030893086013844884
2024-09-06,56180.0,57008.0,52550.0,53962.97,54447.76826,-0.03946297614809535
2024-09-07,53962.97,54850.0,53745.54,54160.86,16694.04774,0.0036671443399056702
2024-09-08,54160.86,55318.0,53629.01,54869.95,16274.14779,0.013092295801802267
2024-09-09,54869.95,58088.0,54591.96,57042.0,32384.51737,0.03958541970605056
2024-09-10,57042.01,58044.36,56386.4,57635.99,23626.78126,0.010413204305599333
2024-09-11,57635.99,57981.71,55545.19,57338.0,33026.56757,-0.005170207018218909
2024-09-12,57338.0,58588.0,57324.0,58132.32,31074.40631,0.013853291011196811
2024-09-13,58132.31,60625.0,57632.62,60498.0,29825.23333,0.04069474605520651
2024-09-14,60497.99,60610.45,59400.0,59993.03,12137.90901,-0.008346887500413236
2024-09-15,59993.02,60395.8,58691.05,59132.0,13757.92361,-0.014352167243428138
2024-09-16,59132.0,59210.7,57493.3,58213.99,26477.5642,-0.01552475816816612
2024-09-17,58213.99,61320.0,57610.01,60313.99,33116.25878,0.03607380287796791
2024-09-18,60313.99,61786.24,59174.8,61759.99,36087.02469,0.023974537250810224
2024-09-19,61759.98,63850.0,61555.0,62947.99,34332.52608,0.019235754409934414
2024-09-20,62948.0,64133.32,62350.0,63201.05,25466.37794,0.004020144249244684
2024-09-21,63201.05,63559.9,62758.0,63348.96,8375.34608,0.0023403092195461994
2024-09-22,63348.97,64000.0,62357.93,63578.76,14242.19892,0.003627526008319615
2024-09-23,63578.76,64745.88,62538.75,63339.99,24078.05287,-0.0037554994781276996
2024-09-24,63339.99,64688.0,62700.0,64262.7,23185.04759,0.014567574134444872
2024-09-25,64262.7,64817.99,62947.08,63152.01,17813.11168,-0.017283587524333677
2024-09-26,63152.01,65839.0,62670.0,65173.99,28373.30593,0.03201766657941674
2024-09-27,65173.99,66498.0,64819.9,65769.95,22048.80487,0.009144138635673427
2024-09-28,65769.95,66260.0,65422.23,65858.0,9127.23316,0.0013387572896133015
2024-09-29,65858.0,66076.12,65432.0,65602.01,8337.74111,-0.0038869993015275828
2024-09-30,65602.01,65618.8,62856.3,63327.59,30011.08752,-0.03466997428889751
2024-10-01,63327.6,64130.63,60164.0,60805.78,43671.48108,-0.03982166382772501
2024-10-02,60804.92,62390.31,60000.0,60649.28,31534.70118,-0.002573768480562233
2024-10-03,60649.27,61477.19,59828.11,60752.71,26221.43472,0.001705378860227258
2024-10-04,60752.72,62484.85,60459.9,62086.0,21294.65994,0.021946181495442696
2024-10-05,62086.0,62370.56,61689.26,62058.0,7807.46141,-0.00045098734014104025
2024-10-06,62058.01,62975.0,61798.97,62819.91,8906.86177,0.012277385671468632
2024-10-07,62819.91,64478.19,62128.0,62224.0,25966.1852,-0.009486005312646983
2024-10-08,62224.01,63200.0,61860.31,62160.49,19702.22371,-0.001020667266649511
2024-10-09,62160.5,62543.75,60301.0,60636.02,20011.15684,-0.02452474232426416
2024-10-10,60636.01,61321.68,58946.0,60326.39,23967.92481,-0.005106370767738344
2024-10-11,60326.4,63417.56,60087.64,62540.0,23641.35209,0.036693891346722296
2024-10-12,62539.99,63480.0,62487.23,63206.22,10911.30116,0.010652702270546932
2024-10-13,63206.23,63285.72,62050.0,62870.02,11909.21995,-0.005319096759781039
2024-10-14,62870.02,66500.0,62457.81,66083.99,37669.95222,0.051120868102157546
2024-10-15,66084.0,67950.0,64800.01,67074.14,43683.95423,0.014983205463229288
2024-10-16,67074.14,68424.0,66750.49,67620.01,29938.25544,0.008138307848598592
2024-10-17,67620.0,67939.4,66666.0,67421.78,25328.22861,-0.0029315286998625734
2024-10-18,67421.78,69000.0,67192.36,68428.0,28725.635,0.014924257413553965
2024-10-19,68427.99,68693.26,68010.0,68378.0,8193.66737,-0.000730695037119311
2024-10-20,68377.99,69400.0,68100.0,69031.99,12442.47378,0.00956433355757702
2024-10-21,69032.0,69519.52,66840.67,67377.5,31374.42184,-0.023967004283086846
2024-10-22,67377.5,67836.01,66571.42,67426.0,24598.96268,0.0007198248673518926
2024-10-23,67426.01,67472.83,65260.0,66668.65,25530.2407,-0.011232313944175898
2024-10-24,66668.65,68850.0,66510.0,68198.28,22589.83877,0.022943767422919148
2024-10-25,68198.27,68771.49,65596.29,66698.33,34479.71125,-0.02199395644582236
2024-10-26,66698.32,67454.55,66439.9,67092.76,11842.9077,0.005913641316056761
2024-10-27,67092.76,68332.05,66913.73,68021.7,8653.19592,0.013845607186230069
2024-10-28,68021.69,70270.0,67618.0,69962.21,29046.75459,0.028527808037729363
2024-10-29,69962.21,73620.12,69760.0,72736.42,50128.60594,0.03965297837218107
2024-10-30,72736.41,72961.0,71436.0,72344.74,26885.99056,-0.00538492271134583
2024-10-31,72344.75,72700.0,69685.76,70292.01,29352.10297,-0.028374281253896405
2024-11-01,70292.01,71632.95,68820.14,69496.01,38301.86755,-0.011324188908526045
2024-11-02,69496.0,69914.37,69000.14,69374.74,10521.67243,-0.0017449922664622974
2024-11-03,69374.74,69391.0,67478.73,68775.99,24995.70243,-0.008630662976178316
2024-11-04,68775.99,69500.0,66835.0,67850.01,29800.39187,-0.01346371022794457
2024-11-05,67850.01,70577.91,67476.63,69372.01,33355.06888,0.022431831623900944
2024-11-06,69372.01,76400.0,69298.0,75571.99,104126.994787,0.0893729329739763
2024-11-07,75571.99,76849.99,74416.0,75857.89,44869.422345,0.0037831476979763856
2024-11-08,75857.89,77199.99,75555.0,76509.78,36521.099583,0.008593568843003663
2024-11-09,76509.78,76900.0,75714.66,76677.46,16942.07915,0.0021916152418686163
2024-11-10,76677.46,81500.0,76492.0,80370.01,61830.100435,0.04815691599591321
2024-11-11,80370.01,89530.54,80216.01,88647.99,82323.665776,0.10299836966550102
2024-11-12,88648.0,89940.0,85072.0,87952.01,97299.887911,-0.00785105223479976
2024-11-13,87952.0,93265.64,86127.99,90375.2,86763.854127,0.027551274837266382
2024-11-14,90375.21,91790.0,86668.21,87325.59,56729.51086,-0.03374388106471693
2024-11-15,87325.59,91850.0,87073.38,91032.07,47927.95068,0.04244437398018164
2024-11-16,91032.08,91779.66,90056.17,90586.92,22717.87689,-0.004890034907478302
2024-11-17,90587.98,91449.99,88722.0,89855.99,23867.55609,-0.008068824947354392
2024-11-18,89855.98,92594.0,89376.9,90464.08,46545.03448,0.006767384122082332
2024-11-19,90464.07,93905.51,90357.0,92310.79,43660.04682,0.020413737695668788
2024-11-20,92310.8,94831.97,91500.0,94286.56,42203.198712,0.02140345673566446
2024-11-21,94286.56,98988.0,94040.0,98317.12,69228.360477,0.04274798019993509
2024-11-22,98317.12,99588.01,97122.11,98892.0,46189.309243,0.0058472013826280644
2024-11-23,98892.0,98908.85,97136.0,97672.4,24757.84367,-0.012332645714516866
2024-11-24,97672.4,98564.0,95734.77,97900.04,31200.97838,0.002330648166728677
2024-11-25,97900.05,98871.8,92600.19,93010.01,50847.45096,-0.04994921350389636
2024-11-26,93010.01,94973.37,90791.1,91965.16,57858.73138,-0.011233737099909935
2024-11-27,91965.16,97208.21,91792.14,95863.11,41153.42734,0.04238507278190995
2024-11-28,95863.11,96564.0,94640.0,95643.98,28814.54357,-0.002285863665387078
2024-11-29,95643.99,98619.99,95364.99,97460.0,27701.78231,0.018987290156683212
2024-11-30,97460.0,97463.95,96092.01,96407.99,14503.83306,-0.010794274574184248
2024-12-01,96407.99,97836.0,95693.88,97185.18,16938.60452,0.008061468764155144
2024-12-02,97185.17,98130.0,94395.0,95840.62,37958.66981,-0.01383503122595442
2024-12-03,95840.61,96305.52,93578.17,95849.69,35827.32283,9.463628261174861e-05
2024-12-04,95849.69,99000.0,94587.83,98587.32,43850.53728,0.028561699051921963
2024-12-05,98587.32,104088.0,90500.0,96945.63,109921.729662,-0.016652141472148774
2024-12-06,96945.63,101898.99,95981.72,99740.84,45049.5331,0.028832759145512643
2024-12-07,99740.84,100439.18,98844.0,99831.99,14931.9459,0.0009138683812970338
2024-12-08,99831.99,101351.0,98657.7,101109.59,14612.99688,0.012797501081567075
2024-12-09,101109.6,101215.93,94150.05,97276.47,53949.11595,-0.0379105483466009
2024-12-10,97276.48,98270.0,94256.54,96593.0,51708.68933,-0.007026056763778543
2024-12-11,96593.0,101888.0,95658.24,101125.0,37753.78291,0.04691851376393741
2024-12-12,101125.0,102540.0,99311.64,100004.29,29232.08745,-0.011082422744128628
2024-12-13,100004.29,101895.26,99205.0,101424.25,21904.03923,0.014198990863292016
2024-12-14,101424.24,102650.0,100609.41,101420.0,14191.70326,-4.19031937628489e-05
2024-12-15,101420.0,105250.0,101237.14,104463.99,22228.921775,0.030013705383553635
2024-12-16,104463.99,107793.07,103333.0,106058.66,41302.40274,0.01526526030644626
2024-12-17,106058.65,108353.0,105321.49,106133.74,29064.936466,0.0007079101319968917
2024-12-18,106133.74,106524.98,100000.0,100204.01,50307.99755,-0.0558703575319216
2024-12-19,100204.01,102800.11,95700.0,97461.86,55147.398,-0.027365671293993032
2024-12-20,97461.86,98233.0,92232.54,97805.44,62884.1357,0.0035252764517319513
2024-12-21,97805.44,99540.61,96398.39,97291.99,23483.54143,-0.005249707991702657
2024-12-22,97292.0,97448.08,94250.35,95186.27,19353.83036,-0.02164330280426996
2024-12-23,95186.28,96538.92,92520.0,94881.47,32810.76703,-0.003202142493870186
2024-12-24,94881.47,99487.99,93569.02,98663.58,23674.22488,0.03986141867321402
2024-12-25,98663.58,99569.15,97632.02,99429.6,14474.1651,0.0077639591022340415
2024-12-26,99429.61,99963.7,95199.14,95791.6,21192.36727,-0.03658870195595676
2024-12-27,95791.6,97544.58,93500.01,94299.03,26501.26429,-0.01558142885179914
2024-12-28,94299.03,95733.99,94135.66,95300.0,8385.8929,0.01061484937862045
2024-12-29,95300.0,95340.0,93009.52,93738.2,13576.00578,-0.01638824763903468
2024-12-30,93738.19,95024.5,91530.45,92792.05,27619.4225,-0.010093537106537043
2024-12-31,92792.05,96250.0,92033.73,93576.0,19612.03389,0.008448460832582105
2025-01-01,93576.0,95151.15,92888.0,94591.79,10373.32613,0.010855240659998211
2025-01-02,94591.78,97839.5,94392.0,96984.79,21970.48948,0.025298178626284695
2025-01-03,96984.79,98976.91,96100.01,98174.18,15253.82936,0.012263675572221189
2025-01-04,98174.17,98778.43,97514.79,98220.5,8990.05651,0.0004718144831972193
2025-01-05,98220.51,98836.85,97276.79,98363.61,8095.63723,0.0014570278098766654
2025-01-06,98363.61,102480.0,97920.0,102235.6,25263.43375,0.039364049367443865
2025-01-07,102235.6,102724.38,96181.81,96954.61,32059.87537,-0.05165509861535522
2025-01-08,96954.6,97268.65,92500.9,95060.61,33704.67894,-0.01953491432743626
2025-01-09,95060.61,95382.32,91203.67,92552.49,34544.83685,-0.026384429891623817
2025-01-10,92552.49,95836.0,92206.02,94726.11,31482.86424,0.02348526765730452
2025-01-11,94726.1,95050.94,93831.73,94599.99,7047.9043,-0.0013314174940783907
2025-01-12,94599.99,95450.1,93711.19,94545.06,8606.86622,-0.0005806554525006336
2025-01-13,94545.07,95940.0,89256.69,94536.1,42619.56423,-9.476962625010188e-05
2025-01-14,94536.11,97371.0,94346.22,96560.86,27846.61753,0.021417849900725594
2025-01-15,96560.85,100681.94,96500.0,100497.35,30509.99179,0.04076693186038316
2025-01-16,100497.35,100866.66,97335.13,99987.3,27832.85317,-0.005075258203325772
2025-01-17,99987.3,105865.22,99950.77,104077.48,39171.85292,0.04090699518838892
2025-01-18,104077.47,104988.88,102277.55,104556.23,24307.82998,0.0045999384304846735
2025-01-19,104556.23,106422.43,99651.6,101331.57,43397.28298,-0.030841395103859304
2025-01-20,101331.57,109588.0,99550.0,102260.01,89529.231732,0.009162396279856155
2025-01-21,102260.0,107240.81,100119.04,106143.82,45941.02002,0.03797975376689289
2025-01-22,106143.82,106394.46,103339.12,103706.66,22248.69254,-0.022960922265658046
2025-01-23,103706.66,106850.0,101262.28,103910.34,53953.12031,0.0019640011547956693
2025-01-24,103910.35,107120.0,102750.0,104870.5,23609.24017,0.009240273874573157
2025-01-25,104870.51,105286.52,104106.09,104746.85,9068.32377,-0.0011790732379457491
2025-01-26,104746.86,105500.0,102520.44,102620.0,9812.51238,-0.020304667873067395
2025-01-27,102620.01,103260.0,97777.77,102082.83,50758.1341,-0.0052345546677060595
2025-01-28,102082.83,103800.0,100272.68,101335.52,22022.05765,-0.0073206238502596666
2025-01-29,101335.52,104782.68,101328.01,103733.24,23155.35802,0.023661199942527578
2025-01-30,103733.25,106457.44,103278.54,104722.94,19374.07472,0.00954081835292131
2025-01-31,104722.94,106012.0,101560.0,102429.56,21983.18193,-0.021899499765762886
2025-02-01,102429.56,102783.71,100279.51,100635.65,12290.95747,-0.01751359666096397
2025-02-02,100635.66,101456.6,96150.0,97700.59,34619.49939,-0.029165211334154395
2025-02-03,97700.59,102500.01,91231.0,101328.52,75164.7385,0.03713314320824468
2025-02-04,101328.51,101732.31,96150.0,97763.13,40267.98697,-0.03518644109279401
2025-02-05,97763.14,99149.0,96155.0,96612.43,26233.30444,-0.011770285996367091
2025-02-06,96612.44,99120.0,95676.64,96554.35,23515.20405,-0.0006011648811647952
2025-02-07,96554.35,100137.99,95620.34,96506.8,31794.22065,-0.0004924687494659574
2025-02-08,96506.8,96880.0,95688.0,96444.74,10147.24294,-0.0006430634939713631
2025-02-09,96444.75,97323.09,94713.0,96462.75,14120.91613,0.00018673905907151678
2025-02-10,96462.75,98345.0,95256.0,97430.82,20572.87537,0.010035687350816946
2025-02-11,97430.82,98478.42,94876.88,95778.2,18647.76379,-0.016961983897908373
2025-02-12,95778.21,98119.99,94088.23,97869.99,29151.16625,0.021839938524633062
2025-02-13,97870.0,98083.91,95217.36,96608.14,19921.77616,-0.0128931248485874
2025-02-14,96608.13,98826.0,96252.82,97500.48,18173.02646,0.009236695789816451
2025-02-15,97500.47,97972.26,97223.58,97569.66,7349.37683,0.0007095349684433927
2025-02-16,97569.67,97704.47,96046.18,96118.12,8191.4249,-0.014876960727340904
2025-02-17,96118.12,97046.59,95205.0,95780.0,16492.0451,-0.0035177550289164916
2025-02-18,95780.01,96753.91,93388.09,95671.74,23368.19471,-0.0011302986009604776
2025-02-19,95671.74,96899.99,95029.99,96644.37,16438.50954,0.01016632497746972
2025-02-20,96644.37,98711.36,96415.09,98305.0,17057.39177,0.017182894357943512
2025-02-21,98305.01,99475.0,94871.95,96181.98,32249.2814,-0.02159625654849706
2025-02-22,96181.99,96980.0,95770.49,96551.01,11268.17708,0.0038367893861199764
2025-02-23,96551.01,96650.0,95227.94,96258.0,10884.84913,-0.003034768875022631
2025-02-24,96258.0,96500.0,91349.26,91552.88,31550.10299,-0.04888030085811046
2025-02-25,91552.88,92540.69,86050.99,88680.4,78333.11111,-0.0313750916410277
2025-02-26,88680.39,89414.15,82256.01,84250.09,56893.54409,-0.04995816437454048
2025-02-27,84250.09,87078.46,82716.49,84708.58,42505.45439,0.005442011990729023
2025-02-28,84708.57,85120.0,78258.52,84349.94,83648.03969,-0.0042338096093689215
2025-03-01,84349.95,86558.0,83824.78,86064.53,25785.05464,0.02032710396711601
2025-03-02,86064.54,95000.0,85050.6,94270.0,54889.09045,0.09534090292481712
2025-03-03,94269.99,94416.46,85117.11,86220.61,59171.10218,-0.08538654927336375
2025-03-04,86221.16,88967.52,81500.0,87281.98,55609.10706,0.012309933784973248
2025-03-05,87281.98,91000.0,86334.53,90606.01,38264.01163,0.038083806073143656
2025-03-06,90606.0,92810.64,87836.0,89931.89,34342.44902,-0.007440124556858829
2025-03-07,89931.88,91283.02,84667.03,86801.75,57980.35713,-0.034805673493573885
2025-03-08,86801.74,86897.25,85218.47,86222.45,12989.23054,-0.006673828580645025
2025-03-09,86222.46,86500.0,80000.0,80734.37,26115.39345,-0.0636502442229373
2025-03-10,80734.48,84123.46,77459.91,78595.86,47633.38405,-0.026488223045525672
2025-03-11,78595.86,83617.4,76606.0,82932.99,48770.06853,0.055182677560879245
2025-03-12,82932.99,84539.85,80607.65,83680.12,31933.986,0.009008839546240877
2025-03-13,83680.12,84336.33,79939.9,81115.78,27546.27412,-0.030644554525017353
2025-03-14,81115.78,85309.71,80818.84,83983.2,26858.52755,0.03534971863674374
2025-03-15,83983.19,84676.28,83618.0,84338.44,11324.7332,0.004229893597767154
2025-03-16,84338.44,85117.04,81981.12,82574.53,17596.12531,-0.020914662400679962
2025-03-17,82574.52,84756.83,82456.0,84010.03,17214.74358,0.017384295133135996
2025-03-18,84010.02,84021.74,81134.66,82715.03,17610.89883,-0.015414826063030795
2025-03-19,82715.03,87000.0,82547.16,86845.94,28151.05374,0.04994146771149088
2025-03-20,86845.93,87453.67,83655.23,84223.39,22090.30463,-0.030197727147636355
2025-03-21,84223.38,84850.33,83175.25,84088.79,11956.97443,-0.0015981308755205204
2025-03-22,84088.79,84539.17,83625.1,83840.59,5420.22114,-0.0029516419489445944
2025-03-23,83840.59,86129.64,83809.75,86082.5,8461.97813,0.02674015056430301
2025-03-24,86082.5,88765.43,85519.09,87498.16,30115.62111,0.01644538669299811
2025-03-25,87498.16,88539.63,86310.0,87392.87,22643.25248,-0.0012033395902268929
2025-03-26,87392.88,88275.0,85860.0,86909.17,18408.78485,-0.005534776464029556
2025-03-27,86909.17,87756.39,85800.0,87232.01,17098.03897,0.003714682811951864
2025-03-28,87232.01,87515.67,83585.0,84424.38,27182.73169,-0.0321857767578666
2025-03-29,84424.38,84624.73,81644.81,82648.54,11696.39864,-0.02103468216171689
2025-03-30,82648.53,83534.64,81565.0,82389.99,9864.49508,-0.0031283069247198814
2025-03-31,82390.0,83943.08,81278.52,82550.01,20569.13885,0.0019422262340362817
2025-04-01,82550.0,85579.46,82432.74,85158.34,20190.39697,0.031596967704788925
2025-04-02,85158.35,88500.0,82320.0,82516.29,39931.457,-0.0310251468030025
2025-04-03,82516.28,83998.02,81211.24,83213.09,27337.84135,0.008444393222235336
2025-04-04,83213.09,84720.0,81659.0,83889.87,32915.53976,0.00813309540602325
2025-04-05,83889.87,84266.0,82379.95,83537.99,9360.40468,-0.004194546969735313
2025-04-06,83537.99,83817.63,77153.83,78430.0,27942.71436,-0.061145713465215135
2025-04-07,78430.0,81243.58,74508.0,79163.24,78387.53089,0.009348973607038236
2025-04-08,79163.24,80867.99,76239.9,76322.42,35317.32063,-0.03588559538492875
2025-04-09,76322.42,83588.0,74620.0,82615.22,75488.28772,0.0824502158081466
2025-04-10,82615.22,82753.21,78464.36,79607.3,33284.80718,-0.036408787630172745
2025-04-11,79607.3,84300.0,78969.58,83423.84,34435.43797,0.047942085713244875
2025-04-12,83423.83,85905.0,82792.95,85276.9,18470.74437,0.022212595344448305
2025-04-13,85276.91,86100.0,83034.23,83760.0,24680.04181,-0.017787935537056265
2025-04-14,83760.0,85799.99,83678.0,84591.58,28659.09348,0.009928127984718316
2025-04-15,84591.58,86496.42,83600.0,83643.99,20910.99528,-0.011201942320973268
2025-04-16,83643.99,85500.0,83111.64,84030.38,20867.24519,0.004619459210398746
2025-04-17,84030.38,85470.01,83736.26,84947.91,13728.84772,0.010919027142326287
2025-04-18,84947.92,85132.08,84303.96,84474.69,6529.96315,-0.005570707978571843
2025-04-19,84474.7,85677.99,84364.45,85077.01,9666.58153,0.007130183016948566
2025-04-20,85077.0,85320.76,83949.52,85179.24,8091.67725,0.0012016172171542827
2025-04-21,85179.24,88465.99,85144.76,87516.23,31773.37262,0.02743614523914495
2025-04-22,87516.22,93888.0,87076.03,93442.99,43872.74705,0.0677218385664009
2025-04-23,93442.99,94696.05,91935.41,93691.08,27404.16808,0.0026549878166355345
2025-04-24,93691.07,94005.0,91660.01,93980.47,19497.06071,0.0030887678955136
2025-04-25,93980.47,95758.04,92855.96,94638.68,27500.66648,0.007003689170739236
2025-04-26,94638.68,95199.0,93870.69,94628.0,9415.06875,-0.0001128502637609552
2025-04-27,94628.0,95369.0,93602.58,93749.3,11162.841,-0.009285835059390402
2025-04-28,93749.29,95630.0,92800.01,95011.18,22157.53351,0.013460153835815225
2025-04-29,95011.18,95461.53,93742.54,94256.82,16955.3402,-0.007939697201950202
2025-04-30,94256.82,95228.45,92910.0,94172.0,17661.2751,-0.0008998818334843284
2025-05-01,94172.0,97424.02,94130.43,96489.91,21380.45343,0.024613579407891883
2025-05-02,96489.9,97895.68,96350.0,96887.14,14905.74811,0.004116803508263045
2025-05-03,96887.13,96935.67,95753.01,95856.42,9723.34838,-0.010638357164841517
2025-05-04,95856.42,96304.48,94151.38,94277.62,11036.38342,-0.016470466975503584
2025-05-05,94277.61,95199.0,93514.1,94733.68,17251.18189,0.0048374152847727725
2025-05-06,94733.68,96920.65,93377.0,96834.02,16122.64513,0.022170995574119168
2025-05-07,96834.02,97732.0,95784.61,97030.5,16644.83854,0.0020290389679165077
2025-05-08,97030.5,104145.76,96876.29,103261.6,34962.02847,0.06421795208723036
2025-05-09,103261.61,104361.3,102315.14,102971.99,27617.39907,-0.002804624371499198
2025-05-10,102971.99,104984.57,102818.76,104809.53,15324.78611,0.017845046988020696
2025-05-11,104809.53,104972.0,103345.06,104118.0,17987.12197,-0.006597968715249425
2025-05-12,104118.0,105819.45,100718.37,102791.32,31272.77792,-0.01274208110028996
2025-05-13,102791.32,104976.25,101429.7,104103.72,21253.42409,0.012767615008738131
2025-05-14,104103.72,104356.95,102602.05,103507.82,16452.9081,-0.005724099004339123
2025-05-15,103507.83,104192.7,101383.07,103763.71,17998.98604,0.0024721803627976158
2025-05-16,103763.71,104550.33,103100.49,103463.9,15683.88024,-0.002889353127408567
2025-05-17,103463.9,103709.86,102612.5,103126.65,11250.89622,-0.00325959102643536
2025-05-18,103126.65,106660.0,103105.09,106454.26,21599.98726,0.0322672170578604
2025-05-19,106454.27,107108.62,102000.0,105573.74,30260.03524,-0.008271345834351629
2025-05-20,105573.73,107320.0,104184.72,106849.99,23705.48275,0.012088706907607882
2025-05-21,106850.0,110797.38,106100.01,109643.99,45531.040345,0.02614880918566298
2025-05-22,109643.99,111980.0,109177.37,111696.21,31630.77313,0.018717122570968137
2025-05-23,111696.22,111800.0,106800.0,107318.3,31737.72309,-0.03919479452346686
2025-05-24,107318.3,109506.03,106875.41,107761.91,16782.53129,0.004133591381898505
2025-05-25,107761.9,109299.99,106600.64,109004.19,17710.04695,0.011528006509906819
2025-05-26,109004.2,110422.22,108670.58,109434.79,14649.11593,0.003950306864350717
2025-05-27,109434.78,110718.0,107516.57,108938.17,21276.65635,-0.004538044985511469
2025-05-28,108938.17,109284.7,106769.43,107781.78,15633.78829,-0.010615103962183348
2025-05-29,107781.78,108891.91,105322.86,105589.75,19834.70116,-0.02033766746104948
2025-05-30,105589.75,106313.12,103621.0,103985.48,23706.49799,-0.015193425498213675
2025-05-31,103985.47,104900.0,103068.55,104591.88,11289.35922,0.005831583409529939
2025-06-01,104591.88,105866.91,103752.49,105642.93,9709.70006,0.0100490592577549
2025-06-02,105642.93,105935.63,103659.88,105857.99,13453.98813,0.0020357254385126033
2025-06-03,105858.0,106794.67,104872.5,105376.89,13259.52634,-0.004544767948078454
2025-06-04,105376.9,106000.0,104179.0,104696.86,14034.89482,-0.00645331248625769
2025-06-05,104696.86,105909.71,100372.26,101508.68,22321.50154,-0.030451534076571196
2025-06-06,101508.69,105333.0,101095.8,104288.44,15839.07385,0.027384456186406947
2025-06-07,104288.43,105900.0,103871.09,105552.15,8344.93206,0.012117450409652175
2025-06-08,105552.15,106488.14,104964.14,105734.0,8048.06305,0.0017228450581063814
2025-06-09,105734.01,110530.17,105318.37,110263.02,19975.37451,0.042834093101556725
2025-06-10,110263.02,110400.0,108331.03,110274.39,17071.82839,0.00010311707406529536
2025-06-11,110274.39,110392.01,108064.0,108645.12,13115.91638,-0.014774690660270262
2025-06-12,108645.13,108813.55,105671.72,105671.73,17778.67218,-0.027367911232460296
2025-06-13,105671.74,106179.53,102664.31,106066.59,26180.81734,0.003736666372359032
2025-06-14,106066.59,106252.0,104300.0,105414.64,8798.93969,-0.0061466103511010894
2025-06-15,105414.63,106128.57,104494.53,105594.01,7164.20047,0.0017015663099546607
2025-06-16,105594.02,108952.38,104980.37,106794.53,14922.6654,0.011369205507016922
2025-06-17,106794.53,107771.34,103371.02,104551.17,17866.33025,-0.02100631933114927
2025-06-18,104551.17,105550.27,103500.0,104886.78,13968.64167,0.0032100071190022117
2025-06-19,104886.79,105226.17,103929.27,104658.59,7678.60737,-0.002175583996381625
2025-06-20,104658.59,106524.65,102345.0,103297.99,16419.06283,-0.013000366238452021
2025-06-21,103297.98,103982.64,100837.9,102120.01,11154.21332,-0.011403706887229914
2025-06-22,102120.02,103399.62,98200.0,100963.87,28746.41072,-0.01132138549535977
2025-06-23,100963.87,106074.2,99613.33,105333.93,27666.50609,0.043283404251441615
2025-06-24,105333.94,106290.0,104622.02,106083.0,14651.69335,0.007111383767794521
2025-06-25,106083.0,108135.3,105808.03,107340.58,16701.15551,0.01185467982617383
2025-06-26,107340.59,108272.45,106562.5,106947.06,10573.27279,-0.0036660878858676416
2025-06-27,106947.06,107735.34,106356.76,107047.59,12232.44042,0.0009399977895605538
2025-06-28,107047.58,107577.75,106811.51,107296.79,3282.17352,0.002327936574751499
2025-06-29,107296.79,108528.5,107172.52,108356.93,6831.7364,0.009880444699230884
2025-06-30,108356.93,108789.99,106733.33,107146.5,9754.12491,-0.011170766835125301
2025-07-01,107146.51,107540.0,105250.85,105681.14,10505.62437,-0.013676228341569674
2025-07-02,105681.13,109730.0,105100.19,108849.6,17691.89592,0.02998131927797143
2025-07-03,108849.59,110529.18,108530.4,109584.78,13047.08225,0.006754090047184302
2025-07-04,109584.77,109767.59,107245.0,107984.24,11793.86615,-0.014605495398174795
2025-07-05,107984.25,108420.56,107756.31,108198.12,3736.9757,0.001980659399927198
2025-07-06,108198.12,109700.0,107800.01,109203.84,6447.607,0.009295170747883663
2025-07-07,109203.85,109700.0,107513.2,108262.94,9405.37601,-0.00861599738617247
2025-07-08,108262.94,109216.56,107429.57,108922.98,9216.0208,0.006096638424931022
2025-07-09,108922.99,111999.79,108324.53,111233.99,17282.2865,0.02121691859697572
2025-07-10,111234.0,116868.0,110500.0,116010.0,24883.450665,0.04293660597808269
2025-07-11,116010.01,118869.98,115222.22,117527.66,25873.521148,0.013082148090681978
2025-07-12,117527.66,118200.0,116900.05,117420.0,8446.60437,-0.000916039679510372
2025-07-13,117420.0,119488.0,117224.79,119086.64,9550.792947,0.014193834099812674
2025-07-14,119086.65,123218.0,118905.18,119841.18,27269.348877,0.006336059191862198
2025-07-15,119841.17,119940.83,115736.92,117758.09,32018.46083,-0.01738208852749945
2025-07-16,117758.08,120063.84,117017.29,118630.43,17039.90851,0.007407898684498093
2025-07-17,118630.44,120998.71,117453.57,119177.56,15728.57651,0.004612054428193568
2025-07-18,119177.56,120820.71,116812.76,117924.84,19924.66266,-0.010511374792368633
2025-07-19,117924.84,118499.9,117277.34,117840.0,6635.80306,-0.0007194412983727583
2025-07-20,117840.01,118856.8,116467.02,117265.12,12962.92889,-0.004878479293957905
2025-07-21,117265.11,119676.73,116515.0,117380.36,17107.33128,0.00098273041463659
2025-07-22,117380.36,120247.8,116128.0,119954.42,20959.12973,0.02192922223104432
2025-07-23,119954.43,120090.0,117301.0,118755.99,14558.75083,-0.009990711471907332
2025-07-24,118756.0,119450.0,117103.1,118340.99,15806.89043,-0.0034945605691132364
2025-07-25,118340.98,118451.57,114723.16,117614.31,38406.34873,-0.0061405604262733116
2025-07-26,117614.31,118297.35,117138.38,117919.99,6991.67206,0.0025990034716014687
2025-07-27,117919.99,119766.65,117825.5,119415.55,9328.30919,0.01268283689644134
2025-07-28,119415.56,119800.0,117427.5,118062.32,13961.74754,-0.011332108758030257
2025-07-29,118062.32,119273.36,116950.75,117950.76,15137.93445,-0.0009449246804570377
2025-07-30,117950.75,118792.0,115796.23,117840.3,15586.73631,-0.000936492482117024
2025-07-31,117840.29,118922.45,115500.0,115764.08,17010.0073,-0.017618930026484958
2025-08-01,115764.07,116052.0,112722.58,113297.93,24487.10206,-0.021303240176054672
2025-08-02,113297.92,114063.49,112003.0,112546.35,11507.33428,-0.00663366047376146
2025-08-03,112546.35,114799.97,111920.0,114208.8,7397.76046,0.014771247579330682
2025-08-04,114208.81,115720.0,114107.6,115055.03,9667.67916,0.00740949909288946
2025-08-05,115055.03,115127.81,112650.0,114129.75,12042.79078,-0.008042064740672372
2025-08-06,114129.75,115716.0,113355.13,114992.27,9761.15318,0.007557363439418818
2025-08-07,114992.27,117621.0,114259.0,117472.01,13468.56263,0.021564406024856986
2025-08-08,117472.02,117630.0,115878.71,116674.74,10045.31278,-0.006786893320374743
2025-08-09,116674.74,117944.05,116299.13,116462.25,9514.13144,-0.0018212168289383213
2025-08-10,116462.25,119311.11,116460.63,119294.01,14322.77073,0.024314831629991707
2025-08-11,119294.27,122335.16,118050.11,118686.0,26494.33429,-0.005096735368355865
2025-08-12,118686.0,120324.43,118207.47,120134.08,16720.10893,0.012200933555769122
2025-08-13,120134.09,123667.79,118920.92,123306.43,23210.07102,0.02640674486373884
2025-08-14,123306.44,124474.0,117180.0,118295.09,27980.947586,-0.0406413517932519
2025-08-15,118295.09,119216.82,116803.99,117342.05,13623.33874,-0.008056462867562786
2025-08-16,117342.04,117898.99,117143.98,117380.66,6393.68117,0.00032903805583761603
2025-08-17,117380.66,118575.0,117172.21,117405.01,5898.64192,0.0002074447357851561
2025-08-18,117405.01,117543.75,114640.14,116227.05,17745.93954,-0.010033302667407429
2025-08-19,116227.05,116725.69,112732.58,112872.94,18065.47424,-0.028858256318128994
2025-08-20,112872.95,114615.38,112380.0,114271.24,15636.34194,0.012388265956393196
2025-08-21,114271.23,114821.76,112015.67,112500.0,10839.69235,-0.01550031311465605
2025-08-22,112500.0,117429.05,111684.79,116935.99,23128.09037,0.03943102222222228
2025-08-23,116936.0,117030.0,114560.0,115438.05,11329.36197,-0.012809914210329953
2025-08-24,115438.06,115666.68,110680.0,113493.59,21175.98462,-0.01684418612407268
2025-08-25,113493.59,113667.28,109274.1,110111.98,25182.79379,-0.029795603434519924
2025-08-26,110111.98,112371.0,108666.66,111763.22,18452.43877,0.01499600679235824
2025-08-27,111763.22,112625.0,110345.42,111262.01,13392.60875,-0.004484570147495814
2025-08-28,111262.01,113485.9,110862.42,112566.9,11104.27744,0.011728082208833035
2025-08-29,112566.9,112638.64,107463.9,108377.4,22580.31045,-0.03721786777462999
2025-08-30,108377.4,108926.15,107350.1,108816.33,10708.39159,0.004050014117334522
2025-08-31,108816.33,109480.02,108076.93,108246.35,9489.51596,-0.005238000583184466
2025-09-01,108246.36,109912.4,107255.0,109237.42,16053.60219,0.009155689776144893
2025-09-02,109237.43,111771.52,108393.39,111240.01,18510.28756,0.018332454208457083
2025-09-03,111240.01,112575.27,110528.71,111705.71,11773.72084,0.004186443348935365
2025-09-04,111705.72,112180.0,109329.12,110730.87,12203.13536,-0.008726859173089796
2025-09-05,110730.87,113384.62,110206.96,110659.99,21587.40888,-0.0006401105671796081
2025-09-06,110660.0,111307.7,109977.0,110187.97,5000.29897,-0.004265498307021387
2025-09-07,110187.98,111600.0,110180.0,111137.34,5681.29944,0.008615913334277803
2025-09-08,111137.35,112924.37,110621.78,112065.23,11582.40211,0.008349039125823854
2025-09-09,112065.23,113293.29,110766.66,111546.39,15379.28248,-0.0046298035528057335
2025-09-10,111546.38,114313.13,110917.45,113960.0,17517.41823,0.02163772399985331
2025-09-11,113960.0,115488.09,113430.0,115482.69,13676.73119,0.013361618111618068
2025-09-12,115482.69,116665.63,114740.99,116029.42,15324.10719,0.004734302604139096
2025-09-13,116029.41,116298.78,115127.27,115918.29,8269.40394,-0.0009577743299932218
2025-09-14,115918.29,116165.19,115135.0,115268.01,6707.60197,-0.005609813602322822
2025-09-15,115268.01,116757.99,114384.0,115349.71,13212.51149,0.000708782948538822
2025-09-16,115349.71,116964.27,114737.11,116788.96,10926.9094,0.012477274541912609
2025-09-17,116788.96,117286.73,114720.81,116447.59,16754.2454,-0.0029229646363835293
2025-09-18,116447.6,117900.0,116092.76,117073.53,11657.23365,0.005375293726559649
2025-09-19,117073.53,117459.99,115100.0,115632.38,8992.09065,-0.01230978514101344
2025-09-20,115632.39,116121.81,115408.47,115685.63,4674.92752,0.0004605111474831336
2025-09-21,115685.63,115819.06,115188.0,115232.29,4511.52219,-0.003918723526854739
2025-09-22,115232.29,115379.25,111800.0,112650.99,20781.71356,-0.022400839209218093
2025-09-23,112650.99,113290.5,111458.73,111998.8,12301.3203,-0.005789474198140687
2025-09-24,111998.8,113940.0,111042.66,113307.0,12369.25967,0.011680482290881589
2025-09-25,113307.01,113510.23,108631.51,108994.49,21231.14957,-0.03806040226993912
2025-09-26,108994.49,110300.0,108620.07,109643.46,14243.01591,0.0059541541962351285
2025-09-27,109643.46,109743.91,109064.4,109635.85,5501.78643,-6.940678449951498e-05
2025-09-28,109635.85,112350.0,109189.99,112163.95,7542.3316,0.02305906325348861
2025-09-29,112163.96,114400.0,111560.65,114311.96,15541.12005,0.01915062727373651
2025-09-30,114311.97,114792.0,112656.27,114048.93,15044.15633,-0.002300984079006363
2025-10-01,114048.94,118649.1,113966.67,118594.99,20036.39516,0.03986061070454605
2025-10-02,118594.99,121022.07,118279.31,120529.35,19670.83503,0.01631063841735636
2025-10-03,120529.35,123894.99,119248.3,122232.0,23936.328,0.014126434764644369
2025-10-04,122232.21,122800.0,121510.0,122391.0,8208.16678,0.0013008050265068682
2025-10-05,122390.99,125708.42,122136.0,123482.31,22043.097553,0.008916587003946264
2025-10-06,123482.32,126199.63,123084.0,124658.54,19494.628793,0.009525493975614863
2025-10-07,124658.54,125126.0,120574.94,121332.95,21633.99385,-0.02667759465175834
2025-10-08,121332.96,124197.25,121066.14,123306.0,17012.618,0.016261452474369165
2025-10-09,123306.01,123762.94,119651.47,121662.4,21559.36007,-0.013329440578722873
2025-10-10,121662.41,122550.0,102000.0,112774.5,64171.93927,-0.07305379476321361
2025-10-11,112774.49,113322.39,109561.59,110644.4,35448.51652,-0.01888813517240162
2025-10-12,110644.4,115770.0,109565.06,114958.8,32255.30272,0.03899338782622541
2025-10-13,114958.81,115963.81,113616.5,115166.0,22557.24033,0.0018023848543999854
2025-10-14,115166.0,115409.96,109866.0,113028.14,31870.32974,-0.018563291249153346
2025-10-15,113028.13,113612.35,110164.0,110763.28,22986.48811,-0.020038018850880857
2025-10-16,110763.28,111982.45,107427.0,108194.28,29857.17252,-0.023193607123227156
2025-10-17,108194.27,109240.0,103528.23,106431.68,37920.66838,-0.016291064555353674
2025-10-18,106431.68,107499.0,106322.2,107185.01,11123.18766,0.007078061719969053
2025-10-19,107185.0,109450.07,106103.36,108642.78,15480.66423,0.01360050253295686
2025-10-20,108642.77,111705.56,107402.52,110532.09,19193.4416,0.017390110967337113
2025-10-21,110532.09,114000.0,107473.72,108297.67,37228.01659,-0.0202151248565009
2025-10-22,108297.66,109163.88,106666.69,107567.44,28610.78451,-0.006742804346575482
2025-10-23,107567.45,111293.61,107500.0,110078.18,17573.09294,0.02334107793213258
2025-10-24,110078.19,112104.98,109700.01,111004.89,15005.16913,0.008418652997351561
2025-10-25,111004.9,111943.19,110672.86,111646.27,6407.96864,0.005777943656356088
2025-10-26,111646.27,115466.8,111260.45,114559.4,13454.47737,0.026092497313165763
2025-10-27,114559.41,116400.0,113830.01,114107.65,21450.23241,-0.0039433691168074825
2025-10-28,114107.65,116086.0,112211.0,112898.45,15523.42257,-0.010597010805147522
2025-10-29,112898.44,113643.73,109200.0,110021.29,21079.71376,-0.02548449513700146
2025-10-30,110021.3,111592.0,106304.34,108322.88,25988.82838,-0.015437103127948992
2025-10-31,108322.87,111190.0,108275.28,109608.01,21518.20439,0.011863883235009975
2025-11-01,109608.01,110564.49,109394.81,110098.1,7378.50431,0.004471297307560018
2025-11-02,110098.1,111250.01,109471.34,110540.68,12107.00087,0.004019869552698729
2025-11-03,110540.69,110750.0,105306.56,106583.04,28681.18779,-0.03580256607793619
2025-11-04,106583.05,107299.0,98944.36,101497.22,50534.87376,-0.04771697260652341
2025-11-05,101497.23,104534.74,98966.8,103885.16,33778.77571,0.023527146851904046
2025-11-06,103885.16,104200.0,100300.95,101346.04,25814.62139,-0.024441604556416086
2025-11-07,101346.04,104096.36,99260.86,103339.08,32059.50942,0.01966569192047385
2025-11-08,103339.09,103406.22,101454.0,102312.94,12390.77985,-0.009929834869828569
2025-11-09,102312.95,105495.62,101400.0,104722.96,16338.97096,0.023555378234659363
2025-11-10,104722.95,106670.11,104265.02,106011.13,22682.25673,0.012300740926345144
2025-11-11,106011.13,107500.0,102476.09,103058.99,24196.50718,-0.027847453375886122
2025-11-12,103059.0,105333.33,100813.59,101654.37,20457.63906,-0.013629281637633106
2025-11-13,101654.37,104085.01,98000.4,99692.02,36198.50771,-0.0193041381300183
2025-11-14,99692.03,99866.02,94012.45,94594.0,47288.14481,-0.05113769386957956
2025-11-15,94594.0,96846.68,94558.49,95596.24,15110.89391,0.010595175169672455
2025-11-16,95596.23,96635.11,93005.55,94261.44,23889.4051,-0.013962892264381965
2025-11-17,94261.45,96043.0,91220.0,92215.14,39218.59806,-0.02170877083991085
2025-11-18,92215.14,93836.01,89253.78,92960.83,39835.14769,0.0080864161785148
2025-11-19,92960.83,92980.22,88608.0,91554.96,32286.6376,-0.015123251373723723
2025-11-20,91554.96,93160.0,86100.0,86637.23,39733.19073,-0.05371341978632305
2025-11-21,86637.22,87498.94,80600.0,85129.43,72256.12679,-0.01740360350856096
2025-11-22,85129.42,85620.0,83500.0,84739.74,14193.93263,-0.00457761786963673
2025-11-23,84739.75,88127.64,84667.57,86830.0,19734.46418,0.02466682102163631
2025-11-24,86830.0,89228.0,85272.0,88300.01,24663.12795,0.01692974778302414
2025-11-25,88300.01,88519.99,86116.0,87369.96,19567.0411,-0.010532841389259029
2025-11-26,87369.97,90656.08,86306.77,90484.02,21675.82239,0.035642227603171595
2025-11-27,90484.01,91950.0,90089.91,91333.95,16833.50932,0.009393150304329856
2025-11-28,91333.94,93092.0,90180.63,90890.7,18830.86012,-0.004853069422706469
2025-11-29,90890.71,91165.65,90155.47,90802.44,7429.88291,-0.000971056444718732
2025-11-30,90802.44,92000.01,90336.9,90360.0,9687.74175,-0.004872556288134988
2025-12-01,90360.01,90417.0,83822.76,86286.01,34509.01227,-0.0450862107127048
2025-12-02,86286.01,92307.65,86184.39,91277.88,28210.22732,0.05785259974357393
2025-12-03,91277.88,94150.0,90990.23,93429.95,25712.52585,0.023577125147954625
2025-12-04,93429.95,94080.0,90889.0,92078.06,19803.94059,-0.014469557138797606
2025-12-05,92078.06,92692.36,88056.0,89330.04,19792.97218,-0.029844460232980596
2025-12-06,89330.04,90289.97,88908.01,89236.79,8409.50016,-0.0010438817669845557
2025-12-07,89236.8,91760.0,87719.28,90395.31,13021.11185,0.01298253780755676
2025-12-08,90395.32,92287.15,89612.0,90634.34,15793.63887,0.0026442743544992098
2025-12-09,90634.35,94588.99,89500.0,92678.8,21240.43014,0.022557233825501566
2025-12-10,92678.81,94476.0,91563.15,92015.37,18998.68083,-0.007158379262571457
2025-12-11,92015.38,93555.0,89260.63,92513.38,19972.58758,0.005412247975528528
2025-12-12,92513.38,92754.0,89480.0,90268.42,16679.19169,-0.02426632774632176
2025-12-13,90268.43,90634.55,89766.39,90240.01,5895.70788,-0.00031472800786813693
2025-12-14,90240.0,90472.4,87577.36,88172.17,9416.94004,-0.022914891077693733
2025-12-15,88172.16,90052.64,85146.64,86432.08,19778.6919,-0.019735138649757622
2025-12-16,86432.08,88175.98,85266.0,87863.42,18456.05017,0.016560286412174774
2025-12-17,87863.43,90365.85,85314.0,86243.22,19834.11729,-0.018439983328670806
2025-12-18,86243.23,89477.61,84450.01,85516.41,25405.41763,-0.008427445079160933
2025-12-19,85516.41,89399.97,85110.24,88136.94,21256.65004,0.03064359226492308
2025-12-20,88136.95,88573.07,87795.76,88360.9,5123.13194,0.002541045786250251
2025-12-21,88360.91,89081.77,87600.04,88658.86,7132.87258,0.003372079732098854
2025-12-22,88658.87,90588.23,87900.0,88620.79,14673.2197,-0.00042939870871350205
2025-12-23,88620.79,88940.0,86601.9,87486.0,13910.32904,-0.012805008847246668
2025-12-24,87486.0,88049.89,86420.0,87669.45,9140.8432,0.002096906933680698
2025-12-25,87669.44,88592.74,86934.72,87225.27,7096.58235,-0.00506653115766087
2025-12-26,87225.27,89567.75,86655.08,87369.56,18344.61505,0.0016542224518192317
2025-12-27,87369.56,87984.0,87253.05,87877.01,4469.55156,0.005808086935541468
2025-12-28,87877.0,88088.75,87435.0,87952.71,4446.29285,0.0008614312207482211
2025-12-29,87952.71,90406.08,86806.5,87237.13,19894.98575,-0.008135963064696994
2025-12-30,87237.13,89400.0,86845.66,88485.49,13105.91001,0.014309961824741313
2025-12-31,88485.5,89200.0,87250.0,87648.22,11558.62047,-0.009462229344042727
2026-01-01,87648.21,88919.45,87550.43,88839.04,6279.57133,0.013586356916318376
2026-01-02,88839.05,90961.81,88379.88,89995.13,17396.97301,0.013013310364452524
2026-01-03,89995.14,90741.16,89314.01,90628.01,7057.46716,0.007032380529924165
2026-01-04,90628.01,91810.0,90628.0,91529.73,10426.5297,0.00994968332637991
2026-01-05,91529.74,94789.08,91514.81,93859.71,20673.59584,0.025455991184503812
2026-01-06,93859.71,94444.44,91262.94,93747.97,18546.41829,-0.0011905001624232803
2026-01-07,93747.97,93747.97,90675.52,91364.16,14276.49025,-0.02542785726453589
2026-01-08,91364.16,91687.99,89311.0,91099.99,16132.79117,-0.0028913963637382523
2026-01-09,91100.0,92082.55,89694.66,90641.28,15590.27939,-0.0050352365571061375
2026-01-10,90641.27,90832.0,90404.0,90504.7,3104.11722,-0.0015068189681346489
2026-01-11,90504.7,91283.89,90236.0,91013.65,5477.13594,0.005623464858730998
2026-01-12,91013.66,92519.95,90128.44,91296.2,16188.08268,0.003104479383037706
2026-01-13,91296.2,96495.0,91042.66,95414.0,23021.51482,0.04510373925749378
2026-01-14,95413.99,97924.49,94559.28,96951.78,22851.89428,0.01611692204498283
2026-01-15,96951.78,97193.34,95134.48,95604.8,21725.81369,-0.013893298297359746
2026-01-16,95604.81,95871.47,94293.46,95550.94,11167.7146,-0.0005633608354392861
2026-01-17,95550.94,95639.45,95021.67,95147.77,4280.80137,-0.00421942473825998
2026-01-18,95147.77,95531.12,93615.4,93673.14,6895.17819,-0.015498313833314237
2026-01-19,93673.14,93673.14,91910.2,92631.0,14295.52747,-0.011125280950334271
2026-01-20,92630.99,92870.0,87895.98,88427.66,22007.3261,-0.045377249516900364
2026-01-21,88427.66,90574.0,87263.53,89454.73,20617.50372,0.01161480468893994
2026-01-22,89454.73,90359.99,88515.37,89559.67,10825.50492,0.0011731073359675381
2026-01-23,89559.68,91224.99,88578.36,89600.26,13918.48919,0.0004532173912654702
2026-01-24,89600.26,89957.39,89162.08,89225.34,4226.56737,-0.004184362857875601
2026-01-25,89225.34,89319.13,86074.72,86670.36,14426.22019,-0.02863513885181046
2026-01-26,86670.36,88860.0,86509.63,88347.08,17766.51453,0.019345944795891024
2026-01-27,88347.08,89523.16,87304.33,89250.0,13125.40425,0.010220145363038613
2026-01-28,89249.99,90600.0,88833.65,89299.99,14332.18502,0.0005601120448179842
2026-01-29,89300.0,89348.0,83383.33,84650.16,30431.38201,-0.052069770668507376
2026-01-30,84650.16,84735.75,81118.0,84260.49,35195.84793,-0.004603299036883057
2026-01-31,84260.5,84270.02,75719.9,78741.09,39491.89133,-0.06550401024252306
2026-02-01,78741.1,79424.0,75700.0,76968.21,25395.48168,-0.02251530935119128
2026-02-02,76968.22,79360.0,74604.0,78738.61,42273.59016,0.023001704210088736
2026-02-03,78738.6,79186.81,72945.5,75770.21,39120.10889,-0.03769942090671896
2026-02-04,75770.21,76971.52,71888.0,73165.83,38375.36,-0.03437208369885747
2026-02-05,73165.84,73341.18,62345.0,62909.86,106298.82899,-0.14017431361060217
2026-02-06,62909.87,71751.33,60000.0,70580.26,92539.21531,0.12192683309102881
2026-02-07,70580.26,71690.07,67300.0,69289.38,44255.48036,-0.01828953307907888
2026-02-08,69289.37,72271.41,68888.0,70330.38,21420.53168,0.015023947392803993
2026-02-09,70330.38,71453.53,68308.0,70138.0,29152.72842,-0.0027353755233514576
2026-02-10,70138.0,70527.59,67800.0,68841.29,20373.77072,-0.01848798083777703
2026-02-11,68841.28,69292.88,65756.0,67082.52,28718.24602,-0.025548184817570818
2026-02-12,67082.52,68410.52,65118.0,66272.17,24271.74283,-0.01207989801217968
2026-02-13,66272.17,69482.97,65872.46,68853.96,20244.54955,0.03895737833844892
2026-02-14,68853.97,70560.01,68730.13,69822.95,18114.78393,0.014073119396473155
2026-02-15,69822.94,70983.0,68000.0,68832.58,22290.05208,-0.014184018291979905
2026-02-16,68832.59,70126.67,67294.11,68892.43,15515.76534,0.0008695010415125104
2026-02-17,68892.43,69241.5,66621.06,67503.52,16489.06921,-0.02016056045635184
2026-02-18,67503.52,68476.22,65870.0,66461.0,15492.43839,-0.015443935368111283
2026-02-19,66461.0,67320.0,65631.83,67003.73,14542.26988,0.008166142549765887
2026-02-20,67003.73,68318.39,66280.2,68020.01,35351.87091,0.01516751380855963
2026-02-21,68020.0,68698.7,67534.69,67975.93,8032.84131,-0.0006480445974648141
2026-02-22,67975.93,68245.0,67190.0,67643.4,8175.13484,-0.004891878639983305
2026-02-23,67643.39,67684.86,63888.79,64656.02,33075.90923,-0.04416365824308055
2026-02-24,64656.01,65026.75,62510.28,64058.15,23102.83622,-0.009246934778849636
2026-02-25,64058.15,69988.83,63913.27,67988.04,30749.99259,0.06134879012272432
2026-02-26,67988.04,68860.0,66500.0,67485.18,20737.77792,-0.007396300878801609
2026-02-27,67485.19,68216.8,64914.46,65872.1,21228.58424,-0.023902729458526895
2026-02-28,65872.09,67760.0,63030.0,66973.26,22548.71649,0.016716637240956178
2026-03-01,66973.26,68199.99,65056.0,65776.47,23201.85859,-0.01786966917841526
2026-03-02,65776.48,70096.0,65259.21,68830.06,32010.38431,0.04642374393153048
2026-03-03,68830.06,69258.08,66158.0,68338.0,24972.2418,-0.007148911391331003
2026-03-04,68338.01,74050.0,67400.0,72666.77,44919.0761,0.06334352775907992
2026-03-05,72666.77,73558.15,70645.47,70890.72,26590.51253,-0.02444102029029227
2026-03-06,70891.02,71419.98,67744.78,68114.02,22629.88722,-0.0391687374595715
2026-03-07,68114.02,68551.04,66915.26,67262.91,12719.54315,-0.012495371731106153
2026-03-08,67262.91,68200.0,65618.49,65971.2,21593.63901,-0.01920389706600567
2026-03-09,65971.2,69516.65,65821.97,68432.16,28896.7213,0.03730355064027946
2026-03-10,68432.16,71777.0,68391.41,69948.63,32602.57726,0.022160194855752158
2026-03-11,69948.64,71321.0,68977.91,70191.86,27249.27542,0.0034772661022810514
2026-03-12,70191.86,70800.0,69205.91,70541.34,21997.1605,0.0049789249066771735
2026-03-13,70541.34,73913.74,70386.01,70930.0,35996.61678,0.005509677020595349
2026-03-14,70930.01,71307.92,70317.0,71211.95,13017.24737,0.0039750458198222205
2026-03-15,71211.95,73199.0,70858.82,72815.24,14037.30704,0.022514339236602954
2026-03-16,72815.25,74909.08,72270.41,74884.67,28409.53019,0.028420286742171008
2026-03-17,74884.67,76000.0,73399.19,73909.36,24521.26636,-0.013024161019872249
2026-03-18,73909.37,74672.34,70500.0,71246.54,23392.88093,-0.03602818371042593
2026-03-19,71246.55,71613.79,68793.35,69930.0,22364.81819,-0.018478651735228002
2026-03-20,69930.01,71367.0,69388.0,70510.73,18121.16745,0.008304447304447349
2026-03-21,70510.73,71100.94,68571.42,68918.12,13397.1675,-0.022586775090826627
2026-03-22,68918.12,69588.79,67360.66,67859.0,14843.78682,-0.015367801675379322
2026-03-23,67859.0,71817.09,67445.18,70906.45,28335.09119,0.044908560397294295
2026-03-24,70906.45,71400.0,68923.07,70556.74,20702.42244,-0.004931991377371103
2026-03-25,70556.74,72026.09,70408.0,71336.53,17719.50066,0.011051956198656399
2026-03-26,71336.53,71436.82,68153.0,68820.31,20820.45768,-0.035272531478612756
2026-03-27,68820.31,69179.05,65548.25,66407.28,28603.69557,-0.035062759816106626
2026-03-28,66407.28,67288.94,65932.09,66377.03,11462.39847,-0.00045552234634516076
2026-03-29,66377.04,67130.5,65000.0,66010.93,10052.85584,-0.00551546220130672
2026-03-30,66010.93,68169.65,65800.59,66797.37,18353.38975,0.01191378458082637
2026-03-31,66797.38,68589.49,65998.05,68284.48,22105.40662,0.022263002270897836
2026-04-01,68284.49,69310.0,67578.75,68113.92,19020.1899,-0.0024977857340350296
2026-04-02,68113.92,68653.38,65712.12,66901.99,20203.47916,-0.01779269200774225
2026-04-03,66901.99,67370.42,66282.0,66964.3,11429.13131,0.0009313624303253221
2026-04-04,66964.29,67562.93,66775.91,67300.42,7373.51613,0.0050193909291964545
2026-04-05,67300.42,69136.2,66611.66,69034.18,11733.46752,0.025761503420038023
2026-04-06,69034.18,70351.46,68300.0,68853.66,20281.61044,-0.0026149365430282456
2026-04-07,68853.66,72761.0,67732.01,71924.22,23750.49661,0.04459545069935267
2026-04-08,71924.22,72857.0,70707.23,71069.93,19802.68627,-0.011877640105099618
2026-04-09,71069.93,73145.0,70466.0,71787.97,18158.42159,0.010103288409036182
2026-04-10,71787.98,73434.0,71426.15,72962.7,17372.63288,0.01636388380950171
2026-04-11,72962.71,73790.0,72513.09,73043.16,9070.94374,0.0011027552434326182
2026-04-12,73043.16,73137.24,70505.88,70740.98,13472.46801,-0.03151807780495819
2026-04-13,70741.56,74900.0,70566.99,74417.99,24230.21625,0.0519784995910435
2026-04-14,74418.0,76038.0,73795.47,74131.55,26532.94456,-0.0038490692909066704
2026-04-15,74131.55,75425.0,73514.0,74809.99,14425.04167,0.009151838859432937
2026-04-16,74809.99,75534.76,73309.85,75154.29,17088.68777,0.004602326507462173
2026-04-17,75154.28,78333.0,74529.4,77072.0,25941.36694,0.02551697314950352
2026-04-18,77072.01,77420.08,75445.16,75691.76,9141.84456,-0.017908449242267088
2026-04-19,75691.76,76240.66,73762.9,73801.79,11369.82232,-0.024969296525804152
2026-04-20,73801.8,76558.62,73724.31,75840.97,16993.41034,0.027630495141107048
2026-04-21,75840.97,76927.57,74821.57,76336.15,14912.57132,0.006529188643024986
2026-04-22,76336.14,79472.82,76132.95,78178.23,19737.51225,0.02413116197240761
2026-04-23,78178.22,78662.5,76960.0,78257.48,16970.79501,0.001013709315240252
2026-04-24,78257.48,78581.93,77264.08,77437.13,12675.14315,-0.010482704017558353
2026-04-25,77437.13,77885.35,77140.23,77625.0,5685.1142,0.0024260971448708535
2026-04-26,77625.0,78961.0,77326.51,78657.55,7963.56162,0.01330177133655397
2026-04-27,78657.55,79485.66,76459.64,77371.32,16046.92418,-0.016352276418474698
2026-04-28,77371.32,77478.0,75666.6,76342.77,13210.72383,-0.013293685567210223
2026-04-29,76342.78,77904.93,74937.52,75780.0,18279.93022,-0.007371621438415188
2026-04-30,75780.0,76669.14,75323.65,76346.57,10381.81607,0.007476510952758142
2026-05-01,76346.58,78914.12,76320.42,78231.13,17315.46502,0.024684278547156602
2026-05-02,78231.13,79199.48,78040.0,78686.85,6150.87642,0.005825302536215382
2026-05-03,78686.84,79447.0,78084.08,78568.57,7425.7929,-0.0015031736560809916
2026-05-04,78568.58,80776.99,78202.0,79861.01,26042.96135,0.01644983483853646
2026-05-05,79861.01,81791.48,79808.72,80905.52,16947.17995,0.013079098298406366
2026-05-06,80905.53,82850.0,80731.14,81447.01,18798.77396,0.006692868422327525
2026-05-07,81447.01,81708.32,79500.0,80006.0,16154.80338,-0.017692607745821376
2026-05-08,80006.0,80500.0,79181.48,80193.17,16001.31009,0.0023394495412842886
2026-05-09,80193.18,81080.0,80129.85,80678.4,7548.42177,0.006050764672352882
2026-05-10,80678.41,82479.32,80279.77,82210.07,12034.31882,0.018984883190544366
2026-05-11,82210.07,82380.0,80462.97,81745.65,12951.76056,-0.005649186285816454
2026-05-12,81745.66,81788.0,79843.59,80504.47,12386.25676,-0.015183437895472052
2026-05-13,80504.47,81324.64,78754.65,79313.61,14810.05643,-0.014792470529897295
2026-05-14,79313.61,82048.13,78922.0,81089.99,19727.86807,0.02239691271145028
2026-05-15,81090.0,81664.45,78659.0,79113.21,17351.27079,-0.024377608136343376
2026-05-16,79113.2,79227.77,77640.0,78148.05,12132.86192,-0.012199732509905803
2026-05-17,78148.05,78599.99,76735.16,77457.67,8442.7022,-0.008834257540655255
2026-05-18,77457.67,77800.0,76051.0,77001.87,18745.51678,-0.005884504400919921
2026-05-19,77001.88,77414.62,76144.71,76834.36,11024.85978,-0.0021754017142699977
2026-05-20,76834.36,77853.04,76516.74,77552.23,11296.26307,0.009343085567446563
2026-05-21,77552.24,78200.0,76719.47,77615.52,11318.25841,0.000816095165800057
2026-05-22,77615.52,77900.0,75359.18,75539.5,11272.36134,-0.026747485554435513
2026-05-23,75539.5,77404.18,74289.6,76752.01,15086.88814,0.01605133737978126
2026-05-24,76752.0,77543.15,76108.0,77064.96,8398.00156,0.0040774176467823775
2026-05-25,77064.96,77905.52,76914.25,77322.01,7672.32197,0.003335497741126403
2026-05-26,77322.01,78080.0,75677.97,75930.01,16953.47629,-0.018002635989416205
2026-05-27,75930.01,76174.15,74243.99,74449.3,16877.77483,-0.019500985183592
2026-05-28,74449.31,74590.77,72582.82,73617.51,21274.02026,-0.011172569789104858
2026-05-29,73617.52,74514.1,72512.49,73460.78,18686.74141,-0.0021289771957785364
2026-05-30,73460.78,74143.76,73216.0,73884.38,7515.40909,0.0057663422577327594
2026-05-31,73884.38,74275.66,73400.0,73674.39,6986.45707,-0.0028421433596654833
2026-06-01,73674.39,74092.0,70686.68,71408.9,23921.09184,-0.030750034034893292
2026-06-02,71408.9,71408.9,66193.0,66760.83,32858.19586,-0.06509090603552203
2026-06-03,66760.84,67516.0,64092.49,64142.75,30138.3065,-0.039215809629688625
2026-06-04,64142.75,64764.32,61383.56,63885.99,43577.17571,-0.004002946552806086
2026-06-05,63885.99,63978.0,59130.91,61056.47,55027.28807,-0.04429014874779269
2026-06-06,61056.47,61530.05,59500.0,60884.62,19795.58877,-0.0028146075264422477
2026-06-07,60884.62,64234.68,60746.0,63332.01,26612.10443,0.040197179517585946
2026-06-08,63332.01,64200.0,62408.0,63085.99,23053.38624,-0.003884607483640612
2026-06-09,63086.0,63526.01,60780.0,61730.0,21636.21959,-0.021494312762627588
2026-06-10,61730.0,62857.99,60755.0,61510.99,15998.71652,-0.003547869755386346
2026-06-11,61510.99,63933.02,61510.99,63625.99,17380.94642,0.03438409949181431
2026-06-12,63626.0,64394.44,62829.81,63580.01,16397.0524,-0.0007226606611543396
2026-06-13,63580.0,64762.77,63418.66,64458.01,9960.74163,0.013809371845018514
2026-06-14,64458.01,65800.0,63678.83,65746.45,13203.03375,0.019988826834709927
2026-06-15,65746.45,67292.15,65354.0,66328.74,18559.80102,0.00885659986204601
2026-06-16,66328.74,66992.0,65360.92,65675.01,14302.05801,-0.009855908615179598
2026-06-17,65675.02,66445.93,63915.77,64509.4,19048.65409,-0.01774815108516914
2026-06-18,64509.4,64806.0,62272.07,62958.01,16935.59661,-0.024049053316260838
2026-06-19,62958.01,63666.0,62316.44,63543.91,14247.424,0.009306202657930251
2026-06-20,63543.9,64388.0,63184.21,64298.01,9522.10324,0.011867384301658568
2026-06-21,64298.01,64588.0,63270.0,63311.99,8034.66333,-0.015335155784759191
2026-06-22,63312.0,65622.83,63312.0,64020.01,15423.10851,0.011183031839624658
2026-06-23,64020.01,64275.38,61938.0,62734.57,20222.99292,-0.02007872226199281
2026-06-24,62734.57,63239.06,59102.7,61077.99,30678.28543,-0.02640617445851623
2026-06-25,61078.0,61962.4,58115.01,59794.0,30386.00694,-0.021022139071701584
2026-06-26,59794.64,60759.99,58337.0,60097.27,27403.55723,0.005071913569923314
2026-06-27,60097.27,60941.17,59855.16,60029.0,9587.22916,-0.0011359917014532872
2026-06-28,60029.01,60545.01,58905.0,59577.01,8907.13796,-0.0075295273950923836
2026-06-29,59577.01,60780.57,58900.01,60260.21,20203.14178,0.01146751070589147
2026-06-30,60260.2,60276.54,58201.0,58624.71,19639.82787,-0.027140628949019585
2026-07-01,58624.71,61334.0,57800.19,60024.0,25093.44662,0.023868604211432443
2026-07-02,60024.0,62200.0,59588.0,61560.0,21382.14163,0.02558976409436231
2026-07-03,61560.0,62979.86,61248.86,62583.26,14048.98627,0.016622157244964297
2026-07-04,62583.26,63461.99,62328.24,63144.01,9139.8274,0.008960063761459525
2026-07-05,63144.01,63999.0,62436.59,63650.0,9172.07758,0.008013269983962124
2026-07-06,63650.01,64700.0,61306.84,64042.02,21435.28437,0.006158994501178183
2026-07-07,64042.93,64314.0,62671.39,63363.99,16834.20823,-0.010587267547151002
2026-07-08,63364.0,63761.99,61544.56,62290.0,18620.09796,-0.016949532376354437
2026-07-09,62290.01,63500.0,61705.29,63230.0,16742.80672,0.015090704768020657
2026-07-10,63230.01,64692.83,62926.01,64161.72,17589.00122,0.014735410406452543
2026-07-11,64161.72,64504.11,63819.0,63819.0,9151.97432,-0.005341502690389244
2026-07-12,63819.01,64290.11,63640.83,63780.0,13914.83703,-0.0006111032764537505
2026-07-13,63780.0,64425.0,61824.97,62334.52,21682.50204,-0.022663530887425565
2026-07-14,62334.52,65100.0,62272.2,65043.98,20552.41384,0.043466445237727136
2026-07-15,65043.99,65600.0,64485.0,64756.28,18401.89741,-0.004423161067327097
2026-07-16,64756.28,64997.52,63748.74,63830.2,18764.52679,-0.01430100679038393
2026-07-17,63830.2,64387.99,62537.56,63931.67,18189.89389,0.0015896863866946553
2026-07-18,63931.67,64865.0,63886.65,64834.22,8031.18012,0.014117416297744212
2026-07-19,64834.21,64967.25,64280.0,64722.54,8379.91474,-0.0017225471363733202
2026-07-20,64722.55,65799.0,63100.0,65255.51,21323.48702,0.008234689182470278
2026-07-21,65255.51,66956.15,65148.75,66556.16,18618.28087,0.01993165021620391
2026-07-22,66556.15,66739.89,65553.67,66114.49,18074.86602,-0.006636049916341258
2026-07-23,66114.5,66313.14,64650.0,65098.97,14698.22673,-0.015360021683597735
2026-07-24,65098.98,65808.59,63739.75,64139.99,16821.2718,-0.014731108648877278
2026-07-25,64140.0,64475.28,63810.0,64375.0,8863.0503,0.0036640167857837636
2026-07-26,64375.01,65577.0,64293.81,65399.99,7933.06089,0.015922174757281526
2026-07-27,65400.0,65744.6,63605.56,63755.86,14791.90543,-0.025139606290459637
2026-07-28,63755.86,64100.0,62742.47,63915.0,13889.82996,0.0024960842815076045
2026-07-29,63915.0,64744.81,63267.34,63984.28,16780.11912,0.001083939607290807
2026-07-30,63984.29,65176.6,63603.92,64780.02,17131.58486,0.01243649221339993
2026-07-31,64780.03,65409.56,62466.0,62887.88,20475.60686,-0.029208697373047987
2026-08-01,62887.88,63150.0,62275.0,62823.64,7563.08904,-0.0010215004862621502
2026-08-02,62823.65,63796.33,62806.58,63570.0,8387.01154,0.01188024125950049
2026-08-03,63570.01,64080.0,62300.0,63520.0,15543.29743,-0.0007865345288657899
2026-08-04,63520.0,64549.16,63322.01,64106.56,13690.47909,0.009234256926952122
2026-08-05,64106.55,65025.22,63880.0,64665.23,12742.85528,0.008714708759914869
2026-08-06,64665.24,64999.0,64172.0,64323.61,9864.43284,-0.005282900872694674
2026-08-07,64323.61,65390.99,64166.0,64923.19,11807.40403,0.00932130519415808
2026-08-08,64923.2,65192.54,64784.19,64962.6,5760.14298,0.0006070250090914886
2026-08-09,64962.6,65474.46,64730.08,64901.59,7031.23606,-0.0009391557603913858
2026-08-10,64901.59,65391.14,63806.27,63970.01,13638.40877,-0.014353731549565985
2026-08-11,63970.01,64515.43,63238.0,63600.0,12891.63248,-0.005784116650911941
2026-08-12,63600.01,64500.0,63310.34,63479.99,13627.06822,-0.0018869496855346002
2026-08-13,63479.99,64010.0,62802.27,63490.86,10793.85853,0.00017123506163119195
2026-08-14,63490.86,63617.45,62535.24,63043.56,12340.82899,-0.007045108540032374
2026-08-15,63043.56,63187.98,62920.0,63086.01,5405.16038,0.0006733439545609787
2026-08-16,63086.01,63390.0,62716.0,62900.0,4737.23135,-0.002948514258549584
2026-08-17,62900.0,64610.01,62751.1,64532.1,14255.64713,0.025947535771065233
2026-08-18,64532.11,65058.81,64027.85,64725.42,11789.91312,0.002995718409907644
2026-08-19,64725.42,70000.0,64166.0,69334.79,29054.29976,0.07121421537318717
2026-08-20,69334.78,73400.0,68902.22,73025.15,35904.79287,0.053225227912278905
2026-08-21,73027.02,79500.0,73027.02,78338.03,44339.56568,0.07275411279538635
2026-08-22,78338.03,78828.15,76500.0,77074.93,18524.50847,-0.016123714114332555
2026-08-23,77074.94,78052.85,75545.67,77734.0,15367.23185,0.008551029498178098
2026-08-24,77734.0,80000.0,76670.01,78992.75,30179.29391,0.01619304294131263
2026-08-25,78992.76,81272.62,77851.0,78539.14,24772.51394,-0.005742425728943457
2026-08-26,78539.13,79251.6,77632.58,79023.75,14613.75887,0.00617029929281121
2026-08-27,79023.75,80848.74,78546.13,80249.58,16265.53695,0.01551217197361554
2026-08-28,80249.59,81478.87,76888.0,77845.87,19756.43646,-0.02995292934866456
2026-08-29,77845.88,78330.0,77382.37,78230.0,7016.30257,0.004934494276960466
2026-08-30,78230.0,79400.0,77000.0,77682.0,9085.42405,-0.007004985299757127
2026-08-31,77682.0,79250.0,77392.0,78581.29,15303.90602,0.011576555701449331
2026-09-01,78581.3,79220.61,76420.0,77439.0,14130.63949,-0.014536411911792113
2026-09-02,77439.01,77792.0,76264.0,77340.01,13070.9782,-0.0012782964656052886
2026-09-03,77340.01,82300.0,76968.0,81270.37,19806.42247,0.050819233149827614
2026-09-04,81270.37,81427.75,78660.0,79660.77,19198.62549,-0.01980549614822713
2026-09-05,79660.77,80200.0,79442.0,79831.75,9117.2402,0.0021463513345401086
2026-09-06,79831.75,80559.99,79233.0,80341.83,8854.81827,0.006389437786344487
2026-09-07,80341.83,80443.99,78680.0,79112.01,10572.45495,-0.015307343634069714
2026-09-08,79112.0,79485.0,77620.01,78455.8,19235.06605,-0.008294695078534753
2026-09-09,78455.8,79760.0,77770.0,78306.43,14129.92027,-0.0019038745382752298
2026-09-10,78306.43,78564.39,76464.0,76568.72,15320.36904,-0.022191153395704433
2026-09-11,76568.73,79890.0,76046.58,77225.7,19713.27729,0.008580266197475872
2026-09-12,77225.71,77505.67,77059.75,77278.73,8060.44455,0.000686688498776844
2026-09-13,77278.73,77450.0,76500.0,76842.01,6959.68366,-0.005651231587268546
2026-09-14,76842.01,79600.0,76388.72,78189.21,15413.48971,0.01753207652949218
2026-09-15,78189.2,78250.46,74967.97,75644.48,21682.71734,-0.03254579500163779
2026-09-16,75644.48,76560.76,75064.82,76206.01,14887.98431,0.007423277944405227
2026-09-17,76206.0,77179.47,76000.0,76417.01,10925.02219,0.002768810491456053
2026-09-18,76417.01,81400.0,76296.0,80883.87,23907.77962,0.0584537395535365
2026-09-19,80883.86,81951.0,80844.58,81249.99,10663.76706,0.004526489644968823
2026-09-20,81249.99,81497.33,80126.04,81178.0,10993.68293,-0.0008860308782807635
2026-09-21,81178.01,87395.67,80850.22,86620.0,31963.17872,0.06703786740249829
2026-09-22,86620.01,86717.6,85114.0,86208.56,21328.45813,-0.004749942276610519
2026-09-23,86208.57,87278.54,83500.01,84397.6,22150.93277,-0.021006730654125172
2026-09-24,84397.6,84942.45,82874.93,84410.24,18703.61971,0.00014976729196081173
2026-09-25,84410.24,85255.0,83183.0,84099.99,18056.26519,-0.003675501929623737
2026-09-26,84100.0,84473.58,83798.0,84433.1,8058.06465,0.003960880375847742
2026-09-27,84433.11,85159.03,84132.0,84472.0,9615.12963,0.00046071978880313225
2026-09-28,84472.01,84999.0,82563.0,83500.01,20960.72462,-0.011506653092148933
2026-09-29,83500.01,84563.99,82775.94,83663.66,13461.55331,0.001959880004804848
2026-09-30,83663.66,85649.95,82956.11,83623.6,18522.82001,-0.0004788219879454658
2026-10-01,83623.59,85273.65,83186.0,84880.05,16766.05675,0.015025064694655477
2026-10-02,84880.05,87220.0,83888.0,84518.01,26497.91954,-0.004265313227313272
2026-10-03,84518.0,85037.63,84456.02,84753.56,6889.63623,0.0027869799584727684
2026-10-04,84753.57,85574.01,84719.99,85453.78,5008.89012,0.008261835845007504
